algorithm,group,case_id,case_name,source_type,run,seed,samples_total,samples_train,samples_test,variables,feature_names,target_expression,reward,success,train_r2,test_r2,complexity,evaluations,time_sec,tuning_time_sec,tuning_evaluations,expression,materialized_expression,simplified_expression,coefficients,algorithm_params,tuned_params,test_ratio
imcts,Jin,4,Jin-4,expression,0,23654,200,100,100,2,"[""x0"", ""x1""]",1.5*exp(x[0]) + 5.0*cos(x[1]),0.9999999403953552,True,0.9999999999999999,0.9999999999999999,9.0,15069,0.9586624979856424,0.0,0,cos(x1) * 0.651020817877 / 0.130204163798 + exp(x0) / 0.666666659278,cos(x1) * 0.651020817877 / 0.130204163798 + exp(x0) / 0.666666659278,1.5*exp(x0) + 5.0*cos(x1),"[2.4326641461606076, 0.1302041637983808, -0.4054651191908648]","{""K"": 500, ""c"": 6.0, ""exploration_rate"": 0.1, ""gamma"": 0.5, ""gp_rate"": 0.5, ""lm_iterations"": 10, ""max_constants"": 999, ""max_depth"": 6, ""max_evals"": 2000000, ""max_unary"": 999, ""mutation_rate"": 0.1, ""ops"": [""+"", ""-"", ""*"", ""/"", ""sin"", ""cos"", ""exp"", ""log"", ""R""], ""succ_error_tol"": 1e-06}","{""K"": 500, ""c"": 6.0, ""exploration_rate"": 0.1, ""gamma"": 0.5, ""gp_rate"": 0.5, ""lm_iterations"": 10, ""max_constants"": 999, ""max_depth"": 6, ""max_evals"": 2000000, ""max_unary"": 999, ""mutation_rate"": 0.1, ""ops"": [""+"", ""-"", ""*"", ""/"", ""sin"", ""cos"", ""exp"", ""log"", ""R""], ""succ_error_tol"": 1e-06}",0.5
imcts,Jin,4,Jin-4,expression,1,15795,200,100,100,2,"[""x0"", ""x1""]",1.5*exp(x[0]) + 5.0*cos(x[1]),0.9999999403953552,True,0.9999999999999998,0.9999999999999998,13.0,14469,0.8761330369743519,0.0,0,exp(x0) + cos(x1) * 5.00000010579 + exp(-0.693147229325 + 1.00000003263 * x0),exp(x0) + cos(x1) * 5.00000010579 + exp(-0.693147229325 + 1.00000003263 * x0),0.5*exp(1.0*x0) + exp(x0) + 5.0*cos(x1),"[1.609437933592146, -0.6931472293245123, 1.0, 1.000000017603954, 1.0000000150289419]","{""K"": 500, ""c"": 6.0, ""exploration_rate"": 0.1, ""gamma"": 0.5, ""gp_rate"": 0.5, ""lm_iterations"": 10, ""max_constants"": 999, ""max_depth"": 6, ""max_evals"": 2000000, ""max_unary"": 999, ""mutation_rate"": 0.1, ""ops"": [""+"", ""-"", ""*"", ""/"", ""sin"", ""cos"", ""exp"", ""log"", ""R""], ""succ_error_tol"": 1e-06}","{""K"": 500, ""c"": 6.0, ""exploration_rate"": 0.1, ""gamma"": 0.5, ""gp_rate"": 0.5, ""lm_iterations"": 10, ""max_constants"": 999, ""max_depth"": 6, ""max_evals"": 2000000, ""max_unary"": 999, ""mutation_rate"": 0.1, ""ops"": [""+"", ""-"", ""*"", ""/"", ""sin"", ""cos"", ""exp"", ""log"", ""R""], ""succ_error_tol"": 1e-06}",0.5
imcts,Jin,4,Jin-4,expression,2,860,200,100,100,2,"[""x0"", ""x1""]",1.5*exp(x[0]) + 5.0*cos(x[1]),0.9999999403953552,True,0.9999999999999999,0.9999999999999999,11.0,18394,1.1854798179701902,0.0,0,cos(-6.17894726184e-09 + x1) * 4.99999995433 - -0.551819165475 * exp(1 + x0),cos(-6.17894726184e-09 + x1) * 4.99999995433 - -0.551819165475 * exp(1 + x0),0.552*exp(x0 + 1) + 5.0*cos(x1),"[0.9999999937210527, 4.9999999543333535, -0.5518191654748117, 1.0]","{""K"": 500, ""c"": 6.0, ""exploration_rate"": 0.1, ""gamma"": 0.5, ""gp_rate"": 0.5, ""lm_iterations"": 10, ""max_constants"": 999, ""max_depth"": 6, ""max_evals"": 2000000, ""max_unary"": 999, ""mutation_rate"": 0.1, ""ops"": [""+"", ""-"", ""*"", ""/"", ""sin"", ""cos"", ""exp"", ""log"", ""R""], ""succ_error_tol"": 1e-06}","{""K"": 500, ""c"": 6.0, ""exploration_rate"": 0.1, ""gamma"": 0.5, ""gp_rate"": 0.5, ""lm_iterations"": 10, ""max_constants"": 999, ""max_depth"": 6, ""max_evals"": 2000000, ""max_unary"": 999, ""mutation_rate"": 0.1, ""ops"": [""+"", ""-"", ""*"", ""/"", ""sin"", ""cos"", ""exp"", ""log"", ""R""], ""succ_error_tol"": 1e-06}",0.5
imcts,Jin,4,Jin-4,expression,3,5390,200,100,100,2,"[""x0"", ""x1""]",1.5*exp(x[0]) + 5.0*cos(x[1]),0.9999999403953552,True,0.9999999999999992,0.9999999999999991,9.0,4665,0.2639445710228756,0.0,0,4.99999999857 * (1.47804717545e-08 + exp(x0 + -1.20397283142) + cos(x1)),4.99999999857 * (1.47804717545e-08 + exp(x0 + -1.20397283142) + cos(x1)),1.5*exp(x0) + 5.0*cos(x1),"[2.2536434272746613, 2.218629592445091, 1.2225899254507881e-08, 2.2161769203545902, -0.21311805088788546, -1.2039728314247773]","{""K"": 500, ""c"": 6.0, ""exploration_rate"": 0.1, ""gamma"": 0.5, ""gp_rate"": 0.5, ""lm_iterations"": 10, ""max_constants"": 999, ""max_depth"": 6, ""max_evals"": 2000000, ""max_unary"": 999, ""mutation_rate"": 0.1, ""ops"": [""+"", ""-"", ""*"", ""/"", ""sin"", ""cos"", ""exp"", ""log"", ""R""], ""succ_error_tol"": 1e-06}","{""K"": 500, ""c"": 6.0, ""exploration_rate"": 0.1, ""gamma"": 0.5, ""gp_rate"": 0.5, ""lm_iterations"": 10, ""max_constants"": 999, ""max_depth"": 6, ""max_evals"": 2000000, ""max_unary"": 999, ""mutation_rate"": 0.1, ""ops"": [""+"", ""-"", ""*"", ""/"", ""sin"", ""cos"", ""exp"", ""log"", ""R""], ""succ_error_tol"": 1e-06}",0.5
imcts,Jin,4,Jin-4,expression,4,16850,200,100,100,2,"[""x0"", ""x1""]",1.5*exp(x[0]) + 5.0*cos(x[1]),0.9999999403953552,True,0.9999999999999998,0.9999999999999999,9.0,22444,1.5796960029983893,0.0,0,(cos(x1) + exp(x0) / 3.3333333055 + -4.8677904651e-09) / 0.199999999118,(cos(x1) + exp(x0) / 3.3333333055 + -4.8677904651e-09) / 0.199999999118,1.5*exp(x0) + 5.0*cos(x1),"[3.333333305504349, -8.151608904964694e-09, 1.6746014364033757, 0.19999999911840607]","{""K"": 500, ""c"": 6.0, ""exploration_rate"": 0.1, ""gamma"": 0.5, ""gp_rate"": 0.5, ""lm_iterations"": 10, ""max_constants"": 999, ""max_depth"": 6, ""max_evals"": 2000000, ""max_unary"": 999, ""mutation_rate"": 0.1, ""ops"": [""+"", ""-"", ""*"", ""/"", ""sin"", ""cos"", ""exp"", ""log"", ""R""], ""succ_error_tol"": 1e-06}","{""K"": 500, ""c"": 6.0, ""exploration_rate"": 0.1, ""gamma"": 0.5, ""gp_rate"": 0.5, ""lm_iterations"": 10, ""max_constants"": 999, ""max_depth"": 6, ""max_evals"": 2000000, ""max_unary"": 999, ""mutation_rate"": 0.1, ""ops"": [""+"", ""-"", ""*"", ""/"", ""sin"", ""cos"", ""exp"", ""log"", ""R""], ""succ_error_tol"": 1e-06}",0.5
imcts,Jin,4,Jin-4,expression,5,29910,200,100,100,2,"[""x0"", ""x1""]",1.5*exp(x[0]) + 5.0*cos(x[1]),0.9999999403953552,True,0.9999999999190519,0.9999999999233329,9.0,23249,1.563466691004578,0.0,0,cos(x0) * x1 * -2.38799151976e-08 / 1.03734223317 + 1.49999996411 * exp(x0) + (exp(-10.9253578049 - x1) + 5.00000008157) * (7.18592522424e-09 + cos(-6.87991665839e-09 + x1)),cos(x0) * x1 * -2.38799151976e-08 / 1.03734223317 + 1.49999996411 * exp(x0) + (exp(-10.9253578049 - x1) + 5.00000008157) * (7.18592522424e-09 + cos(-6.87991665839e-09 + x1)),1.5*exp(x0) + 5.0*cos(x1),"[-2.3879915197562526e-08, 1.037342233167856, 1.499999964113556, -10.925357804944559, 5.000000081569688, 7.185925224244691e-09, -6.8799166583923455e-09]","{""K"": 500, ""c"": 6.0, ""exploration_rate"": 0.1, ""gamma"": 0.5, ""gp_rate"": 0.5, ""lm_iterations"": 10, ""max_constants"": 999, ""max_depth"": 6, ""max_evals"": 2000000, ""max_unary"": 999, ""mutation_rate"": 0.1, ""ops"": [""+"", ""-"", ""*"", ""/"", ""sin"", ""cos"", ""exp"", ""log"", ""R""], ""succ_error_tol"": 1e-06}","{""K"": 500, ""c"": 6.0, ""exploration_rate"": 0.1, ""gamma"": 0.5, ""gp_rate"": 0.5, ""lm_iterations"": 10, ""max_constants"": 999, ""max_depth"": 6, ""max_evals"": 2000000, ""max_unary"": 999, ""mutation_rate"": 0.1, ""ops"": [""+"", ""-"", ""*"", ""/"", ""sin"", ""cos"", ""exp"", ""log"", ""R""], ""succ_error_tol"": 1e-06}",0.5
imcts,Jin,4,Jin-4,expression,6,4426,200,100,100,2,"[""x0"", ""x1""]",1.5*exp(x[0]) + 5.0*cos(x[1]),0.9999999403953552,True,0.9999999999999994,0.9999999999999994,11.0,8576,0.47196481900755316,0.0,0,5.00000001191 / x1 * x1 * sin(1.57079630898 + x1) + exp(x0 - -0.405465086463),5.00000001191 / x1 * x1 * sin(1.57079630898 + x1) + exp(x0 - -0.405465086463),1.5*exp(x0) + 5.0*sin(x1 + 1.57),"[1.6094379148154796, 1.570796308977728, -2.724105094540826]","{""K"": 500, ""c"": 6.0, ""exploration_rate"": 0.1, ""gamma"": 0.5, ""gp_rate"": 0.5, ""lm_iterations"": 10, ""max_constants"": 999, ""max_depth"": 6, ""max_evals"": 2000000, ""max_unary"": 999, ""mutation_rate"": 0.1, ""ops"": [""+"", ""-"", ""*"", ""/"", ""sin"", ""cos"", ""exp"", ""log"", ""R""], ""succ_error_tol"": 1e-06}","{""K"": 500, ""c"": 6.0, ""exploration_rate"": 0.1, ""gamma"": 0.5, ""gp_rate"": 0.5, ""lm_iterations"": 10, ""max_constants"": 999, ""max_depth"": 6, ""max_evals"": 2000000, ""max_unary"": 999, ""mutation_rate"": 0.1, ""ops"": [""+"", ""-"", ""*"", ""/"", ""sin"", ""cos"", ""exp"", ""log"", ""R""], ""succ_error_tol"": 1e-06}",0.5
imcts,Jin,4,Jin-4,expression,7,21962,200,100,100,2,"[""x0"", ""x1""]",1.5*exp(x[0]) + 5.0*cos(x[1]),0.9999999403953552,True,0.9999999999999999,0.9999999999999999,9.0,20537,1.312602348974906,0.0,0,2.01946860267 * 2.47589883204 * (cos(x1) + exp(x0 + -1.20397280427)),2.01946860267 * 2.47589883204 * (cos(x1) + exp(x0 + -1.20397280427)),1.5*exp(x0) + 5.0*cos(x1),"[2.019468602666696, 2.475898832037816, -1.203972804272829]","{""K"": 500, ""c"": 6.0, ""exploration_rate"": 0.1, ""gamma"": 0.5, ""gp_rate"": 0.5, ""lm_iterations"": 10, ""max_constants"": 999, ""max_depth"": 6, ""max_evals"": 2000000, ""max_unary"": 999, ""mutation_rate"": 0.1, ""ops"": [""+"", ""-"", ""*"", ""/"", ""sin"", ""cos"", ""exp"", ""log"", ""R""], ""succ_error_tol"": 1e-06}","{""K"": 500, ""c"": 6.0, ""exploration_rate"": 0.1, ""gamma"": 0.5, ""gp_rate"": 0.5, ""lm_iterations"": 10, ""max_constants"": 999, ""max_depth"": 6, ""max_evals"": 2000000, ""max_unary"": 999, ""mutation_rate"": 0.1, ""ops"": [""+"", ""-"", ""*"", ""/"", ""sin"", ""cos"", ""exp"", ""log"", ""R""], ""succ_error_tol"": 1e-06}",0.5
imcts,Jin,4,Jin-4,expression,8,14423,200,100,100,2,"[""x0"", ""x1""]",1.5*exp(x[0]) + 5.0*cos(x[1]),0.9999999403953552,True,0.9999999999999997,0.9999999999999994,11.0,18656,1.1842359449947253,0.0,0,(sin(-1.57079634412 - x1) + exp(-3.01981317232 + x0)) * -4.99999989906 - (1.6736133865 - 1.74405165715 * (0.959612270972 + exp(x0))),(sin(-1.57079634412 - x1) + exp(-3.01981317232 + x0)) * -4.99999989906 - (1.6736133865 - 1.74405165715 * (0.959612270972 + exp(x0))),1.5*exp(x0) + 5.0*sin(x1 + 1.57),"[-1.5707963441241797, -3.0198131723180306, -4.999999899059072, 1.6736133865037621, 1.7440516571503173, 0.9596122709717736]","{""K"": 500, ""c"": 6.0, ""exploration_rate"": 0.1, ""gamma"": 0.5, ""gp_rate"": 0.5, ""lm_iterations"": 10, ""max_constants"": 999, ""max_depth"": 6, ""max_evals"": 2000000, ""max_unary"": 999, ""mutation_rate"": 0.1, ""ops"": [""+"", ""-"", ""*"", ""/"", ""sin"", ""cos"", ""exp"", ""log"", ""R""], ""succ_error_tol"": 1e-06}","{""K"": 500, ""c"": 6.0, ""exploration_rate"": 0.1, ""gamma"": 0.5, ""gp_rate"": 0.5, ""lm_iterations"": 10, ""max_constants"": 999, ""max_depth"": 6, ""max_evals"": 2000000, ""max_unary"": 999, ""mutation_rate"": 0.1, ""ops"": [""+"", ""-"", ""*"", ""/"", ""sin"", ""cos"", ""exp"", ""log"", ""R""], ""succ_error_tol"": 1e-06}",0.5
imcts,Jin,4,Jin-4,expression,9,28020,200,100,100,2,"[""x0"", ""x1""]",1.5*exp(x[0]) + 5.0*cos(x[1]),0.9999999403953552,True,0.9999999999999997,0.9999999999999996,9.0,25124,1.6968129629967734,0.0,0,4.99999990482 * cos(x1) + exp(x1) * -1.00000001862 - (-1.50000002595 * exp(x0) + -4.22471597166e-08 - exp(x1)),4.99999990482 * cos(x1) + exp(x1) * -1.00000001862 - (-1.50000002595 * exp(x0) + -4.22471597166e-08 - exp(x1)),1.5*exp(x0) + 5.0*cos(x1),"[4.999999904821417, -1.00000001862338, -1.500000025952191, -4.2247159716644496e-08]","{""K"": 500, ""c"": 6.0, ""exploration_rate"": 0.1, ""gamma"": 0.5, ""gp_rate"": 0.5, ""lm_iterations"": 10, ""max_constants"": 999, ""max_depth"": 6, ""max_evals"": 2000000, ""max_unary"": 999, ""mutation_rate"": 0.1, ""ops"": [""+"", ""-"", ""*"", ""/"", ""sin"", ""cos"", ""exp"", ""log"", ""R""], ""succ_error_tol"": 1e-06}","{""K"": 500, ""c"": 6.0, ""exploration_rate"": 0.1, ""gamma"": 0.5, ""gp_rate"": 0.5, ""lm_iterations"": 10, ""max_constants"": 999, ""max_depth"": 6, ""max_evals"": 2000000, ""max_unary"": 999, ""mutation_rate"": 0.1, ""ops"": [""+"", ""-"", ""*"", ""/"", ""sin"", ""cos"", ""exp"", ""log"", ""R""], ""succ_error_tol"": 1e-06}",0.5
imcts,Jin,4,Jin-4,expression,10,29802,200,100,100,2,"[""x0"", ""x1""]",1.5*exp(x[0]) + 5.0*cos(x[1]),0.9999999403953552,True,0.9999999999999989,0.9999999999999989,13.0,15616,0.9606243289890699,0.0,0,exp(x0 / 1.00000004732) / 0.666666598511 + 4.00958357069e-08 * x0 - -5.00000008656 * cos(x1 - 6.28318534049),exp(x0 / 1.00000004732) / 0.666666598511 + 4.00958357069e-08 * x0 - -5.00000008656 * cos(x1 - 6.28318534049),1.5*exp(1.0*x0) + 5.0*cos(x1 - 6.28),"[1.0000000473227348, 0.6666665985111604, 4.009583570688188e-08, -5.0000000865571925, 6.283185340490805]","{""K"": 500, ""c"": 6.0, ""exploration_rate"": 0.1, ""gamma"": 0.5, ""gp_rate"": 0.5, ""lm_iterations"": 10, ""max_constants"": 999, ""max_depth"": 6, ""max_evals"": 2000000, ""max_unary"": 999, ""mutation_rate"": 0.1, ""ops"": [""+"", ""-"", ""*"", ""/"", ""sin"", ""cos"", ""exp"", ""log"", ""R""], ""succ_error_tol"": 1e-06}","{""K"": 500, ""c"": 6.0, ""exploration_rate"": 0.1, ""gamma"": 0.5, ""gp_rate"": 0.5, ""lm_iterations"": 10, ""max_constants"": 999, ""max_depth"": 6, ""max_evals"": 2000000, ""max_unary"": 999, ""mutation_rate"": 0.1, ""ops"": [""+"", ""-"", ""*"", ""/"", ""sin"", ""cos"", ""exp"", ""log"", ""R""], ""succ_error_tol"": 1e-06}",0.5
imcts,Jin,4,Jin-4,expression,11,21575,200,100,100,2,"[""x0"", ""x1""]",1.5*exp(x[0]) + 5.0*cos(x[1]),0.9999999403953552,True,0.9999999999999994,0.9999999999999994,11.0,21933,1.3785663250018843,0.0,0,cos(x1) / 0.199999996989 + 9.03731098629e-08 + exp((x0 - -0.405464998373) * 1.00000004036),cos(x1) / 0.199999996989 + 9.03731098629e-08 + exp((x0 - -0.405464998373) * 1.00000004036),1.5*exp(1.0*x0) + 5.0*cos(x1),"[0.1999999969886799, 9.037310986294258e-08, -0.4054649983729495, 1.0000000403599214]","{""K"": 500, ""c"": 6.0, ""exploration_rate"": 0.1, ""gamma"": 0.5, ""gp_rate"": 0.5, ""lm_iterations"": 10, ""max_constants"": 999, ""max_depth"": 6, ""max_evals"": 2000000, ""max_unary"": 999, ""mutation_rate"": 0.1, ""ops"": [""+"", ""-"", ""*"", ""/"", ""sin"", ""cos"", ""exp"", ""log"", ""R""], ""succ_error_tol"": 1e-06}","{""K"": 500, ""c"": 6.0, ""exploration_rate"": 0.1, ""gamma"": 0.5, ""gp_rate"": 0.5, ""lm_iterations"": 10, ""max_constants"": 999, ""max_depth"": 6, ""max_evals"": 2000000, ""max_unary"": 999, ""mutation_rate"": 0.1, ""ops"": [""+"", ""-"", ""*"", ""/"", ""sin"", ""cos"", ""exp"", ""log"", ""R""], ""succ_error_tol"": 1e-06}",0.5
imcts,Jin,4,Jin-4,expression,12,11964,200,100,100,2,"[""x0"", ""x1""]",1.5*exp(x[0]) + 5.0*cos(x[1]),0.9999999403953552,True,0.9999999999999998,0.9999999999999997,11.0,11641,0.6803895799675956,0.0,0,1.50000001645 * exp(x0) + -3.01001839705e-09 - -4.99999993418 * sin(-4.71238896416 + x1),1.50000001645 * exp(x0) + -3.01001839705e-09 - -4.99999993418 * sin(-4.71238896416 + x1),1.5*exp(x0) + 5.0*sin(x1 - 4.71),"[1.5000000164548393, -3.0100183970493564e-09, -4.459697628315426, 1.0, 1.0, -4.712388964157389]","{""K"": 500, ""c"": 6.0, ""exploration_rate"": 0.1, ""gamma"": 0.5, ""gp_rate"": 0.5, ""lm_iterations"": 10, ""max_constants"": 999, ""max_depth"": 6, ""max_evals"": 2000000, ""max_unary"": 999, ""mutation_rate"": 0.1, ""ops"": [""+"", ""-"", ""*"", ""/"", ""sin"", ""cos"", ""exp"", ""log"", ""R""], ""succ_error_tol"": 1e-06}","{""K"": 500, ""c"": 6.0, ""exploration_rate"": 0.1, ""gamma"": 0.5, ""gp_rate"": 0.5, ""lm_iterations"": 10, ""max_constants"": 999, ""max_depth"": 6, ""max_evals"": 2000000, ""max_unary"": 999, ""mutation_rate"": 0.1, ""ops"": [""+"", ""-"", ""*"", ""/"", ""sin"", ""cos"", ""exp"", ""log"", ""R""], ""succ_error_tol"": 1e-06}",0.5
imcts,Jin,4,Jin-4,expression,13,11284,200,100,100,2,"[""x0"", ""x1""]",1.5*exp(x[0]) + 5.0*cos(x[1]),0.9999999403953552,True,0.9999999999999996,0.9999999999999997,9.0,18817,1.1858627240289934,0.0,0,(cos(x1) + exp(x0 - 1.20397277324)) * 4.99999994112,(cos(x1) + exp(x0 - 1.20397277324)) * 4.99999994112,1.5*exp(x0) + 5.0*cos(x1),"[1.2039727732441798, 4.999999941119211]","{""K"": 500, ""c"": 6.0, ""exploration_rate"": 0.1, ""gamma"": 0.5, ""gp_rate"": 0.5, ""lm_iterations"": 10, ""max_constants"": 999, ""max_depth"": 6, ""max_evals"": 2000000, ""max_unary"": 999, ""mutation_rate"": 0.1, ""ops"": [""+"", ""-"", ""*"", ""/"", ""sin"", ""cos"", ""exp"", ""log"", ""R""], ""succ_error_tol"": 1e-06}","{""K"": 500, ""c"": 6.0, ""exploration_rate"": 0.1, ""gamma"": 0.5, ""gp_rate"": 0.5, ""lm_iterations"": 10, ""max_constants"": 999, ""max_depth"": 6, ""max_evals"": 2000000, ""max_unary"": 999, ""mutation_rate"": 0.1, ""ops"": [""+"", ""-"", ""*"", ""/"", ""sin"", ""cos"", ""exp"", ""log"", ""R""], ""succ_error_tol"": 1e-06}",0.5
imcts,Jin,4,Jin-4,expression,14,22118,200,100,100,2,"[""x0"", ""x1""]",1.5*exp(x[0]) + 5.0*cos(x[1]),0.9999999403953552,True,0.9999999999999988,0.999999999999999,11.0,8687,0.4895099989953451,0.0,0,-7.09675037986e-08 - (-1.50000004207 * exp(x0) - cos(-3.1415926837 + x1) * -5.00000008222),-7.09675037986e-08 - (-1.50000004207 * exp(x0) - cos(-3.1415926837 + x1) * -5.00000008222),1.5*exp(x0) - 5.0*cos(x1 - 3.14),"[-7.096750379858346e-08, -1.500000042068565, -3.14159268370192, -5.000000082222573]","{""K"": 500, ""c"": 6.0, ""exploration_rate"": 0.1, ""gamma"": 0.5, ""gp_rate"": 0.5, ""lm_iterations"": 10, ""max_constants"": 999, ""max_depth"": 6, ""max_evals"": 2000000, ""max_unary"": 999, ""mutation_rate"": 0.1, ""ops"": [""+"", ""-"", ""*"", ""/"", ""sin"", ""cos"", ""exp"", ""log"", ""R""], ""succ_error_tol"": 1e-06}","{""K"": 500, ""c"": 6.0, ""exploration_rate"": 0.1, ""gamma"": 0.5, ""gp_rate"": 0.5, ""lm_iterations"": 10, ""max_constants"": 999, ""max_depth"": 6, ""max_evals"": 2000000, ""max_unary"": 999, ""mutation_rate"": 0.1, ""ops"": [""+"", ""-"", ""*"", ""/"", ""sin"", ""cos"", ""exp"", ""log"", ""R""], ""succ_error_tol"": 1e-06}",0.5
imcts,Jin,4,Jin-4,expression,15,6265,200,100,100,2,"[""x0"", ""x1""]",1.5*exp(x[0]) + 5.0*cos(x[1]),0.9999999403953552,True,0.9999999999999993,0.9999999999999993,9.0,22260,1.4026413270039484,0.0,0,cos(x1) + (exp(x0) + exp(x0)) * -1.24999994305 + (cos(x1) + exp(x0) + 1.4401007668e-08) / 0.250000009229,cos(x1) + (exp(x0) + exp(x0)) * -1.24999994305 + (cos(x1) + exp(x0) + 1.4401007668e-08) / 0.250000009229,1.5*exp(x0) + 5.0*cos(x1),"[0.28650481307786807, 1.4401007668003989e-08, 0.25000000922917875]","{""K"": 500, ""c"": 6.0, ""exploration_rate"": 0.1, ""gamma"": 0.5, ""gp_rate"": 0.5, ""lm_iterations"": 10, ""max_constants"": 999, ""max_depth"": 6, ""max_evals"": 2000000, ""max_unary"": 999, ""mutation_rate"": 0.1, ""ops"": [""+"", ""-"", ""*"", ""/"", ""sin"", ""cos"", ""exp"", ""log"", ""R""], ""succ_error_tol"": 1e-06}","{""K"": 500, ""c"": 6.0, ""exploration_rate"": 0.1, ""gamma"": 0.5, ""gp_rate"": 0.5, ""lm_iterations"": 10, ""max_constants"": 999, ""max_depth"": 6, ""max_evals"": 2000000, ""max_unary"": 999, ""mutation_rate"": 0.1, ""ops"": [""+"", ""-"", ""*"", ""/"", ""sin"", ""cos"", ""exp"", ""log"", ""R""], ""succ_error_tol"": 1e-06}",0.5
imcts,Jin,4,Jin-4,expression,16,11363,200,100,100,2,"[""x0"", ""x1""]",1.5*exp(x[0]) + 5.0*cos(x[1]),0.9999999403953552,True,0.9999999999999997,0.9999999999999996,9.0,10654,0.6015454349690117,0.0,0,exp(x0 + 0.405465086831) + (cos(x1) - -1.30508876813e-08) / exp(-3.43707642305 / x0 / (2.13557565474 / x0)),exp(x0 + 0.405465086831) + (cos(x1) - -1.30508876813e-08) / exp(-3.43707642305 / x0 / (2.13557565474 / x0)),1.5*exp(x0) + 5.0*cos(x1),"[1.1533087673428157, -1.3050887681262683e-08, -3.4370764230535014, 2.1355756547364346]","{""K"": 500, ""c"": 6.0, ""exploration_rate"": 0.1, ""gamma"": 0.5, ""gp_rate"": 0.5, ""lm_iterations"": 10, ""max_constants"": 999, ""max_depth"": 6, ""max_evals"": 2000000, ""max_unary"": 999, ""mutation_rate"": 0.1, ""ops"": [""+"", ""-"", ""*"", ""/"", ""sin"", ""cos"", ""exp"", ""log"", ""R""], ""succ_error_tol"": 1e-06}","{""K"": 500, ""c"": 6.0, ""exploration_rate"": 0.1, ""gamma"": 0.5, ""gp_rate"": 0.5, ""lm_iterations"": 10, ""max_constants"": 999, ""max_depth"": 6, ""max_evals"": 2000000, ""max_unary"": 999, ""mutation_rate"": 0.1, ""ops"": [""+"", ""-"", ""*"", ""/"", ""sin"", ""cos"", ""exp"", ""log"", ""R""], ""succ_error_tol"": 1e-06}",0.5
imcts,Jin,4,Jin-4,expression,17,27495,200,100,100,2,"[""x0"", ""x1""]",1.5*exp(x[0]) + 5.0*cos(x[1]),0.9999999403953552,True,0.9999999999999997,0.9999999999999997,9.0,13980,0.8944938950007781,0.0,0,5.00000001936 * cos(x1) + exp(x0) * 1.50000002739 / x0 * (x0 - 4.24905697607e-10) + -5.28377355975e-08,5.00000001936 * cos(x1) + exp(x0) * 1.50000002739 / x0 * (x0 - 4.24905697607e-10) + -5.28377355975e-08,1.5*exp(x0) + 5.0*cos(x1),"[5.000000019362368, 1.500000027392093, 4.249056976073516e-10, -5.283773559748922e-08]","{""K"": 500, ""c"": 6.0, ""exploration_rate"": 0.1, ""gamma"": 0.5, ""gp_rate"": 0.5, ""lm_iterations"": 10, ""max_constants"": 999, ""max_depth"": 6, ""max_evals"": 2000000, ""max_unary"": 999, ""mutation_rate"": 0.1, ""ops"": [""+"", ""-"", ""*"", ""/"", ""sin"", ""cos"", ""exp"", ""log"", ""R""], ""succ_error_tol"": 1e-06}","{""K"": 500, ""c"": 6.0, ""exploration_rate"": 0.1, ""gamma"": 0.5, ""gp_rate"": 0.5, ""lm_iterations"": 10, ""max_constants"": 999, ""max_depth"": 6, ""max_evals"": 2000000, ""max_unary"": 999, ""mutation_rate"": 0.1, ""ops"": [""+"", ""-"", ""*"", ""/"", ""sin"", ""cos"", ""exp"", ""log"", ""R""], ""succ_error_tol"": 1e-06}",0.5
imcts,Jin,4,Jin-4,expression,18,16023,200,100,100,2,"[""x0"", ""x1""]",1.5*exp(x[0]) + 5.0*cos(x[1]),0.9999999403953552,True,0.9999999999999997,0.9999999999999998,11.0,19090,1.2282063720049337,0.0,0,exp(x0) * 0.500000010722 + sin(1.57079633818 + x1) * 4.99999985152 + exp(x0),exp(x0) * 0.500000010722 + sin(1.57079633818 + x1) * 4.99999985152 + exp(x0),1.5*exp(x0) + 5.0*sin(x1 + 1.57),"[0.5000000107217797, 1.5707963381764718, 4.999999851516804]","{""K"": 500, ""c"": 6.0, ""exploration_rate"": 0.1, ""gamma"": 0.5, ""gp_rate"": 0.5, ""lm_iterations"": 10, ""max_constants"": 999, ""max_depth"": 6, ""max_evals"": 2000000, ""max_unary"": 999, ""mutation_rate"": 0.1, ""ops"": [""+"", ""-"", ""*"", ""/"", ""sin"", ""cos"", ""exp"", ""log"", ""R""], ""succ_error_tol"": 1e-06}","{""K"": 500, ""c"": 6.0, ""exploration_rate"": 0.1, ""gamma"": 0.5, ""gp_rate"": 0.5, ""lm_iterations"": 10, ""max_constants"": 999, ""max_depth"": 6, ""max_evals"": 2000000, ""max_unary"": 999, ""mutation_rate"": 0.1, ""ops"": [""+"", ""-"", ""*"", ""/"", ""sin"", ""cos"", ""exp"", ""log"", ""R""], ""succ_error_tol"": 1e-06}",0.5
imcts,Jin,4,Jin-4,expression,19,8322,200,100,100,2,"[""x0"", ""x1""]",1.5*exp(x[0]) + 5.0*cos(x[1]),0.9999999403953552,True,0.9999999999999994,0.9999999999999994,15.0,49582,3.897719816013705,0.0,0,exp(x0 * 1.00000000411) - sin(x1 + x0) * 1.453189379e-07 - (cos(x1 * 0.999999996441) * -4.99999987034 - exp(x0 - 0.693147158552)),exp(x0 * 1.00000000411) - sin(x1 + x0) * 1.453189379e-07 - (cos(x1 * 0.999999996441) * -4.99999987034 - exp(x0 - 0.693147158552)),exp(1.0*x0) + 0.5*exp(x0) + 5.0*cos(1.0*x1),"[1.0000000041056796, 1.45318937899679e-07, 0.9999999964412339, -4.999999870337101, 0.6931471585523832]","{""K"": 500, ""c"": 6.0, ""exploration_rate"": 0.1, ""gamma"": 0.5, ""gp_rate"": 0.5, ""lm_iterations"": 10, ""max_constants"": 999, ""max_depth"": 6, ""max_evals"": 2000000, ""max_unary"": 999, ""mutation_rate"": 0.1, ""ops"": [""+"", ""-"", ""*"", ""/"", ""sin"", ""cos"", ""exp"", ""log"", ""R""], ""succ_error_tol"": 1e-06}","{""K"": 500, ""c"": 6.0, ""exploration_rate"": 0.1, ""gamma"": 0.5, ""gp_rate"": 0.5, ""lm_iterations"": 10, ""max_constants"": 999, ""max_depth"": 6, ""max_evals"": 2000000, ""max_unary"": 999, ""mutation_rate"": 0.1, ""ops"": [""+"", ""-"", ""*"", ""/"", ""sin"", ""cos"", ""exp"", ""log"", ""R""], ""succ_error_tol"": 1e-06}",0.5
imcts,Jin,4,Jin-4,expression,20,1685,200,100,100,2,"[""x0"", ""x1""]",1.5*exp(x[0]) + 5.0*cos(x[1]),0.9999999403953552,True,0.9999999999999994,0.9999999999999994,9.0,24030,1.6026743979891762,0.0,0,(-0.0736371694345 - (cos(x1) - 0.0736371485953)) * -4.99999988288 + exp(x0 + 0.405465086013),(-0.0736371694345 - (cos(x1) - 0.0736371485953)) * -4.99999988288 + exp(x0 + 0.405465086013),1.5*exp(x0) + 5.0*cos(x1),"[-0.07363716943450932, 1.0764161554125296, -4.999999882879754, 0.4054650860129423]","{""K"": 500, ""c"": 6.0, ""exploration_rate"": 0.1, ""gamma"": 0.5, ""gp_rate"": 0.5, ""lm_iterations"": 10, ""max_constants"": 999, ""max_depth"": 6, ""max_evals"": 2000000, ""max_unary"": 999, ""mutation_rate"": 0.1, ""ops"": [""+"", ""-"", ""*"", ""/"", ""sin"", ""cos"", ""exp"", ""log"", ""R""], ""succ_error_tol"": 1e-06}","{""K"": 500, ""c"": 6.0, ""exploration_rate"": 0.1, ""gamma"": 0.5, ""gp_rate"": 0.5, ""lm_iterations"": 10, ""max_constants"": 999, ""max_depth"": 6, ""max_evals"": 2000000, ""max_unary"": 999, ""mutation_rate"": 0.1, ""ops"": [""+"", ""-"", ""*"", ""/"", ""sin"", ""cos"", ""exp"", ""log"", ""R""], ""succ_error_tol"": 1e-06}",0.5
imcts,Jin,4,Jin-4,expression,21,32052,200,100,100,2,"[""x0"", ""x1""]",1.5*exp(x[0]) + 5.0*cos(x[1]),0.9999999403953552,True,0.9999999999999997,0.9999999999999996,9.0,4275,0.2542635290301405,0.0,0,5.0000000768 * (cos(x1) - -0.200000010991) - (exp(x0) * (-1.49999997078 - x1 * -8.82678615997e-09) + cos(x0 - x0)),5.0000000768 * (cos(x1) - -0.200000010991) - (exp(x0) * (-1.49999997078 - x1 * -8.82678615997e-09) + cos(x0 - x0)),1.5*exp(x0) + 5.0*cos(x1),"[5.000000076795989, -0.20000001099129944, 0.22313016656794857, -8.826786159974909e-09, 1.0]","{""K"": 500, ""c"": 6.0, ""exploration_rate"": 0.1, ""gamma"": 0.5, ""gp_rate"": 0.5, ""lm_iterations"": 10, ""max_constants"": 999, ""max_depth"": 6, ""max_evals"": 2000000, ""max_unary"": 999, ""mutation_rate"": 0.1, ""ops"": [""+"", ""-"", ""*"", ""/"", ""sin"", ""cos"", ""exp"", ""log"", ""R""], ""succ_error_tol"": 1e-06}","{""K"": 500, ""c"": 6.0, ""exploration_rate"": 0.1, ""gamma"": 0.5, ""gp_rate"": 0.5, ""lm_iterations"": 10, ""max_constants"": 999, ""max_depth"": 6, ""max_evals"": 2000000, ""max_unary"": 999, ""mutation_rate"": 0.1, ""ops"": [""+"", ""-"", ""*"", ""/"", ""sin"", ""cos"", ""exp"", ""log"", ""R""], ""succ_error_tol"": 1e-06}",0.5
imcts,Jin,4,Jin-4,expression,22,769,200,100,100,2,"[""x0"", ""x1""]",1.5*exp(x[0]) + 5.0*cos(x[1]),0.9999999403953552,True,0.9999999999999996,0.9999999999999997,9.0,17633,1.053298150014598,0.0,0,exp(x0) + 4.39519148526e-08 + -6.96820420206 * -0.717544984595 * cos(x1) + exp(x0 + -0.693147241131),exp(x0) + 4.39519148526e-08 + -6.96820420206 * -0.717544984595 * cos(x1) + exp(x0 + -0.693147241131),1.5*exp(x0) + 5.0*cos(x1),"[4.395191485256056e-08, -6.9682042020559924, -10.195303126015082, -0.6931472411313278]","{""K"": 500, ""c"": 6.0, ""exploration_rate"": 0.1, ""gamma"": 0.5, ""gp_rate"": 0.5, ""lm_iterations"": 10, ""max_constants"": 999, ""max_depth"": 6, ""max_evals"": 2000000, ""max_unary"": 999, ""mutation_rate"": 0.1, ""ops"": [""+"", ""-"", ""*"", ""/"", ""sin"", ""cos"", ""exp"", ""log"", ""R""], ""succ_error_tol"": 1e-06}","{""K"": 500, ""c"": 6.0, ""exploration_rate"": 0.1, ""gamma"": 0.5, ""gp_rate"": 0.5, ""lm_iterations"": 10, ""max_constants"": 999, ""max_depth"": 6, ""max_evals"": 2000000, ""max_unary"": 999, ""mutation_rate"": 0.1, ""ops"": [""+"", ""-"", ""*"", ""/"", ""sin"", ""cos"", ""exp"", ""log"", ""R""], ""succ_error_tol"": 1e-06}",0.5
imcts,Jin,4,Jin-4,expression,23,26967,200,100,100,2,"[""x0"", ""x1""]",1.5*exp(x[0]) + 5.0*cos(x[1]),0.9999998807907104,True,0.9999999999999992,0.9999999999999993,9.0,18479,1.1092221490107477,0.0,0,(-1.46584646804e-07 - (exp(x0) - 3.33333339946 * x0)) * -1.49999992827 + (x0 + cos(x1)) * 4.999999963,(-1.46584646804e-07 - (exp(x0) - 3.33333339946 * x0)) * -1.49999992827 + (x0 + cos(x1)) * 4.999999963,1.5*exp(x0) + 5.0*cos(x1),"[-1.5707964733795434, 3.333333399462991, -1.4999999282690415, 4.999999962997906]","{""K"": 500, ""c"": 6.0, ""exploration_rate"": 0.1, ""gamma"": 0.5, ""gp_rate"": 0.5, ""lm_iterations"": 10, ""max_constants"": 999, ""max_depth"": 6, ""max_evals"": 2000000, ""max_unary"": 999, ""mutation_rate"": 0.1, ""ops"": [""+"", ""-"", ""*"", ""/"", ""sin"", ""cos"", ""exp"", ""log"", ""R""], ""succ_error_tol"": 1e-06}","{""K"": 500, ""c"": 6.0, ""exploration_rate"": 0.1, ""gamma"": 0.5, ""gp_rate"": 0.5, ""lm_iterations"": 10, ""max_constants"": 999, ""max_depth"": 6, ""max_evals"": 2000000, ""max_unary"": 999, ""mutation_rate"": 0.1, ""ops"": [""+"", ""-"", ""*"", ""/"", ""sin"", ""cos"", ""exp"", ""log"", ""R""], ""succ_error_tol"": 1e-06}",0.5
imcts,Jin,4,Jin-4,expression,24,30187,200,100,100,2,"[""x0"", ""x1""]",1.5*exp(x[0]) + 5.0*cos(x[1]),0.9999999403953552,True,0.9999999999999998,0.9999999999999998,9.0,4665,0.27963260997785255,0.0,0,exp(0.40546510116 + x0) + cos(x1) * 4.99999985991,exp(0.40546510116 + x0) + cos(x1) * 4.99999985991,1.5*exp(x0) + 5.0*cos(x1),"[0.4054651011597133, 4.999999859912046]","{""K"": 500, ""c"": 6.0, ""exploration_rate"": 0.1, ""gamma"": 0.5, ""gp_rate"": 0.5, ""lm_iterations"": 10, ""max_constants"": 999, ""max_depth"": 6, ""max_evals"": 2000000, ""max_unary"": 999, ""mutation_rate"": 0.1, ""ops"": [""+"", ""-"", ""*"", ""/"", ""sin"", ""cos"", ""exp"", ""log"", ""R""], ""succ_error_tol"": 1e-06}","{""K"": 500, ""c"": 6.0, ""exploration_rate"": 0.1, ""gamma"": 0.5, ""gp_rate"": 0.5, ""lm_iterations"": 10, ""max_constants"": 999, ""max_depth"": 6, ""max_evals"": 2000000, ""max_unary"": 999, ""mutation_rate"": 0.1, ""ops"": [""+"", ""-"", ""*"", ""/"", ""sin"", ""cos"", ""exp"", ""log"", ""R""], ""succ_error_tol"": 1e-06}",0.5
imcts,Jin,4,Jin-4,expression,25,32157,200,100,100,2,"[""x0"", ""x1""]",1.5*exp(x[0]) + 5.0*cos(x[1]),0.9999998807907104,True,0.9999999999999992,0.9999999999999992,11.0,13066,0.8006434320122935,0.0,0,1.49999995534 * exp(x0) - x0 - 5.00000016743 * sin(-1.570796332 + x1) + x0 * 1.0000000957,1.49999995534 * exp(x0) - x0 - 5.00000016743 * sin(-1.570796332 + x1) + x0 * 1.0000000957,1.5*exp(x0) - 5.0*sin(x1 - 1.57),"[1.4999999553395884, 1.6094379459205157, -1.5707963320014477, 1.0000000956955537]","{""K"": 500, ""c"": 6.0, ""exploration_rate"": 0.1, ""gamma"": 0.5, ""gp_rate"": 0.5, ""lm_iterations"": 10, ""max_constants"": 999, ""max_depth"": 6, ""max_evals"": 2000000, ""max_unary"": 999, ""mutation_rate"": 0.1, ""ops"": [""+"", ""-"", ""*"", ""/"", ""sin"", ""cos"", ""exp"", ""log"", ""R""], ""succ_error_tol"": 1e-06}","{""K"": 500, ""c"": 6.0, ""exploration_rate"": 0.1, ""gamma"": 0.5, ""gp_rate"": 0.5, ""lm_iterations"": 10, ""max_constants"": 999, ""max_depth"": 6, ""max_evals"": 2000000, ""max_unary"": 999, ""mutation_rate"": 0.1, ""ops"": [""+"", ""-"", ""*"", ""/"", ""sin"", ""cos"", ""exp"", ""log"", ""R""], ""succ_error_tol"": 1e-06}",0.5
imcts,Jin,4,Jin-4,expression,26,23333,200,100,100,2,"[""x0"", ""x1""]",1.5*exp(x[0]) + 5.0*cos(x[1]),0.9999999403953552,True,0.9999999999999992,0.9999999999999993,9.0,19072,1.120822008990217,0.0,0,1.49999995453 * exp(x0) - -4.99999997977 * (1.71762749449e-08 + cos(x1)),1.49999995453 * exp(x0) - -4.99999997977 * (1.71762749449e-08 + cos(x1)),1.5*exp(x0) + 5.0*cos(x1),"[0.4054650777934737, -4.999999979774503, 1.7176274944886993e-08]","{""K"": 500, ""c"": 6.0, ""exploration_rate"": 0.1, ""gamma"": 0.5, ""gp_rate"": 0.5, ""lm_iterations"": 10, ""max_constants"": 999, ""max_depth"": 6, ""max_evals"": 2000000, ""max_unary"": 999, ""mutation_rate"": 0.1, ""ops"": [""+"", ""-"", ""*"", ""/"", ""sin"", ""cos"", ""exp"", ""log"", ""R""], ""succ_error_tol"": 1e-06}","{""K"": 500, ""c"": 6.0, ""exploration_rate"": 0.1, ""gamma"": 0.5, ""gp_rate"": 0.5, ""lm_iterations"": 10, ""max_constants"": 999, ""max_depth"": 6, ""max_evals"": 2000000, ""max_unary"": 999, ""mutation_rate"": 0.1, ""ops"": [""+"", ""-"", ""*"", ""/"", ""sin"", ""cos"", ""exp"", ""log"", ""R""], ""succ_error_tol"": 1e-06}",0.5
imcts,Jin,4,Jin-4,expression,27,2433,200,100,100,2,"[""x0"", ""x1""]",1.5*exp(x[0]) + 5.0*cos(x[1]),0.9999998807907104,True,0.9999999999999979,0.9999999999999983,9.0,8575,0.45632277498953044,0.0,0,cos(x1) * 4.99999993678 + 1.5000000583 * exp(x0),cos(x1) * 4.99999993678 + 1.5000000583 * exp(x0),1.5*exp(x0) + 5.0*cos(x1),"[4.999999936775467, 1.5000000582999862]","{""K"": 500, ""c"": 6.0, ""exploration_rate"": 0.1, ""gamma"": 0.5, ""gp_rate"": 0.5, ""lm_iterations"": 10, ""max_constants"": 999, ""max_depth"": 6, ""max_evals"": 2000000, ""max_unary"": 999, ""mutation_rate"": 0.1, ""ops"": [""+"", ""-"", ""*"", ""/"", ""sin"", ""cos"", ""exp"", ""log"", ""R""], ""succ_error_tol"": 1e-06}","{""K"": 500, ""c"": 6.0, ""exploration_rate"": 0.1, ""gamma"": 0.5, ""gp_rate"": 0.5, ""lm_iterations"": 10, ""max_constants"": 999, ""max_depth"": 6, ""max_evals"": 2000000, ""max_unary"": 999, ""mutation_rate"": 0.1, ""ops"": [""+"", ""-"", ""*"", ""/"", ""sin"", ""cos"", ""exp"", ""log"", ""R""], ""succ_error_tol"": 1e-06}",0.5
imcts,Jin,4,Jin-4,expression,28,5311,200,100,100,2,"[""x0"", ""x1""]",1.5*exp(x[0]) + 5.0*cos(x[1]),0.9999999403953552,True,0.9999999999999983,0.9999999999999982,9.0,15457,0.9933043839992024,0.0,0,exp(x0 - -0.405465064387) - (4.48937214465 + (0.897874435192 + cos(x1)) * -5.00000004636),exp(x0 - -0.405465064387) - (4.48937214465 + (0.897874435192 + cos(x1)) * -5.00000004636),1.5*exp(x0) + 5.0*cos(x1),"[-0.4054650643871703, 4.489372144654949, -0.10772504763704965, -5.000000046358306]","{""K"": 500, ""c"": 6.0, ""exploration_rate"": 0.1, ""gamma"": 0.5, ""gp_rate"": 0.5, ""lm_iterations"": 10, ""max_constants"": 999, ""max_depth"": 6, ""max_evals"": 2000000, ""max_unary"": 999, ""mutation_rate"": 0.1, ""ops"": [""+"", ""-"", ""*"", ""/"", ""sin"", ""cos"", ""exp"", ""log"", ""R""], ""succ_error_tol"": 1e-06}","{""K"": 500, ""c"": 6.0, ""exploration_rate"": 0.1, ""gamma"": 0.5, ""gp_rate"": 0.5, ""lm_iterations"": 10, ""max_constants"": 999, ""max_depth"": 6, ""max_evals"": 2000000, ""max_unary"": 999, ""mutation_rate"": 0.1, ""ops"": [""+"", ""-"", ""*"", ""/"", ""sin"", ""cos"", ""exp"", ""log"", ""R""], ""succ_error_tol"": 1e-06}",0.5
imcts,Jin,4,Jin-4,expression,29,5051,200,100,100,2,"[""x0"", ""x1""]",1.5*exp(x[0]) + 5.0*cos(x[1]),0.9999999403953552,True,0.9999999999999997,0.9999999999999997,9.0,13947,0.8804119870183058,0.0,0,exp(x0 - -0.405465095615) - cos(x1) * 4.20735495601 / (1.55719096404e-08 * x0 - 0.841470984808),exp(x0 - -0.405465095615) - cos(x1) * 4.20735495601 / (1.55719096404e-08 * x0 - 0.841470984808),1.5*exp(x0) + 5.0*cos(x1),"[-2.7241050845285373, 4.207354956005443, 1.0000000154719098, 1.0, 1.0000000000000016]","{""K"": 500, ""c"": 6.0, ""exploration_rate"": 0.1, ""gamma"": 0.5, ""gp_rate"": 0.5, ""lm_iterations"": 10, ""max_constants"": 999, ""max_depth"": 6, ""max_evals"": 2000000, ""max_unary"": 999, ""mutation_rate"": 0.1, ""ops"": [""+"", ""-"", ""*"", ""/"", ""sin"", ""cos"", ""exp"", ""log"", ""R""], ""succ_error_tol"": 1e-06}","{""K"": 500, ""c"": 6.0, ""exploration_rate"": 0.1, ""gamma"": 0.5, ""gp_rate"": 0.5, ""lm_iterations"": 10, ""max_constants"": 999, ""max_depth"": 6, ""max_evals"": 2000000, ""max_unary"": 999, ""mutation_rate"": 0.1, ""ops"": [""+"", ""-"", ""*"", ""/"", ""sin"", ""cos"", ""exp"", ""log"", ""R""], ""succ_error_tol"": 1e-06}",0.5
imcts,Jin,4,Jin-4,expression,30,6420,200,100,100,2,"[""x0"", ""x1""]",1.5*exp(x[0]) + 5.0*cos(x[1]),0.9999998807907104,True,0.9999999999999998,0.9999999999999997,9.0,10948,0.6475232499651611,0.0,0,cos(x1) * 5.00000014661 + exp(0.405465099132 + x0),cos(x1) * 5.00000014661 + exp(0.405465099132 + x0),1.5*exp(x0) + 5.0*cos(x1),"[5.000000146611665, 1.0, 0.4818527393722263]","{""K"": 500, ""c"": 6.0, ""exploration_rate"": 0.1, ""gamma"": 0.5, ""gp_rate"": 0.5, ""lm_iterations"": 10, ""max_constants"": 999, ""max_depth"": 6, ""max_evals"": 2000000, ""max_unary"": 999, ""mutation_rate"": 0.1, ""ops"": [""+"", ""-"", ""*"", ""/"", ""sin"", ""cos"", ""exp"", ""log"", ""R""], ""succ_error_tol"": 1e-06}","{""K"": 500, ""c"": 6.0, ""exploration_rate"": 0.1, ""gamma"": 0.5, ""gp_rate"": 0.5, ""lm_iterations"": 10, ""max_constants"": 999, ""max_depth"": 6, ""max_evals"": 2000000, ""max_unary"": 999, ""mutation_rate"": 0.1, ""ops"": [""+"", ""-"", ""*"", ""/"", ""sin"", ""cos"", ""exp"", ""log"", ""R""], ""succ_error_tol"": 1e-06}",0.5
imcts,Jin,4,Jin-4,expression,31,17568,200,100,100,2,"[""x0"", ""x1""]",1.5*exp(x[0]) + 5.0*cos(x[1]),0.9999999403953552,True,0.9999999999999998,0.9999999999999998,9.0,13157,0.7588997060083784,0.0,0,(exp(x0) - cos(x1)) * -5.00000004426 + exp(x0) * 6.50000006195,(exp(x0) - cos(x1)) * -5.00000004426 + exp(x0) * 6.50000006195,1.5*exp(x0) + 5.0*cos(x1),"[-5.000000044257123, 6.500000061951384]","{""K"": 500, ""c"": 6.0, ""exploration_rate"": 0.1, ""gamma"": 0.5, ""gp_rate"": 0.5, ""lm_iterations"": 10, ""max_constants"": 999, ""max_depth"": 6, ""max_evals"": 2000000, ""max_unary"": 999, ""mutation_rate"": 0.1, ""ops"": [""+"", ""-"", ""*"", ""/"", ""sin"", ""cos"", ""exp"", ""log"", ""R""], ""succ_error_tol"": 1e-06}","{""K"": 500, ""c"": 6.0, ""exploration_rate"": 0.1, ""gamma"": 0.5, ""gp_rate"": 0.5, ""lm_iterations"": 10, ""max_constants"": 999, ""max_depth"": 6, ""max_evals"": 2000000, ""max_unary"": 999, ""mutation_rate"": 0.1, ""ops"": [""+"", ""-"", ""*"", ""/"", ""sin"", ""cos"", ""exp"", ""log"", ""R""], ""succ_error_tol"": 1e-06}",0.5
imcts,Jin,4,Jin-4,expression,32,20939,200,100,100,2,"[""x0"", ""x1""]",1.5*exp(x[0]) + 5.0*cos(x[1]),0.9999999403953552,True,0.9999999999999998,0.9999999999999998,11.0,18002,1.144650761038065,0.0,0,exp(x0) - 4.99999996578 * (exp(x0) * -0.100000003997 - sin(x1 - -7.85398165634)),exp(x0) - 4.99999996578 * (exp(x0) * -0.100000003997 - sin(x1 - -7.85398165634)),1.5*exp(x0) + 5.0*sin(x1 + 7.85),"[4.999999965782718, -0.10000000399741173, -7.853981656338317]","{""K"": 500, ""c"": 6.0, ""exploration_rate"": 0.1, ""gamma"": 0.5, ""gp_rate"": 0.5, ""lm_iterations"": 10, ""max_constants"": 999, ""max_depth"": 6, ""max_evals"": 2000000, ""max_unary"": 999, ""mutation_rate"": 0.1, ""ops"": [""+"", ""-"", ""*"", ""/"", ""sin"", ""cos"", ""exp"", ""log"", ""R""], ""succ_error_tol"": 1e-06}","{""K"": 500, ""c"": 6.0, ""exploration_rate"": 0.1, ""gamma"": 0.5, ""gp_rate"": 0.5, ""lm_iterations"": 10, ""max_constants"": 999, ""max_depth"": 6, ""max_evals"": 2000000, ""max_unary"": 999, ""mutation_rate"": 0.1, ""ops"": [""+"", ""-"", ""*"", ""/"", ""sin"", ""cos"", ""exp"", ""log"", ""R""], ""succ_error_tol"": 1e-06}",0.5
imcts,Jin,4,Jin-4,expression,33,19769,200,100,100,2,"[""x0"", ""x1""]",1.5*exp(x[0]) + 5.0*cos(x[1]),0.9999999403953552,True,0.9999999999999993,0.999999999997553,9.0,18406,1.218915656034369,0.0,0,exp(x0 + 0.40546513042) + (cos(x1) + x0) * (5.00000001778 - 1.34270760975e-08 / x0) + -4.99999999644 * x0,exp(x0 + 0.40546513042) + (cos(x1) + x0) * (5.00000001778 - 1.34270760975e-08 / x0) + -4.99999999644 * x0,1.5*exp(x0) + 5.0*cos(x1),"[0.40546513042019583, 5.000000017776251, 1.342707609748707e-08, -4.99999999643641]","{""K"": 500, ""c"": 6.0, ""exploration_rate"": 0.1, ""gamma"": 0.5, ""gp_rate"": 0.5, ""lm_iterations"": 10, ""max_constants"": 999, ""max_depth"": 6, ""max_evals"": 2000000, ""max_unary"": 999, ""mutation_rate"": 0.1, ""ops"": [""+"", ""-"", ""*"", ""/"", ""sin"", ""cos"", ""exp"", ""log"", ""R""], ""succ_error_tol"": 1e-06}","{""K"": 500, ""c"": 6.0, ""exploration_rate"": 0.1, ""gamma"": 0.5, ""gp_rate"": 0.5, ""lm_iterations"": 10, ""max_constants"": 999, ""max_depth"": 6, ""max_evals"": 2000000, ""max_unary"": 999, ""mutation_rate"": 0.1, ""ops"": [""+"", ""-"", ""*"", ""/"", ""sin"", ""cos"", ""exp"", ""log"", ""R""], ""succ_error_tol"": 1e-06}",0.5
imcts,Jin,4,Jin-4,expression,34,28693,200,100,100,2,"[""x0"", ""x1""]",1.5*exp(x[0]) + 5.0*cos(x[1]),0.9999999403953552,True,0.9999999999999997,0.9999999999999997,11.0,4880,0.24976678099483252,0.0,0,-5.00000002535 * (cos(x1 - -3.1415926546) - exp(-1.20397282634 + x0)),-5.00000002535 * (cos(x1 - -3.1415926546) - exp(-1.20397282634 + x0)),1.5*exp(x0) - 5.0*cos(x1 + 3.14),"[-5.0000000253545975, -3.1415926545952746, -1.203972826335841]","{""K"": 500, ""c"": 6.0, ""exploration_rate"": 0.1, ""gamma"": 0.5, ""gp_rate"": 0.5, ""lm_iterations"": 10, ""max_constants"": 999, ""max_depth"": 6, ""max_evals"": 2000000, ""max_unary"": 999, ""mutation_rate"": 0.1, ""ops"": [""+"", ""-"", ""*"", ""/"", ""sin"", ""cos"", ""exp"", ""log"", ""R""], ""succ_error_tol"": 1e-06}","{""K"": 500, ""c"": 6.0, ""exploration_rate"": 0.1, ""gamma"": 0.5, ""gp_rate"": 0.5, ""lm_iterations"": 10, ""max_constants"": 999, ""max_depth"": 6, ""max_evals"": 2000000, ""max_unary"": 999, ""mutation_rate"": 0.1, ""ops"": [""+"", ""-"", ""*"", ""/"", ""sin"", ""cos"", ""exp"", ""log"", ""R""], ""succ_error_tol"": 1e-06}",0.5
imcts,Jin,4,Jin-4,expression,35,6396,200,100,100,2,"[""x0"", ""x1""]",1.5*exp(x[0]) + 5.0*cos(x[1]),0.9999999403953552,True,0.9999999999999991,0.9999999999999991,9.0,16664,1.0417930459952913,0.0,0,-0.999530280047 * exp(1.25323284818 + x0) - -5.00000020396 * (cos(x1) + exp(x0)),-0.999530280047 * exp(1.25323284818 + x0) - -5.00000020396 * (cos(x1) + exp(x0)),1.5*exp(x0) + 5.0*cos(x1),"[3.1722441374107353, 1.2532328481822286, -5.000000203956436]","{""K"": 500, ""c"": 6.0, ""exploration_rate"": 0.1, ""gamma"": 0.5, ""gp_rate"": 0.5, ""lm_iterations"": 10, ""max_constants"": 999, ""max_depth"": 6, ""max_evals"": 2000000, ""max_unary"": 999, ""mutation_rate"": 0.1, ""ops"": [""+"", ""-"", ""*"", ""/"", ""sin"", ""cos"", ""exp"", ""log"", ""R""], ""succ_error_tol"": 1e-06}","{""K"": 500, ""c"": 6.0, ""exploration_rate"": 0.1, ""gamma"": 0.5, ""gp_rate"": 0.5, ""lm_iterations"": 10, ""max_constants"": 999, ""max_depth"": 6, ""max_evals"": 2000000, ""max_unary"": 999, ""mutation_rate"": 0.1, ""ops"": [""+"", ""-"", ""*"", ""/"", ""sin"", ""cos"", ""exp"", ""log"", ""R""], ""succ_error_tol"": 1e-06}",0.5
imcts,Jin,4,Jin-4,expression,36,29419,200,100,100,2,"[""x0"", ""x1""]",1.5*exp(x[0]) + 5.0*cos(x[1]),0.9999998807907104,True,0.9999999999999992,0.9999999999999993,9.0,7296,0.390418883995153,0.0,0,x1 / (x1 / 4.999999837) * (cos(x1) + exp(x0) * 0.546941687175 * 0.548504549692),x1 / (x1 / 4.999999837) * (cos(x1) + exp(x0) * 0.546941687175 * 0.548504549692),1.5*exp(x0) + 5.0*cos(x1),"[4.999999837001587, 0.5469416871749558, 0.5485045496924221]","{""K"": 500, ""c"": 6.0, ""exploration_rate"": 0.1, ""gamma"": 0.5, ""gp_rate"": 0.5, ""lm_iterations"": 10, ""max_constants"": 999, ""max_depth"": 6, ""max_evals"": 2000000, ""max_unary"": 999, ""mutation_rate"": 0.1, ""ops"": [""+"", ""-"", ""*"", ""/"", ""sin"", ""cos"", ""exp"", ""log"", ""R""], ""succ_error_tol"": 1e-06}","{""K"": 500, ""c"": 6.0, ""exploration_rate"": 0.1, ""gamma"": 0.5, ""gp_rate"": 0.5, ""lm_iterations"": 10, ""max_constants"": 999, ""max_depth"": 6, ""max_evals"": 2000000, ""max_unary"": 999, ""mutation_rate"": 0.1, ""ops"": [""+"", ""-"", ""*"", ""/"", ""sin"", ""cos"", ""exp"", ""log"", ""R""], ""succ_error_tol"": 1e-06}",0.5
imcts,Jin,4,Jin-4,expression,37,27480,200,100,100,2,"[""x0"", ""x1""]",1.5*exp(x[0]) + 5.0*cos(x[1]),0.9999999403953552,True,0.9999999999999998,0.9999999999999998,9.0,17868,1.0626018359907903,0.0,0,exp(0.405465093533 + x0) + (1.89063542599e-10 + 11.7676620056 * x1) * cos(x1) / (2.35353241164 * x1),exp(0.405465093533 + x0) + (1.89063542599e-10 + 11.7676620056 * x1) * cos(x1) / (2.35353241164 * x1),1.5*exp(x0) + 5.00111270416216*cos(x1),"[0.40546509353262195, -0.4684769046961783, 0.46847690488524185, 11.76766200559486, 2.353532411640658]","{""K"": 500, ""c"": 6.0, ""exploration_rate"": 0.1, ""gamma"": 0.5, ""gp_rate"": 0.5, ""lm_iterations"": 10, ""max_constants"": 999, ""max_depth"": 6, ""max_evals"": 2000000, ""max_unary"": 999, ""mutation_rate"": 0.1, ""ops"": [""+"", ""-"", ""*"", ""/"", ""sin"", ""cos"", ""exp"", ""log"", ""R""], ""succ_error_tol"": 1e-06}","{""K"": 500, ""c"": 6.0, ""exploration_rate"": 0.1, ""gamma"": 0.5, ""gp_rate"": 0.5, ""lm_iterations"": 10, ""max_constants"": 999, ""max_depth"": 6, ""max_evals"": 2000000, ""max_unary"": 999, ""mutation_rate"": 0.1, ""ops"": [""+"", ""-"", ""*"", ""/"", ""sin"", ""cos"", ""exp"", ""log"", ""R""], ""succ_error_tol"": 1e-06}",0.5
imcts,Jin,4,Jin-4,expression,38,32304,200,100,100,2,"[""x0"", ""x1""]",1.5*exp(x[0]) + 5.0*cos(x[1]),0.9999999403953552,True,0.9999999999999997,0.9999999999999997,9.0,17644,1.0453289490542375,0.0,0,4.99999992682 * cos(x1) + (exp(x0) + 1.57407821715e-08) * 1.49999997436,4.99999992682 * cos(x1) + (exp(x0) + 1.57407821715e-08) * 1.49999997436,1.5*exp(x0) + 5.0*cos(x1),"[4.999999926820157, 1.5740782171544976e-08, 0.40546509101297123]","{""K"": 500, ""c"": 6.0, ""exploration_rate"": 0.1, ""gamma"": 0.5, ""gp_rate"": 0.5, ""lm_iterations"": 10, ""max_constants"": 999, ""max_depth"": 6, ""max_evals"": 2000000, ""max_unary"": 999, ""mutation_rate"": 0.1, ""ops"": [""+"", ""-"", ""*"", ""/"", ""sin"", ""cos"", ""exp"", ""log"", ""R""], ""succ_error_tol"": 1e-06}","{""K"": 500, ""c"": 6.0, ""exploration_rate"": 0.1, ""gamma"": 0.5, ""gp_rate"": 0.5, ""lm_iterations"": 10, ""max_constants"": 999, ""max_depth"": 6, ""max_evals"": 2000000, ""max_unary"": 999, ""mutation_rate"": 0.1, ""ops"": [""+"", ""-"", ""*"", ""/"", ""sin"", ""cos"", ""exp"", ""log"", ""R""], ""succ_error_tol"": 1e-06}",0.5
imcts,Jin,4,Jin-4,expression,39,8666,200,100,100,2,"[""x0"", ""x1""]",1.5*exp(x[0]) + 5.0*cos(x[1]),0.9999999403953552,True,0.9999999999999986,0.9999999999999988,9.0,18537,1.1196159609826282,0.0,0,(0.469412663793 * 0.639096549437 * exp(x0) - (2.14018238408e-08 - (x0 - x0 + cos(x1)))) / 0.200000001003,(0.469412663793 * 0.639096549437 * exp(x0) - (2.14018238408e-08 - (x0 - x0 + cos(x1)))) / 0.200000001003,1.5*exp(x0) + 5.0*cos(x1),"[0.46941266379265845, 0.6390965494374321, 2.1401823840816644e-08, 1.3694384049811998]","{""K"": 500, ""c"": 6.0, ""exploration_rate"": 0.1, ""gamma"": 0.5, ""gp_rate"": 0.5, ""lm_iterations"": 10, ""max_constants"": 999, ""max_depth"": 6, ""max_evals"": 2000000, ""max_unary"": 999, ""mutation_rate"": 0.1, ""ops"": [""+"", ""-"", ""*"", ""/"", ""sin"", ""cos"", ""exp"", ""log"", ""R""], ""succ_error_tol"": 1e-06}","{""K"": 500, ""c"": 6.0, ""exploration_rate"": 0.1, ""gamma"": 0.5, ""gp_rate"": 0.5, ""lm_iterations"": 10, ""max_constants"": 999, ""max_depth"": 6, ""max_evals"": 2000000, ""max_unary"": 999, ""mutation_rate"": 0.1, ""ops"": [""+"", ""-"", ""*"", ""/"", ""sin"", ""cos"", ""exp"", ""log"", ""R""], ""succ_error_tol"": 1e-06}",0.5
imcts,Jin,4,Jin-4,expression,40,25658,200,100,100,2,"[""x0"", ""x1""]",1.5*exp(x[0]) + 5.0*cos(x[1]),0.9999999403953552,True,0.9999999999999996,0.9999999999999994,11.0,18886,1.2846374160144478,0.0,0,exp(x0 - -0.405465129058) + sin(x1 - 1.57079633725) / -0.199999998728,exp(x0 - -0.405465129058) + sin(x1 - 1.57079633725) / -0.199999998728,1.5*exp(x0) - 5.0*sin(x1 - 1.57),"[-0.4054651290577661, 1.570796337247287, 0.5721958948317566]","{""K"": 500, ""c"": 6.0, ""exploration_rate"": 0.1, ""gamma"": 0.5, ""gp_rate"": 0.5, ""lm_iterations"": 10, ""max_constants"": 999, ""max_depth"": 6, ""max_evals"": 2000000, ""max_unary"": 999, ""mutation_rate"": 0.1, ""ops"": [""+"", ""-"", ""*"", ""/"", ""sin"", ""cos"", ""exp"", ""log"", ""R""], ""succ_error_tol"": 1e-06}","{""K"": 500, ""c"": 6.0, ""exploration_rate"": 0.1, ""gamma"": 0.5, ""gp_rate"": 0.5, ""lm_iterations"": 10, ""max_constants"": 999, ""max_depth"": 6, ""max_evals"": 2000000, ""max_unary"": 999, ""mutation_rate"": 0.1, ""ops"": [""+"", ""-"", ""*"", ""/"", ""sin"", ""cos"", ""exp"", ""log"", ""R""], ""succ_error_tol"": 1e-06}",0.5
imcts,Jin,4,Jin-4,expression,41,18942,200,100,100,2,"[""x0"", ""x1""]",1.5*exp(x[0]) + 5.0*cos(x[1]),0.9999999403953552,True,0.9999999999999993,0.999999999999999,11.0,13944,0.8500064379768446,0.0,0,((exp(x0) - x1 * -5.34418379526e-08) * 0.30000000939 + cos(6.3667208065e-08 + x1 * 1.00000001838)) / 0.200000002066,((exp(x0) - x1 * -5.34418379526e-08) * 0.30000000939 + cos(6.3667208065e-08 + x1 * 1.00000001838)) / 0.200000002066,1.5*exp(x0) + 5.0*cos(1.0*x1),"[-5.3441837952560356e-08, 0.3000000093897252, 6.366720806497947e-08, 1.0000000183823836, 1.0084198882902826]","{""K"": 500, ""c"": 6.0, ""exploration_rate"": 0.1, ""gamma"": 0.5, ""gp_rate"": 0.5, ""lm_iterations"": 10, ""max_constants"": 999, ""max_depth"": 6, ""max_evals"": 2000000, ""max_unary"": 999, ""mutation_rate"": 0.1, ""ops"": [""+"", ""-"", ""*"", ""/"", ""sin"", ""cos"", ""exp"", ""log"", ""R""], ""succ_error_tol"": 1e-06}","{""K"": 500, ""c"": 6.0, ""exploration_rate"": 0.1, ""gamma"": 0.5, ""gp_rate"": 0.5, ""lm_iterations"": 10, ""max_constants"": 999, ""max_depth"": 6, ""max_evals"": 2000000, ""max_unary"": 999, ""mutation_rate"": 0.1, ""ops"": [""+"", ""-"", ""*"", ""/"", ""sin"", ""cos"", ""exp"", ""log"", ""R""], ""succ_error_tol"": 1e-06}",0.5
imcts,Jin,4,Jin-4,expression,42,24233,200,100,100,2,"[""x0"", ""x1""]",1.5*exp(x[0]) + 5.0*cos(x[1]),0.9999999403953552,True,0.9999999999999996,0.9999999999999997,11.0,2160,0.10508101800223812,0.0,0,1.50000002157 * exp(x0) - (4.99999983659 * sin(x1 - 1.57079633335) + 3.8419470553e-08),1.50000002157 * exp(x0) - (4.99999983659 * sin(x1 - 1.57079633335) + 3.8419470553e-08),1.5*exp(x0) - 5.0*sin(x1 - 1.57),"[1.5000000215735771, 0.9999999999999999, 0.47588497502022614, 1.5707963333466228, 3.8419470553040344e-08]","{""K"": 500, ""c"": 6.0, ""exploration_rate"": 0.1, ""gamma"": 0.5, ""gp_rate"": 0.5, ""lm_iterations"": 10, ""max_constants"": 999, ""max_depth"": 6, ""max_evals"": 2000000, ""max_unary"": 999, ""mutation_rate"": 0.1, ""ops"": [""+"", ""-"", ""*"", ""/"", ""sin"", ""cos"", ""exp"", ""log"", ""R""], ""succ_error_tol"": 1e-06}","{""K"": 500, ""c"": 6.0, ""exploration_rate"": 0.1, ""gamma"": 0.5, ""gp_rate"": 0.5, ""lm_iterations"": 10, ""max_constants"": 999, ""max_depth"": 6, ""max_evals"": 2000000, ""max_unary"": 999, ""mutation_rate"": 0.1, ""ops"": [""+"", ""-"", ""*"", ""/"", ""sin"", ""cos"", ""exp"", ""log"", ""R""], ""succ_error_tol"": 1e-06}",0.5
imcts,Jin,4,Jin-4,expression,43,18431,200,100,100,2,"[""x0"", ""x1""]",1.5*exp(x[0]) + 5.0*cos(x[1]),0.9999999403953552,True,0.9999999999734411,0.9999999999789201,11.0,21868,1.2883416400291026,0.0,0,0.917465989853 * (exp(1.000002971 * x0 + 0.491601593448) + -5.44979367346 * (6.2128897256e-07 * x0 - cos(x1))),0.917465989853 * (exp(1.000002971 * x0 + 0.491601593448) + -5.44979367346 * (6.2128897256e-07 * x0 - cos(x1))),1.5*exp(1.0*x0) + 5.0*cos(x1),"[0.9174659898530853, 1.0000029709991303, 0.4916015934480741, -5.449793673455108, 6.212889725595513e-07]","{""K"": 500, ""c"": 6.0, ""exploration_rate"": 0.1, ""gamma"": 0.5, ""gp_rate"": 0.5, ""lm_iterations"": 10, ""max_constants"": 999, ""max_depth"": 6, ""max_evals"": 2000000, ""max_unary"": 999, ""mutation_rate"": 0.1, ""ops"": [""+"", ""-"", ""*"", ""/"", ""sin"", ""cos"", ""exp"", ""log"", ""R""], ""succ_error_tol"": 1e-06}","{""K"": 500, ""c"": 6.0, ""exploration_rate"": 0.1, ""gamma"": 0.5, ""gp_rate"": 0.5, ""lm_iterations"": 10, ""max_constants"": 999, ""max_depth"": 6, ""max_evals"": 2000000, ""max_unary"": 999, ""mutation_rate"": 0.1, ""ops"": [""+"", ""-"", ""*"", ""/"", ""sin"", ""cos"", ""exp"", ""log"", ""R""], ""succ_error_tol"": 1e-06}",0.5
imcts,Jin,4,Jin-4,expression,44,32219,200,100,100,2,"[""x0"", ""x1""]",1.5*exp(x[0]) + 5.0*cos(x[1]),0.9999998807907104,True,0.9999999999999994,0.9999999999999996,11.0,13739,0.8146947429631837,0.0,0,5.00000003183 * cos(x1) + 1.50000013828 * exp(x0 * 0.999999959631),5.00000003183 * cos(x1) + 1.50000013828 * exp(x0 * 0.999999959631),1.5*exp(1.0*x0) + 5.0*cos(x1),"[5.000000031829193, 1.5000001382755477, 0.9999999596313509]","{""K"": 500, ""c"": 6.0, ""exploration_rate"": 0.1, ""gamma"": 0.5, ""gp_rate"": 0.5, ""lm_iterations"": 10, ""max_constants"": 999, ""max_depth"": 6, ""max_evals"": 2000000, ""max_unary"": 999, ""mutation_rate"": 0.1, ""ops"": [""+"", ""-"", ""*"", ""/"", ""sin"", ""cos"", ""exp"", ""log"", ""R""], ""succ_error_tol"": 1e-06}","{""K"": 500, ""c"": 6.0, ""exploration_rate"": 0.1, ""gamma"": 0.5, ""gp_rate"": 0.5, ""lm_iterations"": 10, ""max_constants"": 999, ""max_depth"": 6, ""max_evals"": 2000000, ""max_unary"": 999, ""mutation_rate"": 0.1, ""ops"": [""+"", ""-"", ""*"", ""/"", ""sin"", ""cos"", ""exp"", ""log"", ""R""], ""succ_error_tol"": 1e-06}",0.5
imcts,Jin,4,Jin-4,expression,45,2747,200,100,100,2,"[""x0"", ""x1""]",1.5*exp(x[0]) + 5.0*cos(x[1]),0.9999999403953552,True,1.0,1.0,9.0,24973,1.5957929349970073,0.0,0,4.99999996873 * (1.00000000569 + cos(x1) - 1) + exp(x0 + 1.19326636248 - 0.787801251327),4.99999996873 * (1.00000000569 + cos(x1) - 1) + exp(x0 + 1.19326636248 - 0.787801251327),1.5*exp(x0) + 5.0*cos(x1),"[4.99999996873342, 1.000000005691709, 1.0, 1.193266362483942, 1.0, 1.0, 2.5387113775593173]","{""K"": 500, ""c"": 6.0, ""exploration_rate"": 0.1, ""gamma"": 0.5, ""gp_rate"": 0.5, ""lm_iterations"": 10, ""max_constants"": 999, ""max_depth"": 6, ""max_evals"": 2000000, ""max_unary"": 999, ""mutation_rate"": 0.1, ""ops"": [""+"", ""-"", ""*"", ""/"", ""sin"", ""cos"", ""exp"", ""log"", ""R""], ""succ_error_tol"": 1e-06}","{""K"": 500, ""c"": 6.0, ""exploration_rate"": 0.1, ""gamma"": 0.5, ""gp_rate"": 0.5, ""lm_iterations"": 10, ""max_constants"": 999, ""max_depth"": 6, ""max_evals"": 2000000, ""max_unary"": 999, ""mutation_rate"": 0.1, ""ops"": [""+"", ""-"", ""*"", ""/"", ""sin"", ""cos"", ""exp"", ""log"", ""R""], ""succ_error_tol"": 1e-06}",0.5
imcts,Jin,4,Jin-4,expression,46,25551,200,100,100,2,"[""x0"", ""x1""]",1.5*exp(x[0]) + 5.0*cos(x[1]),0.9999999403953552,True,0.9999999999999991,0.999999999999999,9.0,16176,0.932878739957232,0.0,0,-1.37731398454e-07 + 5.00000004697 * cos(x1) - 3.33932591345e-08 / (0.999999999704 / x0) + exp(0.405465148221 + x0),-1.37731398454e-07 + 5.00000004697 * cos(x1) - 3.33932591345e-08 / (0.999999999704 / x0) + exp(0.405465148221 + x0),1.5*exp(x0) + 5.0*cos(x1),"[-1.3773139845447083e-07, 148.4131660735558, 3.339325913454922e-08, 0.9999999997038426, 0.40668388797805816, 1.003005781784353]","{""K"": 500, ""c"": 6.0, ""exploration_rate"": 0.1, ""gamma"": 0.5, ""gp_rate"": 0.5, ""lm_iterations"": 10, ""max_constants"": 999, ""max_depth"": 6, ""max_evals"": 2000000, ""max_unary"": 999, ""mutation_rate"": 0.1, ""ops"": [""+"", ""-"", ""*"", ""/"", ""sin"", ""cos"", ""exp"", ""log"", ""R""], ""succ_error_tol"": 1e-06}","{""K"": 500, ""c"": 6.0, ""exploration_rate"": 0.1, ""gamma"": 0.5, ""gp_rate"": 0.5, ""lm_iterations"": 10, ""max_constants"": 999, ""max_depth"": 6, ""max_evals"": 2000000, ""max_unary"": 999, ""mutation_rate"": 0.1, ""ops"": [""+"", ""-"", ""*"", ""/"", ""sin"", ""cos"", ""exp"", ""log"", ""R""], ""succ_error_tol"": 1e-06}",0.5
imcts,Jin,4,Jin-4,expression,47,26382,200,100,100,2,"[""x0"", ""x1""]",1.5*exp(x[0]) + 5.0*cos(x[1]),0.9999999403953552,True,0.9999999999999999,0.9999999999999999,9.0,20304,1.320298042963259,0.0,0,5.0000001205 * ((exp(x0) + exp(x0)) * 0.149999997101 + cos(x1)),5.0000001205 * ((exp(x0) + exp(x0)) * 0.149999997101 + cos(x1)),1.5*exp(x0) + 5.0*cos(x1),"[5.000000120497038, 0.14999999710083445]","{""K"": 500, ""c"": 6.0, ""exploration_rate"": 0.1, ""gamma"": 0.5, ""gp_rate"": 0.5, ""lm_iterations"": 10, ""max_constants"": 999, ""max_depth"": 6, ""max_evals"": 2000000, ""max_unary"": 999, ""mutation_rate"": 0.1, ""ops"": [""+"", ""-"", ""*"", ""/"", ""sin"", ""cos"", ""exp"", ""log"", ""R""], ""succ_error_tol"": 1e-06}","{""K"": 500, ""c"": 6.0, ""exploration_rate"": 0.1, ""gamma"": 0.5, ""gp_rate"": 0.5, ""lm_iterations"": 10, ""max_constants"": 999, ""max_depth"": 6, ""max_evals"": 2000000, ""max_unary"": 999, ""mutation_rate"": 0.1, ""ops"": [""+"", ""-"", ""*"", ""/"", ""sin"", ""cos"", ""exp"", ""log"", ""R""], ""succ_error_tol"": 1e-06}",0.5
imcts,Jin,4,Jin-4,expression,48,189,200,100,100,2,"[""x0"", ""x1""]",1.5*exp(x[0]) + 5.0*cos(x[1]),0.9999999403953552,True,0.9999999999999997,0.9999999999999997,11.0,14746,0.852757073007524,0.0,0,(cos(x1) + exp(x0 * 0.999999992603 - 1.20397276439)) * 4.99999984261,(cos(x1) + exp(x0 * 0.999999992603 - 1.20397276439)) * 4.99999984261,1.5*exp(1.0*x0) + 5.0*cos(x1),"[0.9999999926033172, 1.2039727643904978, 4.999999842613016]","{""K"": 500, ""c"": 6.0, ""exploration_rate"": 0.1, ""gamma"": 0.5, ""gp_rate"": 0.5, ""lm_iterations"": 10, ""max_constants"": 999, ""max_depth"": 6, ""max_evals"": 2000000, ""max_unary"": 999, ""mutation_rate"": 0.1, ""ops"": [""+"", ""-"", ""*"", ""/"", ""sin"", ""cos"", ""exp"", ""log"", ""R""], ""succ_error_tol"": 1e-06}","{""K"": 500, ""c"": 6.0, ""exploration_rate"": 0.1, ""gamma"": 0.5, ""gp_rate"": 0.5, ""lm_iterations"": 10, ""max_constants"": 999, ""max_depth"": 6, ""max_evals"": 2000000, ""max_unary"": 999, ""mutation_rate"": 0.1, ""ops"": [""+"", ""-"", ""*"", ""/"", ""sin"", ""cos"", ""exp"", ""log"", ""R""], ""succ_error_tol"": 1e-06}",0.5
imcts,Jin,4,Jin-4,expression,49,31677,200,100,100,2,"[""x0"", ""x1""]",1.5*exp(x[0]) + 5.0*cos(x[1]),0.9999999403953552,True,0.9999999999999992,0.9999999999999992,11.0,7257,0.39327199599938467,0.0,0,-6.47933412461e-08 + (x0 - x0) / (x0 + 1) + exp(0.405465137458 + x0) + -5.000000071 * cos(x1 + -3.14159266698),-6.47933412461e-08 + (x0 - x0) / (x0 + 1) + exp(0.405465137458 + x0) + -5.000000071 * cos(x1 + -3.14159266698),1.5*exp(x0) - 5.0*cos(x1 - 3.14),"[-6.479334124611523e-08, 1.0, 0.4054651374579823, -5.000000071002828, -3.141592666980467]","{""K"": 500, ""c"": 6.0, ""exploration_rate"": 0.1, ""gamma"": 0.5, ""gp_rate"": 0.5, ""lm_iterations"": 10, ""max_constants"": 999, ""max_depth"": 6, ""max_evals"": 2000000, ""max_unary"": 999, ""mutation_rate"": 0.1, ""ops"": [""+"", ""-"", ""*"", ""/"", ""sin"", ""cos"", ""exp"", ""log"", ""R""], ""succ_error_tol"": 1e-06}","{""K"": 500, ""c"": 6.0, ""exploration_rate"": 0.1, ""gamma"": 0.5, ""gp_rate"": 0.5, ""lm_iterations"": 10, ""max_constants"": 999, ""max_depth"": 6, ""max_evals"": 2000000, ""max_unary"": 999, ""mutation_rate"": 0.1, ""ops"": [""+"", ""-"", ""*"", ""/"", ""sin"", ""cos"", ""exp"", ""log"", ""R""], ""succ_error_tol"": 1e-06}",0.5
imcts,Jin,4,Jin-4,expression,50,19118,200,100,100,2,"[""x0"", ""x1""]",1.5*exp(x[0]) + 5.0*cos(x[1]),0.9999999403953552,True,0.9999999999999996,0.9999999999999996,9.0,18350,1.1249366519623436,0.0,0,1.49999997293 * (exp(x0) + x0 * -1.19305097404e-08 / 0.841470984808 + 3.33333345835 * cos(x1)),1.49999997293 * (exp(x0) + x0 * -1.19305097404e-08 / 0.841470984808 + 3.33333345835 * cos(x1)),1.5*exp(x0) + 5.0*cos(x1),"[4.481688948925444, -1.1930509740413317e-08, 1.0, 0.537291419036892, 6.5128218831227045]","{""K"": 500, ""c"": 6.0, ""exploration_rate"": 0.1, ""gamma"": 0.5, ""gp_rate"": 0.5, ""lm_iterations"": 10, ""max_constants"": 999, ""max_depth"": 6, ""max_evals"": 2000000, ""max_unary"": 999, ""mutation_rate"": 0.1, ""ops"": [""+"", ""-"", ""*"", ""/"", ""sin"", ""cos"", ""exp"", ""log"", ""R""], ""succ_error_tol"": 1e-06}","{""K"": 500, ""c"": 6.0, ""exploration_rate"": 0.1, ""gamma"": 0.5, ""gp_rate"": 0.5, ""lm_iterations"": 10, ""max_constants"": 999, ""max_depth"": 6, ""max_evals"": 2000000, ""max_unary"": 999, ""mutation_rate"": 0.1, ""ops"": [""+"", ""-"", ""*"", ""/"", ""sin"", ""cos"", ""exp"", ""log"", ""R""], ""succ_error_tol"": 1e-06}",0.5
imcts,Jin,4,Jin-4,expression,51,3005,200,100,100,2,"[""x0"", ""x1""]",1.5*exp(x[0]) + 5.0*cos(x[1]),0.9999999403953552,True,0.9999999999999997,0.9999999999999997,9.0,14122,0.8290195760200731,0.0,0,exp(x0) + 5.00000002234 * (0.0999999930025 * exp(x0) + cos(x1) - -1.91447910121e-08),exp(x0) + 5.00000002234 * (0.0999999930025 * exp(x0) + cos(x1) - -1.91447910121e-08),1.5*exp(x0) + 5.0*cos(x1),"[5.000000022342027, 0.09999999300245589, -1.9144791012097543e-08]","{""K"": 500, ""c"": 6.0, ""exploration_rate"": 0.1, ""gamma"": 0.5, ""gp_rate"": 0.5, ""lm_iterations"": 10, ""max_constants"": 999, ""max_depth"": 6, ""max_evals"": 2000000, ""max_unary"": 999, ""mutation_rate"": 0.1, ""ops"": [""+"", ""-"", ""*"", ""/"", ""sin"", ""cos"", ""exp"", ""log"", ""R""], ""succ_error_tol"": 1e-06}","{""K"": 500, ""c"": 6.0, ""exploration_rate"": 0.1, ""gamma"": 0.5, ""gp_rate"": 0.5, ""lm_iterations"": 10, ""max_constants"": 999, ""max_depth"": 6, ""max_evals"": 2000000, ""max_unary"": 999, ""mutation_rate"": 0.1, ""ops"": [""+"", ""-"", ""*"", ""/"", ""sin"", ""cos"", ""exp"", ""log"", ""R""], ""succ_error_tol"": 1e-06}",0.5
imcts,Jin,4,Jin-4,expression,52,21042,200,100,100,2,"[""x0"", ""x1""]",1.5*exp(x[0]) + 5.0*cos(x[1]),0.9999999403953552,True,0.9999999999999997,0.9999999999999997,9.0,15043,0.9167265419964679,0.0,0,exp(x0) / 0.666666676426 + 4.99999990469 * cos(x1),exp(x0) / 0.666666676426 + 4.99999990469 * cos(x1),1.5*exp(x0) + 5.0*cos(x1),"[0.7297276693208001, 4.999999904685465]","{""K"": 500, ""c"": 6.0, ""exploration_rate"": 0.1, ""gamma"": 0.5, ""gp_rate"": 0.5, ""lm_iterations"": 10, ""max_constants"": 999, ""max_depth"": 6, ""max_evals"": 2000000, ""max_unary"": 999, ""mutation_rate"": 0.1, ""ops"": [""+"", ""-"", ""*"", ""/"", ""sin"", ""cos"", ""exp"", ""log"", ""R""], ""succ_error_tol"": 1e-06}","{""K"": 500, ""c"": 6.0, ""exploration_rate"": 0.1, ""gamma"": 0.5, ""gp_rate"": 0.5, ""lm_iterations"": 10, ""max_constants"": 999, ""max_depth"": 6, ""max_evals"": 2000000, ""max_unary"": 999, ""mutation_rate"": 0.1, ""ops"": [""+"", ""-"", ""*"", ""/"", ""sin"", ""cos"", ""exp"", ""log"", ""R""], ""succ_error_tol"": 1e-06}",0.5
imcts,Jin,4,Jin-4,expression,53,1899,200,100,100,2,"[""x0"", ""x1""]",1.5*exp(x[0]) + 5.0*cos(x[1]),0.9999998807907104,True,1.0,1.0,9.0,12582,0.8157464389805682,0.0,0,cos(x1) * (3.44071349235 - sin(x0) + 1.55928655352 + sin(x0)) - (1.42186431349e-09 + exp(x0)) * -0.55181916442 * (2.71828182846 + x0 - x0),cos(x1) * (3.44071349235 - sin(x0) + 1.55928655352 + sin(x0)) - (1.42186431349e-09 + exp(x0)) * -0.55181916442 * (2.71828182846 + x0 - x0),1.5*exp(x0) + 5.0*cos(x1),"[3.4407134923460196, 4.755427291602897, 1.4218643134874835e-09, 0.5759011978018197, 1.0]","{""K"": 500, ""c"": 6.0, ""exploration_rate"": 0.1, ""gamma"": 0.5, ""gp_rate"": 0.5, ""lm_iterations"": 10, ""max_constants"": 999, ""max_depth"": 6, ""max_evals"": 2000000, ""max_unary"": 999, ""mutation_rate"": 0.1, ""ops"": [""+"", ""-"", ""*"", ""/"", ""sin"", ""cos"", ""exp"", ""log"", ""R""], ""succ_error_tol"": 1e-06}","{""K"": 500, ""c"": 6.0, ""exploration_rate"": 0.1, ""gamma"": 0.5, ""gp_rate"": 0.5, ""lm_iterations"": 10, ""max_constants"": 999, ""max_depth"": 6, ""max_evals"": 2000000, ""max_unary"": 999, ""mutation_rate"": 0.1, ""ops"": [""+"", ""-"", ""*"", ""/"", ""sin"", ""cos"", ""exp"", ""log"", ""R""], ""succ_error_tol"": 1e-06}",0.5
imcts,Jin,4,Jin-4,expression,54,24118,200,100,100,2,"[""x0"", ""x1""]",1.5*exp(x[0]) + 5.0*cos(x[1]),0.9999999403953552,True,0.9999999999999998,0.9999999999999998,9.0,16915,0.98754237301182,0.0,0,exp(0.405465119684 + x0) + cos(x1) * 5.00000004146,exp(0.405465119684 + x0) + cos(x1) * 5.00000004146,1.5*exp(x0) + 5.0*cos(x1),"[0.40546511968381155, 5.000000041457344]","{""K"": 500, ""c"": 6.0, ""exploration_rate"": 0.1, ""gamma"": 0.5, ""gp_rate"": 0.5, ""lm_iterations"": 10, ""max_constants"": 999, ""max_depth"": 6, ""max_evals"": 2000000, ""max_unary"": 999, ""mutation_rate"": 0.1, ""ops"": [""+"", ""-"", ""*"", ""/"", ""sin"", ""cos"", ""exp"", ""log"", ""R""], ""succ_error_tol"": 1e-06}","{""K"": 500, ""c"": 6.0, ""exploration_rate"": 0.1, ""gamma"": 0.5, ""gp_rate"": 0.5, ""lm_iterations"": 10, ""max_constants"": 999, ""max_depth"": 6, ""max_evals"": 2000000, ""max_unary"": 999, ""mutation_rate"": 0.1, ""ops"": [""+"", ""-"", ""*"", ""/"", ""sin"", ""cos"", ""exp"", ""log"", ""R""], ""succ_error_tol"": 1e-06}",0.5
imcts,Jin,4,Jin-4,expression,55,1267,200,100,100,2,"[""x0"", ""x1""]",1.5*exp(x[0]) + 5.0*cos(x[1]),0.9999998807907104,True,0.9999999999999999,0.9999999999999999,9.0,12030,0.7039242979953997,0.0,0,5.00000001278 * (1.38603191114e-09 + cos(x1)) + exp(x0 + 0.405465115246),5.00000001278 * (1.38603191114e-09 + cos(x1)) + exp(x0 + 0.405465115246),1.5*exp(x0) + 5.0*cos(x1),"[5.000000012779745, 1.3860319111391096e-09, 0.40546511524645035]","{""K"": 500, ""c"": 6.0, ""exploration_rate"": 0.1, ""gamma"": 0.5, ""gp_rate"": 0.5, ""lm_iterations"": 10, ""max_constants"": 999, ""max_depth"": 6, ""max_evals"": 2000000, ""max_unary"": 999, ""mutation_rate"": 0.1, ""ops"": [""+"", ""-"", ""*"", ""/"", ""sin"", ""cos"", ""exp"", ""log"", ""R""], ""succ_error_tol"": 1e-06}","{""K"": 500, ""c"": 6.0, ""exploration_rate"": 0.1, ""gamma"": 0.5, ""gp_rate"": 0.5, ""lm_iterations"": 10, ""max_constants"": 999, ""max_depth"": 6, ""max_evals"": 2000000, ""max_unary"": 999, ""mutation_rate"": 0.1, ""ops"": [""+"", ""-"", ""*"", ""/"", ""sin"", ""cos"", ""exp"", ""log"", ""R""], ""succ_error_tol"": 1e-06}",0.5
imcts,Jin,4,Jin-4,expression,56,31551,200,100,100,2,"[""x0"", ""x1""]",1.5*exp(x[0]) + 5.0*cos(x[1]),0.9999999403953552,True,0.9999999999999999,0.9999999999999999,9.0,11350,0.6868294649757445,0.0,0,exp(x0) * 1.50000001298 - cos(x1) * -5.00000002056,exp(x0) * 1.50000001298 - cos(x1) * -5.00000002056,1.5*exp(x0) + 5.0*cos(x1),"[1.5000000129820874, 1.0, -5.000000020558581]","{""K"": 500, ""c"": 6.0, ""exploration_rate"": 0.1, ""gamma"": 0.5, ""gp_rate"": 0.5, ""lm_iterations"": 10, ""max_constants"": 999, ""max_depth"": 6, ""max_evals"": 2000000, ""max_unary"": 999, ""mutation_rate"": 0.1, ""ops"": [""+"", ""-"", ""*"", ""/"", ""sin"", ""cos"", ""exp"", ""log"", ""R""], ""succ_error_tol"": 1e-06}","{""K"": 500, ""c"": 6.0, ""exploration_rate"": 0.1, ""gamma"": 0.5, ""gp_rate"": 0.5, ""lm_iterations"": 10, ""max_constants"": 999, ""max_depth"": 6, ""max_evals"": 2000000, ""max_unary"": 999, ""mutation_rate"": 0.1, ""ops"": [""+"", ""-"", ""*"", ""/"", ""sin"", ""cos"", ""exp"", ""log"", ""R""], ""succ_error_tol"": 1e-06}",0.5
imcts,Jin,4,Jin-4,expression,57,17912,200,100,100,2,"[""x0"", ""x1""]",1.5*exp(x[0]) + 5.0*cos(x[1]),0.9999999403953552,True,0.9999999999999998,0.9999999999999997,9.0,14875,0.9208599429694004,0.0,0,cos(x1) * 5.00000012586 + exp(x0) * 1.49999998479,cos(x1) * 5.00000012586 + exp(x0) * 1.49999998479,1.5*exp(x0) + 5.0*cos(x1),"[5.000000125858106, 1.4999999847876793]","{""K"": 500, ""c"": 6.0, ""exploration_rate"": 0.1, ""gamma"": 0.5, ""gp_rate"": 0.5, ""lm_iterations"": 10, ""max_constants"": 999, ""max_depth"": 6, ""max_evals"": 2000000, ""max_unary"": 999, ""mutation_rate"": 0.1, ""ops"": [""+"", ""-"", ""*"", ""/"", ""sin"", ""cos"", ""exp"", ""log"", ""R""], ""succ_error_tol"": 1e-06}","{""K"": 500, ""c"": 6.0, ""exploration_rate"": 0.1, ""gamma"": 0.5, ""gp_rate"": 0.5, ""lm_iterations"": 10, ""max_constants"": 999, ""max_depth"": 6, ""max_evals"": 2000000, ""max_unary"": 999, ""mutation_rate"": 0.1, ""ops"": [""+"", ""-"", ""*"", ""/"", ""sin"", ""cos"", ""exp"", ""log"", ""R""], ""succ_error_tol"": 1e-06}",0.5
imcts,Jin,4,Jin-4,expression,58,11394,200,100,100,2,"[""x0"", ""x1""]",1.5*exp(x[0]) + 5.0*cos(x[1]),0.9999999403953552,True,0.9999999999999994,0.9999999999999993,9.0,20356,1.2339711669483222,0.0,0,(x0 + 0.999717604197 - x0) * (exp(x0) - cos(x1) * -3.33333331543) / 0.666478388984,(x0 + 0.999717604197 - x0) * (exp(x0) - cos(x1) * -3.33333331543) / 0.666478388984,1.5*exp(x0) + 5.0*cos(x1),"[1.5470304228616234, -3.3333333154311244, 0.666478388984131]","{""K"": 500, ""c"": 6.0, ""exploration_rate"": 0.1, ""gamma"": 0.5, ""gp_rate"": 0.5, ""lm_iterations"": 10, ""max_constants"": 999, ""max_depth"": 6, ""max_evals"": 2000000, ""max_unary"": 999, ""mutation_rate"": 0.1, ""ops"": [""+"", ""-"", ""*"", ""/"", ""sin"", ""cos"", ""exp"", ""log"", ""R""], ""succ_error_tol"": 1e-06}","{""K"": 500, ""c"": 6.0, ""exploration_rate"": 0.1, ""gamma"": 0.5, ""gp_rate"": 0.5, ""lm_iterations"": 10, ""max_constants"": 999, ""max_depth"": 6, ""max_evals"": 2000000, ""max_unary"": 999, ""mutation_rate"": 0.1, ""ops"": [""+"", ""-"", ""*"", ""/"", ""sin"", ""cos"", ""exp"", ""log"", ""R""], ""succ_error_tol"": 1e-06}",0.5
imcts,Jin,4,Jin-4,expression,59,3556,200,100,100,2,"[""x0"", ""x1""]",1.5*exp(x[0]) + 5.0*cos(x[1]),0.9999998807907104,True,0.9999999999999992,0.9999999999999988,11.0,21945,1.4431507720146328,0.0,0,x0 * -9.12389133654e-11 / cos(x0) - (sin(1.57079633166 - x1) + exp(-1.20397280711 + x0)) * (x1 / 1.82295425659 * 1.11695216121e-07 - 5.00000009827),x0 * -9.12389133654e-11 / cos(x0) - (sin(1.57079633166 - x1) + exp(-1.20397280711 + x0)) * (x1 / 1.82295425659 * 1.11695216121e-07 - 5.00000009827),1.4999999958239*exp(x0) - 5.0*sin(x1 - 1.57),"[-9.123891336537888e-11, 1.5707963316581124, -1.203972807110253, 1.8229542565859913, 1.965745302726809, 5.6820797671922274e-08, 5.00000009827364]","{""K"": 500, ""c"": 6.0, ""exploration_rate"": 0.1, ""gamma"": 0.5, ""gp_rate"": 0.5, ""lm_iterations"": 10, ""max_constants"": 999, ""max_depth"": 6, ""max_evals"": 2000000, ""max_unary"": 999, ""mutation_rate"": 0.1, ""ops"": [""+"", ""-"", ""*"", ""/"", ""sin"", ""cos"", ""exp"", ""log"", ""R""], ""succ_error_tol"": 1e-06}","{""K"": 500, ""c"": 6.0, ""exploration_rate"": 0.1, ""gamma"": 0.5, ""gp_rate"": 0.5, ""lm_iterations"": 10, ""max_constants"": 999, ""max_depth"": 6, ""max_evals"": 2000000, ""max_unary"": 999, ""mutation_rate"": 0.1, ""ops"": [""+"", ""-"", ""*"", ""/"", ""sin"", ""cos"", ""exp"", ""log"", ""R""], ""succ_error_tol"": 1e-06}",0.5
imcts,Jin,4,Jin-4,expression,60,3890,200,100,100,2,"[""x0"", ""x1""]",1.5*exp(x[0]) + 5.0*cos(x[1]),0.9999999403953552,True,1.0,1.0,15.0,17859,1.1185162350302562,0.0,0,(exp(0.99999999979 * x0) + cos(x1) / 2.71828182846) * 13.5914091967 + -12.0914091865 * exp(x0),(exp(0.99999999979 * x0) + cos(x1) / 2.71828182846) * 13.5914091967 + -12.0914091865 * exp(x0),13.6*exp(1.0*x0) - 12.1*exp(x0) + 5.0*cos(x1),"[0.9999999997898797, 1.000000000000001, 13.591409196735716, -12.091409186536675]","{""K"": 500, ""c"": 6.0, ""exploration_rate"": 0.1, ""gamma"": 0.5, ""gp_rate"": 0.5, ""lm_iterations"": 10, ""max_constants"": 999, ""max_depth"": 6, ""max_evals"": 2000000, ""max_unary"": 999, ""mutation_rate"": 0.1, ""ops"": [""+"", ""-"", ""*"", ""/"", ""sin"", ""cos"", ""exp"", ""log"", ""R""], ""succ_error_tol"": 1e-06}","{""K"": 500, ""c"": 6.0, ""exploration_rate"": 0.1, ""gamma"": 0.5, ""gp_rate"": 0.5, ""lm_iterations"": 10, ""max_constants"": 999, ""max_depth"": 6, ""max_evals"": 2000000, ""max_unary"": 999, ""mutation_rate"": 0.1, ""ops"": [""+"", ""-"", ""*"", ""/"", ""sin"", ""cos"", ""exp"", ""log"", ""R""], ""succ_error_tol"": 1e-06}",0.5
imcts,Jin,4,Jin-4,expression,61,8838,200,100,100,2,"[""x0"", ""x1""]",1.5*exp(x[0]) + 5.0*cos(x[1]),0.9999999403953552,True,0.9999999999999996,0.9999999999999997,11.0,6448,0.3798471560003236,0.0,0,1.46568076449 * (3.41138394725 * sin(x1 + 1.57079635077) + exp(x0) / 0.977120516638),1.46568076449 * (3.41138394725 * sin(x1 + 1.57079635077) + exp(x0) / 0.977120516638),1.5*exp(x0) + 5.0*sin(x1 + 1.57),"[1.4656807644948755, 3.4113839472536154, 1.5707963507735851, 0.9771205166377395]","{""K"": 500, ""c"": 6.0, ""exploration_rate"": 0.1, ""gamma"": 0.5, ""gp_rate"": 0.5, ""lm_iterations"": 10, ""max_constants"": 999, ""max_depth"": 6, ""max_evals"": 2000000, ""max_unary"": 999, ""mutation_rate"": 0.1, ""ops"": [""+"", ""-"", ""*"", ""/"", ""sin"", ""cos"", ""exp"", ""log"", ""R""], ""succ_error_tol"": 1e-06}","{""K"": 500, ""c"": 6.0, ""exploration_rate"": 0.1, ""gamma"": 0.5, ""gp_rate"": 0.5, ""lm_iterations"": 10, ""max_constants"": 999, ""max_depth"": 6, ""max_evals"": 2000000, ""max_unary"": 999, ""mutation_rate"": 0.1, ""ops"": [""+"", ""-"", ""*"", ""/"", ""sin"", ""cos"", ""exp"", ""log"", ""R""], ""succ_error_tol"": 1e-06}",0.5
imcts,Jin,4,Jin-4,expression,62,30740,200,100,100,2,"[""x0"", ""x1""]",1.5*exp(x[0]) + 5.0*cos(x[1]),0.9999999403953552,True,1.0,1.0,10.0,12945,0.7767439080053009,0.0,0,exp(0.405465107315 + x0) - (0.540302300564 - cos(x1) - 0.540302305868) * (-2.29374210565e-08 * x1 - -5.00000005055),exp(0.405465107315 + x0) - (0.540302300564 - cos(x1) - 0.540302305868) * (-2.29374210565e-08 * x1 - -5.00000005055),1.5*exp(x0) + 5.0*cos(x1) + 2.65200000848509e-8,"[-0.9027204576749225, 0.5403023005641934, 1.0, -2.2937421056515108e-08, -5.0000000505477855]","{""K"": 500, ""c"": 6.0, ""exploration_rate"": 0.1, ""gamma"": 0.5, ""gp_rate"": 0.5, ""lm_iterations"": 10, ""max_constants"": 999, ""max_depth"": 6, ""max_evals"": 2000000, ""max_unary"": 999, ""mutation_rate"": 0.1, ""ops"": [""+"", ""-"", ""*"", ""/"", ""sin"", ""cos"", ""exp"", ""log"", ""R""], ""succ_error_tol"": 1e-06}","{""K"": 500, ""c"": 6.0, ""exploration_rate"": 0.1, ""gamma"": 0.5, ""gp_rate"": 0.5, ""lm_iterations"": 10, ""max_constants"": 999, ""max_depth"": 6, ""max_evals"": 2000000, ""max_unary"": 999, ""mutation_rate"": 0.1, ""ops"": [""+"", ""-"", ""*"", ""/"", ""sin"", ""cos"", ""exp"", ""log"", ""R""], ""succ_error_tol"": 1e-06}",0.5
imcts,Jin,4,Jin-4,expression,63,27464,200,100,100,2,"[""x0"", ""x1""]",1.5*exp(x[0]) + 5.0*cos(x[1]),0.9999999403953552,True,0.9999999999999998,0.9999999999999998,11.0,18258,1.1286696810275316,0.0,0,cos(x1 / 0.999999989013 - -1.28949370811e-09) / 0.200000004147 + exp(x0 - -0.405465102926),cos(x1 / 0.999999989013 - -1.28949370811e-09) / 0.200000004147 + exp(x0 - -0.405465102926),1.5*exp(x0) + 5.0*cos(1.0*x1),"[0.9999999890133118, -1.2894937081112404e-09, 1.1339919944096521, 1.4035652566881138, -0.40546510292642785]","{""K"": 500, ""c"": 6.0, ""exploration_rate"": 0.1, ""gamma"": 0.5, ""gp_rate"": 0.5, ""lm_iterations"": 10, ""max_constants"": 999, ""max_depth"": 6, ""max_evals"": 2000000, ""max_unary"": 999, ""mutation_rate"": 0.1, ""ops"": [""+"", ""-"", ""*"", ""/"", ""sin"", ""cos"", ""exp"", ""log"", ""R""], ""succ_error_tol"": 1e-06}","{""K"": 500, ""c"": 6.0, ""exploration_rate"": 0.1, ""gamma"": 0.5, ""gp_rate"": 0.5, ""lm_iterations"": 10, ""max_constants"": 999, ""max_depth"": 6, ""max_evals"": 2000000, ""max_unary"": 999, ""mutation_rate"": 0.1, ""ops"": [""+"", ""-"", ""*"", ""/"", ""sin"", ""cos"", ""exp"", ""log"", ""R""], ""succ_error_tol"": 1e-06}",0.5
imcts,Jin,4,Jin-4,expression,64,14502,200,100,100,2,"[""x0"", ""x1""]",1.5*exp(x[0]) + 5.0*cos(x[1]),0.9999999403953552,True,0.9999999999999998,0.9999999999999998,11.0,13027,0.7708601740305312,0.0,0,(x0 * 4.99999986821 * cos(x1 * 0.999999996732) + exp(x0) * x0 * 1.4999999898) / x0,(x0 * 4.99999986821 * cos(x1 * 0.999999996732) + exp(x0) * x0 * 1.4999999898) / x0,1.5*exp(x0) + 5.0*cos(1.0*x1),"[4.999999868212272, 0.9999999967315042, 1.4999999898037188]","{""K"": 500, ""c"": 6.0, ""exploration_rate"": 0.1, ""gamma"": 0.5, ""gp_rate"": 0.5, ""lm_iterations"": 10, ""max_constants"": 999, ""max_depth"": 6, ""max_evals"": 2000000, ""max_unary"": 999, ""mutation_rate"": 0.1, ""ops"": [""+"", ""-"", ""*"", ""/"", ""sin"", ""cos"", ""exp"", ""log"", ""R""], ""succ_error_tol"": 1e-06}","{""K"": 500, ""c"": 6.0, ""exploration_rate"": 0.1, ""gamma"": 0.5, ""gp_rate"": 0.5, ""lm_iterations"": 10, ""max_constants"": 999, ""max_depth"": 6, ""max_evals"": 2000000, ""max_unary"": 999, ""mutation_rate"": 0.1, ""ops"": [""+"", ""-"", ""*"", ""/"", ""sin"", ""cos"", ""exp"", ""log"", ""R""], ""succ_error_tol"": 1e-06}",0.5
imcts,Jin,4,Jin-4,expression,65,21777,200,100,100,2,"[""x0"", ""x1""]",1.5*exp(x[0]) + 5.0*cos(x[1]),0.9999999403953552,True,0.9999999999999993,0.999999999999999,9.0,18723,1.2734204970183782,0.0,0,5.00000002565 * exp(x1 * 9.92838530676e-09) * cos(-2.08027276053e-08 - x1) + exp(x0 + 0.405465129268),5.00000002565 * exp(x1 * 9.92838530676e-09) * cos(-2.08027276053e-08 - x1) + exp(x0 + 0.405465129268),1.5*exp(x0) + 5.0*cos(x1),"[1.0, 1.0, 0.19999999897396817, 9.92838530675794e-09, -2.080272760531689e-08, 0.4054651292677623]","{""K"": 500, ""c"": 6.0, ""exploration_rate"": 0.1, ""gamma"": 0.5, ""gp_rate"": 0.5, ""lm_iterations"": 10, ""max_constants"": 999, ""max_depth"": 6, ""max_evals"": 2000000, ""max_unary"": 999, ""mutation_rate"": 0.1, ""ops"": [""+"", ""-"", ""*"", ""/"", ""sin"", ""cos"", ""exp"", ""log"", ""R""], ""succ_error_tol"": 1e-06}","{""K"": 500, ""c"": 6.0, ""exploration_rate"": 0.1, ""gamma"": 0.5, ""gp_rate"": 0.5, ""lm_iterations"": 10, ""max_constants"": 999, ""max_depth"": 6, ""max_evals"": 2000000, ""max_unary"": 999, ""mutation_rate"": 0.1, ""ops"": [""+"", ""-"", ""*"", ""/"", ""sin"", ""cos"", ""exp"", ""log"", ""R""], ""succ_error_tol"": 1e-06}",0.5
imcts,Jin,4,Jin-4,expression,66,10627,200,100,100,2,"[""x0"", ""x1""]",1.5*exp(x[0]) + 5.0*cos(x[1]),0.9999999403953552,True,0.9999999999999996,0.9999999999999997,18.0,17351,1.1321044379728846,0.0,0,4.99999990307 * cos(x1) - 2.88030578251e-08 - (-1.00473550914 - x1) * exp(x0) / ((x1 + 1.00473551735) / 1.5000000078),4.99999990307 * cos(x1) - 2.88030578251e-08 - (-1.00473550914 - x1) * exp(x0) / ((x1 + 1.00473551735) / 1.5000000078),5.0*cos(x1) + (x1 + 1.0)*exp(x0)/(0.667*x1 + 0.67),"[4.999999903065968, 2.8803057825112292e-08, -1.0047355091396308, 1.0047355173543617, 1.5000000078018048]","{""K"": 500, ""c"": 6.0, ""exploration_rate"": 0.1, ""gamma"": 0.5, ""gp_rate"": 0.5, ""lm_iterations"": 10, ""max_constants"": 999, ""max_depth"": 6, ""max_evals"": 2000000, ""max_unary"": 999, ""mutation_rate"": 0.1, ""ops"": [""+"", ""-"", ""*"", ""/"", ""sin"", ""cos"", ""exp"", ""log"", ""R""], ""succ_error_tol"": 1e-06}","{""K"": 500, ""c"": 6.0, ""exploration_rate"": 0.1, ""gamma"": 0.5, ""gp_rate"": 0.5, ""lm_iterations"": 10, ""max_constants"": 999, ""max_depth"": 6, ""max_evals"": 2000000, ""max_unary"": 999, ""mutation_rate"": 0.1, ""ops"": [""+"", ""-"", ""*"", ""/"", ""sin"", ""cos"", ""exp"", ""log"", ""R""], ""succ_error_tol"": 1e-06}",0.5
imcts,Jin,4,Jin-4,expression,67,8792,200,100,100,2,"[""x0"", ""x1""]",1.5*exp(x[0]) + 5.0*cos(x[1]),0.9999999403953552,True,0.9999999999999971,0.9999999999999969,9.0,16252,0.987232240033336,0.0,0,(exp(x0) + exp(x0)) * 0.749999960836 - (-7.35034882959e-08 - 5.0000000328 * cos(x1)),(exp(x0) + exp(x0)) * 0.749999960836 - (-7.35034882959e-08 - 5.0000000328 * cos(x1)),1.5*exp(x0) + 5.0*cos(x1),"[0.7499999608363621, 1.0, 0.5403023793716281, 5.000000032801096]","{""K"": 500, ""c"": 6.0, ""exploration_rate"": 0.1, ""gamma"": 0.5, ""gp_rate"": 0.5, ""lm_iterations"": 10, ""max_constants"": 999, ""max_depth"": 6, ""max_evals"": 2000000, ""max_unary"": 999, ""mutation_rate"": 0.1, ""ops"": [""+"", ""-"", ""*"", ""/"", ""sin"", ""cos"", ""exp"", ""log"", ""R""], ""succ_error_tol"": 1e-06}","{""K"": 500, ""c"": 6.0, ""exploration_rate"": 0.1, ""gamma"": 0.5, ""gp_rate"": 0.5, ""lm_iterations"": 10, ""max_constants"": 999, ""max_depth"": 6, ""max_evals"": 2000000, ""max_unary"": 999, ""mutation_rate"": 0.1, ""ops"": [""+"", ""-"", ""*"", ""/"", ""sin"", ""cos"", ""exp"", ""log"", ""R""], ""succ_error_tol"": 1e-06}",0.5
imcts,Jin,4,Jin-4,expression,68,10555,200,100,100,2,"[""x0"", ""x1""]",1.5*exp(x[0]) + 5.0*cos(x[1]),0.9999999403953552,True,1.0,1.0,9.0,19703,1.267084419960156,0.0,0,(exp(x0) + cos(x1) / 0.29999999844) / 0.666666666762,(exp(x0) + cos(x1) / 0.29999999844) / 0.666666666762,1.5*exp(x0) + 5.0*cos(x1),"[0.29999999844020336, 0.6666666667623611]","{""K"": 500, ""c"": 6.0, ""exploration_rate"": 0.1, ""gamma"": 0.5, ""gp_rate"": 0.5, ""lm_iterations"": 10, ""max_constants"": 999, ""max_depth"": 6, ""max_evals"": 2000000, ""max_unary"": 999, ""mutation_rate"": 0.1, ""ops"": [""+"", ""-"", ""*"", ""/"", ""sin"", ""cos"", ""exp"", ""log"", ""R""], ""succ_error_tol"": 1e-06}","{""K"": 500, ""c"": 6.0, ""exploration_rate"": 0.1, ""gamma"": 0.5, ""gp_rate"": 0.5, ""lm_iterations"": 10, ""max_constants"": 999, ""max_depth"": 6, ""max_evals"": 2000000, ""max_unary"": 999, ""mutation_rate"": 0.1, ""ops"": [""+"", ""-"", ""*"", ""/"", ""sin"", ""cos"", ""exp"", ""log"", ""R""], ""succ_error_tol"": 1e-06}",0.5
imcts,Jin,4,Jin-4,expression,69,10253,200,100,100,2,"[""x0"", ""x1""]",1.5*exp(x[0]) + 5.0*cos(x[1]),0.9999999403953552,True,0.9999999999999987,0.9999999999999984,9.0,10561,0.5970368239795789,0.0,0,cos(x1) * 4.99999981685 - -1.49999995553 * exp(x0),cos(x1) * 4.99999981685 - -1.49999995553 * exp(x0),1.5*exp(x0) + 5.0*cos(x1),"[4.999999816854929, -1.499999955526862]","{""K"": 500, ""c"": 6.0, ""exploration_rate"": 0.1, ""gamma"": 0.5, ""gp_rate"": 0.5, ""lm_iterations"": 10, ""max_constants"": 999, ""max_depth"": 6, ""max_evals"": 2000000, ""max_unary"": 999, ""mutation_rate"": 0.1, ""ops"": [""+"", ""-"", ""*"", ""/"", ""sin"", ""cos"", ""exp"", ""log"", ""R""], ""succ_error_tol"": 1e-06}","{""K"": 500, ""c"": 6.0, ""exploration_rate"": 0.1, ""gamma"": 0.5, ""gp_rate"": 0.5, ""lm_iterations"": 10, ""max_constants"": 999, ""max_depth"": 6, ""max_evals"": 2000000, ""max_unary"": 999, ""mutation_rate"": 0.1, ""ops"": [""+"", ""-"", ""*"", ""/"", ""sin"", ""cos"", ""exp"", ""log"", ""R""], ""succ_error_tol"": 1e-06}",0.5
imcts,Jin,4,Jin-4,expression,70,8433,200,100,100,2,"[""x0"", ""x1""]",1.5*exp(x[0]) + 5.0*cos(x[1]),0.9999998807907104,True,0.9999999999999999,0.9999999999999999,13.0,17160,1.1252124879974872,0.0,0,exp(1.00000002196 * x0) - (exp(x0) * -0.0999999886238 - cos(x1)) / 0.19999999817,exp(1.00000002196 * x0) - (exp(x0) * -0.0999999886238 - cos(x1)) / 0.19999999817,exp(1.0*x0) + 0.5*exp(x0) + 5.0*cos(x1),"[1.00000002196357, -0.09999998862377005, 0.19999999816998015]","{""K"": 500, ""c"": 6.0, ""exploration_rate"": 0.1, ""gamma"": 0.5, ""gp_rate"": 0.5, ""lm_iterations"": 10, ""max_constants"": 999, ""max_depth"": 6, ""max_evals"": 2000000, ""max_unary"": 999, ""mutation_rate"": 0.1, ""ops"": [""+"", ""-"", ""*"", ""/"", ""sin"", ""cos"", ""exp"", ""log"", ""R""], ""succ_error_tol"": 1e-06}","{""K"": 500, ""c"": 6.0, ""exploration_rate"": 0.1, ""gamma"": 0.5, ""gp_rate"": 0.5, ""lm_iterations"": 10, ""max_constants"": 999, ""max_depth"": 6, ""max_evals"": 2000000, ""max_unary"": 999, ""mutation_rate"": 0.1, ""ops"": [""+"", ""-"", ""*"", ""/"", ""sin"", ""cos"", ""exp"", ""log"", ""R""], ""succ_error_tol"": 1e-06}",0.5
imcts,Jin,4,Jin-4,expression,71,10233,200,100,100,2,"[""x0"", ""x1""]",1.5*exp(x[0]) + 5.0*cos(x[1]),0.9999998807907104,True,0.9999999999999997,0.9999999999999998,11.0,13358,0.7776376830297522,0.0,0,5.00000009135 * cos(x1) + exp(x0 * 1.00000001016) * 1.49999994436 * x0 / x0,5.00000009135 * cos(x1) + exp(x0 * 1.00000001016) * 1.49999994436 * x0 / x0,1.5*exp(1.0*x0) + 5.0*cos(x1),"[1.6094379307050644, 1.000000010163647, 1.4999999443603862]","{""K"": 500, ""c"": 6.0, ""exploration_rate"": 0.1, ""gamma"": 0.5, ""gp_rate"": 0.5, ""lm_iterations"": 10, ""max_constants"": 999, ""max_depth"": 6, ""max_evals"": 2000000, ""max_unary"": 999, ""mutation_rate"": 0.1, ""ops"": [""+"", ""-"", ""*"", ""/"", ""sin"", ""cos"", ""exp"", ""log"", ""R""], ""succ_error_tol"": 1e-06}","{""K"": 500, ""c"": 6.0, ""exploration_rate"": 0.1, ""gamma"": 0.5, ""gp_rate"": 0.5, ""lm_iterations"": 10, ""max_constants"": 999, ""max_depth"": 6, ""max_evals"": 2000000, ""max_unary"": 999, ""mutation_rate"": 0.1, ""ops"": [""+"", ""-"", ""*"", ""/"", ""sin"", ""cos"", ""exp"", ""log"", ""R""], ""succ_error_tol"": 1e-06}",0.5
imcts,Jin,4,Jin-4,expression,72,11016,200,100,100,2,"[""x0"", ""x1""]",1.5*exp(x[0]) + 5.0*cos(x[1]),0.9999999403953552,True,0.9999999999999998,0.9999999999999999,9.0,11920,0.6655851210234687,0.0,0,cos(x1 - -3.02581726528e-09) / (0.53038239819 / (x1 / x1)) * 2.65191194541 - exp(x0) * -1.49999998532,cos(x1 - -3.02581726528e-09) / (0.53038239819 / (x1 / x1)) * 2.65191194541 - exp(x0) * -1.49999998532,1.5*exp(x0) + 5.0*cos(x1),"[-3.0258172652778784e-09, 0.5590515714385274, 1.3392550463138995, 1.3392550463138995, -1.499999985322035]","{""K"": 500, ""c"": 6.0, ""exploration_rate"": 0.1, ""gamma"": 0.5, ""gp_rate"": 0.5, ""lm_iterations"": 10, ""max_constants"": 999, ""max_depth"": 6, ""max_evals"": 2000000, ""max_unary"": 999, ""mutation_rate"": 0.1, ""ops"": [""+"", ""-"", ""*"", ""/"", ""sin"", ""cos"", ""exp"", ""log"", ""R""], ""succ_error_tol"": 1e-06}","{""K"": 500, ""c"": 6.0, ""exploration_rate"": 0.1, ""gamma"": 0.5, ""gp_rate"": 0.5, ""lm_iterations"": 10, ""max_constants"": 999, ""max_depth"": 6, ""max_evals"": 2000000, ""max_unary"": 999, ""mutation_rate"": 0.1, ""ops"": [""+"", ""-"", ""*"", ""/"", ""sin"", ""cos"", ""exp"", ""log"", ""R""], ""succ_error_tol"": 1e-06}",0.5
imcts,Jin,4,Jin-4,expression,73,23897,200,100,100,2,"[""x0"", ""x1""]",1.5*exp(x[0]) + 5.0*cos(x[1]),0.9999999403953552,True,0.9999999999999998,0.9999999999999998,9.0,19026,1.194264569960069,0.0,0,exp(x0) * 0.500000014933 + exp(x0) - cos(x1) / -0.199999994366,exp(x0) * 0.500000014933 + exp(x0) - cos(x1) / -0.199999994366,1.5*exp(x0) + 5.0*cos(x1),"[-0.6931471506935937, 1.000000000000001, -4.207355042558498]","{""K"": 500, ""c"": 6.0, ""exploration_rate"": 0.1, ""gamma"": 0.5, ""gp_rate"": 0.5, ""lm_iterations"": 10, ""max_constants"": 999, ""max_depth"": 6, ""max_evals"": 2000000, ""max_unary"": 999, ""mutation_rate"": 0.1, ""ops"": [""+"", ""-"", ""*"", ""/"", ""sin"", ""cos"", ""exp"", ""log"", ""R""], ""succ_error_tol"": 1e-06}","{""K"": 500, ""c"": 6.0, ""exploration_rate"": 0.1, ""gamma"": 0.5, ""gp_rate"": 0.5, ""lm_iterations"": 10, ""max_constants"": 999, ""max_depth"": 6, ""max_evals"": 2000000, ""max_unary"": 999, ""mutation_rate"": 0.1, ""ops"": [""+"", ""-"", ""*"", ""/"", ""sin"", ""cos"", ""exp"", ""log"", ""R""], ""succ_error_tol"": 1e-06}",0.5
imcts,Jin,4,Jin-4,expression,74,2612,200,100,100,2,"[""x0"", ""x1""]",1.5*exp(x[0]) + 5.0*cos(x[1]),0.9999999403953552,True,0.9999999999999989,0.999999999999999,9.0,10585,0.612535561027471,0.0,0,cos(x1) + -4.00000000364 * (1.0982755433e-08 - cos(x1)) + exp(x0) * 1.5000000509,cos(x1) + -4.00000000364 * (1.0982755433e-08 - cos(x1)) + exp(x0) * 1.5000000509,1.5*exp(x0) + 5.0*cos(x1),"[-4.000000003635004, -1.5707963158121412, 1.5000000508957034]","{""K"": 500, ""c"": 6.0, ""exploration_rate"": 0.1, ""gamma"": 0.5, ""gp_rate"": 0.5, ""lm_iterations"": 10, ""max_constants"": 999, ""max_depth"": 6, ""max_evals"": 2000000, ""max_unary"": 999, ""mutation_rate"": 0.1, ""ops"": [""+"", ""-"", ""*"", ""/"", ""sin"", ""cos"", ""exp"", ""log"", ""R""], ""succ_error_tol"": 1e-06}","{""K"": 500, ""c"": 6.0, ""exploration_rate"": 0.1, ""gamma"": 0.5, ""gp_rate"": 0.5, ""lm_iterations"": 10, ""max_constants"": 999, ""max_depth"": 6, ""max_evals"": 2000000, ""max_unary"": 999, ""mutation_rate"": 0.1, ""ops"": [""+"", ""-"", ""*"", ""/"", ""sin"", ""cos"", ""exp"", ""log"", ""R""], ""succ_error_tol"": 1e-06}",0.5
imcts,Jin,4,Jin-4,expression,75,23425,200,100,100,2,"[""x0"", ""x1""]",1.5*exp(x[0]) + 5.0*cos(x[1]),0.9999998807907104,True,0.999999999999999,0.9999999999999988,11.0,20993,1.2480636609834619,0.0,0,5.00000009362 * (sin(1.57079632891 - x1) + exp(x0 - 1.20397285238)),5.00000009362 * (sin(1.57079632891 - x1) + exp(x0 - 1.20397285238)),1.5*exp(x0) - 5.0*sin(x1 - 1.57),"[5.000000093617894, 2.740360728051162, 0.5732078674266531, 1.203972852381202]","{""K"": 500, ""c"": 6.0, ""exploration_rate"": 0.1, ""gamma"": 0.5, ""gp_rate"": 0.5, ""lm_iterations"": 10, ""max_constants"": 999, ""max_depth"": 6, ""max_evals"": 2000000, ""max_unary"": 999, ""mutation_rate"": 0.1, ""ops"": [""+"", ""-"", ""*"", ""/"", ""sin"", ""cos"", ""exp"", ""log"", ""R""], ""succ_error_tol"": 1e-06}","{""K"": 500, ""c"": 6.0, ""exploration_rate"": 0.1, ""gamma"": 0.5, ""gp_rate"": 0.5, ""lm_iterations"": 10, ""max_constants"": 999, ""max_depth"": 6, ""max_evals"": 2000000, ""max_unary"": 999, ""mutation_rate"": 0.1, ""ops"": [""+"", ""-"", ""*"", ""/"", ""sin"", ""cos"", ""exp"", ""log"", ""R""], ""succ_error_tol"": 1e-06}",0.5
imcts,Jin,4,Jin-4,expression,76,25939,200,100,100,2,"[""x0"", ""x1""]",1.5*exp(x[0]) + 5.0*cos(x[1]),0.9999999403953552,True,0.9999999999999998,0.9999999999999997,9.0,17624,1.1592374129686505,0.0,0,cos(x1) * 5.00000011799 + (exp(x0) - 4.74107720442e-08) * 1.4999999912,cos(x1) * 5.00000011799 + (exp(x0) - 4.74107720442e-08) * 1.4999999912,1.5*exp(x0) + 5.0*cos(x1),"[148.41317661439683, 4.7410772044156006e-08, 1.4999999912015076]","{""K"": 500, ""c"": 6.0, ""exploration_rate"": 0.1, ""gamma"": 0.5, ""gp_rate"": 0.5, ""lm_iterations"": 10, ""max_constants"": 999, ""max_depth"": 6, ""max_evals"": 2000000, ""max_unary"": 999, ""mutation_rate"": 0.1, ""ops"": [""+"", ""-"", ""*"", ""/"", ""sin"", ""cos"", ""exp"", ""log"", ""R""], ""succ_error_tol"": 1e-06}","{""K"": 500, ""c"": 6.0, ""exploration_rate"": 0.1, ""gamma"": 0.5, ""gp_rate"": 0.5, ""lm_iterations"": 10, ""max_constants"": 999, ""max_depth"": 6, ""max_evals"": 2000000, ""max_unary"": 999, ""mutation_rate"": 0.1, ""ops"": [""+"", ""-"", ""*"", ""/"", ""sin"", ""cos"", ""exp"", ""log"", ""R""], ""succ_error_tol"": 1e-06}",0.5
imcts,Jin,4,Jin-4,expression,77,22619,200,100,100,2,"[""x0"", ""x1""]",1.5*exp(x[0]) + 5.0*cos(x[1]),0.9999999403953552,True,0.9999999999999999,0.9999999999999999,13.0,22731,1.3456803770386614,0.0,0,exp(0.405465117839 + x0) - sin(1.00000000045 * (-1.5707963264 - x1)) * 5.00000002206,exp(0.405465117839 + x0) - sin(1.00000000045 * (-1.5707963264 - x1)) * 5.00000002206,1.5*exp(x0) + 5.0*sin(1.0*x1 + 1.57),"[0.4054651178388423, 1.0000000004543914, -1.5707963264032583, 5.0000000220556835]","{""K"": 500, ""c"": 6.0, ""exploration_rate"": 0.1, ""gamma"": 0.5, ""gp_rate"": 0.5, ""lm_iterations"": 10, ""max_constants"": 999, ""max_depth"": 6, ""max_evals"": 2000000, ""max_unary"": 999, ""mutation_rate"": 0.1, ""ops"": [""+"", ""-"", ""*"", ""/"", ""sin"", ""cos"", ""exp"", ""log"", ""R""], ""succ_error_tol"": 1e-06}","{""K"": 500, ""c"": 6.0, ""exploration_rate"": 0.1, ""gamma"": 0.5, ""gp_rate"": 0.5, ""lm_iterations"": 10, ""max_constants"": 999, ""max_depth"": 6, ""max_evals"": 2000000, ""max_unary"": 999, ""mutation_rate"": 0.1, ""ops"": [""+"", ""-"", ""*"", ""/"", ""sin"", ""cos"", ""exp"", ""log"", ""R""], ""succ_error_tol"": 1e-06}",0.5
imcts,Jin,4,Jin-4,expression,78,21870,200,100,100,2,"[""x0"", ""x1""]",1.5*exp(x[0]) + 5.0*cos(x[1]),0.9999999403953552,True,0.9999999999999992,0.9999999999999991,13.0,17726,1.1584244759869762,0.0,0,exp(x0 * 0.999999961631) * 1.52500738898 * 0.983601868222 - -5.00000008469 * cos(6.283185293 + x1),exp(x0 * 0.999999961631) * 1.52500738898 * 0.983601868222 - -5.00000008469 * cos(6.283185293 + x1),1.5*exp(1.0*x0) + 5.0*cos(x1 + 6.28),"[0.999999961630516, 1.5250073889777926, 0.560839098156677, -3.4894691620838705, 0.6978938205955049, 6.283185292995305]","{""K"": 500, ""c"": 6.0, ""exploration_rate"": 0.1, ""gamma"": 0.5, ""gp_rate"": 0.5, ""lm_iterations"": 10, ""max_constants"": 999, ""max_depth"": 6, ""max_evals"": 2000000, ""max_unary"": 999, ""mutation_rate"": 0.1, ""ops"": [""+"", ""-"", ""*"", ""/"", ""sin"", ""cos"", ""exp"", ""log"", ""R""], ""succ_error_tol"": 1e-06}","{""K"": 500, ""c"": 6.0, ""exploration_rate"": 0.1, ""gamma"": 0.5, ""gp_rate"": 0.5, ""lm_iterations"": 10, ""max_constants"": 999, ""max_depth"": 6, ""max_evals"": 2000000, ""max_unary"": 999, ""mutation_rate"": 0.1, ""ops"": [""+"", ""-"", ""*"", ""/"", ""sin"", ""cos"", ""exp"", ""log"", ""R""], ""succ_error_tol"": 1e-06}",0.5
imcts,Jin,4,Jin-4,expression,79,23483,200,100,100,2,"[""x0"", ""x1""]",1.5*exp(x[0]) + 5.0*cos(x[1]),0.9999999403953552,True,0.9999999999999999,0.9999999999999996,9.0,21642,1.437833057017997,0.0,0,cos(x1) * (4.9999999066 - -1.47682018051e-09 / x1) + exp(0.405465101777 + x0),cos(x1) * (4.9999999066 - -1.47682018051e-09 / x1) + exp(0.405465101777 + x0),1.5*exp(x0) + 5.0*cos(x1),"[4.999999906599901, -1.4768201805054386e-09, 0.4054651017771555]","{""K"": 500, ""c"": 6.0, ""exploration_rate"": 0.1, ""gamma"": 0.5, ""gp_rate"": 0.5, ""lm_iterations"": 10, ""max_constants"": 999, ""max_depth"": 6, ""max_evals"": 2000000, ""max_unary"": 999, ""mutation_rate"": 0.1, ""ops"": [""+"", ""-"", ""*"", ""/"", ""sin"", ""cos"", ""exp"", ""log"", ""R""], ""succ_error_tol"": 1e-06}","{""K"": 500, ""c"": 6.0, ""exploration_rate"": 0.1, ""gamma"": 0.5, ""gp_rate"": 0.5, ""lm_iterations"": 10, ""max_constants"": 999, ""max_depth"": 6, ""max_evals"": 2000000, ""max_unary"": 999, ""mutation_rate"": 0.1, ""ops"": [""+"", ""-"", ""*"", ""/"", ""sin"", ""cos"", ""exp"", ""log"", ""R""], ""succ_error_tol"": 1e-06}",0.5
imcts,Jin,4,Jin-4,expression,80,26054,200,100,100,2,"[""x0"", ""x1""]",1.5*exp(x[0]) + 5.0*cos(x[1]),0.9999999403953552,True,0.9999999999999992,0.999999999999999,9.0,13882,0.9128728859941475,0.0,0,1.50000003459 * exp(x0) - cos(x1) * -4.99999983226,1.50000003459 * exp(x0) - cos(x1) * -4.99999983226,1.5*exp(x0) + 5.0*cos(x1),"[1.5000000345882103, -4.999999832264922]","{""K"": 500, ""c"": 6.0, ""exploration_rate"": 0.1, ""gamma"": 0.5, ""gp_rate"": 0.5, ""lm_iterations"": 10, ""max_constants"": 999, ""max_depth"": 6, ""max_evals"": 2000000, ""max_unary"": 999, ""mutation_rate"": 0.1, ""ops"": [""+"", ""-"", ""*"", ""/"", ""sin"", ""cos"", ""exp"", ""log"", ""R""], ""succ_error_tol"": 1e-06}","{""K"": 500, ""c"": 6.0, ""exploration_rate"": 0.1, ""gamma"": 0.5, ""gp_rate"": 0.5, ""lm_iterations"": 10, ""max_constants"": 999, ""max_depth"": 6, ""max_evals"": 2000000, ""max_unary"": 999, ""mutation_rate"": 0.1, ""ops"": [""+"", ""-"", ""*"", ""/"", ""sin"", ""cos"", ""exp"", ""log"", ""R""], ""succ_error_tol"": 1e-06}",0.5
imcts,Jin,4,Jin-4,expression,81,15787,200,100,100,2,"[""x0"", ""x1""]",1.5*exp(x[0]) + 5.0*cos(x[1]),0.9999998807907104,True,0.9999999999999997,0.9999999999999998,9.0,24431,1.6052558289957233,0.0,0,(x0 + 5.00000006637 - 0.99999991493 * x0) * cos(x1) - exp(x0) + 2.50000003861 + 2.500000009 * (exp(x0) - 1),(x0 + 5.00000006637 - 0.99999991493 * x0) * cos(x1) - exp(x0) + 2.50000003861 + 2.500000009 * (exp(x0) - 1),1.5*exp(x0) + 5.0*cos(x1),"[5.000000066369191, 0.9999999149301204, 2.500000038609394, 12.182494070243962, 1.0000000000000002]","{""K"": 500, ""c"": 6.0, ""exploration_rate"": 0.1, ""gamma"": 0.5, ""gp_rate"": 0.5, ""lm_iterations"": 10, ""max_constants"": 999, ""max_depth"": 6, ""max_evals"": 2000000, ""max_unary"": 999, ""mutation_rate"": 0.1, ""ops"": [""+"", ""-"", ""*"", ""/"", ""sin"", ""cos"", ""exp"", ""log"", ""R""], ""succ_error_tol"": 1e-06}","{""K"": 500, ""c"": 6.0, ""exploration_rate"": 0.1, ""gamma"": 0.5, ""gp_rate"": 0.5, ""lm_iterations"": 10, ""max_constants"": 999, ""max_depth"": 6, ""max_evals"": 2000000, ""max_unary"": 999, ""mutation_rate"": 0.1, ""ops"": [""+"", ""-"", ""*"", ""/"", ""sin"", ""cos"", ""exp"", ""log"", ""R""], ""succ_error_tol"": 1e-06}",0.5
imcts,Jin,4,Jin-4,expression,82,27132,200,100,100,2,"[""x0"", ""x1""]",1.5*exp(x[0]) + 5.0*cos(x[1]),0.9999999403953552,True,0.9999999999999997,0.9999999999999997,9.0,21448,1.434933151002042,0.0,0,(exp(x0 + 1.83462699528) + 2.49910212739e-07 + x1 - x1) * 0.239509570043 + 1.22116616921e-08 / x1 + cos(x1) * 5.00000000367,(exp(x0 + 1.83462699528) + 2.49910212739e-07 + x1 - x1) * 0.239509570043 + 1.22116616921e-08 / x1 + cos(x1) * 5.00000000367,1.5*exp(x0) + 5.0*cos(x1),"[1.8346269952835041, 2.499102127392905e-07, 0.23950957004262788, 1.2211661692083999e-08, 5.000000003674322]","{""K"": 500, ""c"": 6.0, ""exploration_rate"": 0.1, ""gamma"": 0.5, ""gp_rate"": 0.5, ""lm_iterations"": 10, ""max_constants"": 999, ""max_depth"": 6, ""max_evals"": 2000000, ""max_unary"": 999, ""mutation_rate"": 0.1, ""ops"": [""+"", ""-"", ""*"", ""/"", ""sin"", ""cos"", ""exp"", ""log"", ""R""], ""succ_error_tol"": 1e-06}","{""K"": 500, ""c"": 6.0, ""exploration_rate"": 0.1, ""gamma"": 0.5, ""gp_rate"": 0.5, ""lm_iterations"": 10, ""max_constants"": 999, ""max_depth"": 6, ""max_evals"": 2000000, ""max_unary"": 999, ""mutation_rate"": 0.1, ""ops"": [""+"", ""-"", ""*"", ""/"", ""sin"", ""cos"", ""exp"", ""log"", ""R""], ""succ_error_tol"": 1e-06}",0.5
imcts,Jin,4,Jin-4,expression,83,17159,200,100,100,2,"[""x0"", ""x1""]",1.5*exp(x[0]) + 5.0*cos(x[1]),0.9999999403953552,True,0.9999999999999993,0.9999999999999994,11.0,23399,1.5031801650184207,0.0,0,exp(x0 * 1.03317828082 / 1.03317831515) / 0.666666618283 + (-2.17699325026e-08 + cos(x1)) * 4.99999987783,exp(x0 * 1.03317828082 / 1.03317831515) / 0.666666618283 + (-2.17699325026e-08 + cos(x1)) * 4.99999987783,1.5*exp(1.0*x0) + 5.0*cos(x1),"[1.0331782808224144, 1.0331783151472256, 0.6666666182832546, -2.176993250260927e-08, 4.999999877826994]","{""K"": 500, ""c"": 6.0, ""exploration_rate"": 0.1, ""gamma"": 0.5, ""gp_rate"": 0.5, ""lm_iterations"": 10, ""max_constants"": 999, ""max_depth"": 6, ""max_evals"": 2000000, ""max_unary"": 999, ""mutation_rate"": 0.1, ""ops"": [""+"", ""-"", ""*"", ""/"", ""sin"", ""cos"", ""exp"", ""log"", ""R""], ""succ_error_tol"": 1e-06}","{""K"": 500, ""c"": 6.0, ""exploration_rate"": 0.1, ""gamma"": 0.5, ""gp_rate"": 0.5, ""lm_iterations"": 10, ""max_constants"": 999, ""max_depth"": 6, ""max_evals"": 2000000, ""max_unary"": 999, ""mutation_rate"": 0.1, ""ops"": [""+"", ""-"", ""*"", ""/"", ""sin"", ""cos"", ""exp"", ""log"", ""R""], ""succ_error_tol"": 1e-06}",0.5
imcts,Jin,4,Jin-4,expression,84,12206,200,100,100,2,"[""x0"", ""x1""]",1.5*exp(x[0]) + 5.0*cos(x[1]),0.9999999403953552,True,0.9999999999999997,0.9999999999999997,11.0,9538,0.551574510987848,0.0,0,6.16162238471e-09 / exp(x1) + (exp(x0 / 0.999999991496) - -3.33333358259 * cos(x1)) * 1.49999995548,6.16162238471e-09 / exp(x1) + (exp(x0 / 0.999999991496) - -3.33333358259 * cos(x1)) * 1.49999995548,1.5*exp(1.0*x0) + 5.0*cos(x1),"[0.6063231401319021, 0.3859973009660858, 0.9999999914959214, -3.3333335825918127, 1.4999999554847503]","{""K"": 500, ""c"": 6.0, ""exploration_rate"": 0.1, ""gamma"": 0.5, ""gp_rate"": 0.5, ""lm_iterations"": 10, ""max_constants"": 999, ""max_depth"": 6, ""max_evals"": 2000000, ""max_unary"": 999, ""mutation_rate"": 0.1, ""ops"": [""+"", ""-"", ""*"", ""/"", ""sin"", ""cos"", ""exp"", ""log"", ""R""], ""succ_error_tol"": 1e-06}","{""K"": 500, ""c"": 6.0, ""exploration_rate"": 0.1, ""gamma"": 0.5, ""gp_rate"": 0.5, ""lm_iterations"": 10, ""max_constants"": 999, ""max_depth"": 6, ""max_evals"": 2000000, ""max_unary"": 999, ""mutation_rate"": 0.1, ""ops"": [""+"", ""-"", ""*"", ""/"", ""sin"", ""cos"", ""exp"", ""log"", ""R""], ""succ_error_tol"": 1e-06}",0.5
imcts,Jin,4,Jin-4,expression,85,8226,200,100,100,2,"[""x0"", ""x1""]",1.5*exp(x[0]) + 5.0*cos(x[1]),0.9999999403953552,True,0.9999999999999979,0.9999999999999972,11.0,22803,1.4844014379777946,0.0,0,x0 - x0 - sin(-1.57079633518 - x1) * 5.00000006782 + exp(x0) * (x1 * -3.00593973404e-09 + 1.50000007074),x0 - x0 - sin(-1.57079633518 - x1) * 5.00000006782 + exp(x0) * (x1 * -3.00593973404e-09 + 1.50000007074),1.5*exp(x0) + 5.0*sin(x1 + 1.57),"[-1.5707963351788317, 5.000000067818111, -3.005939734038737e-09, 2.500000070735507, 1.0]","{""K"": 500, ""c"": 6.0, ""exploration_rate"": 0.1, ""gamma"": 0.5, ""gp_rate"": 0.5, ""lm_iterations"": 10, ""max_constants"": 999, ""max_depth"": 6, ""max_evals"": 2000000, ""max_unary"": 999, ""mutation_rate"": 0.1, ""ops"": [""+"", ""-"", ""*"", ""/"", ""sin"", ""cos"", ""exp"", ""log"", ""R""], ""succ_error_tol"": 1e-06}","{""K"": 500, ""c"": 6.0, ""exploration_rate"": 0.1, ""gamma"": 0.5, ""gp_rate"": 0.5, ""lm_iterations"": 10, ""max_constants"": 999, ""max_depth"": 6, ""max_evals"": 2000000, ""max_unary"": 999, ""mutation_rate"": 0.1, ""ops"": [""+"", ""-"", ""*"", ""/"", ""sin"", ""cos"", ""exp"", ""log"", ""R""], ""succ_error_tol"": 1e-06}",0.5
imcts,Jin,4,Jin-4,expression,86,14541,200,100,100,2,"[""x0"", ""x1""]",1.5*exp(x[0]) + 5.0*cos(x[1]),0.9999999403953552,True,0.9999999999999996,0.9999999999999996,11.0,11626,0.6364619380328804,0.0,0,1.50000002383 * exp(x0) - (1.0944221302e-08 / x1 - 4.99999994087) * sin(1.57079631813 - x1),1.50000002383 * exp(x0) - (1.0944221302e-08 / x1 - 4.99999994087) * sin(1.57079631813 - x1),1.5*exp(x0) - 5.0*sin(x1 - 1.57),"[0.5595863537669553, 0.9692919448772626, 1.0307080551227374, 1.0944221302019894e-08, 4.999999940867233, 1.5707963181316769]","{""K"": 500, ""c"": 6.0, ""exploration_rate"": 0.1, ""gamma"": 0.5, ""gp_rate"": 0.5, ""lm_iterations"": 10, ""max_constants"": 999, ""max_depth"": 6, ""max_evals"": 2000000, ""max_unary"": 999, ""mutation_rate"": 0.1, ""ops"": [""+"", ""-"", ""*"", ""/"", ""sin"", ""cos"", ""exp"", ""log"", ""R""], ""succ_error_tol"": 1e-06}","{""K"": 500, ""c"": 6.0, ""exploration_rate"": 0.1, ""gamma"": 0.5, ""gp_rate"": 0.5, ""lm_iterations"": 10, ""max_constants"": 999, ""max_depth"": 6, ""max_evals"": 2000000, ""max_unary"": 999, ""mutation_rate"": 0.1, ""ops"": [""+"", ""-"", ""*"", ""/"", ""sin"", ""cos"", ""exp"", ""log"", ""R""], ""succ_error_tol"": 1e-06}",0.5
imcts,Jin,4,Jin-4,expression,87,3152,200,100,100,2,"[""x0"", ""x1""]",1.5*exp(x[0]) + 5.0*cos(x[1]),0.9999999403953552,True,0.9999999999999994,0.9999999999999994,9.0,14531,0.8788807379896753,0.0,0,x0 + cos(x1) * 5.00000007102 + exp(x0 + 0.405465087231) - x0,x0 + cos(x1) * 5.00000007102 + exp(x0 + 0.405465087231) - x0,1.5*exp(x0) + 5.0*cos(x1),"[5.000000071020682, 0.405465087230859]","{""K"": 500, ""c"": 6.0, ""exploration_rate"": 0.1, ""gamma"": 0.5, ""gp_rate"": 0.5, ""lm_iterations"": 10, ""max_constants"": 999, ""max_depth"": 6, ""max_evals"": 2000000, ""max_unary"": 999, ""mutation_rate"": 0.1, ""ops"": [""+"", ""-"", ""*"", ""/"", ""sin"", ""cos"", ""exp"", ""log"", ""R""], ""succ_error_tol"": 1e-06}","{""K"": 500, ""c"": 6.0, ""exploration_rate"": 0.1, ""gamma"": 0.5, ""gp_rate"": 0.5, ""lm_iterations"": 10, ""max_constants"": 999, ""max_depth"": 6, ""max_evals"": 2000000, ""max_unary"": 999, ""mutation_rate"": 0.1, ""ops"": [""+"", ""-"", ""*"", ""/"", ""sin"", ""cos"", ""exp"", ""log"", ""R""], ""succ_error_tol"": 1e-06}",0.5
imcts,Jin,4,Jin-4,expression,88,26531,200,100,100,2,"[""x0"", ""x1""]",1.5*exp(x[0]) + 5.0*cos(x[1]),0.9999999403953552,True,0.9999999999999997,0.9999999999999997,9.0,8734,0.5468304080422968,0.0,0,1.31659614315 * (1.13930154655 * exp(x0) + 1.93448202669e-09 + 3.79767180844 * cos(-9.08779819231e-09 - x1)),1.31659614315 * (1.13930154655 * exp(x0) + 1.93448202669e-09 + 3.79767180844 * cos(-9.08779819231e-09 - x1)),1.5*exp(x0) + 5.0*cos(x1),"[1.3165961431500148, 1.1393015465486225, 1.934482026687798e-09, 3.7976718084377694, -9.087798192313418e-09]","{""K"": 500, ""c"": 6.0, ""exploration_rate"": 0.1, ""gamma"": 0.5, ""gp_rate"": 0.5, ""lm_iterations"": 10, ""max_constants"": 999, ""max_depth"": 6, ""max_evals"": 2000000, ""max_unary"": 999, ""mutation_rate"": 0.1, ""ops"": [""+"", ""-"", ""*"", ""/"", ""sin"", ""cos"", ""exp"", ""log"", ""R""], ""succ_error_tol"": 1e-06}","{""K"": 500, ""c"": 6.0, ""exploration_rate"": 0.1, ""gamma"": 0.5, ""gp_rate"": 0.5, ""lm_iterations"": 10, ""max_constants"": 999, ""max_depth"": 6, ""max_evals"": 2000000, ""max_unary"": 999, ""mutation_rate"": 0.1, ""ops"": [""+"", ""-"", ""*"", ""/"", ""sin"", ""cos"", ""exp"", ""log"", ""R""], ""succ_error_tol"": 1e-06}",0.5
imcts,Jin,4,Jin-4,expression,89,1585,200,100,100,2,"[""x0"", ""x1""]",1.5*exp(x[0]) + 5.0*cos(x[1]),0.9999999403953552,True,0.9999999999999998,0.9999999999999998,9.0,10218,0.5896825669915415,0.0,0,2 * (exp(x0) * 0.749999994801 + -8.41594247814e-10 * x0) + cos(x1) * 5.00000013509,2 * (exp(x0) * 0.749999994801 + -8.41594247814e-10 * x0) + cos(x1) * 5.00000013509,1.5*exp(x0) + 5.0*cos(x1),"[1.0, 1.0, 0.7499999948014894, -8.415942478144221e-10, 5.000000135087676]","{""K"": 500, ""c"": 6.0, ""exploration_rate"": 0.1, ""gamma"": 0.5, ""gp_rate"": 0.5, ""lm_iterations"": 10, ""max_constants"": 999, ""max_depth"": 6, ""max_evals"": 2000000, ""max_unary"": 999, ""mutation_rate"": 0.1, ""ops"": [""+"", ""-"", ""*"", ""/"", ""sin"", ""cos"", ""exp"", ""log"", ""R""], ""succ_error_tol"": 1e-06}","{""K"": 500, ""c"": 6.0, ""exploration_rate"": 0.1, ""gamma"": 0.5, ""gp_rate"": 0.5, ""lm_iterations"": 10, ""max_constants"": 999, ""max_depth"": 6, ""max_evals"": 2000000, ""max_unary"": 999, ""mutation_rate"": 0.1, ""ops"": [""+"", ""-"", ""*"", ""/"", ""sin"", ""cos"", ""exp"", ""log"", ""R""], ""succ_error_tol"": 1e-06}",0.5
imcts,Jin,4,Jin-4,expression,90,3943,200,100,100,2,"[""x0"", ""x1""]",1.5*exp(x[0]) + 5.0*cos(x[1]),0.9999999403953552,True,0.9999999999999988,0.9999999999999984,9.0,8705,0.5250290440162644,0.0,0,(exp(x0 - 1.2039727786) + cos(x1 - -2.39541084502e-08)) / 0.199999998803,(exp(x0 - 1.2039727786) + cos(x1 - -2.39541084502e-08)) / 0.199999998803,1.5*exp(x0) + 5.0*cos(x1),"[1.203972778598492, -2.3954108450187925e-08, 0.19999999880270103]","{""K"": 500, ""c"": 6.0, ""exploration_rate"": 0.1, ""gamma"": 0.5, ""gp_rate"": 0.5, ""lm_iterations"": 10, ""max_constants"": 999, ""max_depth"": 6, ""max_evals"": 2000000, ""max_unary"": 999, ""mutation_rate"": 0.1, ""ops"": [""+"", ""-"", ""*"", ""/"", ""sin"", ""cos"", ""exp"", ""log"", ""R""], ""succ_error_tol"": 1e-06}","{""K"": 500, ""c"": 6.0, ""exploration_rate"": 0.1, ""gamma"": 0.5, ""gp_rate"": 0.5, ""lm_iterations"": 10, ""max_constants"": 999, ""max_depth"": 6, ""max_evals"": 2000000, ""max_unary"": 999, ""mutation_rate"": 0.1, ""ops"": [""+"", ""-"", ""*"", ""/"", ""sin"", ""cos"", ""exp"", ""log"", ""R""], ""succ_error_tol"": 1e-06}",0.5
imcts,Jin,4,Jin-4,expression,91,23939,200,100,100,2,"[""x0"", ""x1""]",1.5*exp(x[0]) + 5.0*cos(x[1]),0.9999999403953552,True,0.9999999999999999,0.9999999999999999,15.0,17528,1.152162390993908,0.0,0,2.49999999248 * (cos(x1) - 1.042230959 + sin(x1 + 1.57079632984)) + 2.60557742202 + sin(x0 / x0) * exp(x0 - -0.57806884405),2.49999999248 * (cos(x1) - 1.042230959 + sin(x1 + 1.57079632984)) + 2.60557742202 + sin(x0 / x0) * exp(x0 - -0.57806884405),1.78*exp(x0)*sin(1) - 0.000622*sin(x1) + 5.0*cos(x1),"[0.916290728866333, 0.4436752613988952, 0.5985556975986456, 1.5707963298441456, 2.605577422024112, -0.5780688440498951]","{""K"": 500, ""c"": 6.0, ""exploration_rate"": 0.1, ""gamma"": 0.5, ""gp_rate"": 0.5, ""lm_iterations"": 10, ""max_constants"": 999, ""max_depth"": 6, ""max_evals"": 2000000, ""max_unary"": 999, ""mutation_rate"": 0.1, ""ops"": [""+"", ""-"", ""*"", ""/"", ""sin"", ""cos"", ""exp"", ""log"", ""R""], ""succ_error_tol"": 1e-06}","{""K"": 500, ""c"": 6.0, ""exploration_rate"": 0.1, ""gamma"": 0.5, ""gp_rate"": 0.5, ""lm_iterations"": 10, ""max_constants"": 999, ""max_depth"": 6, ""max_evals"": 2000000, ""max_unary"": 999, ""mutation_rate"": 0.1, ""ops"": [""+"", ""-"", ""*"", ""/"", ""sin"", ""cos"", ""exp"", ""log"", ""R""], ""succ_error_tol"": 1e-06}",0.5
imcts,Jin,4,Jin-4,expression,92,19457,200,100,100,2,"[""x0"", ""x1""]",1.5*exp(x[0]) + 5.0*cos(x[1]),0.9999999403953552,True,0.9999999999999987,0.9999999999999986,9.0,17987,1.2417842890135944,0.0,0,4.99999985478 * cos(x1) - (-2.31653366606e-08 / x1 - exp(x0) + exp(x0 + -1.48503731847) * -2.20756526121),4.99999985478 * cos(x1) - (-2.31653366606e-08 / x1 - exp(x0) + exp(x0 + -1.48503731847) * -2.20756526121),1.5*exp(x0) + 5.0*cos(x1),"[4.999999854776925, -2.3240376341233647e-08, 0.996771150367031, -1.4850373184683743, -2.2075652612056276]","{""K"": 500, ""c"": 6.0, ""exploration_rate"": 0.1, ""gamma"": 0.5, ""gp_rate"": 0.5, ""lm_iterations"": 10, ""max_constants"": 999, ""max_depth"": 6, ""max_evals"": 2000000, ""max_unary"": 999, ""mutation_rate"": 0.1, ""ops"": [""+"", ""-"", ""*"", ""/"", ""sin"", ""cos"", ""exp"", ""log"", ""R""], ""succ_error_tol"": 1e-06}","{""K"": 500, ""c"": 6.0, ""exploration_rate"": 0.1, ""gamma"": 0.5, ""gp_rate"": 0.5, ""lm_iterations"": 10, ""max_constants"": 999, ""max_depth"": 6, ""max_evals"": 2000000, ""max_unary"": 999, ""mutation_rate"": 0.1, ""ops"": [""+"", ""-"", ""*"", ""/"", ""sin"", ""cos"", ""exp"", ""log"", ""R""], ""succ_error_tol"": 1e-06}",0.5
imcts,Jin,4,Jin-4,expression,93,1021,200,100,100,2,"[""x0"", ""x1""]",1.5*exp(x[0]) + 5.0*cos(x[1]),0.9999999403953552,True,0.9999999999999978,0.9999999999999978,9.0,28068,1.8936760709621012,0.0,0,0.0932616462081 + exp(x0 - -0.405465062389) + -0.0932615346553 + cos(x1) * 4.99999983452,0.0932616462081 + exp(x0 - -0.405465062389) + -0.0932615346553 + cos(x1) * 4.99999983452,1.5*exp(x0) + 5.0*cos(x1),"[0.14235787989082102, 1.5264354177621509, 0.6666666970463345, -0.09326153465528236, 148.4131345427977]","{""K"": 500, ""c"": 6.0, ""exploration_rate"": 0.1, ""gamma"": 0.5, ""gp_rate"": 0.5, ""lm_iterations"": 10, ""max_constants"": 999, ""max_depth"": 6, ""max_evals"": 2000000, ""max_unary"": 999, ""mutation_rate"": 0.1, ""ops"": [""+"", ""-"", ""*"", ""/"", ""sin"", ""cos"", ""exp"", ""log"", ""R""], ""succ_error_tol"": 1e-06}","{""K"": 500, ""c"": 6.0, ""exploration_rate"": 0.1, ""gamma"": 0.5, ""gp_rate"": 0.5, ""lm_iterations"": 10, ""max_constants"": 999, ""max_depth"": 6, ""max_evals"": 2000000, ""max_unary"": 999, ""mutation_rate"": 0.1, ""ops"": [""+"", ""-"", ""*"", ""/"", ""sin"", ""cos"", ""exp"", ""log"", ""R""], ""succ_error_tol"": 1e-06}",0.5
imcts,Jin,4,Jin-4,expression,94,11653,200,100,100,2,"[""x0"", ""x1""]",1.5*exp(x[0]) + 5.0*cos(x[1]),0.9999999403953552,True,0.9999999999999998,0.9999999999999998,9.0,4313,0.236998284002766,0.0,0,cos(x1) * 5.00000002804 + 1.50000001714 * exp(x0),cos(x1) * 5.00000002804 + 1.50000001714 * exp(x0),1.5*exp(x0) + 5.0*cos(x1),"[5.000000028036615, 1.5000000171446553, 1.0]","{""K"": 500, ""c"": 6.0, ""exploration_rate"": 0.1, ""gamma"": 0.5, ""gp_rate"": 0.5, ""lm_iterations"": 10, ""max_constants"": 999, ""max_depth"": 6, ""max_evals"": 2000000, ""max_unary"": 999, ""mutation_rate"": 0.1, ""ops"": [""+"", ""-"", ""*"", ""/"", ""sin"", ""cos"", ""exp"", ""log"", ""R""], ""succ_error_tol"": 1e-06}","{""K"": 500, ""c"": 6.0, ""exploration_rate"": 0.1, ""gamma"": 0.5, ""gp_rate"": 0.5, ""lm_iterations"": 10, ""max_constants"": 999, ""max_depth"": 6, ""max_evals"": 2000000, ""max_unary"": 999, ""mutation_rate"": 0.1, ""ops"": [""+"", ""-"", ""*"", ""/"", ""sin"", ""cos"", ""exp"", ""log"", ""R""], ""succ_error_tol"": 1e-06}",0.5
imcts,Jin,4,Jin-4,expression,95,10805,200,100,100,2,"[""x0"", ""x1""]",1.5*exp(x[0]) + 5.0*cos(x[1]),0.9999999403953552,True,0.9999999999999999,0.9999999999999999,11.0,15571,1.0005602709716186,0.0,0,(exp(x0) + 3.33333325891 * sin(7.85398164971 + x1)) / 0.666666663495,(exp(x0) + 3.33333325891 * sin(7.85398164971 + x1)) / 0.666666663495,1.5*exp(x0) + 5.0*sin(x1 + 7.85),"[3.3333332589144646, 7.853981649706331, -2.724105065656692]","{""K"": 500, ""c"": 6.0, ""exploration_rate"": 0.1, ""gamma"": 0.5, ""gp_rate"": 0.5, ""lm_iterations"": 10, ""max_constants"": 999, ""max_depth"": 6, ""max_evals"": 2000000, ""max_unary"": 999, ""mutation_rate"": 0.1, ""ops"": [""+"", ""-"", ""*"", ""/"", ""sin"", ""cos"", ""exp"", ""log"", ""R""], ""succ_error_tol"": 1e-06}","{""K"": 500, ""c"": 6.0, ""exploration_rate"": 0.1, ""gamma"": 0.5, ""gp_rate"": 0.5, ""lm_iterations"": 10, ""max_constants"": 999, ""max_depth"": 6, ""max_evals"": 2000000, ""max_unary"": 999, ""mutation_rate"": 0.1, ""ops"": [""+"", ""-"", ""*"", ""/"", ""sin"", ""cos"", ""exp"", ""log"", ""R""], ""succ_error_tol"": 1e-06}",0.5
imcts,Jin,4,Jin-4,expression,96,13417,200,100,100,2,"[""x0"", ""x1""]",1.5*exp(x[0]) + 5.0*cos(x[1]),0.9999999403953552,True,0.9999999999999996,0.9999999999999996,9.0,18659,1.1942103609908372,0.0,0,(cos(x1) - -8.38065897415e-09 - (x0 * x1 / (x0 / -1.11055115824e-08) - exp(x0 - 1.20397277403))) / 0.200000005151,(cos(x1) - -8.38065897415e-09 - (x0 * x1 / (x0 / -1.11055115824e-08) - exp(x0 - 1.20397277403))) / 0.200000005151,1.5*exp(x0) + 5.0*cos(x1),"[-8.380658974146637e-09, -1.1105511582392007e-08, 1.2039727740316442, 1.369438400747786]","{""K"": 500, ""c"": 6.0, ""exploration_rate"": 0.1, ""gamma"": 0.5, ""gp_rate"": 0.5, ""lm_iterations"": 10, ""max_constants"": 999, ""max_depth"": 6, ""max_evals"": 2000000, ""max_unary"": 999, ""mutation_rate"": 0.1, ""ops"": [""+"", ""-"", ""*"", ""/"", ""sin"", ""cos"", ""exp"", ""log"", ""R""], ""succ_error_tol"": 1e-06}","{""K"": 500, ""c"": 6.0, ""exploration_rate"": 0.1, ""gamma"": 0.5, ""gp_rate"": 0.5, ""lm_iterations"": 10, ""max_constants"": 999, ""max_depth"": 6, ""max_evals"": 2000000, ""max_unary"": 999, ""mutation_rate"": 0.1, ""ops"": [""+"", ""-"", ""*"", ""/"", ""sin"", ""cos"", ""exp"", ""log"", ""R""], ""succ_error_tol"": 1e-06}",0.5
imcts,Jin,4,Jin-4,expression,97,20227,200,100,100,2,"[""x0"", ""x1""]",1.5*exp(x[0]) + 5.0*cos(x[1]),0.9999999403953552,True,0.9999999999999998,0.9999999999999997,9.0,13626,0.8138028879766352,0.0,0,4.99999984271 * (exp(-1.20397276612 + x0) + cos(x1)),4.99999984271 * (exp(-1.20397276612 + x0) + cos(x1)),1.5*exp(x0) + 5.0*cos(x1),"[4.9999998427100625, -1.2039727661166333]","{""K"": 500, ""c"": 6.0, ""exploration_rate"": 0.1, ""gamma"": 0.5, ""gp_rate"": 0.5, ""lm_iterations"": 10, ""max_constants"": 999, ""max_depth"": 6, ""max_evals"": 2000000, ""max_unary"": 999, ""mutation_rate"": 0.1, ""ops"": [""+"", ""-"", ""*"", ""/"", ""sin"", ""cos"", ""exp"", ""log"", ""R""], ""succ_error_tol"": 1e-06}","{""K"": 500, ""c"": 6.0, ""exploration_rate"": 0.1, ""gamma"": 0.5, ""gp_rate"": 0.5, ""lm_iterations"": 10, ""max_constants"": 999, ""max_depth"": 6, ""max_evals"": 2000000, ""max_unary"": 999, ""mutation_rate"": 0.1, ""ops"": [""+"", ""-"", ""*"", ""/"", ""sin"", ""cos"", ""exp"", ""log"", ""R""], ""succ_error_tol"": 1e-06}",0.5
imcts,Jin,4,Jin-4,expression,98,7989,200,100,100,2,"[""x0"", ""x1""]",1.5*exp(x[0]) + 5.0*cos(x[1]),0.9999999403953552,True,0.9999999999999997,0.9999999999999997,9.0,20332,1.2954571340233088,0.0,0,(x1 * x1 * -8.52767732939e-09 * sin(x0) + 1.50000002971) * (exp(x0) + cos(x1) / 0.300000003252),(x1 * x1 * -8.52767732939e-09 * sin(x0) + 1.50000002971) * (exp(x0) + cos(x1) / 0.300000003252),1.5*exp(x0) + 4.9999999458*cos(x1),"[-8.527677329391024e-09, 1.500000029706721, 0.3000000032518289]","{""K"": 500, ""c"": 6.0, ""exploration_rate"": 0.1, ""gamma"": 0.5, ""gp_rate"": 0.5, ""lm_iterations"": 10, ""max_constants"": 999, ""max_depth"": 6, ""max_evals"": 2000000, ""max_unary"": 999, ""mutation_rate"": 0.1, ""ops"": [""+"", ""-"", ""*"", ""/"", ""sin"", ""cos"", ""exp"", ""log"", ""R""], ""succ_error_tol"": 1e-06}","{""K"": 500, ""c"": 6.0, ""exploration_rate"": 0.1, ""gamma"": 0.5, ""gp_rate"": 0.5, ""lm_iterations"": 10, ""max_constants"": 999, ""max_depth"": 6, ""max_evals"": 2000000, ""max_unary"": 999, ""mutation_rate"": 0.1, ""ops"": [""+"", ""-"", ""*"", ""/"", ""sin"", ""cos"", ""exp"", ""log"", ""R""], ""succ_error_tol"": 1e-06}",0.5
imcts,Jin,4,Jin-4,expression,99,9692,200,100,100,2,"[""x0"", ""x1""]",1.5*exp(x[0]) + 5.0*cos(x[1]),0.9999999403953552,True,0.9999999999999997,0.9999999999999997,11.0,15225,0.9492785350303166,0.0,0,1.50000001232 * (exp(x0) - sin(1.57079634471 + x1) * -3.3333331998),1.50000001232 * (exp(x0) - sin(1.57079634471 + x1) * -3.3333331998),1.5*exp(x0) + 5.0*sin(x1 + 1.57),"[1.500000012316823, 1.5707963447074105, -3.3333331997970523]","{""K"": 500, ""c"": 6.0, ""exploration_rate"": 0.1, ""gamma"": 0.5, ""gp_rate"": 0.5, ""lm_iterations"": 10, ""max_constants"": 999, ""max_depth"": 6, ""max_evals"": 2000000, ""max_unary"": 999, ""mutation_rate"": 0.1, ""ops"": [""+"", ""-"", ""*"", ""/"", ""sin"", ""cos"", ""exp"", ""log"", ""R""], ""succ_error_tol"": 1e-06}","{""K"": 500, ""c"": 6.0, ""exploration_rate"": 0.1, ""gamma"": 0.5, ""gp_rate"": 0.5, ""lm_iterations"": 10, ""max_constants"": 999, ""max_depth"": 6, ""max_evals"": 2000000, ""max_unary"": 999, ""mutation_rate"": 0.1, ""ops"": [""+"", ""-"", ""*"", ""/"", ""sin"", ""cos"", ""exp"", ""log"", ""R""], ""succ_error_tol"": 1e-06}",0.5
