algorithm,group,case_id,case_name,source_type,run,seed,samples_total,samples_train,samples_test,variables,feature_names,target_expression,reward,success,train_r2,test_r2,complexity,evaluations,time_sec,tuning_time_sec,tuning_evaluations,expression,materialized_expression,simplified_expression,coefficients,algorithm_params,tuned_params,test_ratio
imcts,Jin,1,Jin-1,expression,0,23654,200,100,100,2,"[""x0"", ""x1""]",2.5*x[0]**4 - 1.3*x[0]**3 + 0.5*x[1]**2 - 1.7*x[1],0.9999998807907104,True,0.9999999999999979,0.9999999999999979,17.0,53931,4.588124708971009,0.0,0,x1 * (-1.69999997563 - -1.2500004883 * x1 / 2.50000016277) - (x0 * -1.92307718158 + 1) * x0 * x0 / 0.769230889554 * x0,x1 * (-1.69999997563 - -1.2500004883 * x1 / 2.50000016277) - (x0 * -1.92307718158 + 1) * x0 * x0 / 0.769230889554 * x0,x0**3*(2.5*x0 - 1.3) + x1*(0.5*x1 - 1.7),"[-1.6999999756327981, -1.2500004882979732, 2.500000162765982, -2.7999997416622224, 0.6868133425045565, 1.0, 0.7692308895537696]","{""K"": 500, ""c"": 6.0, ""exploration_rate"": 0.1, ""gamma"": 0.5, ""gp_rate"": 0.5, ""lm_iterations"": 10, ""max_constants"": 999, ""max_depth"": 6, ""max_evals"": 2000000, ""max_unary"": 999, ""mutation_rate"": 0.1, ""ops"": [""+"", ""-"", ""*"", ""/"", ""sin"", ""cos"", ""exp"", ""log"", ""R""], ""succ_error_tol"": 1e-06}","{""K"": 500, ""c"": 6.0, ""exploration_rate"": 0.1, ""gamma"": 0.5, ""gp_rate"": 0.5, ""lm_iterations"": 10, ""max_constants"": 999, ""max_depth"": 6, ""max_evals"": 2000000, ""max_unary"": 999, ""mutation_rate"": 0.1, ""ops"": [""+"", ""-"", ""*"", ""/"", ""sin"", ""cos"", ""exp"", ""log"", ""R""], ""succ_error_tol"": 1e-06}",0.5
imcts,Jin,1,Jin-1,expression,1,15795,200,100,100,2,"[""x0"", ""x1""]",2.5*x[0]**4 - 1.3*x[0]**3 + 0.5*x[1]**2 - 1.7*x[1],0.9999998807907104,True,0.9999999999999996,0.9999999999999993,21.0,58331,4.37262630299665,0.0,0,x0 * 2.50000008161 * x0 * (0.269654482228 + (x0 - 0.840736260212) * (0.320736261342 + x0)) + (x0 + x1 - 3.39999944511 + -2.75905413018 * x0 / 2.75905358018) * (1.06831734996e-07 - -0.500000160499 * x1),x0 * 2.50000008161 * x0 * (0.269654482228 + (x0 - 0.840736260212) * (0.320736261342 + x0)) + (x0 + x1 - 3.39999944511 + -2.75905413018 * x0 / 2.75905358018) * (1.06831734996e-07 - -0.500000160499 * x1),x0**2*(2.5*(x0 - 0.841)*(x0 + 0.321) + 0.675) + 0.5*x1*(x1 - 3.4),"[2.500000081612366, -1.310613834943374, 1.0, 0.8407362602116891, 0.3207362613423467, 3.3999994451130933, -2.75905413017587, 2.7590535801762126, 1.0683173499610822e-07, -0.5000001604987275]","{""K"": 500, ""c"": 6.0, ""exploration_rate"": 0.1, ""gamma"": 0.5, ""gp_rate"": 0.5, ""lm_iterations"": 10, ""max_constants"": 999, ""max_depth"": 6, ""max_evals"": 2000000, ""max_unary"": 999, ""mutation_rate"": 0.1, ""ops"": [""+"", ""-"", ""*"", ""/"", ""sin"", ""cos"", ""exp"", ""log"", ""R""], ""succ_error_tol"": 1e-06}","{""K"": 500, ""c"": 6.0, ""exploration_rate"": 0.1, ""gamma"": 0.5, ""gp_rate"": 0.5, ""lm_iterations"": 10, ""max_constants"": 999, ""max_depth"": 6, ""max_evals"": 2000000, ""max_unary"": 999, ""mutation_rate"": 0.1, ""ops"": [""+"", ""-"", ""*"", ""/"", ""sin"", ""cos"", ""exp"", ""log"", ""R""], ""succ_error_tol"": 1e-06}",0.5
imcts,Jin,1,Jin-1,expression,2,860,200,100,100,2,"[""x0"", ""x1""]",2.5*x[0]**4 - 1.3*x[0]**3 + 0.5*x[1]**2 - 1.7*x[1],0.9999998807907104,True,0.9999999999999988,0.9999999999999988,18.0,117088,9.472851357015315,0.0,0,-2.46605148416 * x0 * 1.0137663239 * x0 * x0 * (0.519999964114 - x0) + (x1 * x1 - x0 * -6.79037282449) / 2.00000005156 + x1 + -2.69999997861 * x1 - x0 * 3.39518636037,-2.46605148416 * x0 * 1.0137663239 * x0 * x0 * (0.519999964114 - x0) + (x1 * x1 - x0 * -6.79037282449) / 2.00000005156 + x1 + -2.69999997861 * x1 - x0 * 3.39518636037,x0**3*(2.5*x0 - 1.3) + 0.5*x1**2 - 1.7*x1,"[-1.4660514841550536, 1.0, 1.013766323902546, 0.5199999641141422, -6.790372824492773, 2.000000051560725, -2.699999978607868, 3.395186360368339]","{""K"": 500, ""c"": 6.0, ""exploration_rate"": 0.1, ""gamma"": 0.5, ""gp_rate"": 0.5, ""lm_iterations"": 10, ""max_constants"": 999, ""max_depth"": 6, ""max_evals"": 2000000, ""max_unary"": 999, ""mutation_rate"": 0.1, ""ops"": [""+"", ""-"", ""*"", ""/"", ""sin"", ""cos"", ""exp"", ""log"", ""R""], ""succ_error_tol"": 1e-06}","{""K"": 500, ""c"": 6.0, ""exploration_rate"": 0.1, ""gamma"": 0.5, ""gp_rate"": 0.5, ""lm_iterations"": 10, ""max_constants"": 999, ""max_depth"": 6, ""max_evals"": 2000000, ""max_unary"": 999, ""mutation_rate"": 0.1, ""ops"": [""+"", ""-"", ""*"", ""/"", ""sin"", ""cos"", ""exp"", ""log"", ""R""], ""succ_error_tol"": 1e-06}",0.5
imcts,Jin,1,Jin-1,expression,3,5390,200,100,100,2,"[""x0"", ""x1""]",2.5*x[0]**4 - 1.3*x[0]**3 + 0.5*x[1]**2 - 1.7*x[1],0.9999998807907104,True,0.9999999999999986,0.9999999999999981,16.0,40659,3.072379795019515,0.0,0,(x0 + x0) * 1.25000000554 * x0 / (1 / (x0 * x0 - x0 * 0.52000006414)) - 0.50000000107 * (x1 + 8.29319899413e-08) * (3.40000172842 - x1) / (x0 / x0),(x0 + x0) * 1.25000000554 * x0 / (1 / (x0 * x0 - x0 * 0.52000006414)) - 0.50000000107 * (x1 + 8.29319899413e-08) * (3.40000172842 - x1) / (x0 / x0),x0**3*(2.5*x0 - 1.3) + 0.5*x1*(x1 - 3.4),"[1.2500000055426819, 1.0, 0.5200000641398912, 0.5000000010695083, 8.293198994128609e-08, 3.40000172841707, 1.0]","{""K"": 500, ""c"": 6.0, ""exploration_rate"": 0.1, ""gamma"": 0.5, ""gp_rate"": 0.5, ""lm_iterations"": 10, ""max_constants"": 999, ""max_depth"": 6, ""max_evals"": 2000000, ""max_unary"": 999, ""mutation_rate"": 0.1, ""ops"": [""+"", ""-"", ""*"", ""/"", ""sin"", ""cos"", ""exp"", ""log"", ""R""], ""succ_error_tol"": 1e-06}","{""K"": 500, ""c"": 6.0, ""exploration_rate"": 0.1, ""gamma"": 0.5, ""gp_rate"": 0.5, ""lm_iterations"": 10, ""max_constants"": 999, ""max_depth"": 6, ""max_evals"": 2000000, ""max_unary"": 999, ""mutation_rate"": 0.1, ""ops"": [""+"", ""-"", ""*"", ""/"", ""sin"", ""cos"", ""exp"", ""log"", ""R""], ""succ_error_tol"": 1e-06}",0.5
imcts,Jin,1,Jin-1,expression,4,16850,200,100,100,2,"[""x0"", ""x1""]",2.5*x[0]**4 - 1.3*x[0]**3 + 0.5*x[1]**2 - 1.7*x[1],0.9999998807907104,True,0.9999999999999993,0.9999999999999993,16.0,104971,8.53019530401798,0.0,0,x0 * x0 / (0.799999981629 / x0) * (x0 + x0 + -0.499697712553 - 0.540302305868) - x1 * 0.499999796434 * (3.40000135985 - x1),x0 * x0 / (0.799999981629 / x0) * (x0 + x0 + -0.499697712553 - 0.540302305868) - x1 * 0.499999796434 * (3.40000135985 - x1),x0**3*(2.5*x0 - 1.3) + 0.5*x1*(x1 - 3.4),"[0.7999999816294427, -0.49969771255296486, 1.0, 1.0, 0.4999997964340974, 3.4000013598537344]","{""K"": 500, ""c"": 6.0, ""exploration_rate"": 0.1, ""gamma"": 0.5, ""gp_rate"": 0.5, ""lm_iterations"": 10, ""max_constants"": 999, ""max_depth"": 6, ""max_evals"": 2000000, ""max_unary"": 999, ""mutation_rate"": 0.1, ""ops"": [""+"", ""-"", ""*"", ""/"", ""sin"", ""cos"", ""exp"", ""log"", ""R""], ""succ_error_tol"": 1e-06}","{""K"": 500, ""c"": 6.0, ""exploration_rate"": 0.1, ""gamma"": 0.5, ""gp_rate"": 0.5, ""lm_iterations"": 10, ""max_constants"": 999, ""max_depth"": 6, ""max_evals"": 2000000, ""max_unary"": 999, ""mutation_rate"": 0.1, ""ops"": [""+"", ""-"", ""*"", ""/"", ""sin"", ""cos"", ""exp"", ""log"", ""R""], ""succ_error_tol"": 1e-06}",0.5
imcts,Jin,1,Jin-1,expression,5,29910,200,100,100,2,"[""x0"", ""x1""]",2.5*x[0]**4 - 1.3*x[0]**3 + 0.5*x[1]**2 - 1.7*x[1],0.9999998807907104,True,0.999999999999999,0.9999999999999993,16.0,98475,8.204709020035807,0.0,0,((x0 - 0.520000070051) * x0 * 2.49999992654 - -3.09764375251e-07) * x0 * x0 + ((-3.39999931728 + x1) * x1 - 7.38951963244e-07) / 1.99999985204,((x0 - 0.520000070051) * x0 * 2.49999992654 - -3.09764375251e-07) * x0 * x0 + ((-3.39999931728 + x1) * x1 - 7.38951963244e-07) / 1.99999985204,x0**3*(2.5*x0 - 1.3) + 0.5*x1*(x1 - 3.4),"[0.5200000700506621, 2.4999999265408146, -3.097643752507056e-07, 1.0000000000000004, -3.3999993172760696, 7.389519632435834e-07, 1.0, 1.999999852039429]","{""K"": 500, ""c"": 6.0, ""exploration_rate"": 0.1, ""gamma"": 0.5, ""gp_rate"": 0.5, ""lm_iterations"": 10, ""max_constants"": 999, ""max_depth"": 6, ""max_evals"": 2000000, ""max_unary"": 999, ""mutation_rate"": 0.1, ""ops"": [""+"", ""-"", ""*"", ""/"", ""sin"", ""cos"", ""exp"", ""log"", ""R""], ""succ_error_tol"": 1e-06}","{""K"": 500, ""c"": 6.0, ""exploration_rate"": 0.1, ""gamma"": 0.5, ""gp_rate"": 0.5, ""lm_iterations"": 10, ""max_constants"": 999, ""max_depth"": 6, ""max_evals"": 2000000, ""max_unary"": 999, ""mutation_rate"": 0.1, ""ops"": [""+"", ""-"", ""*"", ""/"", ""sin"", ""cos"", ""exp"", ""log"", ""R""], ""succ_error_tol"": 1e-06}",0.5
imcts,Jin,1,Jin-1,expression,6,4426,200,100,100,2,"[""x0"", ""x1""]",2.5*x[0]**4 - 1.3*x[0]**3 + 0.5*x[1]**2 - 1.7*x[1],0.9999998807907104,True,0.9999999999999986,0.999999999999998,19.0,107821,9.006361580977682,0.0,0,(-1.39999876045 + x1) * x1 * 0.500000201736 - x0 * x0 * -2.49999999607 * x0 * (-0.520000083009 + x0) - x1,(-1.39999876045 + x1) * x1 * 0.500000201736 - x0 * x0 * -2.49999999607 * x0 * (-0.520000083009 + x0) - x1,x0**3*(2.5*x0 - 1.3) + 0.5*x1*(x1 - 1.4) - x1,"[-1.3999987604548814, 0.5000002017360279, -2.4999999960715047, -0.5200000830088214]","{""K"": 500, ""c"": 6.0, ""exploration_rate"": 0.1, ""gamma"": 0.5, ""gp_rate"": 0.5, ""lm_iterations"": 10, ""max_constants"": 999, ""max_depth"": 6, ""max_evals"": 2000000, ""max_unary"": 999, ""mutation_rate"": 0.1, ""ops"": [""+"", ""-"", ""*"", ""/"", ""sin"", ""cos"", ""exp"", ""log"", ""R""], ""succ_error_tol"": 1e-06}","{""K"": 500, ""c"": 6.0, ""exploration_rate"": 0.1, ""gamma"": 0.5, ""gp_rate"": 0.5, ""lm_iterations"": 10, ""max_constants"": 999, ""max_depth"": 6, ""max_evals"": 2000000, ""max_unary"": 999, ""mutation_rate"": 0.1, ""ops"": [""+"", ""-"", ""*"", ""/"", ""sin"", ""cos"", ""exp"", ""log"", ""R""], ""succ_error_tol"": 1e-06}",0.5
imcts,Jin,1,Jin-1,expression,7,21962,200,100,100,2,"[""x0"", ""x1""]",2.5*x[0]**4 - 1.3*x[0]**3 + 0.5*x[1]**2 - 1.7*x[1],0.9999997019767761,True,0.999999999999941,0.9999999999999571,16.0,166765,13.534520121000241,0.0,0,(-2.38714090986e-06 - x0 * x0 / 0.400000026158) * (6.23744985715e-07 - (x0 - 0.519999913081) * x0) + x1 * (-3.39998725561 + x1) * 0.500000102348,(-2.38714090986e-06 - x0 * x0 / 0.400000026158) * (6.23744985715e-07 - (x0 - 0.519999913081) * x0) + x1 * (-3.39998725561 + x1) * 0.500000102348,x0**3*(2.5*x0 - 1.3) + 0.5*x1*(x1 - 3.4),"[-2.3871409098596974e-06, -0.9162906664803857, -11.039423454925723, 0.7027914967873807, 0.5199999130814362, -3.3999872556092026, 0.5234051613227266, 1.0468101083680315]","{""K"": 500, ""c"": 6.0, ""exploration_rate"": 0.1, ""gamma"": 0.5, ""gp_rate"": 0.5, ""lm_iterations"": 10, ""max_constants"": 999, ""max_depth"": 6, ""max_evals"": 2000000, ""max_unary"": 999, ""mutation_rate"": 0.1, ""ops"": [""+"", ""-"", ""*"", ""/"", ""sin"", ""cos"", ""exp"", ""log"", ""R""], ""succ_error_tol"": 1e-06}","{""K"": 500, ""c"": 6.0, ""exploration_rate"": 0.1, ""gamma"": 0.5, ""gp_rate"": 0.5, ""lm_iterations"": 10, ""max_constants"": 999, ""max_depth"": 6, ""max_evals"": 2000000, ""max_unary"": 999, ""mutation_rate"": 0.1, ""ops"": [""+"", ""-"", ""*"", ""/"", ""sin"", ""cos"", ""exp"", ""log"", ""R""], ""succ_error_tol"": 1e-06}",0.5
imcts,Jin,1,Jin-1,expression,8,14423,200,100,100,2,"[""x0"", ""x1""]",2.5*x[0]**4 - 1.3*x[0]**3 + 0.5*x[1]**2 - 1.7*x[1],0.9999998807907104,True,0.9999999999999996,0.9999999999999998,19.0,86381,7.382351331005339,0.0,0,x0 + -0.500000190243 * x1 * (0.98330436971 - (x1 + -2.41669421436)) - x0 * -2.49999995783 * (x0 * x0 * (x0 + -0.519999998664) + -0.400000137973),x0 + -0.500000190243 * x1 * (0.98330436971 - (x1 + -2.41669421436)) - x0 * -2.49999995783 * (x0 * x0 * (x0 + -0.519999998664) + -0.400000137973),2.5*x0**4 - 1.3*x0**3 + 0.5*x1**2 - 1.7*x1,"[-0.5000001902430535, 1.7537842804319121, -2.4166942143604637, -2.4999999578338654, -0.5199999986644849, -0.4000001379729033]","{""K"": 500, ""c"": 6.0, ""exploration_rate"": 0.1, ""gamma"": 0.5, ""gp_rate"": 0.5, ""lm_iterations"": 10, ""max_constants"": 999, ""max_depth"": 6, ""max_evals"": 2000000, ""max_unary"": 999, ""mutation_rate"": 0.1, ""ops"": [""+"", ""-"", ""*"", ""/"", ""sin"", ""cos"", ""exp"", ""log"", ""R""], ""succ_error_tol"": 1e-06}","{""K"": 500, ""c"": 6.0, ""exploration_rate"": 0.1, ""gamma"": 0.5, ""gp_rate"": 0.5, ""lm_iterations"": 10, ""max_constants"": 999, ""max_depth"": 6, ""max_evals"": 2000000, ""max_unary"": 999, ""mutation_rate"": 0.1, ""ops"": [""+"", ""-"", ""*"", ""/"", ""sin"", ""cos"", ""exp"", ""log"", ""R""], ""succ_error_tol"": 1e-06}",0.5
imcts,Jin,1,Jin-1,expression,9,28020,200,100,100,2,"[""x0"", ""x1""]",2.5*x[0]**4 - 1.3*x[0]**3 + 0.5*x[1]**2 - 1.7*x[1],0.9999998807907104,True,0.9999999999999977,0.999999999999997,19.0,79817,6.239796623005532,0.0,0,-0.480001487331 * x0 - x0 * x0 + x0 + (x1 / 1.99999876632 + -1.70000092683) * x1 + (0.999998915663 - x0 * x0 * -2.50000014104) * (x0 * 0.480000165052 - x0 * (1 - x0)),-0.480001487331 * x0 - x0 * x0 + x0 + (x1 / 1.99999876632 + -1.70000092683) * x1 + (0.999998915663 - x0 * x0 * -2.50000014104) * (x0 * 0.480000165052 - x0 * (1 - x0)),2.5*x0**4 - 1.3*x0**3 + 0.5*x1**2 - 1.7*x1,"[-0.48000148733135883, 1.9999987663221297, -1.7000009268272638, 0.9999989156629018, -2.5000001410425186, 0.4800001650515008, 1.0]","{""K"": 500, ""c"": 6.0, ""exploration_rate"": 0.1, ""gamma"": 0.5, ""gp_rate"": 0.5, ""lm_iterations"": 10, ""max_constants"": 999, ""max_depth"": 6, ""max_evals"": 2000000, ""max_unary"": 999, ""mutation_rate"": 0.1, ""ops"": [""+"", ""-"", ""*"", ""/"", ""sin"", ""cos"", ""exp"", ""log"", ""R""], ""succ_error_tol"": 1e-06}","{""K"": 500, ""c"": 6.0, ""exploration_rate"": 0.1, ""gamma"": 0.5, ""gp_rate"": 0.5, ""lm_iterations"": 10, ""max_constants"": 999, ""max_depth"": 6, ""max_evals"": 2000000, ""max_unary"": 999, ""mutation_rate"": 0.1, ""ops"": [""+"", ""-"", ""*"", ""/"", ""sin"", ""cos"", ""exp"", ""log"", ""R""], ""succ_error_tol"": 1e-06}",0.5
imcts,Jin,1,Jin-1,expression,10,29802,200,100,100,2,"[""x0"", ""x1""]",2.5*x[0]**4 - 1.3*x[0]**3 + 0.5*x[1]**2 - 1.7*x[1],0.9999998807907104,True,0.9999999999999992,0.9999999999999992,19.0,154688,12.715766220004298,0.0,0,-0.499999989075 * (x1 - x1 * (x1 + -2.39999898712)) - (-3.76617637789e-07 - -2.50000002322 * x0 * x0) * x0 * (0.52000004199 - x0),-0.499999989075 * (x1 - x1 * (x1 + -2.39999898712)) - (-3.76617637789e-07 - -2.50000002322 * x0 * x0) * x0 * (0.52000004199 - x0),x0**3*(2.5*x0 - 1.3) + 0.5*x1*(x1 - 2.4) - 0.5*x1,"[-0.49999998907487686, -2.399998987115493, -3.766176377890643e-07, -2.500000023217877, 0.5200000419896331]","{""K"": 500, ""c"": 6.0, ""exploration_rate"": 0.1, ""gamma"": 0.5, ""gp_rate"": 0.5, ""lm_iterations"": 10, ""max_constants"": 999, ""max_depth"": 6, ""max_evals"": 2000000, ""max_unary"": 999, ""mutation_rate"": 0.1, ""ops"": [""+"", ""-"", ""*"", ""/"", ""sin"", ""cos"", ""exp"", ""log"", ""R""], ""succ_error_tol"": 1e-06}","{""K"": 500, ""c"": 6.0, ""exploration_rate"": 0.1, ""gamma"": 0.5, ""gp_rate"": 0.5, ""lm_iterations"": 10, ""max_constants"": 999, ""max_depth"": 6, ""max_evals"": 2000000, ""max_unary"": 999, ""mutation_rate"": 0.1, ""ops"": [""+"", ""-"", ""*"", ""/"", ""sin"", ""cos"", ""exp"", ""log"", ""R""], ""succ_error_tol"": 1e-06}",0.5
imcts,Jin,1,Jin-1,expression,11,21575,200,100,100,2,"[""x0"", ""x1""]",2.5*x[0]**4 - 1.3*x[0]**3 + 0.5*x[1]**2 - 1.7*x[1],0.9999998807907104,True,0.9999999999999993,0.9999999999999993,16.0,189686,17.401030125969555,0.0,0,(x0 + -3.40000037916 - x0 + x1) * x1 * 0.499999905523 - x0 * 2.50000003614 * x0 * (0.519999948443 - x0) * x0,(x0 + -3.40000037916 - x0 + x1) * x1 * 0.499999905523 - x0 * 2.50000003614 * x0 * (0.519999948443 - x0) * x0,x0**3*(2.5*x0 - 1.3) + 0.5*x1*(x1 - 3.4),"[-3.4000003791637097, 0.4999999055233276, 2.500000036141984, 0.5199999484434684]","{""K"": 500, ""c"": 6.0, ""exploration_rate"": 0.1, ""gamma"": 0.5, ""gp_rate"": 0.5, ""lm_iterations"": 10, ""max_constants"": 999, ""max_depth"": 6, ""max_evals"": 2000000, ""max_unary"": 999, ""mutation_rate"": 0.1, ""ops"": [""+"", ""-"", ""*"", ""/"", ""sin"", ""cos"", ""exp"", ""log"", ""R""], ""succ_error_tol"": 1e-06}","{""K"": 500, ""c"": 6.0, ""exploration_rate"": 0.1, ""gamma"": 0.5, ""gp_rate"": 0.5, ""lm_iterations"": 10, ""max_constants"": 999, ""max_depth"": 6, ""max_evals"": 2000000, ""max_unary"": 999, ""mutation_rate"": 0.1, ""ops"": [""+"", ""-"", ""*"", ""/"", ""sin"", ""cos"", ""exp"", ""log"", ""R""], ""succ_error_tol"": 1e-06}",0.5
imcts,Jin,1,Jin-1,expression,12,11964,200,100,100,2,"[""x0"", ""x1""]",2.5*x[0]**4 - 1.3*x[0]**3 + 0.5*x[1]**2 - 1.7*x[1],0.9999998807907104,True,0.9999999999999991,0.9999999999999988,18.0,66922,5.057772214990109,0.0,0,0.2839663584 * x1 * (2.27879287824 + 1.76077290471 * x1 + -8.26541849137) + (x0 + -0.519999979546) * x0 / 0.948111138201 * x0 * (1.37027786314 * x0 + x0),0.2839663584 * x1 * (2.27879287824 + 1.76077290471 * x1 + -8.26541849137) + (x0 + -0.519999979546) * x0 / 0.948111138201 * x0 * (1.37027786314 * x0 + x0),x0**3*(2.5*x0 - 1.3) + 0.284*x1*(1.76*x1 - 5.99),"[0.2839663584001605, -0.19401461888745433, 1.7607729047060923, -8.265418491365853, -0.5199999795457749, 0.9481111382013918, 1.370277863135993]","{""K"": 500, ""c"": 6.0, ""exploration_rate"": 0.1, ""gamma"": 0.5, ""gp_rate"": 0.5, ""lm_iterations"": 10, ""max_constants"": 999, ""max_depth"": 6, ""max_evals"": 2000000, ""max_unary"": 999, ""mutation_rate"": 0.1, ""ops"": [""+"", ""-"", ""*"", ""/"", ""sin"", ""cos"", ""exp"", ""log"", ""R""], ""succ_error_tol"": 1e-06}","{""K"": 500, ""c"": 6.0, ""exploration_rate"": 0.1, ""gamma"": 0.5, ""gp_rate"": 0.5, ""lm_iterations"": 10, ""max_constants"": 999, ""max_depth"": 6, ""max_evals"": 2000000, ""max_unary"": 999, ""mutation_rate"": 0.1, ""ops"": [""+"", ""-"", ""*"", ""/"", ""sin"", ""cos"", ""exp"", ""log"", ""R""], ""succ_error_tol"": 1e-06}",0.5
imcts,Jin,1,Jin-1,expression,13,11284,200,100,100,2,"[""x0"", ""x1""]",2.5*x[0]**4 - 1.3*x[0]**3 + 0.5*x[1]**2 - 1.7*x[1],0.9999998807907104,True,0.9999999999999951,0.999999999999997,16.0,85442,6.58499786601169,0.0,0,(0.499999615677 * (1 + x1) - 0.499999760216) * (x1 - 3.4000017788) - (-2.78808886142e-07 - x0 * x0 * x0 * 1.05098875263) * (x0 * 2.37871252986 - 1.23693044322 + x0 * -4.42721469141e-08 * x1),(0.499999615677 * (1 + x1) - 0.499999760216) * (x1 - 3.4000017788) - (-2.78808886142e-07 - x0 * x0 * x0 * 1.05098875263) * (x0 * 2.37871252986 - 1.23693044322 + x0 * -4.42721469141e-08 * x1),x0**3*(2.5*x0 - 1.3) + 0.5*x1*(x1 - 3.4),"[0.4999996156765038, 1.0, 1.0, 0.4999997602162036, 3.400001778796704, -2.788088861415647e-07, 1.0509887526332664, 2.3787125298646314, 1.2369304432172443, -4.427214691414251e-08]","{""K"": 500, ""c"": 6.0, ""exploration_rate"": 0.1, ""gamma"": 0.5, ""gp_rate"": 0.5, ""lm_iterations"": 10, ""max_constants"": 999, ""max_depth"": 6, ""max_evals"": 2000000, ""max_unary"": 999, ""mutation_rate"": 0.1, ""ops"": [""+"", ""-"", ""*"", ""/"", ""sin"", ""cos"", ""exp"", ""log"", ""R""], ""succ_error_tol"": 1e-06}","{""K"": 500, ""c"": 6.0, ""exploration_rate"": 0.1, ""gamma"": 0.5, ""gp_rate"": 0.5, ""lm_iterations"": 10, ""max_constants"": 999, ""max_depth"": 6, ""max_evals"": 2000000, ""max_unary"": 999, ""mutation_rate"": 0.1, ""ops"": [""+"", ""-"", ""*"", ""/"", ""sin"", ""cos"", ""exp"", ""log"", ""R""], ""succ_error_tol"": 1e-06}",0.5
imcts,Jin,1,Jin-1,expression,14,22118,200,100,100,2,"[""x0"", ""x1""]",2.5*x[0]**4 - 1.3*x[0]**3 + 0.5*x[1]**2 - 1.7*x[1],0.9999998807907104,True,0.9999999999999957,0.999999999999996,16.0,57616,4.002731562999543,0.0,0,0.307055666685 * (6.07939515849e-07 - x1) * (3.40000081147 - x1) * 1.62836881852 - (x0 - 3.50000017269 * x0) * x0 * (-5.10636167911e-07 - -0.866059623054 * x0 - (1.38605944148 - x0) * x0),0.307055666685 * (6.07939515849e-07 - x1) * (3.40000081147 - x1) * 1.62836881852 - (x0 - 3.50000017269 * x0) * x0 * (-5.10636167911e-07 - -0.866059623054 * x0 - (1.38605944148 - x0) * x0),x0**3*(2.5*x0 - 1.3) + 0.499865035511616*x1*(x1 - 3.4),"[0.30705566668485246, 6.079395158493762e-07, 3.4000008114655476, 2.618543133441308, 0.9901743149243066, 3.5000001726868626, -8.655748883029433e-07, 0.5899387503169125, -0.8660596230535847, 1.3860594414779865]","{""K"": 500, ""c"": 6.0, ""exploration_rate"": 0.1, ""gamma"": 0.5, ""gp_rate"": 0.5, ""lm_iterations"": 10, ""max_constants"": 999, ""max_depth"": 6, ""max_evals"": 2000000, ""max_unary"": 999, ""mutation_rate"": 0.1, ""ops"": [""+"", ""-"", ""*"", ""/"", ""sin"", ""cos"", ""exp"", ""log"", ""R""], ""succ_error_tol"": 1e-06}","{""K"": 500, ""c"": 6.0, ""exploration_rate"": 0.1, ""gamma"": 0.5, ""gp_rate"": 0.5, ""lm_iterations"": 10, ""max_constants"": 999, ""max_depth"": 6, ""max_evals"": 2000000, ""max_unary"": 999, ""mutation_rate"": 0.1, ""ops"": [""+"", ""-"", ""*"", ""/"", ""sin"", ""cos"", ""exp"", ""log"", ""R""], ""succ_error_tol"": 1e-06}",0.5
imcts,Jin,1,Jin-1,expression,15,6265,200,100,100,2,"[""x0"", ""x1""]",2.5*x[0]**4 - 1.3*x[0]**3 + 0.5*x[1]**2 - 1.7*x[1],0.9999998807907104,True,0.9999999999999962,0.9999999999999963,18.0,66756,4.940512706991285,0.0,0,(x1 + -3.39999696596) * 0.619583198975 * x1 / 1.23916536081 - (-0.999999927645 * x0 + x0 + 2.59274568404e-06) + (x0 + -1.69194863051e-06 + 1.41707158136e-08 * x1) * (x0 - 0.519998389492) * x0 * x0 * 2.49999963817,(x1 + -3.39999696596) * 0.619583198975 * x1 / 1.23916536081 - (-0.999999927645 * x0 + x0 + 2.59274568404e-06) + (x0 + -1.69194863051e-06 + 1.41707158136e-08 * x1) * (x0 - 0.519998389492) * x0 * x0 * 2.49999963817,x0**3*(2.5*x0 - 1.3) + 0.807*x1*(0.62*x1 - 2.11),"[-3.3999969659559817, 0.6195831989748931, 1.2391653608062065, -0.9999999276449656, 2.592745684044973e-06, -1.6919486305145584e-06, 1.4170715813585686e-08, 0.5199983894915831, 2.499999638172917]","{""K"": 500, ""c"": 6.0, ""exploration_rate"": 0.1, ""gamma"": 0.5, ""gp_rate"": 0.5, ""lm_iterations"": 10, ""max_constants"": 999, ""max_depth"": 6, ""max_evals"": 2000000, ""max_unary"": 999, ""mutation_rate"": 0.1, ""ops"": [""+"", ""-"", ""*"", ""/"", ""sin"", ""cos"", ""exp"", ""log"", ""R""], ""succ_error_tol"": 1e-06}","{""K"": 500, ""c"": 6.0, ""exploration_rate"": 0.1, ""gamma"": 0.5, ""gp_rate"": 0.5, ""lm_iterations"": 10, ""max_constants"": 999, ""max_depth"": 6, ""max_evals"": 2000000, ""max_unary"": 999, ""mutation_rate"": 0.1, ""ops"": [""+"", ""-"", ""*"", ""/"", ""sin"", ""cos"", ""exp"", ""log"", ""R""], ""succ_error_tol"": 1e-06}",0.5
imcts,Jin,1,Jin-1,expression,16,11363,200,100,100,2,"[""x0"", ""x1""]",2.5*x[0]**4 - 1.3*x[0]**3 + 0.5*x[1]**2 - 1.7*x[1],0.9999998807907104,True,0.9999999999999996,0.9999999999999993,19.0,55749,4.4307970750378445,0.0,0,((x0 + -0.519999969142) * x0 * x0 * x0 + -6.60651737361e-08 / (1.40764005169 / x0) - x1 * -0.200000002135 * (x1 + -3.39999995679)) * (1.49999995112 + exp(x0 / 1.08345163322 * -2.12746467519e-08)),((x0 + -0.519999969142) * x0 * x0 * x0 + -6.60651737361e-08 / (1.40764005169 / x0) - x1 * -0.200000002135 * (x1 + -3.39999995679)) * (1.49999995112 + exp(x0 / 1.08345163322 * -2.12746467519e-08)),x0**3*(2.5*x0 - 1.3) - 1.17333216074633e-7*x0 + 0.5000000053375*x1*(x1 - 3.4),"[-0.5199999691421922, -6.606517373609348e-08, 1.4076400516915815, -0.20000000213523417, -3.3999999567867123, 1.4999999511153235, 1.0834516332216915, -2.127464675191369e-08]","{""K"": 500, ""c"": 6.0, ""exploration_rate"": 0.1, ""gamma"": 0.5, ""gp_rate"": 0.5, ""lm_iterations"": 10, ""max_constants"": 999, ""max_depth"": 6, ""max_evals"": 2000000, ""max_unary"": 999, ""mutation_rate"": 0.1, ""ops"": [""+"", ""-"", ""*"", ""/"", ""sin"", ""cos"", ""exp"", ""log"", ""R""], ""succ_error_tol"": 1e-06}","{""K"": 500, ""c"": 6.0, ""exploration_rate"": 0.1, ""gamma"": 0.5, ""gp_rate"": 0.5, ""lm_iterations"": 10, ""max_constants"": 999, ""max_depth"": 6, ""max_evals"": 2000000, ""max_unary"": 999, ""mutation_rate"": 0.1, ""ops"": [""+"", ""-"", ""*"", ""/"", ""sin"", ""cos"", ""exp"", ""log"", ""R""], ""succ_error_tol"": 1e-06}",0.5
imcts,Jin,1,Jin-1,expression,17,27495,200,100,100,2,"[""x0"", ""x1""]",2.5*x[0]**4 - 1.3*x[0]**3 + 0.5*x[1]**2 - 1.7*x[1],0.9999998807907104,True,0.9999999999999989,0.9999999999999987,17.0,90092,7.388179500994738,0.0,0,(3.39999921854 - x1) * -0.499999973748 * x1 + 4.69272084738e-07 - (x0 - 0.519999934696) * x0 * x0 * x0 * -2.49999999059,(3.39999921854 - x1) * -0.499999973748 * x1 + 4.69272084738e-07 - (x0 - 0.519999934696) * x0 * x0 * x0 * -2.49999999059,x0**3*(2.5*x0 - 1.3) + x1*(0.5*x1 - 1.7),"[3.3999992185394046, 1.0, -0.49999997374849764, 4.69272084738037e-07, 0.519999934695962, -0.49999999058518835, 1.0, 1.0]","{""K"": 500, ""c"": 6.0, ""exploration_rate"": 0.1, ""gamma"": 0.5, ""gp_rate"": 0.5, ""lm_iterations"": 10, ""max_constants"": 999, ""max_depth"": 6, ""max_evals"": 2000000, ""max_unary"": 999, ""mutation_rate"": 0.1, ""ops"": [""+"", ""-"", ""*"", ""/"", ""sin"", ""cos"", ""exp"", ""log"", ""R""], ""succ_error_tol"": 1e-06}","{""K"": 500, ""c"": 6.0, ""exploration_rate"": 0.1, ""gamma"": 0.5, ""gp_rate"": 0.5, ""lm_iterations"": 10, ""max_constants"": 999, ""max_depth"": 6, ""max_evals"": 2000000, ""max_unary"": 999, ""mutation_rate"": 0.1, ""ops"": [""+"", ""-"", ""*"", ""/"", ""sin"", ""cos"", ""exp"", ""log"", ""R""], ""succ_error_tol"": 1e-06}",0.5
imcts,Jin,1,Jin-1,expression,18,16023,200,100,100,2,"[""x0"", ""x1""]",2.5*x[0]**4 - 1.3*x[0]**3 + 0.5*x[1]**2 - 1.7*x[1],0.9999998807907104,True,0.9999999999999986,0.9999999999999988,16.0,79612,6.299596374970861,0.0,0,0.500000362015 * x1 * (x1 + -3.39999816369) - 1.77492433027e-06 * exp(x0 - 1) + -2.50000019988 * x0 * x0 * (2.27487280124e-07 + x0 * (0.519999832048 - x0)),0.500000362015 * x1 * (x1 + -3.39999816369) - 1.77492433027e-06 * exp(x0 - 1) + -2.50000019988 * x0 * x0 * (2.27487280124e-07 + x0 * (0.519999832048 - x0)),x0**3*(2.5*x0 - 1.3) + 0.5*x1*(x1 - 3.4),"[0.5000003620146143, 1.0, -3.399998163688927, 1.7749243302674937e-06, 1.0, -2.5000001998753296, 2.2748728012444985e-07, 0.5199998320484214]","{""K"": 500, ""c"": 6.0, ""exploration_rate"": 0.1, ""gamma"": 0.5, ""gp_rate"": 0.5, ""lm_iterations"": 10, ""max_constants"": 999, ""max_depth"": 6, ""max_evals"": 2000000, ""max_unary"": 999, ""mutation_rate"": 0.1, ""ops"": [""+"", ""-"", ""*"", ""/"", ""sin"", ""cos"", ""exp"", ""log"", ""R""], ""succ_error_tol"": 1e-06}","{""K"": 500, ""c"": 6.0, ""exploration_rate"": 0.1, ""gamma"": 0.5, ""gp_rate"": 0.5, ""lm_iterations"": 10, ""max_constants"": 999, ""max_depth"": 6, ""max_evals"": 2000000, ""max_unary"": 999, ""mutation_rate"": 0.1, ""ops"": [""+"", ""-"", ""*"", ""/"", ""sin"", ""cos"", ""exp"", ""log"", ""R""], ""succ_error_tol"": 1e-06}",0.5
imcts,Jin,1,Jin-1,expression,19,8322,200,100,100,2,"[""x0"", ""x1""]",2.5*x[0]**4 - 1.3*x[0]**3 + 0.5*x[1]**2 - 1.7*x[1],0.9999998807907104,True,0.9999999999999979,0.9999999999999974,17.0,124571,10.138125403958838,0.0,0,-1.07567387647e-06 - 0.50000026157 * (3.39999801033 - x1) * x1 + (-0.520000011637 + x0) * x0 * 2.50000009369 * x0 * x0,-1.07567387647e-06 - 0.50000026157 * (3.39999801033 - x1) * x1 + (-0.520000011637 + x0) * x0 * 2.50000009369 * x0 * x0,x0**3*(2.5*x0 - 1.3) + x1*(0.5*x1 - 1.7),"[15.707964343622843, 0.5000002615701465, 3.3999980103273213, -0.5200000116365565, 2.5000000936892954]","{""K"": 500, ""c"": 6.0, ""exploration_rate"": 0.1, ""gamma"": 0.5, ""gp_rate"": 0.5, ""lm_iterations"": 10, ""max_constants"": 999, ""max_depth"": 6, ""max_evals"": 2000000, ""max_unary"": 999, ""mutation_rate"": 0.1, ""ops"": [""+"", ""-"", ""*"", ""/"", ""sin"", ""cos"", ""exp"", ""log"", ""R""], ""succ_error_tol"": 1e-06}","{""K"": 500, ""c"": 6.0, ""exploration_rate"": 0.1, ""gamma"": 0.5, ""gp_rate"": 0.5, ""lm_iterations"": 10, ""max_constants"": 999, ""max_depth"": 6, ""max_evals"": 2000000, ""max_unary"": 999, ""mutation_rate"": 0.1, ""ops"": [""+"", ""-"", ""*"", ""/"", ""sin"", ""cos"", ""exp"", ""log"", ""R""], ""succ_error_tol"": 1e-06}",0.5
imcts,Jin,1,Jin-1,expression,20,1685,200,100,100,2,"[""x0"", ""x1""]",2.5*x[0]**4 - 1.3*x[0]**3 + 0.5*x[1]**2 - 1.7*x[1],0.9999998807907104,True,0.9999999999999996,0.9999999999999997,16.0,97580,7.491309029050171,0.0,0,2.49999994065 * ((x1 * 0.199999992647 + 1.08985930445e-09 * x0) * (-3.40000045351 + x1) - (x0 * x0 + 6.75631837381e-08) * x0 * (0.520000027951 - x0)),2.49999994065 * ((x1 * 0.199999992647 + 1.08985930445e-09 * x0) * (-3.40000045351 + x1) - (x0 * x0 + 6.75631837381e-08) * x0 * (0.520000027951 - x0)),x0**3*(2.5*x0 - 1.3) + 0.4999999816175*x1*(x1 - 3.4),"[2.499999940647814, 0.19999999264724852, 1.089859304448891e-09, -3.4000004535140342, 6.756318373812162e-08, 0.5200000279514027]","{""K"": 500, ""c"": 6.0, ""exploration_rate"": 0.1, ""gamma"": 0.5, ""gp_rate"": 0.5, ""lm_iterations"": 10, ""max_constants"": 999, ""max_depth"": 6, ""max_evals"": 2000000, ""max_unary"": 999, ""mutation_rate"": 0.1, ""ops"": [""+"", ""-"", ""*"", ""/"", ""sin"", ""cos"", ""exp"", ""log"", ""R""], ""succ_error_tol"": 1e-06}","{""K"": 500, ""c"": 6.0, ""exploration_rate"": 0.1, ""gamma"": 0.5, ""gp_rate"": 0.5, ""lm_iterations"": 10, ""max_constants"": 999, ""max_depth"": 6, ""max_evals"": 2000000, ""max_unary"": 999, ""mutation_rate"": 0.1, ""ops"": [""+"", ""-"", ""*"", ""/"", ""sin"", ""cos"", ""exp"", ""log"", ""R""], ""succ_error_tol"": 1e-06}",0.5
imcts,Jin,1,Jin-1,expression,21,32052,200,100,100,2,"[""x0"", ""x1""]",2.5*x[0]**4 - 1.3*x[0]**3 + 0.5*x[1]**2 - 1.7*x[1],0.9999998807907104,True,0.9999999999999987,0.9999999999999986,17.0,88800,7.253511344024446,0.0,0,x0 * x0 * (x0 - 0.520000927034) * (2.50000018351 * x0 + 2.28644214121e-06) - 0.500000292872 * (3.39999825823 - x1) * x1,x0 * x0 * (x0 - 0.520000927034) * (2.50000018351 * x0 + 2.28644214121e-06) - 0.500000292872 * (3.39999825823 - x1) * x1,x0**3*(2.5*x0 - 1.3) + x1*(0.5*x1 - 1.7),"[0.5200009270340121, 2.5000001835136114, 2.2864421412149656e-06, 0.5000002928722972, 3.3999982582292003, 1.0]","{""K"": 500, ""c"": 6.0, ""exploration_rate"": 0.1, ""gamma"": 0.5, ""gp_rate"": 0.5, ""lm_iterations"": 10, ""max_constants"": 999, ""max_depth"": 6, ""max_evals"": 2000000, ""max_unary"": 999, ""mutation_rate"": 0.1, ""ops"": [""+"", ""-"", ""*"", ""/"", ""sin"", ""cos"", ""exp"", ""log"", ""R""], ""succ_error_tol"": 1e-06}","{""K"": 500, ""c"": 6.0, ""exploration_rate"": 0.1, ""gamma"": 0.5, ""gp_rate"": 0.5, ""lm_iterations"": 10, ""max_constants"": 999, ""max_depth"": 6, ""max_evals"": 2000000, ""max_unary"": 999, ""mutation_rate"": 0.1, ""ops"": [""+"", ""-"", ""*"", ""/"", ""sin"", ""cos"", ""exp"", ""log"", ""R""], ""succ_error_tol"": 1e-06}",0.5
imcts,Jin,1,Jin-1,expression,22,769,200,100,100,2,"[""x0"", ""x1""]",2.5*x[0]**4 - 1.3*x[0]**3 + 0.5*x[1]**2 - 1.7*x[1],0.9999998807907104,True,0.9999999999999986,0.9999999999999987,17.0,58445,4.510976185963955,0.0,0,(x0 + -3.39999738887 - (x0 - x1)) * 0.500000198868 * x0 * x1 / x0 - (x0 / -1.92307678443 + x0 * x0) * x0 * -2.49999994348 * x0,(x0 + -3.39999738887 - (x0 - x1)) * 0.500000198868 * x0 * x1 / x0 - (x0 / -1.92307678443 + x0 * x0) * x0 * -2.49999994348 * x0,x0**3*(2.5*x0 - 1.3) + x1*(0.5*x1 - 1.7),"[1.0, -3.3999973888740778, 0.5000001988681527, 1.0, -1.9230767844337748, -2.4999999434783695]","{""K"": 500, ""c"": 6.0, ""exploration_rate"": 0.1, ""gamma"": 0.5, ""gp_rate"": 0.5, ""lm_iterations"": 10, ""max_constants"": 999, ""max_depth"": 6, ""max_evals"": 2000000, ""max_unary"": 999, ""mutation_rate"": 0.1, ""ops"": [""+"", ""-"", ""*"", ""/"", ""sin"", ""cos"", ""exp"", ""log"", ""R""], ""succ_error_tol"": 1e-06}","{""K"": 500, ""c"": 6.0, ""exploration_rate"": 0.1, ""gamma"": 0.5, ""gp_rate"": 0.5, ""lm_iterations"": 10, ""max_constants"": 999, ""max_depth"": 6, ""max_evals"": 2000000, ""max_unary"": 999, ""mutation_rate"": 0.1, ""ops"": [""+"", ""-"", ""*"", ""/"", ""sin"", ""cos"", ""exp"", ""log"", ""R""], ""succ_error_tol"": 1e-06}",0.5
imcts,Jin,1,Jin-1,expression,23,26967,200,100,100,2,"[""x0"", ""x1""]",2.5*x[0]**4 - 1.3*x[0]**3 + 0.5*x[1]**2 - 1.7*x[1],0.9999998807907104,True,0.9999999999999967,0.9999999999999971,17.0,80944,6.342721468012314,0.0,0,x1 * (-1.69999959635 - -0.757446600391 * x1 / 1.51489392411) - x0 / (0.608449272104 / x0) * (-1.20435736484e-06 - 1.52112296848 * x0 * (x0 + -0.520000021726)),x1 * (-1.69999959635 - -0.757446600391 * x1 / 1.51489392411) - x0 / (0.608449272104 / x0) * (-1.20435736484e-06 - 1.52112296848 * x0 * (x0 + -0.520000021726)),x0**3*(2.50079152093367*x0 - 1.3004604344699) + x1*(0.5*x1 - 1.7),"[-1.6999995963519359, -0.3229903152523765, -0.434456285138168, 1.5148939241067219, 0.6084492721036671, -1.2043573648383835e-06, 1.5211229684777647, -0.520000021725797]","{""K"": 500, ""c"": 6.0, ""exploration_rate"": 0.1, ""gamma"": 0.5, ""gp_rate"": 0.5, ""lm_iterations"": 10, ""max_constants"": 999, ""max_depth"": 6, ""max_evals"": 2000000, ""max_unary"": 999, ""mutation_rate"": 0.1, ""ops"": [""+"", ""-"", ""*"", ""/"", ""sin"", ""cos"", ""exp"", ""log"", ""R""], ""succ_error_tol"": 1e-06}","{""K"": 500, ""c"": 6.0, ""exploration_rate"": 0.1, ""gamma"": 0.5, ""gp_rate"": 0.5, ""lm_iterations"": 10, ""max_constants"": 999, ""max_depth"": 6, ""max_evals"": 2000000, ""max_unary"": 999, ""mutation_rate"": 0.1, ""ops"": [""+"", ""-"", ""*"", ""/"", ""sin"", ""cos"", ""exp"", ""log"", ""R""], ""succ_error_tol"": 1e-06}",0.5
imcts,Jin,1,Jin-1,expression,24,30187,200,100,100,2,"[""x0"", ""x1""]",2.5*x[0]**4 - 1.3*x[0]**3 + 0.5*x[1]**2 - 1.7*x[1],0.9999998807907104,True,0.9999999999941327,0.9999999999939196,16.0,180887,15.604361061996315,0.0,0,(x0 - 1.25475245142 + 0.734751609652) * x0 * 2.50005720559 * (x0 + 5.9332411109e-06) * x0 * 0.999977179084 + -1.78867299514e-07 - x0 * -0.500000327712 / (x0 / x1) * (x1 + -3.39999792153),(x0 - 1.25475245142 + 0.734751609652) * x0 * 2.50005720559 * (x0 + 5.9332411109e-06) * x0 * 0.999977179084 + -1.78867299514e-07 - x0 * -0.500000327712 / (x0 / x1) * (x1 + -3.39999792153),x0**3*(2.5*x0 - 1.3) + 0.5*x1*(x1 - 3.4),"[1.254752451419379, 0.7347516096521574, 2.500057205587755, -12.034939932561711, 0.9999771790842261, -1.788672995140089e-07, -0.5000003277120809, -3.399997921527227]","{""K"": 500, ""c"": 6.0, ""exploration_rate"": 0.1, ""gamma"": 0.5, ""gp_rate"": 0.5, ""lm_iterations"": 10, ""max_constants"": 999, ""max_depth"": 6, ""max_evals"": 2000000, ""max_unary"": 999, ""mutation_rate"": 0.1, ""ops"": [""+"", ""-"", ""*"", ""/"", ""sin"", ""cos"", ""exp"", ""log"", ""R""], ""succ_error_tol"": 1e-06}","{""K"": 500, ""c"": 6.0, ""exploration_rate"": 0.1, ""gamma"": 0.5, ""gp_rate"": 0.5, ""lm_iterations"": 10, ""max_constants"": 999, ""max_depth"": 6, ""max_evals"": 2000000, ""max_unary"": 999, ""mutation_rate"": 0.1, ""ops"": [""+"", ""-"", ""*"", ""/"", ""sin"", ""cos"", ""exp"", ""log"", ""R""], ""succ_error_tol"": 1e-06}",0.5
imcts,Jin,1,Jin-1,expression,25,32157,200,100,100,2,"[""x0"", ""x1""]",2.5*x[0]**4 - 1.3*x[0]**3 + 0.5*x[1]**2 - 1.7*x[1],0.9999998807907104,True,0.9999999999999996,0.9999999999999993,16.0,62120,4.496445720025804,0.0,0,(x1 - 5.36350350011e-07 * x0) * 0.500000094087 * (-3.39999891754 + x1) + x0 * 2.49999998456 * (-0.520000094545 + x0) * x0 * x0,(x1 - 5.36350350011e-07 * x0) * 0.500000094087 * (-3.39999891754 + x1) + x0 * 2.49999998456 * (-0.520000094545 + x0) * x0 * x0,x0**3*(2.5*x0 - 1.3) + 0.5*x1*(x1 - 3.4),"[5.363503500109818e-07, 0.5000000940873134, -3.399998917537652, 2.499999984561065, -0.520000094545315]","{""K"": 500, ""c"": 6.0, ""exploration_rate"": 0.1, ""gamma"": 0.5, ""gp_rate"": 0.5, ""lm_iterations"": 10, ""max_constants"": 999, ""max_depth"": 6, ""max_evals"": 2000000, ""max_unary"": 999, ""mutation_rate"": 0.1, ""ops"": [""+"", ""-"", ""*"", ""/"", ""sin"", ""cos"", ""exp"", ""log"", ""R""], ""succ_error_tol"": 1e-06}","{""K"": 500, ""c"": 6.0, ""exploration_rate"": 0.1, ""gamma"": 0.5, ""gp_rate"": 0.5, ""lm_iterations"": 10, ""max_constants"": 999, ""max_depth"": 6, ""max_evals"": 2000000, ""max_unary"": 999, ""mutation_rate"": 0.1, ""ops"": [""+"", ""-"", ""*"", ""/"", ""sin"", ""cos"", ""exp"", ""log"", ""R""], ""succ_error_tol"": 1e-06}",0.5
imcts,Jin,1,Jin-1,expression,26,23333,200,100,100,2,"[""x0"", ""x1""]",2.5*x[0]**4 - 1.3*x[0]**3 + 0.5*x[1]**2 - 1.7*x[1],0.9999998807907104,True,0.999999999999999,0.9999999999999988,17.0,72146,5.883272195991594,0.0,0,(0.520000050636 - x0) * x0 * -2.50000003622 * x0 * x0 - (x0 * 1.69999980135 - x0 * x1 * 0.499999871605) * (6.55960704436e-08 + x1) / x0,(0.520000050636 - x0) * x0 * -2.50000003622 * x0 * x0 - (x0 * 1.69999980135 - x0 * x1 * 0.499999871605) * (6.55960704436e-08 + x1) / x0,x0**3*(2.5*x0 - 1.3) + x1*(0.5*x1 - 1.7),"[0.5200000506363975, -2.500000036223138, 1.0000000000000002, 1.6999998013483248, 0.49999987160509807, 6.559607044360983e-08]","{""K"": 500, ""c"": 6.0, ""exploration_rate"": 0.1, ""gamma"": 0.5, ""gp_rate"": 0.5, ""lm_iterations"": 10, ""max_constants"": 999, ""max_depth"": 6, ""max_evals"": 2000000, ""max_unary"": 999, ""mutation_rate"": 0.1, ""ops"": [""+"", ""-"", ""*"", ""/"", ""sin"", ""cos"", ""exp"", ""log"", ""R""], ""succ_error_tol"": 1e-06}","{""K"": 500, ""c"": 6.0, ""exploration_rate"": 0.1, ""gamma"": 0.5, ""gp_rate"": 0.5, ""lm_iterations"": 10, ""max_constants"": 999, ""max_depth"": 6, ""max_evals"": 2000000, ""max_unary"": 999, ""mutation_rate"": 0.1, ""ops"": [""+"", ""-"", ""*"", ""/"", ""sin"", ""cos"", ""exp"", ""log"", ""R""], ""succ_error_tol"": 1e-06}",0.5
imcts,Jin,1,Jin-1,expression,27,2433,200,100,100,2,"[""x0"", ""x1""]",2.5*x[0]**4 - 1.3*x[0]**3 + 0.5*x[1]**2 - 1.7*x[1],0.9999998807907104,True,0.9999999999999968,0.9999999999999979,16.0,85713,7.179935330001172,0.0,0,(x0 * x0 * (x0 - 0.519999904278) * 1.19370182031 - (x1 + -3.39999940579) / (x0 / -0.238740407403 / x1)) * (4.19033291663e-10 + x0 / 0.935944469604) * 1.96017229984,(x0 * x0 * (x0 - 0.519999904278) * 1.19370182031 - (x1 + -3.39999940579) / (x0 / -0.238740407403 / x1)) * (4.19033291663e-10 + x0 / 0.935944469604) * 1.96017229984,x0**3*(2.50054715174972*x0 - 1.30033335772141) + 0.500518434177668*x1*(x1 - 3.4),"[0.5199999042784288, 1.193701820307522, -3.3999994057901475, -0.23874040740272542, 4.190332916632923e-10, 0.9359444696041874, 0.9800861499179501, 0.9800861499179501]","{""K"": 500, ""c"": 6.0, ""exploration_rate"": 0.1, ""gamma"": 0.5, ""gp_rate"": 0.5, ""lm_iterations"": 10, ""max_constants"": 999, ""max_depth"": 6, ""max_evals"": 2000000, ""max_unary"": 999, ""mutation_rate"": 0.1, ""ops"": [""+"", ""-"", ""*"", ""/"", ""sin"", ""cos"", ""exp"", ""log"", ""R""], ""succ_error_tol"": 1e-06}","{""K"": 500, ""c"": 6.0, ""exploration_rate"": 0.1, ""gamma"": 0.5, ""gp_rate"": 0.5, ""lm_iterations"": 10, ""max_constants"": 999, ""max_depth"": 6, ""max_evals"": 2000000, ""max_unary"": 999, ""mutation_rate"": 0.1, ""ops"": [""+"", ""-"", ""*"", ""/"", ""sin"", ""cos"", ""exp"", ""log"", ""R""], ""succ_error_tol"": 1e-06}",0.5
imcts,Jin,1,Jin-1,expression,28,5311,200,100,100,2,"[""x0"", ""x1""]",2.5*x[0]**4 - 1.3*x[0]**3 + 0.5*x[1]**2 - 1.7*x[1],0.9999998807907104,True,0.9999999999999989,0.9999999999999967,16.0,60086,4.604821884015109,0.0,0,(x0 - 0.520000094848) * x0 * x0 * x0 * 2.49999989874 - x1 * -0.500000322961 * (x1 + -3.3999981501),(x0 - 0.520000094848) * x0 * x0 * x0 * 2.49999989874 - x1 * -0.500000322961 * (x1 + -3.3999981501),x0**3*(2.5*x0 - 1.3) + 0.5*x1*(x1 - 3.4),"[0.5200000948478162, 2.4999998987447807, -0.5000003229610044, -3.3999981501011027]","{""K"": 500, ""c"": 6.0, ""exploration_rate"": 0.1, ""gamma"": 0.5, ""gp_rate"": 0.5, ""lm_iterations"": 10, ""max_constants"": 999, ""max_depth"": 6, ""max_evals"": 2000000, ""max_unary"": 999, ""mutation_rate"": 0.1, ""ops"": [""+"", ""-"", ""*"", ""/"", ""sin"", ""cos"", ""exp"", ""log"", ""R""], ""succ_error_tol"": 1e-06}","{""K"": 500, ""c"": 6.0, ""exploration_rate"": 0.1, ""gamma"": 0.5, ""gp_rate"": 0.5, ""lm_iterations"": 10, ""max_constants"": 999, ""max_depth"": 6, ""max_evals"": 2000000, ""max_unary"": 999, ""mutation_rate"": 0.1, ""ops"": [""+"", ""-"", ""*"", ""/"", ""sin"", ""cos"", ""exp"", ""log"", ""R""], ""succ_error_tol"": 1e-06}",0.5
imcts,Jin,1,Jin-1,expression,29,5051,200,100,100,2,"[""x0"", ""x1""]",2.5*x[0]**4 - 1.3*x[0]**3 + 0.5*x[1]**2 - 1.7*x[1],0.9999998807907104,True,0.9999999999999984,0.9999999999999984,16.0,101367,7.771674157003872,0.0,0,x0 / 0.400000011807 * x0 * x0 * (-0.520000022233 + x0) - (0.500000143374 * x1 + x0 - x0 + x0 * 6.62303817905e-08) * (3.39999977632 - x1),x0 / 0.400000011807 * x0 * x0 * (-0.520000022233 + x0) - (0.500000143374 * x1 + x0 - x0 + x0 * 6.62303817905e-08) * (3.39999977632 - x1),x0**3*(2.5*x0 - 1.3) + 0.5*x1*(x1 - 3.4),"[0.4000000118067319, -0.5200000222332825, 0.5000001433742677, 6.623038179050905e-08, 3.3999997763205427]","{""K"": 500, ""c"": 6.0, ""exploration_rate"": 0.1, ""gamma"": 0.5, ""gp_rate"": 0.5, ""lm_iterations"": 10, ""max_constants"": 999, ""max_depth"": 6, ""max_evals"": 2000000, ""max_unary"": 999, ""mutation_rate"": 0.1, ""ops"": [""+"", ""-"", ""*"", ""/"", ""sin"", ""cos"", ""exp"", ""log"", ""R""], ""succ_error_tol"": 1e-06}","{""K"": 500, ""c"": 6.0, ""exploration_rate"": 0.1, ""gamma"": 0.5, ""gp_rate"": 0.5, ""lm_iterations"": 10, ""max_constants"": 999, ""max_depth"": 6, ""max_evals"": 2000000, ""max_unary"": 999, ""mutation_rate"": 0.1, ""ops"": [""+"", ""-"", ""*"", ""/"", ""sin"", ""cos"", ""exp"", ""log"", ""R""], ""succ_error_tol"": 1e-06}",0.5
imcts,Jin,1,Jin-1,expression,30,6420,200,100,100,2,"[""x0"", ""x1""]",2.5*x[0]**4 - 1.3*x[0]**3 + 0.5*x[1]**2 - 1.7*x[1],0.9999998807907104,True,0.999999999999998,0.999999999999998,18.0,65177,5.149558570003137,0.0,0,(4.15451283468 + x1 * -1.2219153008) / x0 * (x1 - -5.09729978889e-10 / x0) * x0 * -0.409193635049 - (-1.7013728554e-07 + x0 * x0) / 2.643212346 * (x0 + 3.43617663145 + -7.60803114989 * x0) * x0,(4.15451283468 + x1 * -1.2219153008) / x0 * (x1 - -5.09729978889e-10 / x0) * x0 * -0.409193635049 - (-1.7013728554e-07 + x0 * x0) / 2.643212346 * (x0 + 3.43617663145 + -7.60803114989 * x0) * x0,x0**3*(2.5*x0 - 1.3) + 0.409*x1*(1.22*x1 - 4.16),"[4.154512834684586, -1.2219153008028794, -5.097299788886278e-10, -0.4091936350491807, -1.7013728553969076e-07, 2.643212346001614, 3.436176631448888, -7.608031149887873]","{""K"": 500, ""c"": 6.0, ""exploration_rate"": 0.1, ""gamma"": 0.5, ""gp_rate"": 0.5, ""lm_iterations"": 10, ""max_constants"": 999, ""max_depth"": 6, ""max_evals"": 2000000, ""max_unary"": 999, ""mutation_rate"": 0.1, ""ops"": [""+"", ""-"", ""*"", ""/"", ""sin"", ""cos"", ""exp"", ""log"", ""R""], ""succ_error_tol"": 1e-06}","{""K"": 500, ""c"": 6.0, ""exploration_rate"": 0.1, ""gamma"": 0.5, ""gp_rate"": 0.5, ""lm_iterations"": 10, ""max_constants"": 999, ""max_depth"": 6, ""max_evals"": 2000000, ""max_unary"": 999, ""mutation_rate"": 0.1, ""ops"": [""+"", ""-"", ""*"", ""/"", ""sin"", ""cos"", ""exp"", ""log"", ""R""], ""succ_error_tol"": 1e-06}",0.5
imcts,Jin,1,Jin-1,expression,31,17568,200,100,100,2,"[""x0"", ""x1""]",2.5*x[0]**4 - 1.3*x[0]**3 + 0.5*x[1]**2 - 1.7*x[1],0.9999998807907104,True,0.9999999999999999,0.9999999999999998,16.0,120807,10.113935936999042,0.0,0,2.49999999154 * ((x0 + -0.520000000042) * x0 * x0 * x0 + (x1 + -3.39999860663) / (4.99999861644 / (1.20667282802e-07 + x1))),2.49999999154 * ((x0 + -0.520000000042) * x0 * x0 * x0 + (x1 + -3.39999860663) / (4.99999861644 / (1.20667282802e-07 + x1))),x0**3*(2.5*x0 - 1.3) + 0.500000138356038*x1*(x1 - 3.4),"[2.4999999915417637, 4.165538029640134, -3.3999986066274737, 4.99999861644121, 1.2066728280169045e-07]","{""K"": 500, ""c"": 6.0, ""exploration_rate"": 0.1, ""gamma"": 0.5, ""gp_rate"": 0.5, ""lm_iterations"": 10, ""max_constants"": 999, ""max_depth"": 6, ""max_evals"": 2000000, ""max_unary"": 999, ""mutation_rate"": 0.1, ""ops"": [""+"", ""-"", ""*"", ""/"", ""sin"", ""cos"", ""exp"", ""log"", ""R""], ""succ_error_tol"": 1e-06}","{""K"": 500, ""c"": 6.0, ""exploration_rate"": 0.1, ""gamma"": 0.5, ""gp_rate"": 0.5, ""lm_iterations"": 10, ""max_constants"": 999, ""max_depth"": 6, ""max_evals"": 2000000, ""max_unary"": 999, ""mutation_rate"": 0.1, ""ops"": [""+"", ""-"", ""*"", ""/"", ""sin"", ""cos"", ""exp"", ""log"", ""R""], ""succ_error_tol"": 1e-06}",0.5
imcts,Jin,1,Jin-1,expression,32,20939,200,100,100,2,"[""x0"", ""x1""]",2.5*x[0]**4 - 1.3*x[0]**3 + 0.5*x[1]**2 - 1.7*x[1],0.9999998807907104,True,0.9999999999999954,0.9999999999999954,18.0,64193,4.585368034022395,0.0,0,(1.70671219906 - 0.501974411936 * x1) * (-0.996067134759 * (2.61666464985e-07 + x1) + x0 * 1.18319293866e-06) + (1.06311162869 - 2.04444529422 * x0) * x0 * x0 * x0 * -1.22282555584,(1.70671219906 - 0.501974411936 * x1) * (-0.996067134759 * (2.61666464985e-07 + x1) + x0 * 1.18319293866e-06) + (1.06311162869 - 2.04444529422 * x0) * x0 * x0 * x0 * -1.22282555584,x0**3*(2.5*x0 - 1.3) + 0.996*x1*(0.502*x1 - 1.71),"[1.7067121990552732, 1.044916192254299, 3.230310699697744, 2.6166646498516266e-07, 1.183192938660146e-06, 1.0631116286911924, 2.044445294218269, -1.2228255558445287]","{""K"": 500, ""c"": 6.0, ""exploration_rate"": 0.1, ""gamma"": 0.5, ""gp_rate"": 0.5, ""lm_iterations"": 10, ""max_constants"": 999, ""max_depth"": 6, ""max_evals"": 2000000, ""max_unary"": 999, ""mutation_rate"": 0.1, ""ops"": [""+"", ""-"", ""*"", ""/"", ""sin"", ""cos"", ""exp"", ""log"", ""R""], ""succ_error_tol"": 1e-06}","{""K"": 500, ""c"": 6.0, ""exploration_rate"": 0.1, ""gamma"": 0.5, ""gp_rate"": 0.5, ""lm_iterations"": 10, ""max_constants"": 999, ""max_depth"": 6, ""max_evals"": 2000000, ""max_unary"": 999, ""mutation_rate"": 0.1, ""ops"": [""+"", ""-"", ""*"", ""/"", ""sin"", ""cos"", ""exp"", ""log"", ""R""], ""succ_error_tol"": 1e-06}",0.5
imcts,Jin,1,Jin-1,expression,33,19769,200,100,100,2,"[""x0"", ""x1""]",2.5*x[0]**4 - 1.3*x[0]**3 + 0.5*x[1]**2 - 1.7*x[1],0.9999998807907104,True,0.9999999999999996,0.9999999999999993,17.0,35283,2.5463092050049454,0.0,0,x0 * 2.49999998707 * (x0 + -0.519999956443) * x0 * x0 - (x1 + -3.90022403454e-07) / (1.99999991617 / (3.3999993658 - x1)),x0 * 2.49999998707 * (x0 + -0.519999956443) * x0 * x0 - (x1 + -3.90022403454e-07) / (1.99999991617 / (3.3999993658 - x1)),x0**3*(2.5*x0 - 1.3) + x1*(0.5*x1 - 1.7),"[2.499999987066485, -0.519999956442884, -3.900224034536365e-07, 0.693147138643734, 3.3999993658039123]","{""K"": 500, ""c"": 6.0, ""exploration_rate"": 0.1, ""gamma"": 0.5, ""gp_rate"": 0.5, ""lm_iterations"": 10, ""max_constants"": 999, ""max_depth"": 6, ""max_evals"": 2000000, ""max_unary"": 999, ""mutation_rate"": 0.1, ""ops"": [""+"", ""-"", ""*"", ""/"", ""sin"", ""cos"", ""exp"", ""log"", ""R""], ""succ_error_tol"": 1e-06}","{""K"": 500, ""c"": 6.0, ""exploration_rate"": 0.1, ""gamma"": 0.5, ""gp_rate"": 0.5, ""lm_iterations"": 10, ""max_constants"": 999, ""max_depth"": 6, ""max_evals"": 2000000, ""max_unary"": 999, ""mutation_rate"": 0.1, ""ops"": [""+"", ""-"", ""*"", ""/"", ""sin"", ""cos"", ""exp"", ""log"", ""R""], ""succ_error_tol"": 1e-06}",0.5
imcts,Jin,1,Jin-1,expression,34,28693,200,100,100,2,"[""x0"", ""x1""]",2.5*x[0]**4 - 1.3*x[0]**3 + 0.5*x[1]**2 - 1.7*x[1],0.9999998807907104,True,0.9999999999999992,0.9999999999999992,20.0,109406,8.213267575018108,0.0,0,x1 * (0.364155091751 - x1 / 5.72084601255 * -2.86042243123) + 7.26378546743e-08 * x0 - 1.39413441125 * x1 * 1.4805993278 - -2.50000001204 * x0 * x0 * (-0.520000047264 + x0) * x0,x1 * (0.364155091751 - x1 / 5.72084601255 * -2.86042243123) + 7.26378546743e-08 * x0 - 1.39413441125 * x1 * 1.4805993278 - -2.50000001204 * x0 * x0 * (-0.520000047264 + x0) * x0,x0**3*(2.5*x0 - 1.3) + x1*(0.5*x1 + 0.364) - 2.06*x1,"[0.36415509175077565, 5.720846012553496, -2.2452046804238406, -0.6152177508052626, 7.263785467428187e-08, 1.39413441124571, 1.4805993278044913, -2.500000012039639, -0.5200000472636976]","{""K"": 500, ""c"": 6.0, ""exploration_rate"": 0.1, ""gamma"": 0.5, ""gp_rate"": 0.5, ""lm_iterations"": 10, ""max_constants"": 999, ""max_depth"": 6, ""max_evals"": 2000000, ""max_unary"": 999, ""mutation_rate"": 0.1, ""ops"": [""+"", ""-"", ""*"", ""/"", ""sin"", ""cos"", ""exp"", ""log"", ""R""], ""succ_error_tol"": 1e-06}","{""K"": 500, ""c"": 6.0, ""exploration_rate"": 0.1, ""gamma"": 0.5, ""gp_rate"": 0.5, ""lm_iterations"": 10, ""max_constants"": 999, ""max_depth"": 6, ""max_evals"": 2000000, ""max_unary"": 999, ""mutation_rate"": 0.1, ""ops"": [""+"", ""-"", ""*"", ""/"", ""sin"", ""cos"", ""exp"", ""log"", ""R""], ""succ_error_tol"": 1e-06}",0.5
imcts,Jin,1,Jin-1,expression,35,6396,200,100,100,2,"[""x0"", ""x1""]",2.5*x[0]**4 - 1.3*x[0]**3 + 0.5*x[1]**2 - 1.7*x[1],0.9999998807907104,True,0.9999999999999952,0.9999999999999953,18.0,75804,6.065579809015617,0.0,0,(-2.28083964144 * x0 + 4.38622043738 * x0 * x0) * (1.15479737247e-06 + x0) * x0 * 0.569966865685 + 0.499999553532 * x1 * x1 - (1.6999996136 * x1 + -2.04806949051e-06),(-2.28083964144 * x0 + 4.38622043738 * x0 * x0) * (1.15479737247e-06 + x0) * x0 * 0.569966865685 + 0.499999553532 * x1 * x1 - (1.6999996136 * x1 + -2.04806949051e-06),x0**3*(2.5*x0 - 1.3) + 0.5*x1**2 - 1.7*x1,"[-2.28083964143725, 4.386220437381903, 1.1547973724744e-06, 1.7682084619862442, 0.4999995535315714, 1.6999996135984432, -2.048069490512649e-06]","{""K"": 500, ""c"": 6.0, ""exploration_rate"": 0.1, ""gamma"": 0.5, ""gp_rate"": 0.5, ""lm_iterations"": 10, ""max_constants"": 999, ""max_depth"": 6, ""max_evals"": 2000000, ""max_unary"": 999, ""mutation_rate"": 0.1, ""ops"": [""+"", ""-"", ""*"", ""/"", ""sin"", ""cos"", ""exp"", ""log"", ""R""], ""succ_error_tol"": 1e-06}","{""K"": 500, ""c"": 6.0, ""exploration_rate"": 0.1, ""gamma"": 0.5, ""gp_rate"": 0.5, ""lm_iterations"": 10, ""max_constants"": 999, ""max_depth"": 6, ""max_evals"": 2000000, ""max_unary"": 999, ""mutation_rate"": 0.1, ""ops"": [""+"", ""-"", ""*"", ""/"", ""sin"", ""cos"", ""exp"", ""log"", ""R""], ""succ_error_tol"": 1e-06}",0.5
imcts,Jin,1,Jin-1,expression,36,29419,200,100,100,2,"[""x0"", ""x1""]",2.5*x[0]**4 - 1.3*x[0]**3 + 0.5*x[1]**2 - 1.7*x[1],0.9999999403953552,True,0.999999999999996,0.999999999999995,18.0,121315,9.78864658396924,0.0,0,(-1.29999987354 * x0 - x0 * x0 * -2.49999983066) * (x0 * x0 - (1.03842242826 - x1) * -1.31822076673e-07) - (3.39999813506 - x1) * 1.00000007414 * x1 * 0.499999979166 / x0 * x0,(-1.29999987354 * x0 - x0 * x0 * -2.49999983066) * (x0 * x0 - (1.03842242826 - x1) * -1.31822076673e-07) - (3.39999813506 - x1) * 1.00000007414 * x1 * 0.499999979166 / x0 * x0,x0**3*(2.5*x0 - 1.3) + 0.5*x1*(1.0*x1 - 3.4),"[-1.2999998735386424, -2.4999998306631332, 1.0384224282633756, -1.3182207667290808e-07, 3.399998135055292, 1.000000074140179, 0.4999999791661428]","{""K"": 500, ""c"": 6.0, ""exploration_rate"": 0.1, ""gamma"": 0.5, ""gp_rate"": 0.5, ""lm_iterations"": 10, ""max_constants"": 999, ""max_depth"": 6, ""max_evals"": 2000000, ""max_unary"": 999, ""mutation_rate"": 0.1, ""ops"": [""+"", ""-"", ""*"", ""/"", ""sin"", ""cos"", ""exp"", ""log"", ""R""], ""succ_error_tol"": 1e-06}","{""K"": 500, ""c"": 6.0, ""exploration_rate"": 0.1, ""gamma"": 0.5, ""gp_rate"": 0.5, ""lm_iterations"": 10, ""max_constants"": 999, ""max_depth"": 6, ""max_evals"": 2000000, ""max_unary"": 999, ""mutation_rate"": 0.1, ""ops"": [""+"", ""-"", ""*"", ""/"", ""sin"", ""cos"", ""exp"", ""log"", ""R""], ""succ_error_tol"": 1e-06}",0.5
imcts,Jin,1,Jin-1,expression,37,27480,200,100,100,2,"[""x0"", ""x1""]",2.5*x[0]**4 - 1.3*x[0]**3 + 0.5*x[1]**2 - 1.7*x[1],0.9999998807907104,True,0.9999999999999991,0.9999999999999987,17.0,142276,11.62682029203279,0.0,0,x0 * (x0 + -0.51999996005) * 2.50000001494 * x0 * x0 + -1.00000074295 * x0 + x0 + (-3.40000030818 + x1) * 0.499999673747 * x1,x0 * (x0 + -0.51999996005) * 2.50000001494 * x0 * x0 + -1.00000074295 * x0 + x0 + (-3.40000030818 + x1) * 0.499999673747 * x1,x0**3*(2.5*x0 - 1.3) + x1*(0.5*x1 - 1.7),"[-0.519999960049815, 2.500000014942811, -1.0000007429518711, -3.4000003081799033, 0.4999996737469727]","{""K"": 500, ""c"": 6.0, ""exploration_rate"": 0.1, ""gamma"": 0.5, ""gp_rate"": 0.5, ""lm_iterations"": 10, ""max_constants"": 999, ""max_depth"": 6, ""max_evals"": 2000000, ""max_unary"": 999, ""mutation_rate"": 0.1, ""ops"": [""+"", ""-"", ""*"", ""/"", ""sin"", ""cos"", ""exp"", ""log"", ""R""], ""succ_error_tol"": 1e-06}","{""K"": 500, ""c"": 6.0, ""exploration_rate"": 0.1, ""gamma"": 0.5, ""gp_rate"": 0.5, ""lm_iterations"": 10, ""max_constants"": 999, ""max_depth"": 6, ""max_evals"": 2000000, ""max_unary"": 999, ""mutation_rate"": 0.1, ""ops"": [""+"", ""-"", ""*"", ""/"", ""sin"", ""cos"", ""exp"", ""log"", ""R""], ""succ_error_tol"": 1e-06}",0.5
imcts,Jin,1,Jin-1,expression,38,32304,200,100,100,2,"[""x0"", ""x1""]",2.5*x[0]**4 - 1.3*x[0]**3 + 0.5*x[1]**2 - 1.7*x[1],0.9999998807907104,True,0.9999999999908458,0.9999999999933843,16.0,97491,8.06651008699555,0.0,0,(x0 * -1.0000000408 - (1.24999982808 - x0)) * (-1.73433718803e-06 + x0) * x0 * (x0 - (x0 + x0) * (-0.0199985140213 + x0)) + 0.00015034793343 - (x0 * -4.19112428301e-08 - 0.499999917987) * (-3.40000212442 + x1) * x1,(x0 * -1.0000000408 - (1.24999982808 - x0)) * (-1.73433718803e-06 + x0) * x0 * (x0 - (x0 + x0) * (-0.0199985140213 + x0)) + 0.00015034793343 - (x0 * -4.19112428301e-08 - 0.499999917987) * (-3.40000212442 + x1) * x1,x0**3*(2.5*x0 - 1.3) + 0.5*x1*(x1 - 3.4),"[-1.0000000408006924, 1.2499998280813827, -1.7343371880258824e-06, -0.019998514021260648, -8.802558389920565, -4.191124283010909e-08, 0.4999999179872724, -3.4000021244164453]","{""K"": 500, ""c"": 6.0, ""exploration_rate"": 0.1, ""gamma"": 0.5, ""gp_rate"": 0.5, ""lm_iterations"": 10, ""max_constants"": 999, ""max_depth"": 6, ""max_evals"": 2000000, ""max_unary"": 999, ""mutation_rate"": 0.1, ""ops"": [""+"", ""-"", ""*"", ""/"", ""sin"", ""cos"", ""exp"", ""log"", ""R""], ""succ_error_tol"": 1e-06}","{""K"": 500, ""c"": 6.0, ""exploration_rate"": 0.1, ""gamma"": 0.5, ""gp_rate"": 0.5, ""lm_iterations"": 10, ""max_constants"": 999, ""max_depth"": 6, ""max_evals"": 2000000, ""max_unary"": 999, ""mutation_rate"": 0.1, ""ops"": [""+"", ""-"", ""*"", ""/"", ""sin"", ""cos"", ""exp"", ""log"", ""R""], ""succ_error_tol"": 1e-06}",0.5
imcts,Jin,1,Jin-1,expression,39,8666,200,100,100,2,"[""x0"", ""x1""]",2.5*x[0]**4 - 1.3*x[0]**3 + 0.5*x[1]**2 - 1.7*x[1],0.9999998807907104,True,0.9999999999912959,0.9999999999907994,18.0,107549,8.573680977977347,0.0,0,sin(x0) / 3948.10649416 + x0 * x0 * 2.50000004831 * x0 * (-0.519999932019 + x0) - (0.850000506897 - 0.125000014259 * (x1 + x1)) * (x1 + x1),sin(x0) / 3948.10649416 + x0 * x0 * 2.50000004831 * x0 * (-0.519999932019 + x0) - (0.850000506897 - 0.125000014259 * (x1 + x1)) * (x1 + x1),x0**3*(2.5*x0 - 1.3) + 2*x1*(0.25*x1 - 0.85),"[3948.1064941639256, 2.5000000483110147, -0.5199999320185558, 0.8500005068965187, 0.8138531208898081, 0.6888531066308474]","{""K"": 500, ""c"": 6.0, ""exploration_rate"": 0.1, ""gamma"": 0.5, ""gp_rate"": 0.5, ""lm_iterations"": 10, ""max_constants"": 999, ""max_depth"": 6, ""max_evals"": 2000000, ""max_unary"": 999, ""mutation_rate"": 0.1, ""ops"": [""+"", ""-"", ""*"", ""/"", ""sin"", ""cos"", ""exp"", ""log"", ""R""], ""succ_error_tol"": 1e-06}","{""K"": 500, ""c"": 6.0, ""exploration_rate"": 0.1, ""gamma"": 0.5, ""gp_rate"": 0.5, ""lm_iterations"": 10, ""max_constants"": 999, ""max_depth"": 6, ""max_evals"": 2000000, ""max_unary"": 999, ""mutation_rate"": 0.1, ""ops"": [""+"", ""-"", ""*"", ""/"", ""sin"", ""cos"", ""exp"", ""log"", ""R""], ""succ_error_tol"": 1e-06}",0.5
imcts,Jin,1,Jin-1,expression,40,25658,200,100,100,2,"[""x0"", ""x1""]",2.5*x[0]**4 - 1.3*x[0]**3 + 0.5*x[1]**2 - 1.7*x[1],0.9999998807907104,True,0.9999999999999993,0.9999999999999992,17.0,263897,25.755849261011463,0.0,0,-0.500000164123 * (3.39999870678 - x1) * x1 - (3.91743955366e-07 - (-0.519999927788 + x0) * x0) * (1.50000014083 * x0 * x0 + x0 * x0),-0.500000164123 * (3.39999870678 - x1) * x1 - (3.91743955366e-07 - (-0.519999927788 + x0) * x0) * (1.50000014083 * x0 * x0 + x0 * x0),x0**3*(2.5*x0 - 1.3) + x1*(0.5*x1 - 1.7),"[-0.5000001641234949, 3.3999987067802087, 3.917439553655218e-07, -0.5199999277880057, 1.500000140829469]","{""K"": 500, ""c"": 6.0, ""exploration_rate"": 0.1, ""gamma"": 0.5, ""gp_rate"": 0.5, ""lm_iterations"": 10, ""max_constants"": 999, ""max_depth"": 6, ""max_evals"": 2000000, ""max_unary"": 999, ""mutation_rate"": 0.1, ""ops"": [""+"", ""-"", ""*"", ""/"", ""sin"", ""cos"", ""exp"", ""log"", ""R""], ""succ_error_tol"": 1e-06}","{""K"": 500, ""c"": 6.0, ""exploration_rate"": 0.1, ""gamma"": 0.5, ""gp_rate"": 0.5, ""lm_iterations"": 10, ""max_constants"": 999, ""max_depth"": 6, ""max_evals"": 2000000, ""max_unary"": 999, ""mutation_rate"": 0.1, ""ops"": [""+"", ""-"", ""*"", ""/"", ""sin"", ""cos"", ""exp"", ""log"", ""R""], ""succ_error_tol"": 1e-06}",0.5
imcts,Jin,1,Jin-1,expression,41,18942,200,100,100,2,"[""x0"", ""x1""]",2.5*x[0]**4 - 1.3*x[0]**3 + 0.5*x[1]**2 - 1.7*x[1],0.9999998211860657,True,0.9999999999999883,0.9999999999999901,18.0,42211,2.968297582003288,0.0,0,(x0 * -0.999996965485 + x0 + -8.39125595757) * (-6.08610318609 + x1 * 1.79002719657) * 0.918201088752 * x1 * -0.0362530828766 + (x0 + x0 / 0.399999991 * (0.119999804681 - x0)) * (1.38855222111e-07 - x0 * x0),(x0 * -0.999996965485 + x0 + -8.39125595757) * (-6.08610318609 + x1 * 1.79002719657) * 0.918201088752 * x1 * -0.0362530828766 + (x0 + x0 / 0.399999991 * (0.119999804681 - x0)) * (1.38855222111e-07 - x0 * x0),x0**3*(2.5*x0 - 1.3) + 0.277*x1*(1.79*x1 - 6.09),"[-0.9999969654854648, -8.391255957571246, -6.086103186090671, 1.7900271965715382, 0.9182010887516056, -0.036253082876612955, 0.3999999909996281, 0.11999980468142832, 1.38855222111124e-07]","{""K"": 500, ""c"": 6.0, ""exploration_rate"": 0.1, ""gamma"": 0.5, ""gp_rate"": 0.5, ""lm_iterations"": 10, ""max_constants"": 999, ""max_depth"": 6, ""max_evals"": 2000000, ""max_unary"": 999, ""mutation_rate"": 0.1, ""ops"": [""+"", ""-"", ""*"", ""/"", ""sin"", ""cos"", ""exp"", ""log"", ""R""], ""succ_error_tol"": 1e-06}","{""K"": 500, ""c"": 6.0, ""exploration_rate"": 0.1, ""gamma"": 0.5, ""gp_rate"": 0.5, ""lm_iterations"": 10, ""max_constants"": 999, ""max_depth"": 6, ""max_evals"": 2000000, ""max_unary"": 999, ""mutation_rate"": 0.1, ""ops"": [""+"", ""-"", ""*"", ""/"", ""sin"", ""cos"", ""exp"", ""log"", ""R""], ""succ_error_tol"": 1e-06}",0.5
imcts,Jin,1,Jin-1,expression,42,24233,200,100,100,2,"[""x0"", ""x1""]",2.5*x[0]**4 - 1.3*x[0]**3 + 0.5*x[1]**2 - 1.7*x[1],0.9999998807907104,True,0.9999999999999981,0.9999999999999982,18.0,78300,6.001811491965782,0.0,0,x0 * x0 * -2.49999996351 * (x0 * 0.519999939941 - x0 * x0) - x1 / 0.588235109041 - x1 * -0.500000264537 * (x1 + 1 - 1 - -9.26416600631e-08 * x0 * exp(x0)),x0 * x0 * -2.49999996351 * (x0 * 0.519999939941 - x0 * x0) - x1 / 0.588235109041 - x1 * -0.500000264537 * (x1 + 1 - 1 - -9.26416600631e-08 * x0 * exp(x0)),x0**3*(2.5*x0 - 1.3) + 0.5*x1**2 - 1.7*x1,"[-2.499999963506439, 0.5199999399407071, 0.9419216301591312, 1.0, -0.5000002645368907, 1.0, 1.0, -9.264166006305365e-08]","{""K"": 500, ""c"": 6.0, ""exploration_rate"": 0.1, ""gamma"": 0.5, ""gp_rate"": 0.5, ""lm_iterations"": 10, ""max_constants"": 999, ""max_depth"": 6, ""max_evals"": 2000000, ""max_unary"": 999, ""mutation_rate"": 0.1, ""ops"": [""+"", ""-"", ""*"", ""/"", ""sin"", ""cos"", ""exp"", ""log"", ""R""], ""succ_error_tol"": 1e-06}","{""K"": 500, ""c"": 6.0, ""exploration_rate"": 0.1, ""gamma"": 0.5, ""gp_rate"": 0.5, ""lm_iterations"": 10, ""max_constants"": 999, ""max_depth"": 6, ""max_evals"": 2000000, ""max_unary"": 999, ""mutation_rate"": 0.1, ""ops"": [""+"", ""-"", ""*"", ""/"", ""sin"", ""cos"", ""exp"", ""log"", ""R""], ""succ_error_tol"": 1e-06}",0.5
imcts,Jin,1,Jin-1,expression,43,18431,200,100,100,2,"[""x0"", ""x1""]",2.5*x[0]**4 - 1.3*x[0]**3 + 0.5*x[1]**2 - 1.7*x[1],0.9999998807907104,True,0.999999999999999,0.9999999999999986,16.0,80059,5.9936780980206095,0.0,0,x0 * -2.48367089074 * 1.00657457611 * x0 * (0.51999993745 - x0) * x0 - 0.500000002509 * x1 * (3.39999928358 - x1),x0 * -2.48367089074 * 1.00657457611 * x0 * (0.51999993745 - x0) * x0 - 0.500000002509 * x1 * (3.39999928358 - x1),x0**3*(2.5*x0 - 1.3) + 0.5*x1*(x1 - 3.4),"[-2.4836708907416267, 1.0065745761111982, 0.5199999374498677, 1.500000002509328, 1.0, 1.0, 3.399999283576707]","{""K"": 500, ""c"": 6.0, ""exploration_rate"": 0.1, ""gamma"": 0.5, ""gp_rate"": 0.5, ""lm_iterations"": 10, ""max_constants"": 999, ""max_depth"": 6, ""max_evals"": 2000000, ""max_unary"": 999, ""mutation_rate"": 0.1, ""ops"": [""+"", ""-"", ""*"", ""/"", ""sin"", ""cos"", ""exp"", ""log"", ""R""], ""succ_error_tol"": 1e-06}","{""K"": 500, ""c"": 6.0, ""exploration_rate"": 0.1, ""gamma"": 0.5, ""gp_rate"": 0.5, ""lm_iterations"": 10, ""max_constants"": 999, ""max_depth"": 6, ""max_evals"": 2000000, ""max_unary"": 999, ""mutation_rate"": 0.1, ""ops"": [""+"", ""-"", ""*"", ""/"", ""sin"", ""cos"", ""exp"", ""log"", ""R""], ""succ_error_tol"": 1e-06}",0.5
imcts,Jin,1,Jin-1,expression,44,32219,200,100,100,2,"[""x0"", ""x1""]",2.5*x[0]**4 - 1.3*x[0]**3 + 0.5*x[1]**2 - 1.7*x[1],0.9999998807907104,True,0.9999999999999994,0.9999999999999994,17.0,78542,6.130630138970446,0.0,0,x1 * 0.500000024236 * (-5.39999924597 + x1) + x1 + (x0 + -0.519999664472) * x0 * (x0 + -3.43158131871e-07) * x0 * 2.49999989859,x1 * 0.500000024236 * (-5.39999924597 + x1) + x1 + (x0 + -0.519999664472) * x0 * (x0 + -3.43158131871e-07) * x0 * 2.49999989859,x0**3*(2.5*x0 - 1.3) + 0.5*x1*(x1 - 5.4) + x1,"[0.5000000242359092, -5.399999245968388, -0.5199996644719136, -3.431581318713107e-07, 2.4999998985925056]","{""K"": 500, ""c"": 6.0, ""exploration_rate"": 0.1, ""gamma"": 0.5, ""gp_rate"": 0.5, ""lm_iterations"": 10, ""max_constants"": 999, ""max_depth"": 6, ""max_evals"": 2000000, ""max_unary"": 999, ""mutation_rate"": 0.1, ""ops"": [""+"", ""-"", ""*"", ""/"", ""sin"", ""cos"", ""exp"", ""log"", ""R""], ""succ_error_tol"": 1e-06}","{""K"": 500, ""c"": 6.0, ""exploration_rate"": 0.1, ""gamma"": 0.5, ""gp_rate"": 0.5, ""lm_iterations"": 10, ""max_constants"": 999, ""max_depth"": 6, ""max_evals"": 2000000, ""max_unary"": 999, ""mutation_rate"": 0.1, ""ops"": [""+"", ""-"", ""*"", ""/"", ""sin"", ""cos"", ""exp"", ""log"", ""R""], ""succ_error_tol"": 1e-06}",0.5
imcts,Jin,1,Jin-1,expression,45,2747,200,100,100,2,"[""x0"", ""x1""]",2.5*x[0]**4 - 1.3*x[0]**3 + 0.5*x[1]**2 - 1.7*x[1],0.9999998807907104,True,0.999999999979225,0.9999999999767477,15.0,78403,6.665983158978634,0.0,0,((x1 + -3.39948061409) / (x0 * 4.99958792788 / x1) - (x0 * x0 - (x0 - -0.479995197498) * x0 * x0)) * (1.14482375568 + -2.50000078128 * (0.11585417337 - x0) - 0.855176244317),((x1 + -3.39948061409) / (x0 * 4.99958792788 / x1) - (x0 * x0 - (x0 - -0.479995197498) * x0 * x0)) * (1.14482375568 + -2.50000078128 * (0.11585417337 - x0) - 0.855176244317),2.5*x0**3*(x0 - 0.52) + 0.5*x1*(x1 - 3.4),"[-3.3994806140944243, 4.999587927879492, -0.47999519749794367, 1.1448237556832381, -2.5000007812792613, 0.11585417336985968, 0.8551762443167635]","{""K"": 500, ""c"": 6.0, ""exploration_rate"": 0.1, ""gamma"": 0.5, ""gp_rate"": 0.5, ""lm_iterations"": 10, ""max_constants"": 999, ""max_depth"": 6, ""max_evals"": 2000000, ""max_unary"": 999, ""mutation_rate"": 0.1, ""ops"": [""+"", ""-"", ""*"", ""/"", ""sin"", ""cos"", ""exp"", ""log"", ""R""], ""succ_error_tol"": 1e-06}","{""K"": 500, ""c"": 6.0, ""exploration_rate"": 0.1, ""gamma"": 0.5, ""gp_rate"": 0.5, ""lm_iterations"": 10, ""max_constants"": 999, ""max_depth"": 6, ""max_evals"": 2000000, ""max_unary"": 999, ""mutation_rate"": 0.1, ""ops"": [""+"", ""-"", ""*"", ""/"", ""sin"", ""cos"", ""exp"", ""log"", ""R""], ""succ_error_tol"": 1e-06}",0.5
imcts,Jin,1,Jin-1,expression,46,25551,200,100,100,2,"[""x0"", ""x1""]",2.5*x[0]**4 - 1.3*x[0]**3 + 0.5*x[1]**2 - 1.7*x[1],0.9999998807907104,True,0.9999999999999977,0.9999999999999981,16.0,62959,4.8394849129836075,0.0,0,x1 * (3.4000019005 - x1) * -0.499999839798 - (-1.50000009233 * x0 - -1.29999996114 - x0) * x0 * x0 * x0,x1 * (3.4000019005 - x1) * -0.499999839798 - (-1.50000009233 * x0 - -1.29999996114 - x0) * x0 * x0 * x0,x0**3*(2.5*x0 - 1.3) + 0.5*x1*(x1 - 3.4),"[3.4000019004963353, -0.4999998397975683, -1.500000092326434, -1.2999999611379585]","{""K"": 500, ""c"": 6.0, ""exploration_rate"": 0.1, ""gamma"": 0.5, ""gp_rate"": 0.5, ""lm_iterations"": 10, ""max_constants"": 999, ""max_depth"": 6, ""max_evals"": 2000000, ""max_unary"": 999, ""mutation_rate"": 0.1, ""ops"": [""+"", ""-"", ""*"", ""/"", ""sin"", ""cos"", ""exp"", ""log"", ""R""], ""succ_error_tol"": 1e-06}","{""K"": 500, ""c"": 6.0, ""exploration_rate"": 0.1, ""gamma"": 0.5, ""gp_rate"": 0.5, ""lm_iterations"": 10, ""max_constants"": 999, ""max_depth"": 6, ""max_evals"": 2000000, ""max_unary"": 999, ""mutation_rate"": 0.1, ""ops"": [""+"", ""-"", ""*"", ""/"", ""sin"", ""cos"", ""exp"", ""log"", ""R""], ""succ_error_tol"": 1e-06}",0.5
imcts,Jin,1,Jin-1,expression,47,26382,200,100,100,2,"[""x0"", ""x1""]",2.5*x[0]**4 - 1.3*x[0]**3 + 0.5*x[1]**2 - 1.7*x[1],0.9999998807907104,True,0.9999999999999993,0.9999999999999994,17.0,77293,5.839872713026125,0.0,0,(-1.70000052961 + x1 / 2.00000050626) * x1 - (-8.69352189489e-07 - (-0.52000002974 + x0) * x0 * x0 / 0.399999999942 * x0),(-1.70000052961 + x1 / 2.00000050626) * x1 - (-8.69352189489e-07 - (-0.52000002974 + x0) * x0 * x0 / 0.399999999942 * x0),x0**3*(2.5*x0 - 1.3) + x1*(0.5*x1 - 1.7),"[-1.700000529610203, 2.0000005062643718, -8.693521894889754e-07, -0.520000029739929, 0.39999999994241686]","{""K"": 500, ""c"": 6.0, ""exploration_rate"": 0.1, ""gamma"": 0.5, ""gp_rate"": 0.5, ""lm_iterations"": 10, ""max_constants"": 999, ""max_depth"": 6, ""max_evals"": 2000000, ""max_unary"": 999, ""mutation_rate"": 0.1, ""ops"": [""+"", ""-"", ""*"", ""/"", ""sin"", ""cos"", ""exp"", ""log"", ""R""], ""succ_error_tol"": 1e-06}","{""K"": 500, ""c"": 6.0, ""exploration_rate"": 0.1, ""gamma"": 0.5, ""gp_rate"": 0.5, ""lm_iterations"": 10, ""max_constants"": 999, ""max_depth"": 6, ""max_evals"": 2000000, ""max_unary"": 999, ""mutation_rate"": 0.1, ""ops"": [""+"", ""-"", ""*"", ""/"", ""sin"", ""cos"", ""exp"", ""log"", ""R""], ""succ_error_tol"": 1e-06}",0.5
imcts,Jin,1,Jin-1,expression,48,189,200,100,100,2,"[""x0"", ""x1""]",2.5*x[0]**4 - 1.3*x[0]**3 + 0.5*x[1]**2 - 1.7*x[1],0.9999998211860657,True,0.9999999999999957,0.9999999999999952,17.0,170775,14.755030358966906,0.0,0,-1.30000050684 * x0 * x0 * x0 + 1.25786490662e-06 * x0 - -0.999998695333 - (x0 * x0 * x0 * x0 * -2.50000002465 - (x1 * -0.500000346215 * (3.39999850657 - x1) - 1)),-1.30000050684 * x0 * x0 * x0 + 1.25786490662e-06 * x0 - -0.999998695333 - (x0 * x0 * x0 * x0 * -2.50000002465 - (x1 * -0.500000346215 * (3.39999850657 - x1) - 1)),2.5*x0**4 - 1.3*x0**3 + 0.5*x1*(x1 - 3.4),"[-1.3000005068426186, 1.257864906620235e-06, -0.9999986953328184, -2.500000024651705, -0.5000003462145491, 3.399998506570101, 1.0]","{""K"": 500, ""c"": 6.0, ""exploration_rate"": 0.1, ""gamma"": 0.5, ""gp_rate"": 0.5, ""lm_iterations"": 10, ""max_constants"": 999, ""max_depth"": 6, ""max_evals"": 2000000, ""max_unary"": 999, ""mutation_rate"": 0.1, ""ops"": [""+"", ""-"", ""*"", ""/"", ""sin"", ""cos"", ""exp"", ""log"", ""R""], ""succ_error_tol"": 1e-06}","{""K"": 500, ""c"": 6.0, ""exploration_rate"": 0.1, ""gamma"": 0.5, ""gp_rate"": 0.5, ""lm_iterations"": 10, ""max_constants"": 999, ""max_depth"": 6, ""max_evals"": 2000000, ""max_unary"": 999, ""mutation_rate"": 0.1, ""ops"": [""+"", ""-"", ""*"", ""/"", ""sin"", ""cos"", ""exp"", ""log"", ""R""], ""succ_error_tol"": 1e-06}",0.5
imcts,Jin,1,Jin-1,expression,49,31677,200,100,100,2,"[""x0"", ""x1""]",2.5*x[0]**4 - 1.3*x[0]**3 + 0.5*x[1]**2 - 1.7*x[1],0.9999998807907104,True,0.9999999999999978,0.9999999999999973,16.0,74145,5.726156711985823,0.0,0,(-3.40000025015 + x1 + sin(x0 - x0)) * (0.499999788898 * (x0 + x1) - 0.499999939476 * x0) - x0 / 0.399999983831 * x0 * x0 * (0.520000025446 - x0),(-3.40000025015 + x1 + sin(x0 - x0)) * (0.499999788898 * (x0 + x1) - 0.499999939476 * x0) - x0 / 0.399999983831 * x0 * x0 * (0.520000025446 - x0),x0**3*(2.5*x0 - 1.3) + 0.5*x1*(x1 - 3.4),"[-1.6493014114814677, 0.48508861474637827, 0.4999997888977894, 0.6628335378274248, 1.3256672361245936, 0.39999998383050633, 0.5200000254461284]","{""K"": 500, ""c"": 6.0, ""exploration_rate"": 0.1, ""gamma"": 0.5, ""gp_rate"": 0.5, ""lm_iterations"": 10, ""max_constants"": 999, ""max_depth"": 6, ""max_evals"": 2000000, ""max_unary"": 999, ""mutation_rate"": 0.1, ""ops"": [""+"", ""-"", ""*"", ""/"", ""sin"", ""cos"", ""exp"", ""log"", ""R""], ""succ_error_tol"": 1e-06}","{""K"": 500, ""c"": 6.0, ""exploration_rate"": 0.1, ""gamma"": 0.5, ""gp_rate"": 0.5, ""lm_iterations"": 10, ""max_constants"": 999, ""max_depth"": 6, ""max_evals"": 2000000, ""max_unary"": 999, ""mutation_rate"": 0.1, ""ops"": [""+"", ""-"", ""*"", ""/"", ""sin"", ""cos"", ""exp"", ""log"", ""R""], ""succ_error_tol"": 1e-06}",0.5
imcts,Jin,1,Jin-1,expression,50,19118,200,100,100,2,"[""x0"", ""x1""]",2.5*x[0]**4 - 1.3*x[0]**3 + 0.5*x[1]**2 - 1.7*x[1],0.9999998807907104,True,0.9999999999999989,0.9999999999999988,18.0,102333,8.515043486957438,0.0,0,2 * (x1 + -1.34592896161e-07) * -0.850000161889 + x1 * 0.50000000075 * x1 + x0 / 0.800000022948 * x0 * (0.479999988305 - (1 - x0)) * (x0 + x0),2 * (x1 + -1.34592896161e-07) * -0.850000161889 + x1 * 0.50000000075 * x1 + x0 / 0.800000022948 * x0 * (0.479999988305 - (1 - x0)) * (x0 + x0),x0**3*(2.5*x0 - 1.3) + 0.5*x1**2 - 1.7*x1,"[1.0, 1.0, -1.3459289616122662e-07, -0.8500001618889276, 0.5000000007503728, 0.8000000229479006, 0.47999998830489504, 1.0, 1.0, 1.0]","{""K"": 500, ""c"": 6.0, ""exploration_rate"": 0.1, ""gamma"": 0.5, ""gp_rate"": 0.5, ""lm_iterations"": 10, ""max_constants"": 999, ""max_depth"": 6, ""max_evals"": 2000000, ""max_unary"": 999, ""mutation_rate"": 0.1, ""ops"": [""+"", ""-"", ""*"", ""/"", ""sin"", ""cos"", ""exp"", ""log"", ""R""], ""succ_error_tol"": 1e-06}","{""K"": 500, ""c"": 6.0, ""exploration_rate"": 0.1, ""gamma"": 0.5, ""gp_rate"": 0.5, ""lm_iterations"": 10, ""max_constants"": 999, ""max_depth"": 6, ""max_evals"": 2000000, ""max_unary"": 999, ""mutation_rate"": 0.1, ""ops"": [""+"", ""-"", ""*"", ""/"", ""sin"", ""cos"", ""exp"", ""log"", ""R""], ""succ_error_tol"": 1e-06}",0.5
imcts,Jin,1,Jin-1,expression,51,3005,200,100,100,2,"[""x0"", ""x1""]",2.5*x[0]**4 - 1.3*x[0]**3 + 0.5*x[1]**2 - 1.7*x[1],0.9999998807907104,True,0.9999999999999993,0.9999999999999993,16.0,103003,8.587211492005736,0.0,0,(-3.45571312209e-09 / (x0 - 0.99779053672) - x0 * x0) * (x0 - (x0 - 0.119999969891) * x0 * 2.49999995561) - (-3.39999922055 + x1) / (-1.9999997748 / x1),(-3.45571312209e-09 / (x0 - 0.99779053672) - x0 * x0) * (x0 - (x0 - 0.119999969891) * x0 * 2.49999995561) - (-3.39999922055 + x1) / (-1.9999997748 / x1),x0**3*(2.5*x0 - 1.3) + 0.5*x1*(x1 - 3.4),"[-3.455713122088059e-09, 0.9977905367203047, 0.11999996989115366, 2.499999955613672, -3.399999220552149, 1.6556324862733867, -0.8278163363477301]","{""K"": 500, ""c"": 6.0, ""exploration_rate"": 0.1, ""gamma"": 0.5, ""gp_rate"": 0.5, ""lm_iterations"": 10, ""max_constants"": 999, ""max_depth"": 6, ""max_evals"": 2000000, ""max_unary"": 999, ""mutation_rate"": 0.1, ""ops"": [""+"", ""-"", ""*"", ""/"", ""sin"", ""cos"", ""exp"", ""log"", ""R""], ""succ_error_tol"": 1e-06}","{""K"": 500, ""c"": 6.0, ""exploration_rate"": 0.1, ""gamma"": 0.5, ""gp_rate"": 0.5, ""lm_iterations"": 10, ""max_constants"": 999, ""max_depth"": 6, ""max_evals"": 2000000, ""max_unary"": 999, ""mutation_rate"": 0.1, ""ops"": [""+"", ""-"", ""*"", ""/"", ""sin"", ""cos"", ""exp"", ""log"", ""R""], ""succ_error_tol"": 1e-06}",0.5
imcts,Jin,1,Jin-1,expression,52,21042,200,100,100,2,"[""x0"", ""x1""]",2.5*x[0]**4 - 1.3*x[0]**3 + 0.5*x[1]**2 - 1.7*x[1],0.9999998807907104,True,0.9999999999999977,0.999999999999997,16.0,72561,5.6050196279538795,0.0,0,(x0 - 1.81723451013e-09) / (x0 * 1.99999836315) * x1 * (x1 + -3.39999576033) + 2.49999991162 * (x0 + -0.519999987926) * x0 * x0 * x0,(x0 - 1.81723451013e-09) / (x0 * 1.99999836315) * x1 * (x1 + -3.39999576033) + 2.49999991162 * (x0 + -0.519999987926) * x0 * x0 * x0,x0**3*(2.5*x0 - 1.3) + 0.5*x1*(x1 - 3.4),"[1.8172345101265373e-09, 1.9999983631544753, -3.399995760327709, 12.182492883893316, -0.5199999879260453]","{""K"": 500, ""c"": 6.0, ""exploration_rate"": 0.1, ""gamma"": 0.5, ""gp_rate"": 0.5, ""lm_iterations"": 10, ""max_constants"": 999, ""max_depth"": 6, ""max_evals"": 2000000, ""max_unary"": 999, ""mutation_rate"": 0.1, ""ops"": [""+"", ""-"", ""*"", ""/"", ""sin"", ""cos"", ""exp"", ""log"", ""R""], ""succ_error_tol"": 1e-06}","{""K"": 500, ""c"": 6.0, ""exploration_rate"": 0.1, ""gamma"": 0.5, ""gp_rate"": 0.5, ""lm_iterations"": 10, ""max_constants"": 999, ""max_depth"": 6, ""max_evals"": 2000000, ""max_unary"": 999, ""mutation_rate"": 0.1, ""ops"": [""+"", ""-"", ""*"", ""/"", ""sin"", ""cos"", ""exp"", ""log"", ""R""], ""succ_error_tol"": 1e-06}",0.5
imcts,Jin,1,Jin-1,expression,53,1899,200,100,100,2,"[""x0"", ""x1""]",2.5*x[0]**4 - 1.3*x[0]**3 + 0.5*x[1]**2 - 1.7*x[1],0.9999998807907104,True,0.999999999999998,0.9999999999999977,17.0,87729,7.463684880989604,0.0,0,x0 * (x0 * x0 - 1.03452535243e-07) * (2.50000011875 * x0 + -0.424854230684 - 0.875146098889) - (x1 - 4.72556455759e-07 * x0) * (-0.500000012953 * x1 - -1.70000009857) / exp(-1.5660927069e-07 * x0),x0 * (x0 * x0 - 1.03452535243e-07) * (2.50000011875 * x0 + -0.424854230684 - 0.875146098889) - (x1 - 4.72556455759e-07 * x0) * (-0.500000012953 * x1 - -1.70000009857) / exp(-1.5660927069e-07 * x0),x0**3*(2.5*x0 - 1.3) + x1*(0.5*x1 - 1.7),"[4.712389083837225, 2.50000011874517, 0.060366820258766184, 0.4852210509427923, 0.8751460988887834, 4.7255645575914946e-07, -0.5000000129529923, -1.7000000985738803, -1.566092706896265e-07]","{""K"": 500, ""c"": 6.0, ""exploration_rate"": 0.1, ""gamma"": 0.5, ""gp_rate"": 0.5, ""lm_iterations"": 10, ""max_constants"": 999, ""max_depth"": 6, ""max_evals"": 2000000, ""max_unary"": 999, ""mutation_rate"": 0.1, ""ops"": [""+"", ""-"", ""*"", ""/"", ""sin"", ""cos"", ""exp"", ""log"", ""R""], ""succ_error_tol"": 1e-06}","{""K"": 500, ""c"": 6.0, ""exploration_rate"": 0.1, ""gamma"": 0.5, ""gp_rate"": 0.5, ""lm_iterations"": 10, ""max_constants"": 999, ""max_depth"": 6, ""max_evals"": 2000000, ""max_unary"": 999, ""mutation_rate"": 0.1, ""ops"": [""+"", ""-"", ""*"", ""/"", ""sin"", ""cos"", ""exp"", ""log"", ""R""], ""succ_error_tol"": 1e-06}",0.5
imcts,Jin,1,Jin-1,expression,54,24118,200,100,100,2,"[""x0"", ""x1""]",2.5*x[0]**4 - 1.3*x[0]**3 + 0.5*x[1]**2 - 1.7*x[1],0.9999998807907104,True,0.9999999999999951,0.9999999999999954,19.0,81261,6.553587936970871,0.0,0,(1.63086806999e-07 / x0 - (1.03999974527 - x0) + x0) / (0.800000001929 / x0 / (x0 * x0)) - (x1 - 0.499999510675 * x1 * (x1 - 1.40000168477)),(1.63086806999e-07 / x0 - (1.03999974527 - x0) + x0) / (0.800000001929 / x0 / (x0 * x0)) - (x1 - 0.499999510675 * x1 * (x1 - 1.40000168477)),x0**3*(2.5*x0 - 1.3) + 0.5*x1*(x1 - 1.4) - x1,"[1.6308680699875883e-07, 1.0399997452715841, 1.0, 0.8000000019290682, 1.0, 0.499999510675052, 1.4000016847740067]","{""K"": 500, ""c"": 6.0, ""exploration_rate"": 0.1, ""gamma"": 0.5, ""gp_rate"": 0.5, ""lm_iterations"": 10, ""max_constants"": 999, ""max_depth"": 6, ""max_evals"": 2000000, ""max_unary"": 999, ""mutation_rate"": 0.1, ""ops"": [""+"", ""-"", ""*"", ""/"", ""sin"", ""cos"", ""exp"", ""log"", ""R""], ""succ_error_tol"": 1e-06}","{""K"": 500, ""c"": 6.0, ""exploration_rate"": 0.1, ""gamma"": 0.5, ""gp_rate"": 0.5, ""lm_iterations"": 10, ""max_constants"": 999, ""max_depth"": 6, ""max_evals"": 2000000, ""max_unary"": 999, ""mutation_rate"": 0.1, ""ops"": [""+"", ""-"", ""*"", ""/"", ""sin"", ""cos"", ""exp"", ""log"", ""R""], ""succ_error_tol"": 1e-06}",0.5
imcts,Jin,1,Jin-1,expression,55,1267,200,100,100,2,"[""x0"", ""x1""]",2.5*x[0]**4 - 1.3*x[0]**3 + 0.5*x[1]**2 - 1.7*x[1],0.9999998807907104,True,0.9999999999999984,0.999999999999998,17.0,69159,4.927066763979383,0.0,0,((x0 - 0.520000022573) * 1.55533143179 + 3.08865893826e-08 * x1) * x0 * 1.60737450641 * x0 * x0 + (-0.562184133621 + 0.499999710089 * (x1 - 2.275633768)) * x1,((x0 - 0.520000022573) * 1.55533143179 + 3.08865893826e-08 * x1) * x0 * 1.60737450641 * x0 * x0 + (-0.562184133621 + 0.499999710089 * (x1 - 2.275633768)) * x1,x0**3*(2.5*x0 - 1.3) + x1*(0.5*x1 - 1.7),"[0.5200000225734568, 1.5553314317909641, 3.088658938264164e-08, 1.2661223570229376, 1.2695254115828243, -0.5621841336206949, 0.4999997100893258, 2.275633768004548]","{""K"": 500, ""c"": 6.0, ""exploration_rate"": 0.1, ""gamma"": 0.5, ""gp_rate"": 0.5, ""lm_iterations"": 10, ""max_constants"": 999, ""max_depth"": 6, ""max_evals"": 2000000, ""max_unary"": 999, ""mutation_rate"": 0.1, ""ops"": [""+"", ""-"", ""*"", ""/"", ""sin"", ""cos"", ""exp"", ""log"", ""R""], ""succ_error_tol"": 1e-06}","{""K"": 500, ""c"": 6.0, ""exploration_rate"": 0.1, ""gamma"": 0.5, ""gp_rate"": 0.5, ""lm_iterations"": 10, ""max_constants"": 999, ""max_depth"": 6, ""max_evals"": 2000000, ""max_unary"": 999, ""mutation_rate"": 0.1, ""ops"": [""+"", ""-"", ""*"", ""/"", ""sin"", ""cos"", ""exp"", ""log"", ""R""], ""succ_error_tol"": 1e-06}",0.5
imcts,Jin,1,Jin-1,expression,56,31551,200,100,100,2,"[""x0"", ""x1""]",2.5*x[0]**4 - 1.3*x[0]**3 + 0.5*x[1]**2 - 1.7*x[1],0.9999998807907104,True,0.9999999999999972,0.9999999999999973,17.0,131224,10.849336095969193,0.0,0,(x0 - 0.519999915503) * (x0 * x0 + -3.22378018916e-07) * x0 * 2.50000007444 + (-1.7000001925 - -0.500000020634 * x1) * x1,(x0 - 0.519999915503) * (x0 * x0 + -3.22378018916e-07) * x0 * 2.50000007444 + (-1.7000001925 - -0.500000020634 * x1) * x1,x0**3*(2.5*x0 - 1.3) + x1*(0.5*x1 - 1.7),"[0.5199999155032775, -3.2237801891594195e-07, 2.5000000744378674, -1.7000001925008401, -2.6179938541649523]","{""K"": 500, ""c"": 6.0, ""exploration_rate"": 0.1, ""gamma"": 0.5, ""gp_rate"": 0.5, ""lm_iterations"": 10, ""max_constants"": 999, ""max_depth"": 6, ""max_evals"": 2000000, ""max_unary"": 999, ""mutation_rate"": 0.1, ""ops"": [""+"", ""-"", ""*"", ""/"", ""sin"", ""cos"", ""exp"", ""log"", ""R""], ""succ_error_tol"": 1e-06}","{""K"": 500, ""c"": 6.0, ""exploration_rate"": 0.1, ""gamma"": 0.5, ""gp_rate"": 0.5, ""lm_iterations"": 10, ""max_constants"": 999, ""max_depth"": 6, ""max_evals"": 2000000, ""max_unary"": 999, ""mutation_rate"": 0.1, ""ops"": [""+"", ""-"", ""*"", ""/"", ""sin"", ""cos"", ""exp"", ""log"", ""R""], ""succ_error_tol"": 1e-06}",0.5
imcts,Jin,1,Jin-1,expression,57,17912,200,100,100,2,"[""x0"", ""x1""]",2.5*x[0]**4 - 1.3*x[0]**3 + 0.5*x[1]**2 - 1.7*x[1],0.9999998807907104,True,0.9999999999999997,0.9999999999999996,18.0,81682,6.54075337795075,0.0,0,(x0 - x0 - x1 / 1.79872315927) * (3.05782997408 + x1 * -0.899361192126) + (-0.519999990549 + x0) * x0 * x0 * 2.49999999233 * x0,(x0 - x0 - x1 / 1.79872315927) * (3.05782997408 + x1 * -0.899361192126) + (-0.519999990549 + x0) * x0 * x0 * 2.49999999233 * x0,x0**3*(2.5*x0 - 1.3) + 0.556*x1*(0.899*x1 - 3.06),"[1.798723159274811, 1.3542029438589782, 0.3193883303743811, -0.8993611921256217, -0.5199999905487293, 2.4999999923268024]","{""K"": 500, ""c"": 6.0, ""exploration_rate"": 0.1, ""gamma"": 0.5, ""gp_rate"": 0.5, ""lm_iterations"": 10, ""max_constants"": 999, ""max_depth"": 6, ""max_evals"": 2000000, ""max_unary"": 999, ""mutation_rate"": 0.1, ""ops"": [""+"", ""-"", ""*"", ""/"", ""sin"", ""cos"", ""exp"", ""log"", ""R""], ""succ_error_tol"": 1e-06}","{""K"": 500, ""c"": 6.0, ""exploration_rate"": 0.1, ""gamma"": 0.5, ""gp_rate"": 0.5, ""lm_iterations"": 10, ""max_constants"": 999, ""max_depth"": 6, ""max_evals"": 2000000, ""max_unary"": 999, ""mutation_rate"": 0.1, ""ops"": [""+"", ""-"", ""*"", ""/"", ""sin"", ""cos"", ""exp"", ""log"", ""R""], ""succ_error_tol"": 1e-06}",0.5
imcts,Jin,1,Jin-1,expression,58,11394,200,100,100,2,"[""x0"", ""x1""]",2.5*x[0]**4 - 1.3*x[0]**3 + 0.5*x[1]**2 - 1.7*x[1],0.9999998807907104,True,0.999999999999996,0.9999999999999938,16.0,80912,6.200326808029786,0.0,0,0.499999796952 * x1 * (x1 - 3.40000303122) + x0 * (8.26842143659e-08 * x1 + 2.50000011617) * x0 * (x0 + -0.519999969792) * x0,0.499999796952 * x1 * (x1 - 3.40000303122) + x0 * (8.26842143659e-08 * x1 + 2.50000011617) * x0 * (x0 + -0.519999969792) * x0,x0**3*(2.5*x0 - 1.3) + 0.5*x1*(x1 - 3.4),"[0.4999997969520905, 4.800309214302822, 0.7082883371525015, 8.268421436593821e-08, 2.500000116168457, -0.5199999697924381]","{""K"": 500, ""c"": 6.0, ""exploration_rate"": 0.1, ""gamma"": 0.5, ""gp_rate"": 0.5, ""lm_iterations"": 10, ""max_constants"": 999, ""max_depth"": 6, ""max_evals"": 2000000, ""max_unary"": 999, ""mutation_rate"": 0.1, ""ops"": [""+"", ""-"", ""*"", ""/"", ""sin"", ""cos"", ""exp"", ""log"", ""R""], ""succ_error_tol"": 1e-06}","{""K"": 500, ""c"": 6.0, ""exploration_rate"": 0.1, ""gamma"": 0.5, ""gp_rate"": 0.5, ""lm_iterations"": 10, ""max_constants"": 999, ""max_depth"": 6, ""max_evals"": 2000000, ""max_unary"": 999, ""mutation_rate"": 0.1, ""ops"": [""+"", ""-"", ""*"", ""/"", ""sin"", ""cos"", ""exp"", ""log"", ""R""], ""succ_error_tol"": 1e-06}",0.5
imcts,Jin,1,Jin-1,expression,59,3556,200,100,100,2,"[""x0"", ""x1""]",2.5*x[0]**4 - 1.3*x[0]**3 + 0.5*x[1]**2 - 1.7*x[1],0.9999998211860657,True,0.9999999999999998,0.9999999999999999,16.0,100382,8.319624900002964,0.0,0,x1 * -0.500000017904 * (3.40000030796 - x1) + x0 * (-0.52000002052 + x0) * x0 * x0 * 2.49999999955 + x0 + -0.999999462468 * x0,x1 * -0.500000017904 * (3.40000030796 - x1) + x0 * (-0.52000002052 + x0) * x0 * x0 * 2.49999999955 + x0 + -0.999999462468 * x0,x0**3*(2.5*x0 - 1.3) + 0.5*x1*(x1 - 3.4),"[-0.5000000179039888, 3.400000307960583, -0.5200000205204818, 0.9162907316927495, 1.0000005374323793, 0.999999999999855]","{""K"": 500, ""c"": 6.0, ""exploration_rate"": 0.1, ""gamma"": 0.5, ""gp_rate"": 0.5, ""lm_iterations"": 10, ""max_constants"": 999, ""max_depth"": 6, ""max_evals"": 2000000, ""max_unary"": 999, ""mutation_rate"": 0.1, ""ops"": [""+"", ""-"", ""*"", ""/"", ""sin"", ""cos"", ""exp"", ""log"", ""R""], ""succ_error_tol"": 1e-06}","{""K"": 500, ""c"": 6.0, ""exploration_rate"": 0.1, ""gamma"": 0.5, ""gp_rate"": 0.5, ""lm_iterations"": 10, ""max_constants"": 999, ""max_depth"": 6, ""max_evals"": 2000000, ""max_unary"": 999, ""mutation_rate"": 0.1, ""ops"": [""+"", ""-"", ""*"", ""/"", ""sin"", ""cos"", ""exp"", ""log"", ""R""], ""succ_error_tol"": 1e-06}",0.5
imcts,Jin,1,Jin-1,expression,60,3890,200,100,100,2,"[""x0"", ""x1""]",2.5*x[0]**4 - 1.3*x[0]**3 + 0.5*x[1]**2 - 1.7*x[1],0.9999998807907104,True,0.9999999999999987,0.9999999999999978,17.0,83136,6.300304765987676,0.0,0,-5.96489453067e-07 - (0.520000085145 - x0) * x0 * x0 * x0 * 2.50000005946 + (x1 - 3.39999939582) * -0.500000164991 * (x0 * 1.00000025869 - (x0 + x1)),-5.96489453067e-07 - (0.520000085145 - x0) * x0 * x0 * x0 * 2.50000005946 + (x1 - 3.39999939582) * -0.500000164991 * (x0 * 1.00000025869 - (x0 + x1)),x0**3*(2.5*x0 - 1.3) + x1*(0.5*x1 - 1.7),"[-5.96489453067077e-07, 0.5200000851453707, 2.5000000594621086, 3.399999395820758, -0.50000016499079, 1.000000258690347]","{""K"": 500, ""c"": 6.0, ""exploration_rate"": 0.1, ""gamma"": 0.5, ""gp_rate"": 0.5, ""lm_iterations"": 10, ""max_constants"": 999, ""max_depth"": 6, ""max_evals"": 2000000, ""max_unary"": 999, ""mutation_rate"": 0.1, ""ops"": [""+"", ""-"", ""*"", ""/"", ""sin"", ""cos"", ""exp"", ""log"", ""R""], ""succ_error_tol"": 1e-06}","{""K"": 500, ""c"": 6.0, ""exploration_rate"": 0.1, ""gamma"": 0.5, ""gp_rate"": 0.5, ""lm_iterations"": 10, ""max_constants"": 999, ""max_depth"": 6, ""max_evals"": 2000000, ""max_unary"": 999, ""mutation_rate"": 0.1, ""ops"": [""+"", ""-"", ""*"", ""/"", ""sin"", ""cos"", ""exp"", ""log"", ""R""], ""succ_error_tol"": 1e-06}",0.5
imcts,Jin,1,Jin-1,expression,61,8838,200,100,100,2,"[""x0"", ""x1""]",2.5*x[0]**4 - 1.3*x[0]**3 + 0.5*x[1]**2 - 1.7*x[1],0.9999998807907104,True,0.9999999999999998,0.9999999999999998,16.0,83456,6.893494319985621,0.0,0,2.49999998679 * x0 * x0 * (x0 + -0.519999994876) * x0 + (x1 - 3.39999905722) * (x1 - -3.51946876215e-07) * 0.500000239726,2.49999998679 * x0 * x0 * (x0 + -0.519999994876) * x0 + (x1 - 3.39999905722) * (x1 - -3.51946876215e-07) * 0.500000239726,x0**3*(2.5*x0 - 1.3) + 0.5*x1*(x1 - 3.4),"[2.4999999867905207, -0.5199999948763376, 3.399999057217184, -3.5194687621505687e-07, 0.5000002397261486]","{""K"": 500, ""c"": 6.0, ""exploration_rate"": 0.1, ""gamma"": 0.5, ""gp_rate"": 0.5, ""lm_iterations"": 10, ""max_constants"": 999, ""max_depth"": 6, ""max_evals"": 2000000, ""max_unary"": 999, ""mutation_rate"": 0.1, ""ops"": [""+"", ""-"", ""*"", ""/"", ""sin"", ""cos"", ""exp"", ""log"", ""R""], ""succ_error_tol"": 1e-06}","{""K"": 500, ""c"": 6.0, ""exploration_rate"": 0.1, ""gamma"": 0.5, ""gp_rate"": 0.5, ""lm_iterations"": 10, ""max_constants"": 999, ""max_depth"": 6, ""max_evals"": 2000000, ""max_unary"": 999, ""mutation_rate"": 0.1, ""ops"": [""+"", ""-"", ""*"", ""/"", ""sin"", ""cos"", ""exp"", ""log"", ""R""], ""succ_error_tol"": 1e-06}",0.5
imcts,Jin,1,Jin-1,expression,62,30740,200,100,100,2,"[""x0"", ""x1""]",2.5*x[0]**4 - 1.3*x[0]**3 + 0.5*x[1]**2 - 1.7*x[1],0.9999998807907104,True,0.9999999999999984,0.9999999999999988,16.0,124690,10.715748571965378,0.0,0,(-3.39999929065 + x1) / (1.99999915811 / x1) - 6.15230473519e-07 + (-3.86649976637e-07 + x0 * x0 * -2.49999989114) * x0 * (0.519999966033 - x0),(-3.39999929065 + x1) / (1.99999915811 / x1) - 6.15230473519e-07 + (-3.86649976637e-07 + x0 * x0 * -2.49999989114) * x0 * (0.519999966033 - x0),x0**3*(2.5*x0 - 1.3) + 0.5*x1*(x1 - 3.4),"[-3.3999992906533465, 1.9999991581077865, 6.15230473518812e-07, -3.866499766372043e-07, -2.49999989114163, 0.5199999660332528]","{""K"": 500, ""c"": 6.0, ""exploration_rate"": 0.1, ""gamma"": 0.5, ""gp_rate"": 0.5, ""lm_iterations"": 10, ""max_constants"": 999, ""max_depth"": 6, ""max_evals"": 2000000, ""max_unary"": 999, ""mutation_rate"": 0.1, ""ops"": [""+"", ""-"", ""*"", ""/"", ""sin"", ""cos"", ""exp"", ""log"", ""R""], ""succ_error_tol"": 1e-06}","{""K"": 500, ""c"": 6.0, ""exploration_rate"": 0.1, ""gamma"": 0.5, ""gp_rate"": 0.5, ""lm_iterations"": 10, ""max_constants"": 999, ""max_depth"": 6, ""max_evals"": 2000000, ""max_unary"": 999, ""mutation_rate"": 0.1, ""ops"": [""+"", ""-"", ""*"", ""/"", ""sin"", ""cos"", ""exp"", ""log"", ""R""], ""succ_error_tol"": 1e-06}",0.5
imcts,Jin,1,Jin-1,expression,63,27464,200,100,100,2,"[""x0"", ""x1""]",2.5*x[0]**4 - 1.3*x[0]**3 + 0.5*x[1]**2 - 1.7*x[1],0.9999998807907104,True,0.9999999999999991,0.9999999999999989,16.0,51138,4.070242171990685,0.0,0,x0 * 0.500000059977 * (x1 / x0 + 9.11739628494e-08) * ((4.65787595463 - x0) * -2.42178683108e-07 + x1 + -3.39999767011) + (x0 * 2.15525663143 - x0) * x0 * (x0 * (x0 - 0.537267346068) + (x0 - 0.50516584677) * 1.16402135504 * x0),x0 * 0.500000059977 * (x1 / x0 + 9.11739628494e-08) * ((4.65787595463 - x0) * -2.42178683108e-07 + x1 + -3.39999767011) + (x0 * 2.15525663143 - x0) * x0 * (x0 * (x0 - 0.537267346068) + (x0 - 0.50516584677) * 1.16402135504 * x0),x0**3*(2.5*x0 - 1.3) + 0.5*x1*(x1 - 3.4),"[0.5000000599766227, 9.117396284944466e-08, 4.65787595463442, -2.421786831078779e-07, -3.3999976701086263, 2.1552566314280375, 0.537267346067729, 0.5051658467702362, 1.164021355035801]","{""K"": 500, ""c"": 6.0, ""exploration_rate"": 0.1, ""gamma"": 0.5, ""gp_rate"": 0.5, ""lm_iterations"": 10, ""max_constants"": 999, ""max_depth"": 6, ""max_evals"": 2000000, ""max_unary"": 999, ""mutation_rate"": 0.1, ""ops"": [""+"", ""-"", ""*"", ""/"", ""sin"", ""cos"", ""exp"", ""log"", ""R""], ""succ_error_tol"": 1e-06}","{""K"": 500, ""c"": 6.0, ""exploration_rate"": 0.1, ""gamma"": 0.5, ""gp_rate"": 0.5, ""lm_iterations"": 10, ""max_constants"": 999, ""max_depth"": 6, ""max_evals"": 2000000, ""max_unary"": 999, ""mutation_rate"": 0.1, ""ops"": [""+"", ""-"", ""*"", ""/"", ""sin"", ""cos"", ""exp"", ""log"", ""R""], ""succ_error_tol"": 1e-06}",0.5
imcts,Jin,1,Jin-1,expression,64,14502,200,100,100,2,"[""x0"", ""x1""]",2.5*x[0]**4 - 1.3*x[0]**3 + 0.5*x[1]**2 - 1.7*x[1],0.9999998807907104,True,0.9999999999999996,0.9999999999999994,19.0,128943,10.301287967013195,0.0,0,x0 * x0 * 1.24999998254 * x0 * (x0 + x0 + -1.03999996795 + x1 - x1) + (x1 + (x1 - 4.39999840356) * x1) * 0.500000129291,x0 * x0 * 1.24999998254 * x0 * (x0 + x0 + -1.03999996795 + x1 - x1) + (x1 + (x1 - 4.39999840356) * x1) * 0.500000129291,x0**3*(2.5*x0 - 1.3) + 0.5*x1*(x1 - 4.4) + 0.5*x1,"[1.2499999825394683, -1.039999967954357, 1.0, 4.399998403562768, 0.5000001292913401]","{""K"": 500, ""c"": 6.0, ""exploration_rate"": 0.1, ""gamma"": 0.5, ""gp_rate"": 0.5, ""lm_iterations"": 10, ""max_constants"": 999, ""max_depth"": 6, ""max_evals"": 2000000, ""max_unary"": 999, ""mutation_rate"": 0.1, ""ops"": [""+"", ""-"", ""*"", ""/"", ""sin"", ""cos"", ""exp"", ""log"", ""R""], ""succ_error_tol"": 1e-06}","{""K"": 500, ""c"": 6.0, ""exploration_rate"": 0.1, ""gamma"": 0.5, ""gp_rate"": 0.5, ""lm_iterations"": 10, ""max_constants"": 999, ""max_depth"": 6, ""max_evals"": 2000000, ""max_unary"": 999, ""mutation_rate"": 0.1, ""ops"": [""+"", ""-"", ""*"", ""/"", ""sin"", ""cos"", ""exp"", ""log"", ""R""], ""succ_error_tol"": 1e-06}",0.5
imcts,Jin,1,Jin-1,expression,65,21777,200,100,100,2,"[""x0"", ""x1""]",2.5*x[0]**4 - 1.3*x[0]**3 + 0.5*x[1]**2 - 1.7*x[1],0.9999998807907104,True,0.9999999999999961,0.999999999999996,18.0,72664,5.793588353029918,0.0,0,0.821851251954 * ((-0.52000002961 + x0) * x0 * x0 / 0.328740483063 * x0 - -0.608382181208 * (x1 - 3.40000204951) * (x0 + x1 - x0)),0.821851251954 * ((-0.52000002961 + x0) * x0 * x0 / 0.328740483063 * x0 - -0.608382181208 * (x1 - 3.40000204951) * (x0 + x1 - x0)),x0**3*(2.5*x0 - 1.3) + 0.822*x1*(0.608*x1 - 2.07),"[2.1769397015322096, -0.5200000296100838, 0.32874048306328607, -0.6083821812082507, 3.4000020495087404]","{""K"": 500, ""c"": 6.0, ""exploration_rate"": 0.1, ""gamma"": 0.5, ""gp_rate"": 0.5, ""lm_iterations"": 10, ""max_constants"": 999, ""max_depth"": 6, ""max_evals"": 2000000, ""max_unary"": 999, ""mutation_rate"": 0.1, ""ops"": [""+"", ""-"", ""*"", ""/"", ""sin"", ""cos"", ""exp"", ""log"", ""R""], ""succ_error_tol"": 1e-06}","{""K"": 500, ""c"": 6.0, ""exploration_rate"": 0.1, ""gamma"": 0.5, ""gp_rate"": 0.5, ""lm_iterations"": 10, ""max_constants"": 999, ""max_depth"": 6, ""max_evals"": 2000000, ""max_unary"": 999, ""mutation_rate"": 0.1, ""ops"": [""+"", ""-"", ""*"", ""/"", ""sin"", ""cos"", ""exp"", ""log"", ""R""], ""succ_error_tol"": 1e-06}",0.5
imcts,Jin,1,Jin-1,expression,66,10627,200,100,100,2,"[""x0"", ""x1""]",2.5*x[0]**4 - 1.3*x[0]**3 + 0.5*x[1]**2 - 1.7*x[1],0.9999998807907104,True,0.9999999999999991,0.999999999999999,19.0,74931,5.753922285977751,0.0,0,-1.95050578015 * x0 * x1 / (1.95050492885 * (x0 + x0)) * (3.39999859203 - x1) + (3.86384221653e-07 + x0 * x0) * (-0.919999902792 + x0) * x0 * 2.50000016528 - (1.88535006851e-06 - x0) * x0 * x0,-1.95050578015 * x0 * x1 / (1.95050492885 * (x0 + x0)) * (3.39999859203 - x1) + (3.86384221653e-07 + x0 * x0) * (-0.919999902792 + x0) * x0 * 2.50000016528 - (1.88535006851e-06 - x0) * x0 * x0,x0**3*(2.5*x0 - 2.3) + x0**3 + 0.5*x1*(x1 - 3.4),"[-1.950505780149575, 1.9505049288548262, 3.399998592027777, 3.863842216532003e-07, -0.919999902791658, 2.5000001652799484, 1.8853500685100654e-06]","{""K"": 500, ""c"": 6.0, ""exploration_rate"": 0.1, ""gamma"": 0.5, ""gp_rate"": 0.5, ""lm_iterations"": 10, ""max_constants"": 999, ""max_depth"": 6, ""max_evals"": 2000000, ""max_unary"": 999, ""mutation_rate"": 0.1, ""ops"": [""+"", ""-"", ""*"", ""/"", ""sin"", ""cos"", ""exp"", ""log"", ""R""], ""succ_error_tol"": 1e-06}","{""K"": 500, ""c"": 6.0, ""exploration_rate"": 0.1, ""gamma"": 0.5, ""gp_rate"": 0.5, ""lm_iterations"": 10, ""max_constants"": 999, ""max_depth"": 6, ""max_evals"": 2000000, ""max_unary"": 999, ""mutation_rate"": 0.1, ""ops"": [""+"", ""-"", ""*"", ""/"", ""sin"", ""cos"", ""exp"", ""log"", ""R""], ""succ_error_tol"": 1e-06}",0.5
imcts,Jin,1,Jin-1,expression,67,8792,200,100,100,2,"[""x0"", ""x1""]",2.5*x[0]**4 - 1.3*x[0]**3 + 0.5*x[1]**2 - 1.7*x[1],0.9999998807907104,True,0.9999999999999964,0.9999999999999942,16.0,78895,6.26607612404041,0.0,0,x0 * (3.81569261743e-07 + x0 * x0) * (-1.30000043643 + 2.49999981184 * x0) + (3.40000006667 - x1) * (5.99696607873e-08 * x0 - 0.593716662029) * (x1 / 1.18743343335 + -8.26597182847e-07 * x0),x0 * (3.81569261743e-07 + x0 * x0) * (-1.30000043643 + 2.49999981184 * x0) + (3.40000006667 - x1) * (5.99696607873e-08 * x0 - 0.593716662029) * (x1 / 1.18743343335 + -8.26597182847e-07 * x0),x0**3*(2.5*x0 - 1.3) + 0.5*x1*(x1 - 3.4),"[1.0, -0.9999996184307383, -1.3000004364305626, 2.4999998118400915, 3.4000000666686887, 5.99696607872882e-08, 0.5937166620289929, 1.1874334333507695, -8.265971828465931e-07]","{""K"": 500, ""c"": 6.0, ""exploration_rate"": 0.1, ""gamma"": 0.5, ""gp_rate"": 0.5, ""lm_iterations"": 10, ""max_constants"": 999, ""max_depth"": 6, ""max_evals"": 2000000, ""max_unary"": 999, ""mutation_rate"": 0.1, ""ops"": [""+"", ""-"", ""*"", ""/"", ""sin"", ""cos"", ""exp"", ""log"", ""R""], ""succ_error_tol"": 1e-06}","{""K"": 500, ""c"": 6.0, ""exploration_rate"": 0.1, ""gamma"": 0.5, ""gp_rate"": 0.5, ""lm_iterations"": 10, ""max_constants"": 999, ""max_depth"": 6, ""max_evals"": 2000000, ""max_unary"": 999, ""mutation_rate"": 0.1, ""ops"": [""+"", ""-"", ""*"", ""/"", ""sin"", ""cos"", ""exp"", ""log"", ""R""], ""succ_error_tol"": 1e-06}",0.5
imcts,Jin,1,Jin-1,expression,68,10555,200,100,100,2,"[""x0"", ""x1""]",2.5*x[0]**4 - 1.3*x[0]**3 + 0.5*x[1]**2 - 1.7*x[1],0.9999998807907104,True,0.9999999999999977,0.9999999999999978,17.0,138131,11.9306349689723,0.0,0,x0 * x0 * 2.52605688619 * (x0 / 1.01042271727 * x0 + -0.514636107511 * x0) + 0.499999954735 * (x1 - 3.40000117895) * x1,x0 * x0 * 2.52605688619 * (x0 / 1.01042271727 * x0 + -0.514636107511 * x0) + 0.499999954735 * (x1 - 3.40000117895) * x1,x0**3*(2.5*x0 - 1.3) + x1*(0.5*x1 - 1.7),"[0.9266595439398088, 1.0104227172733025, -0.5146361075105752, 0.499999954735091, 3.4000011789473024]","{""K"": 500, ""c"": 6.0, ""exploration_rate"": 0.1, ""gamma"": 0.5, ""gp_rate"": 0.5, ""lm_iterations"": 10, ""max_constants"": 999, ""max_depth"": 6, ""max_evals"": 2000000, ""max_unary"": 999, ""mutation_rate"": 0.1, ""ops"": [""+"", ""-"", ""*"", ""/"", ""sin"", ""cos"", ""exp"", ""log"", ""R""], ""succ_error_tol"": 1e-06}","{""K"": 500, ""c"": 6.0, ""exploration_rate"": 0.1, ""gamma"": 0.5, ""gp_rate"": 0.5, ""lm_iterations"": 10, ""max_constants"": 999, ""max_depth"": 6, ""max_evals"": 2000000, ""max_unary"": 999, ""mutation_rate"": 0.1, ""ops"": [""+"", ""-"", ""*"", ""/"", ""sin"", ""cos"", ""exp"", ""log"", ""R""], ""succ_error_tol"": 1e-06}",0.5
imcts,Jin,1,Jin-1,expression,69,10253,200,100,100,2,"[""x0"", ""x1""]",2.5*x[0]**4 - 1.3*x[0]**3 + 0.5*x[1]**2 - 1.7*x[1],0.9999992251396179,True,0.9999999999994011,0.9999999999993948,17.0,163497,14.753290302003734,0.0,0,4.52763308798e-05 - x1 * (-0.500000027521 * x1 - -1.7000005308) - (-3.30092398933e-07 * exp(x0) * x0 + (x0 * -2.4999998021 + 1.30000034561) * x0 * x0 * x0),4.52763308798e-05 - x1 * (-0.500000027521 * x1 - -1.7000005308) - (-3.30092398933e-07 * exp(x0) * x0 + (x0 * -2.4999998021 + 1.30000034561) * x0 * x0 * x0),x0**3*(2.5*x0 - 1.3) + x1*(0.5*x1 - 1.7),"[-10.002726159158435, -0.5000000275207631, -1.700000530800356, -3.300923989330687e-07, -2.4999998020955694, 1.300000345606787]","{""K"": 500, ""c"": 6.0, ""exploration_rate"": 0.1, ""gamma"": 0.5, ""gp_rate"": 0.5, ""lm_iterations"": 10, ""max_constants"": 999, ""max_depth"": 6, ""max_evals"": 2000000, ""max_unary"": 999, ""mutation_rate"": 0.1, ""ops"": [""+"", ""-"", ""*"", ""/"", ""sin"", ""cos"", ""exp"", ""log"", ""R""], ""succ_error_tol"": 1e-06}","{""K"": 500, ""c"": 6.0, ""exploration_rate"": 0.1, ""gamma"": 0.5, ""gp_rate"": 0.5, ""lm_iterations"": 10, ""max_constants"": 999, ""max_depth"": 6, ""max_evals"": 2000000, ""max_unary"": 999, ""mutation_rate"": 0.1, ""ops"": [""+"", ""-"", ""*"", ""/"", ""sin"", ""cos"", ""exp"", ""log"", ""R""], ""succ_error_tol"": 1e-06}",0.5
imcts,Jin,1,Jin-1,expression,70,8433,200,100,100,2,"[""x0"", ""x1""]",2.5*x[0]**4 - 1.3*x[0]**3 + 0.5*x[1]**2 - 1.7*x[1],0.9999998807907104,True,0.9999999999999993,0.9999999999999994,16.0,71775,5.509435815969482,0.0,0,x0 * (-0.519999964314 + x0) * x0 * x0 / 0.400000002344 - x1 * 1.00271534831 / 1.68727655149 * x0 / (x0 / -0.841353558799) * (x1 - 3.40000142445),x0 * (-0.519999964314 + x0) * x0 * x0 / 0.400000002344 - x1 * 1.00271534831 / 1.68727655149 * x0 / (x0 / -0.841353558799) * (x1 - 3.40000142445),x0**3*(2.5*x0 - 1.3) + 0.5*x1*(x1 - 3.4),"[-0.5199999643140318, 0.4000000023441604, 1.0027153483100926, 1.6872765514922554, -0.8413535587989526, 3.4000014244547683]","{""K"": 500, ""c"": 6.0, ""exploration_rate"": 0.1, ""gamma"": 0.5, ""gp_rate"": 0.5, ""lm_iterations"": 10, ""max_constants"": 999, ""max_depth"": 6, ""max_evals"": 2000000, ""max_unary"": 999, ""mutation_rate"": 0.1, ""ops"": [""+"", ""-"", ""*"", ""/"", ""sin"", ""cos"", ""exp"", ""log"", ""R""], ""succ_error_tol"": 1e-06}","{""K"": 500, ""c"": 6.0, ""exploration_rate"": 0.1, ""gamma"": 0.5, ""gp_rate"": 0.5, ""lm_iterations"": 10, ""max_constants"": 999, ""max_depth"": 6, ""max_evals"": 2000000, ""max_unary"": 999, ""mutation_rate"": 0.1, ""ops"": [""+"", ""-"", ""*"", ""/"", ""sin"", ""cos"", ""exp"", ""log"", ""R""], ""succ_error_tol"": 1e-06}",0.5
imcts,Jin,1,Jin-1,expression,71,10233,200,100,100,2,"[""x0"", ""x1""]",2.5*x[0]**4 - 1.3*x[0]**3 + 0.5*x[1]**2 - 1.7*x[1],0.9999998807907104,True,0.9999999999999954,0.999999999999995,16.0,64118,5.021135154995136,0.0,0,0.499999797903 * (-3.44068600621 + x1 + 3.44068612671) * (x1 + -3.40000058772) - (x0 * x0 + x0 - x0) * (x0 * -2.50000006976 * (-0.520000141363 + x0) + exp(x0) / -27751351.3678),0.499999797903 * (-3.44068600621 + x1 + 3.44068612671) * (x1 + -3.40000058772) - (x0 * x0 + x0 - x0) * (x0 * -2.50000006976 * (-0.520000141363 + x0) + exp(x0) / -27751351.3678),x0**3*(2.5*x0 - 1.3) + 0.5*x1*(x1 - 3.4),"[0.4999997979026028, -3.4406860062063007, 3.440686126705201, -3.400000587716995, -2.5000000697566054, -0.5200001413634859, 1.9011946876764532, -6.850818406930422e-08]","{""K"": 500, ""c"": 6.0, ""exploration_rate"": 0.1, ""gamma"": 0.5, ""gp_rate"": 0.5, ""lm_iterations"": 10, ""max_constants"": 999, ""max_depth"": 6, ""max_evals"": 2000000, ""max_unary"": 999, ""mutation_rate"": 0.1, ""ops"": [""+"", ""-"", ""*"", ""/"", ""sin"", ""cos"", ""exp"", ""log"", ""R""], ""succ_error_tol"": 1e-06}","{""K"": 500, ""c"": 6.0, ""exploration_rate"": 0.1, ""gamma"": 0.5, ""gp_rate"": 0.5, ""lm_iterations"": 10, ""max_constants"": 999, ""max_depth"": 6, ""max_evals"": 2000000, ""max_unary"": 999, ""mutation_rate"": 0.1, ""ops"": [""+"", ""-"", ""*"", ""/"", ""sin"", ""cos"", ""exp"", ""log"", ""R""], ""succ_error_tol"": 1e-06}",0.5
imcts,Jin,1,Jin-1,expression,72,11016,200,100,100,2,"[""x0"", ""x1""]",2.5*x[0]**4 - 1.3*x[0]**3 + 0.5*x[1]**2 - 1.7*x[1],0.9999998807907104,True,0.9999999999999997,0.9999999999999997,16.0,73344,6.262874846986961,0.0,0,((x0 + x0) * x0 * 0.625000007969 + x0 / -1.53846047054) * (x0 + 6.87854043888e-07 + x0) * x0 - x1 * -0.500000142547 * (-3.3999992846 + x1),((x0 + x0) * x0 * 0.625000007969 + x0 / -1.53846047054) * (x0 + 6.87854043888e-07 + x0) * x0 - x1 * -0.500000142547 * (-3.3999992846 + x1),x0**3*(2.5*x0 - 1.3) + 0.5*x1*(x1 - 3.4),"[0.6250000079691543, -1.53846047053595, 6.87854043888187e-07, -0.5000001425474179, -3.3999992845961025]","{""K"": 500, ""c"": 6.0, ""exploration_rate"": 0.1, ""gamma"": 0.5, ""gp_rate"": 0.5, ""lm_iterations"": 10, ""max_constants"": 999, ""max_depth"": 6, ""max_evals"": 2000000, ""max_unary"": 999, ""mutation_rate"": 0.1, ""ops"": [""+"", ""-"", ""*"", ""/"", ""sin"", ""cos"", ""exp"", ""log"", ""R""], ""succ_error_tol"": 1e-06}","{""K"": 500, ""c"": 6.0, ""exploration_rate"": 0.1, ""gamma"": 0.5, ""gp_rate"": 0.5, ""lm_iterations"": 10, ""max_constants"": 999, ""max_depth"": 6, ""max_evals"": 2000000, ""max_unary"": 999, ""mutation_rate"": 0.1, ""ops"": [""+"", ""-"", ""*"", ""/"", ""sin"", ""cos"", ""exp"", ""log"", ""R""], ""succ_error_tol"": 1e-06}",0.5
imcts,Jin,1,Jin-1,expression,73,23897,200,100,100,2,"[""x0"", ""x1""]",2.5*x[0]**4 - 1.3*x[0]**3 + 0.5*x[1]**2 - 1.7*x[1],0.9999998807907104,True,0.9999999999999976,0.9999999999999983,16.0,87564,6.650852369028144,0.0,0,(0.527380742893 - x0 * 1.01419384161) * x0 * (x0 * -2.46501190057 * x0 - 3.54984740672e-07) - 1.1883991331 * x1 * 0.420733893035 * (12.2923723801 - (4.4461848616 + 4.4461848616 + x1)),(0.527380742893 - x0 * 1.01419384161) * x0 * (x0 * -2.46501190057 * x0 - 3.54984740672e-07) - 1.1883991331 * x1 * 0.420733893035 * (12.2923723801 - (4.4461848616 + 4.4461848616 + x1)),x0**3*(2.5*x0 - 1.3) + 0.5*x1*(x1 - 3.4),"[2.489292147862462, 1.9619114049691728, 1.0141938416110934, -2.465011900566676, 0.05707612183375284, -0.057075766849012166, 1.1883991331030577, 0.42073389303472053, 12.292372380099344, 4.446184861595048, 4.44618486159505]","{""K"": 500, ""c"": 6.0, ""exploration_rate"": 0.1, ""gamma"": 0.5, ""gp_rate"": 0.5, ""lm_iterations"": 10, ""max_constants"": 999, ""max_depth"": 6, ""max_evals"": 2000000, ""max_unary"": 999, ""mutation_rate"": 0.1, ""ops"": [""+"", ""-"", ""*"", ""/"", ""sin"", ""cos"", ""exp"", ""log"", ""R""], ""succ_error_tol"": 1e-06}","{""K"": 500, ""c"": 6.0, ""exploration_rate"": 0.1, ""gamma"": 0.5, ""gp_rate"": 0.5, ""lm_iterations"": 10, ""max_constants"": 999, ""max_depth"": 6, ""max_evals"": 2000000, ""max_unary"": 999, ""mutation_rate"": 0.1, ""ops"": [""+"", ""-"", ""*"", ""/"", ""sin"", ""cos"", ""exp"", ""log"", ""R""], ""succ_error_tol"": 1e-06}",0.5
imcts,Jin,1,Jin-1,expression,74,2612,200,100,100,2,"[""x0"", ""x1""]",2.5*x[0]**4 - 1.3*x[0]**3 + 0.5*x[1]**2 - 1.7*x[1],0.9999998807907104,True,0.9999999999999986,0.9999999999999986,17.0,61238,4.828149764973205,0.0,0,x0 * x0 / 0.731005284762 * (x0 * 1.32455706291 - 1.31054584908e-06) * (x0 * 1.37971638629 - 0.717451126763) + ((1.71201707868 + x1) * 0.499999869751 - 2.55600896543) * x1,x0 * x0 / 0.731005284762 * (x0 * 1.32455706291 - 1.31054584908e-06) * (x0 * 1.37971638629 - 0.717451126763) + ((1.71201707868 + x1) * 0.499999869751 - 2.55600896543) * x1,x0**3*(2.50019310111616*x0 - 1.29919800742714) + x1*(0.5*x1 - 1.7),"[0.7310052847624429, 1.3245570629097376, 1.3105458490798205e-06, 1.3797163862915724, 0.7174511267625843, 1.7120170786814708, 0.4999998697508073, 0.9384470441100099]","{""K"": 500, ""c"": 6.0, ""exploration_rate"": 0.1, ""gamma"": 0.5, ""gp_rate"": 0.5, ""lm_iterations"": 10, ""max_constants"": 999, ""max_depth"": 6, ""max_evals"": 2000000, ""max_unary"": 999, ""mutation_rate"": 0.1, ""ops"": [""+"", ""-"", ""*"", ""/"", ""sin"", ""cos"", ""exp"", ""log"", ""R""], ""succ_error_tol"": 1e-06}","{""K"": 500, ""c"": 6.0, ""exploration_rate"": 0.1, ""gamma"": 0.5, ""gp_rate"": 0.5, ""lm_iterations"": 10, ""max_constants"": 999, ""max_depth"": 6, ""max_evals"": 2000000, ""max_unary"": 999, ""mutation_rate"": 0.1, ""ops"": [""+"", ""-"", ""*"", ""/"", ""sin"", ""cos"", ""exp"", ""log"", ""R""], ""succ_error_tol"": 1e-06}",0.5
imcts,Jin,1,Jin-1,expression,75,23425,200,100,100,2,"[""x0"", ""x1""]",2.5*x[0]**4 - 1.3*x[0]**3 + 0.5*x[1]**2 - 1.7*x[1],0.9999998807907104,True,0.9999999999999973,0.9999999999999969,17.0,123555,9.628254322044086,0.0,0,(x1 + -3.40000099046) * 0.500000014883 * x1 + x0 * (x0 * 2.49999988683 + -1.30000000123) * x0 * x0,(x1 + -3.40000099046) * 0.500000014883 * x1 + x0 * (x0 * 2.49999988683 + -1.30000000123) * x0 * x0,x0**3*(2.5*x0 - 1.3) + x1*(0.5*x1 - 1.7),"[-3.400000990464016, 0.5000000148827044, 2.4999998868342086, -1.300000001233779]","{""K"": 500, ""c"": 6.0, ""exploration_rate"": 0.1, ""gamma"": 0.5, ""gp_rate"": 0.5, ""lm_iterations"": 10, ""max_constants"": 999, ""max_depth"": 6, ""max_evals"": 2000000, ""max_unary"": 999, ""mutation_rate"": 0.1, ""ops"": [""+"", ""-"", ""*"", ""/"", ""sin"", ""cos"", ""exp"", ""log"", ""R""], ""succ_error_tol"": 1e-06}","{""K"": 500, ""c"": 6.0, ""exploration_rate"": 0.1, ""gamma"": 0.5, ""gp_rate"": 0.5, ""lm_iterations"": 10, ""max_constants"": 999, ""max_depth"": 6, ""max_evals"": 2000000, ""max_unary"": 999, ""mutation_rate"": 0.1, ""ops"": [""+"", ""-"", ""*"", ""/"", ""sin"", ""cos"", ""exp"", ""log"", ""R""], ""succ_error_tol"": 1e-06}",0.5
imcts,Jin,1,Jin-1,expression,76,25939,200,100,100,2,"[""x0"", ""x1""]",2.5*x[0]**4 - 1.3*x[0]**3 + 0.5*x[1]**2 - 1.7*x[1],0.9999998807907104,True,0.9999999999963212,0.9999999999964786,20.0,94813,6.967550572997425,0.0,0,cos(x0 * x0) * -1.06087274721e-06 + (x1 * 0.500000209803 + -1.69999991939) * x1 - 2.50000017162 * x0 * (-0.00319878700025 + x0) * (0.00319967573966 + x0) * (0.520000895339 - x0),cos(x0 * x0) * -1.06087274721e-06 + (x1 * 0.500000209803 + -1.69999991939) * x1 - 2.50000017162 * x0 * (-0.00319878700025 + x0) * (0.00319967573966 + x0) * (0.520000895339 - x0),2.5*x0*(x0 - 0.52)*(x0 - 0.00299)*(x0 + 0.00299) + x1*(0.5*x1 - 1.7),"[-1.0608727472086397e-06, 0.5000002098027446, 0.18268353867946643, 2.50000017161686, -0.003198787000245754, 0.003199675739657058, 0.5200008953388892]","{""K"": 500, ""c"": 6.0, ""exploration_rate"": 0.1, ""gamma"": 0.5, ""gp_rate"": 0.5, ""lm_iterations"": 10, ""max_constants"": 999, ""max_depth"": 6, ""max_evals"": 2000000, ""max_unary"": 999, ""mutation_rate"": 0.1, ""ops"": [""+"", ""-"", ""*"", ""/"", ""sin"", ""cos"", ""exp"", ""log"", ""R""], ""succ_error_tol"": 1e-06}","{""K"": 500, ""c"": 6.0, ""exploration_rate"": 0.1, ""gamma"": 0.5, ""gp_rate"": 0.5, ""lm_iterations"": 10, ""max_constants"": 999, ""max_depth"": 6, ""max_evals"": 2000000, ""max_unary"": 999, ""mutation_rate"": 0.1, ""ops"": [""+"", ""-"", ""*"", ""/"", ""sin"", ""cos"", ""exp"", ""log"", ""R""], ""succ_error_tol"": 1e-06}",0.5
imcts,Jin,1,Jin-1,expression,77,22619,200,100,100,2,"[""x0"", ""x1""]",2.5*x[0]**4 - 1.3*x[0]**3 + 0.5*x[1]**2 - 1.7*x[1],0.9999998807907104,True,0.9999999999999996,0.9999999999999992,16.0,73327,5.653567011991981,0.0,0,x0 * 2.54864030045 * 0.980915189179 * x0 * x0 * (x0 - 0.519999959283) + (-4.77749254186e-07 + x1) * (x0 * -7.72158616364e-08 + 0.499999874022) * (-3.40000080782 + x1),x0 * 2.54864030045 * 0.980915189179 * x0 * x0 * (x0 - 0.519999959283) + (-4.77749254186e-07 + x1) * (x0 * -7.72158616364e-08 + 0.499999874022) * (-3.40000080782 + x1),x0**3*(2.5*x0 - 1.3) + 0.5*x1*(x1 - 3.4),"[2.548640300448343, 0.9809151891791804, 0.5199999592829402, -4.777492541859617e-07, -7.721586163636412e-08, 0.49999987402155394, -3.4000008078235187]","{""K"": 500, ""c"": 6.0, ""exploration_rate"": 0.1, ""gamma"": 0.5, ""gp_rate"": 0.5, ""lm_iterations"": 10, ""max_constants"": 999, ""max_depth"": 6, ""max_evals"": 2000000, ""max_unary"": 999, ""mutation_rate"": 0.1, ""ops"": [""+"", ""-"", ""*"", ""/"", ""sin"", ""cos"", ""exp"", ""log"", ""R""], ""succ_error_tol"": 1e-06}","{""K"": 500, ""c"": 6.0, ""exploration_rate"": 0.1, ""gamma"": 0.5, ""gp_rate"": 0.5, ""lm_iterations"": 10, ""max_constants"": 999, ""max_depth"": 6, ""max_evals"": 2000000, ""max_unary"": 999, ""mutation_rate"": 0.1, ""ops"": [""+"", ""-"", ""*"", ""/"", ""sin"", ""cos"", ""exp"", ""log"", ""R""], ""succ_error_tol"": 1e-06}",0.5
imcts,Jin,1,Jin-1,expression,78,21870,200,100,100,2,"[""x0"", ""x1""]",2.5*x[0]**4 - 1.3*x[0]**3 + 0.5*x[1]**2 - 1.7*x[1],0.9999998807907104,True,0.9999999999999996,0.9999999999999993,19.0,92112,7.065435319032986,0.0,0,x1 * -0.907962539068 + (x1 + -1.12281659373e-06) * (x1 - 1.58407367723) * 0.499999827684 + 2.10367743632 * x0 * x0 * x0 / (0.841470984808 / (-0.520000046848 + x0)),x1 * -0.907962539068 + (x1 + -1.12281659373e-06) * (x1 - 1.58407367723) * 0.499999827684 + 2.10367743632 * x0 * x0 * x0 / (0.841470984808 / (-0.520000046848 + x0)),x0**3*(2.5*x0 - 1.3) + 0.5*x1*(x1 - 1.58) - 0.908*x1,"[-2.003196574549096, -1.122816593732476e-06, 1.5840736772262352, -0.5000001723164977, 1.0, 2.1036774363242934, 1.0, 1.0, 0.47999995315151583, 1.0]","{""K"": 500, ""c"": 6.0, ""exploration_rate"": 0.1, ""gamma"": 0.5, ""gp_rate"": 0.5, ""lm_iterations"": 10, ""max_constants"": 999, ""max_depth"": 6, ""max_evals"": 2000000, ""max_unary"": 999, ""mutation_rate"": 0.1, ""ops"": [""+"", ""-"", ""*"", ""/"", ""sin"", ""cos"", ""exp"", ""log"", ""R""], ""succ_error_tol"": 1e-06}","{""K"": 500, ""c"": 6.0, ""exploration_rate"": 0.1, ""gamma"": 0.5, ""gp_rate"": 0.5, ""lm_iterations"": 10, ""max_constants"": 999, ""max_depth"": 6, ""max_evals"": 2000000, ""max_unary"": 999, ""mutation_rate"": 0.1, ""ops"": [""+"", ""-"", ""*"", ""/"", ""sin"", ""cos"", ""exp"", ""log"", ""R""], ""succ_error_tol"": 1e-06}",0.5
imcts,Jin,1,Jin-1,expression,79,23483,200,100,100,2,"[""x0"", ""x1""]",2.5*x[0]**4 - 1.3*x[0]**3 + 0.5*x[1]**2 - 1.7*x[1],0.9999998807907104,True,0.9999999999999982,0.9999999999999982,17.0,70858,5.600989348022267,0.0,0,(1.69999994557 - 0.500000084026 * x1) * (3.4690875851e-07 - x1) - (x0 - 0.520000020438) * x0 * x0 * x0 * -2.49999990335,(1.69999994557 - 0.500000084026 * x1) * (3.4690875851e-07 - x1) - (x0 - 0.520000020438) * x0 * x0 * x0 * -2.49999990335,x0**3*(2.5*x0 - 1.3) + x1*(0.5*x1 - 1.7),"[1.6999999455666894, 0.5000000840259444, 3.4690875851037194e-07, 0.5200000204379769, -2.499999903351654]","{""K"": 500, ""c"": 6.0, ""exploration_rate"": 0.1, ""gamma"": 0.5, ""gp_rate"": 0.5, ""lm_iterations"": 10, ""max_constants"": 999, ""max_depth"": 6, ""max_evals"": 2000000, ""max_unary"": 999, ""mutation_rate"": 0.1, ""ops"": [""+"", ""-"", ""*"", ""/"", ""sin"", ""cos"", ""exp"", ""log"", ""R""], ""succ_error_tol"": 1e-06}","{""K"": 500, ""c"": 6.0, ""exploration_rate"": 0.1, ""gamma"": 0.5, ""gp_rate"": 0.5, ""lm_iterations"": 10, ""max_constants"": 999, ""max_depth"": 6, ""max_evals"": 2000000, ""max_unary"": 999, ""mutation_rate"": 0.1, ""ops"": [""+"", ""-"", ""*"", ""/"", ""sin"", ""cos"", ""exp"", ""log"", ""R""], ""succ_error_tol"": 1e-06}",0.5
imcts,Jin,1,Jin-1,expression,80,26054,200,100,100,2,"[""x0"", ""x1""]",2.5*x[0]**4 - 1.3*x[0]**3 + 0.5*x[1]**2 - 1.7*x[1],0.9999998807907104,True,0.9999999999141547,0.9999999999794101,19.0,139479,11.522878239047714,0.0,0,(x1 + (2.39999829355 - x1) * x1) * -0.500000308338 - (exp(x1 + -11.8907490667) - x0 * x0) * (1.59789720313e-06 + x0) * 2.50000042639 * (x0 - 0.520001600807),(x1 + (2.39999829355 - x1) * x1) * -0.500000308338 - (exp(x1 + -11.8907490667) - x0 * x0) * (1.59789720313e-06 + x0) * 2.50000042639 * (x0 - 0.520001600807),x0**3*(2.5*x0 - 1.3) + 0.5*x1*(x1 - 2.4) - 0.5*x1,"[2.3999982935474438, -0.5000003083378972, -11.89074906671608, 1.5978972031338303e-06, 2.500000426387772, 0.5200016008067276]","{""K"": 500, ""c"": 6.0, ""exploration_rate"": 0.1, ""gamma"": 0.5, ""gp_rate"": 0.5, ""lm_iterations"": 10, ""max_constants"": 999, ""max_depth"": 6, ""max_evals"": 2000000, ""max_unary"": 999, ""mutation_rate"": 0.1, ""ops"": [""+"", ""-"", ""*"", ""/"", ""sin"", ""cos"", ""exp"", ""log"", ""R""], ""succ_error_tol"": 1e-06}","{""K"": 500, ""c"": 6.0, ""exploration_rate"": 0.1, ""gamma"": 0.5, ""gp_rate"": 0.5, ""lm_iterations"": 10, ""max_constants"": 999, ""max_depth"": 6, ""max_evals"": 2000000, ""max_unary"": 999, ""mutation_rate"": 0.1, ""ops"": [""+"", ""-"", ""*"", ""/"", ""sin"", ""cos"", ""exp"", ""log"", ""R""], ""succ_error_tol"": 1e-06}",0.5
imcts,Jin,1,Jin-1,expression,81,15787,200,100,100,2,"[""x0"", ""x1""]",2.5*x[0]**4 - 1.3*x[0]**3 + 0.5*x[1]**2 - 1.7*x[1],0.9999998807907104,True,0.9999999999999988,0.9999999999999991,16.0,46584,3.6494798389612697,0.0,0,x1 * -0.499999752489 * (3.4000021539 - x1) - -8.61964901258e-07 + (x0 - 0.519999967391) * x0 * x0 * x0 * 2.49999995068,x1 * -0.499999752489 * (3.4000021539 - x1) - -8.61964901258e-07 + (x0 - 0.519999967391) * x0 * x0 * x0 * 2.49999995068,x0**3*(2.5*x0 - 1.3) + 0.5*x1*(x1 - 3.4),"[2.094394816591627, 3.4000021538968404, -8.619649012577032e-07, 0.5199999673913132, 0.9162907121455641]","{""K"": 500, ""c"": 6.0, ""exploration_rate"": 0.1, ""gamma"": 0.5, ""gp_rate"": 0.5, ""lm_iterations"": 10, ""max_constants"": 999, ""max_depth"": 6, ""max_evals"": 2000000, ""max_unary"": 999, ""mutation_rate"": 0.1, ""ops"": [""+"", ""-"", ""*"", ""/"", ""sin"", ""cos"", ""exp"", ""log"", ""R""], ""succ_error_tol"": 1e-06}","{""K"": 500, ""c"": 6.0, ""exploration_rate"": 0.1, ""gamma"": 0.5, ""gp_rate"": 0.5, ""lm_iterations"": 10, ""max_constants"": 999, ""max_depth"": 6, ""max_evals"": 2000000, ""max_unary"": 999, ""mutation_rate"": 0.1, ""ops"": [""+"", ""-"", ""*"", ""/"", ""sin"", ""cos"", ""exp"", ""log"", ""R""], ""succ_error_tol"": 1e-06}",0.5
imcts,Jin,1,Jin-1,expression,82,27132,200,100,100,2,"[""x0"", ""x1""]",2.5*x[0]**4 - 1.3*x[0]**3 + 0.5*x[1]**2 - 1.7*x[1],0.9999998807907104,True,0.9999999999999982,0.9999999999999986,17.0,101720,8.185042541008443,0.0,0,(1.15386040637e-07 * (x0 + 4.71661127815) + 2.49999986057 * x0 * x0) * (-0.520000096067 * x0 + x0 * x0) - (6.07894382086e-07 - (-1.70000001874 + 0.500000183731 * x1) * x1),(1.15386040637e-07 * (x0 + 4.71661127815) + 2.49999986057 * x0 * x0) * (-0.520000096067 * x0 + x0 * x0) - (6.07894382086e-07 - (-1.70000001874 + 0.500000183731 * x1) * x1),x0**3*(2.5*x0 - 1.3) + x1*(0.5*x1 - 1.7),"[1.1538604063720913e-07, 4.71661127815266, 2.4999998605682094, -0.5200000960670971, 6.078943820861673e-07, -1.7000000187369766, 0.5000001837310687]","{""K"": 500, ""c"": 6.0, ""exploration_rate"": 0.1, ""gamma"": 0.5, ""gp_rate"": 0.5, ""lm_iterations"": 10, ""max_constants"": 999, ""max_depth"": 6, ""max_evals"": 2000000, ""max_unary"": 999, ""mutation_rate"": 0.1, ""ops"": [""+"", ""-"", ""*"", ""/"", ""sin"", ""cos"", ""exp"", ""log"", ""R""], ""succ_error_tol"": 1e-06}","{""K"": 500, ""c"": 6.0, ""exploration_rate"": 0.1, ""gamma"": 0.5, ""gp_rate"": 0.5, ""lm_iterations"": 10, ""max_constants"": 999, ""max_depth"": 6, ""max_evals"": 2000000, ""max_unary"": 999, ""mutation_rate"": 0.1, ""ops"": [""+"", ""-"", ""*"", ""/"", ""sin"", ""cos"", ""exp"", ""log"", ""R""], ""succ_error_tol"": 1e-06}",0.5
imcts,Jin,1,Jin-1,expression,83,17159,200,100,100,2,"[""x0"", ""x1""]",2.5*x[0]**4 - 1.3*x[0]**3 + 0.5*x[1]**2 - 1.7*x[1],0.9999994039535522,True,0.9999999999996679,0.999999999999584,21.0,102091,8.171688330010511,0.0,0,x1 * 2.00011009111 * ((3.39999833731 - x1) * -0.249986293123 + -1.50884494339e-07 * x0 * x0) - (0.0017719239235 - x0) * (x0 + 0.00177124089854) * 1.24999990737 * (x0 - 0.51999936863) * (x0 + x0),x1 * 2.00011009111 * ((3.39999833731 - x1) * -0.249986293123 + -1.50884494339e-07 * x0 * x0) - (0.0017719239235 - x0) * (x0 + 0.00177124089854) * 1.24999990737 * (x0 - 0.51999936863) * (x0 + x0),2.5*x0*(x0 - 0.52)*(x0 - 0.00201)*(x0 + 0.00201) + 2.0*x1*(0.25*x1 - 0.85),"[1.0000550455568211, 1.0000550455568211, 3.3999983373076414, -0.24998629312304574, -1.5088449433919832e-07, 0.0017719239235042153, 0.0017712408985372577, 0.22314347720894748, 0.5199993686296576]","{""K"": 500, ""c"": 6.0, ""exploration_rate"": 0.1, ""gamma"": 0.5, ""gp_rate"": 0.5, ""lm_iterations"": 10, ""max_constants"": 999, ""max_depth"": 6, ""max_evals"": 2000000, ""max_unary"": 999, ""mutation_rate"": 0.1, ""ops"": [""+"", ""-"", ""*"", ""/"", ""sin"", ""cos"", ""exp"", ""log"", ""R""], ""succ_error_tol"": 1e-06}","{""K"": 500, ""c"": 6.0, ""exploration_rate"": 0.1, ""gamma"": 0.5, ""gp_rate"": 0.5, ""lm_iterations"": 10, ""max_constants"": 999, ""max_depth"": 6, ""max_evals"": 2000000, ""max_unary"": 999, ""mutation_rate"": 0.1, ""ops"": [""+"", ""-"", ""*"", ""/"", ""sin"", ""cos"", ""exp"", ""log"", ""R""], ""succ_error_tol"": 1e-06}",0.5
imcts,Jin,1,Jin-1,expression,84,12206,200,100,100,2,"[""x0"", ""x1""]",2.5*x[0]**4 - 1.3*x[0]**3 + 0.5*x[1]**2 - 1.7*x[1],0.9999998807907104,True,0.9999999999999969,0.9999999999999976,17.0,122742,10.324651549046393,0.0,0,x1 * (-1.70000024208 + x1 * 0.499999835025) + x0 / 2.25756673829 * (x0 * -2.93483731861 * x0 - x0 * x0 * x0 * -5.64391702948),x1 * (-1.70000024208 + x1 * 0.499999835025) + x0 / 2.25756673829 * (x0 * -2.93483731861 * x0 - x0 * x0 * x0 * -5.64391702948),x0**3*(2.5*x0 - 1.3) + x1*(0.5*x1 - 1.7),"[-1.7000002420805833, 0.49999983502509404, 2.2575667382892415, -2.93483731860735, -5.643917029481573]","{""K"": 500, ""c"": 6.0, ""exploration_rate"": 0.1, ""gamma"": 0.5, ""gp_rate"": 0.5, ""lm_iterations"": 10, ""max_constants"": 999, ""max_depth"": 6, ""max_evals"": 2000000, ""max_unary"": 999, ""mutation_rate"": 0.1, ""ops"": [""+"", ""-"", ""*"", ""/"", ""sin"", ""cos"", ""exp"", ""log"", ""R""], ""succ_error_tol"": 1e-06}","{""K"": 500, ""c"": 6.0, ""exploration_rate"": 0.1, ""gamma"": 0.5, ""gp_rate"": 0.5, ""lm_iterations"": 10, ""max_constants"": 999, ""max_depth"": 6, ""max_evals"": 2000000, ""max_unary"": 999, ""mutation_rate"": 0.1, ""ops"": [""+"", ""-"", ""*"", ""/"", ""sin"", ""cos"", ""exp"", ""log"", ""R""], ""succ_error_tol"": 1e-06}",0.5
imcts,Jin,1,Jin-1,expression,85,8226,200,100,100,2,"[""x0"", ""x1""]",2.5*x[0]**4 - 1.3*x[0]**3 + 0.5*x[1]**2 - 1.7*x[1],0.9999998807907104,True,0.9999999999999973,0.9999999999999968,18.0,113798,10.209146455978043,0.0,0,(x0 + -0.519999899028) * x0 * 1.46079798551 / 0.584319166979 * x0 * x0 + (0.849999959904 - x1 * 0.249999919786) * (x0 * -0.661635158901 * 2.8491229498e-07 - (x1 + x1)),(x0 + -0.519999899028) * x0 * 1.46079798551 / 0.584319166979 * x0 * x0 + (0.849999959904 - x1 * 0.249999919786) * (x0 * -0.661635158901 * 2.8491229498e-07 - (x1 + x1)),x0**3*(2.5*x0 - 1.3) + 2*x1*(0.25*x1 - 0.85),"[-0.5199998990283086, 1.4607979855082518, 0.584319166979485, 0.8499999599040763, 0.24999991978629407, -0.6616351589010938, 2.84912294979519e-07]","{""K"": 500, ""c"": 6.0, ""exploration_rate"": 0.1, ""gamma"": 0.5, ""gp_rate"": 0.5, ""lm_iterations"": 10, ""max_constants"": 999, ""max_depth"": 6, ""max_evals"": 2000000, ""max_unary"": 999, ""mutation_rate"": 0.1, ""ops"": [""+"", ""-"", ""*"", ""/"", ""sin"", ""cos"", ""exp"", ""log"", ""R""], ""succ_error_tol"": 1e-06}","{""K"": 500, ""c"": 6.0, ""exploration_rate"": 0.1, ""gamma"": 0.5, ""gp_rate"": 0.5, ""lm_iterations"": 10, ""max_constants"": 999, ""max_depth"": 6, ""max_evals"": 2000000, ""max_unary"": 999, ""mutation_rate"": 0.1, ""ops"": [""+"", ""-"", ""*"", ""/"", ""sin"", ""cos"", ""exp"", ""log"", ""R""], ""succ_error_tol"": 1e-06}",0.5
imcts,Jin,1,Jin-1,expression,86,14541,200,100,100,2,"[""x0"", ""x1""]",2.5*x[0]**4 - 1.3*x[0]**3 + 0.5*x[1]**2 - 1.7*x[1],0.9999998807907104,True,0.9999999999999984,0.9999999999999986,22.0,44923,3.4541232849587686,0.0,0,(sin(x1 / x1) + x0 * 1.10409676276e-07 + 1.65852891521 + x0 * x0 * 2.2439790205e-08) * (-0.200000039225 * x1 * (3.39999933884 - x1) - (0.520000241726 - x0) * x0 * x0 * x0),(sin(x1 / x1) + x0 * 1.10409676276e-07 + 1.65852891521 + x0 * x0 * 2.2439790205e-08) * (-0.200000039225 * x1 * (3.39999933884 - x1) - (0.520000241726 - x0) * x0 * x0 * x0),(-x0**3*(0.52 - x0) + 0.2*x1*(x1 - 3.4))*(sin(1) + 1.66),"[1.1040967627602835e-07, 1.6585289152145202, 2.2439790205028177e-08, -0.20000003922539336, 3.399999338840586, 0.520000241725613]","{""K"": 500, ""c"": 6.0, ""exploration_rate"": 0.1, ""gamma"": 0.5, ""gp_rate"": 0.5, ""lm_iterations"": 10, ""max_constants"": 999, ""max_depth"": 6, ""max_evals"": 2000000, ""max_unary"": 999, ""mutation_rate"": 0.1, ""ops"": [""+"", ""-"", ""*"", ""/"", ""sin"", ""cos"", ""exp"", ""log"", ""R""], ""succ_error_tol"": 1e-06}","{""K"": 500, ""c"": 6.0, ""exploration_rate"": 0.1, ""gamma"": 0.5, ""gp_rate"": 0.5, ""lm_iterations"": 10, ""max_constants"": 999, ""max_depth"": 6, ""max_evals"": 2000000, ""max_unary"": 999, ""mutation_rate"": 0.1, ""ops"": [""+"", ""-"", ""*"", ""/"", ""sin"", ""cos"", ""exp"", ""log"", ""R""], ""succ_error_tol"": 1e-06}",0.5
imcts,Jin,1,Jin-1,expression,87,3152,200,100,100,2,"[""x0"", ""x1""]",2.5*x[0]**4 - 1.3*x[0]**3 + 0.5*x[1]**2 - 1.7*x[1],0.9999998807907104,True,0.9999999999999994,0.9999999999999996,17.0,114421,9.279972704011016,0.0,0,((x0 - -0.479999598033) * (-3.68750927686e-07 - x0) + x0) * x0 * -2.49999991657 * x0 + -0.499999704581 * x1 * (1.000000235 * (x0 - x1) - (x0 + -3.40000200631)),((x0 - -0.479999598033) * (-3.68750927686e-07 - x0) + x0) * x0 * -2.49999991657 * x0 + -0.499999704581 * x1 * (1.000000235 * (x0 - x1) - (x0 + -3.40000200631)),2.5*x0**3*(x0 - 0.52) + 0.5*x1*(1.0*x1 - 3.4),"[-0.4799995980330158, -3.687509276856122e-07, -2.4999999165730133, -0.4999997045811994, 1.0000002350041488, -3.4000020063148177]","{""K"": 500, ""c"": 6.0, ""exploration_rate"": 0.1, ""gamma"": 0.5, ""gp_rate"": 0.5, ""lm_iterations"": 10, ""max_constants"": 999, ""max_depth"": 6, ""max_evals"": 2000000, ""max_unary"": 999, ""mutation_rate"": 0.1, ""ops"": [""+"", ""-"", ""*"", ""/"", ""sin"", ""cos"", ""exp"", ""log"", ""R""], ""succ_error_tol"": 1e-06}","{""K"": 500, ""c"": 6.0, ""exploration_rate"": 0.1, ""gamma"": 0.5, ""gp_rate"": 0.5, ""lm_iterations"": 10, ""max_constants"": 999, ""max_depth"": 6, ""max_evals"": 2000000, ""max_unary"": 999, ""mutation_rate"": 0.1, ""ops"": [""+"", ""-"", ""*"", ""/"", ""sin"", ""cos"", ""exp"", ""log"", ""R""], ""succ_error_tol"": 1e-06}",0.5
imcts,Jin,1,Jin-1,expression,88,26531,200,100,100,2,"[""x0"", ""x1""]",2.5*x[0]**4 - 1.3*x[0]**3 + 0.5*x[1]**2 - 1.7*x[1],0.9999998807907104,True,0.9999999999153918,0.999999999926231,17.0,84166,6.7652538060210645,0.0,0,(0.499999909999 * x1 + -1.70000038617) * x1 + -5.42519501681e-07 + (-1.05955646597 + x0 * 2.03760887028) * x0 * (x0 * x0 * 1.22692826132 + 5.86795235478e-05),(0.499999909999 * x1 + -1.70000038617) * x1 + -5.42519501681e-07 + (-1.05955646597 + x0 * 2.03760887028) * x0 * (x0 * x0 * 1.22692826132 + 5.86795235478e-05),x0**3*(2.5*x0 - 1.3) + x1*(0.5*x1 - 1.7),"[0.4999999099992965, -1.7000003861748563, -5.425195016814148e-07, -1.0595564659724845, 2.03760887027906, 1.2269282613228152, -9.743419724222067]","{""K"": 500, ""c"": 6.0, ""exploration_rate"": 0.1, ""gamma"": 0.5, ""gp_rate"": 0.5, ""lm_iterations"": 10, ""max_constants"": 999, ""max_depth"": 6, ""max_evals"": 2000000, ""max_unary"": 999, ""mutation_rate"": 0.1, ""ops"": [""+"", ""-"", ""*"", ""/"", ""sin"", ""cos"", ""exp"", ""log"", ""R""], ""succ_error_tol"": 1e-06}","{""K"": 500, ""c"": 6.0, ""exploration_rate"": 0.1, ""gamma"": 0.5, ""gp_rate"": 0.5, ""lm_iterations"": 10, ""max_constants"": 999, ""max_depth"": 6, ""max_evals"": 2000000, ""max_unary"": 999, ""mutation_rate"": 0.1, ""ops"": [""+"", ""-"", ""*"", ""/"", ""sin"", ""cos"", ""exp"", ""log"", ""R""], ""succ_error_tol"": 1e-06}",0.5
imcts,Jin,1,Jin-1,expression,89,1585,200,100,100,2,"[""x0"", ""x1""]",2.5*x[0]**4 - 1.3*x[0]**3 + 0.5*x[1]**2 - 1.7*x[1],0.9999998807907104,True,0.9999999999999987,0.9999999999999986,24.0,75506,6.479005209053867,0.0,0,x0 * x0 + (x1 * 0.500000051516 + -1.70000012902) * x1 + x0 * (-0.943812792089 + x0) * (x0 * 2.68943041994 + 1.13981477177) * 0.929564837137 * x0,x0 * x0 + (x1 * 0.500000051516 + -1.70000012902) * x1 + x0 * (-0.943812792089 + x0) * (x0 * 2.68943041994 + 1.13981477177) * 0.929564837137 * x0,0.93*x0**2*(x0 - 0.944)*(2.69*x0 + 1.14) + x0**2 + x1*(0.5*x1 - 1.7),"[0.5000000515159844, -1.7000001290188076, -0.9438127920886231, 2.68943041994371, 1.13981477177377, 2.5334064931877243]","{""K"": 500, ""c"": 6.0, ""exploration_rate"": 0.1, ""gamma"": 0.5, ""gp_rate"": 0.5, ""lm_iterations"": 10, ""max_constants"": 999, ""max_depth"": 6, ""max_evals"": 2000000, ""max_unary"": 999, ""mutation_rate"": 0.1, ""ops"": [""+"", ""-"", ""*"", ""/"", ""sin"", ""cos"", ""exp"", ""log"", ""R""], ""succ_error_tol"": 1e-06}","{""K"": 500, ""c"": 6.0, ""exploration_rate"": 0.1, ""gamma"": 0.5, ""gp_rate"": 0.5, ""lm_iterations"": 10, ""max_constants"": 999, ""max_depth"": 6, ""max_evals"": 2000000, ""max_unary"": 999, ""mutation_rate"": 0.1, ""ops"": [""+"", ""-"", ""*"", ""/"", ""sin"", ""cos"", ""exp"", ""log"", ""R""], ""succ_error_tol"": 1e-06}",0.5
imcts,Jin,1,Jin-1,expression,90,3943,200,100,100,2,"[""x0"", ""x1""]",2.5*x[0]**4 - 1.3*x[0]**3 + 0.5*x[1]**2 - 1.7*x[1],0.9999998807907104,True,0.9999999999999993,0.9999999999999992,16.0,83089,6.987351640011184,0.0,0,(x1 - 0.999999910362 * x0 - (3.40000016345 - x0)) * (x1 * 0.5000000606 + 0.54030245723 - 0.540302305868) + (2.20000014175 * x0 - 1.14399994826) * x0 * x0 / (0.880000055031 / x0),(x1 - 0.999999910362 * x0 - (3.40000016345 - x0)) * (x1 * 0.5000000606 + 0.54030245723 - 0.540302305868) + (2.20000014175 * x0 - 1.14399994826) * x0 * x0 / (0.880000055031 / x0),x0**3*(2.5*x0 - 1.3) + 0.5*x1*(x1 - 3.4),"[0.9999999103616956, 3.4000001634529937, 0.5000000606000848, 0.5403024572299612, 1.0, 2.2000001417458654, 1.143999948264096, 0.8800000550307655]","{""K"": 500, ""c"": 6.0, ""exploration_rate"": 0.1, ""gamma"": 0.5, ""gp_rate"": 0.5, ""lm_iterations"": 10, ""max_constants"": 999, ""max_depth"": 6, ""max_evals"": 2000000, ""max_unary"": 999, ""mutation_rate"": 0.1, ""ops"": [""+"", ""-"", ""*"", ""/"", ""sin"", ""cos"", ""exp"", ""log"", ""R""], ""succ_error_tol"": 1e-06}","{""K"": 500, ""c"": 6.0, ""exploration_rate"": 0.1, ""gamma"": 0.5, ""gp_rate"": 0.5, ""lm_iterations"": 10, ""max_constants"": 999, ""max_depth"": 6, ""max_evals"": 2000000, ""max_unary"": 999, ""mutation_rate"": 0.1, ""ops"": [""+"", ""-"", ""*"", ""/"", ""sin"", ""cos"", ""exp"", ""log"", ""R""], ""succ_error_tol"": 1e-06}",0.5
imcts,Jin,1,Jin-1,expression,91,23939,200,100,100,2,"[""x0"", ""x1""]",2.5*x[0]**4 - 1.3*x[0]**3 + 0.5*x[1]**2 - 1.7*x[1],0.9999998807907104,True,0.9999999999999996,0.9999999999999994,17.0,74133,5.895996884966735,0.0,0,(x0 + x0 + 3.09918178676e-07) * x0 * 0.624999996831 * (x0 + x0 + -1.04000037508) * x0 + (3.39999947928 - x1) * -0.500000077166 * x1,(x0 + x0 + 3.09918178676e-07) * x0 * 0.624999996831 * (x0 + x0 + -1.04000037508) * x0 + (3.39999947928 - x1) * -0.500000077166 * x1,x0**3*(2.5*x0 - 1.3) + x1*(0.5*x1 - 1.7),"[1.0, 0.9999996900818213, 0.6249999968308769, -1.0400003750779259, 3.3999994792788115, 1.0943951914968388, 1.0]","{""K"": 500, ""c"": 6.0, ""exploration_rate"": 0.1, ""gamma"": 0.5, ""gp_rate"": 0.5, ""lm_iterations"": 10, ""max_constants"": 999, ""max_depth"": 6, ""max_evals"": 2000000, ""max_unary"": 999, ""mutation_rate"": 0.1, ""ops"": [""+"", ""-"", ""*"", ""/"", ""sin"", ""cos"", ""exp"", ""log"", ""R""], ""succ_error_tol"": 1e-06}","{""K"": 500, ""c"": 6.0, ""exploration_rate"": 0.1, ""gamma"": 0.5, ""gp_rate"": 0.5, ""lm_iterations"": 10, ""max_constants"": 999, ""max_depth"": 6, ""max_evals"": 2000000, ""max_unary"": 999, ""mutation_rate"": 0.1, ""ops"": [""+"", ""-"", ""*"", ""/"", ""sin"", ""cos"", ""exp"", ""log"", ""R""], ""succ_error_tol"": 1e-06}",0.5
imcts,Jin,1,Jin-1,expression,92,19457,200,100,100,2,"[""x0"", ""x1""]",2.5*x[0]**4 - 1.3*x[0]**3 + 0.5*x[1]**2 - 1.7*x[1],0.9999998211860657,True,0.9999999999999973,0.9999999999999969,18.0,91490,7.48315070202807,0.0,0,x1 * x1 * 0.500000021878 - 5.2863901461e-07 - x0 * x0 * 2.50000009387 * x0 * (0.519999925693 - x0) - (x1 - (-2.69999995696 * x1 + x1 + x1)),x1 * x1 * 0.500000021878 - 5.2863901461e-07 - x0 * x0 * 2.50000009387 * x0 * (0.519999925693 - x0) - (x1 - (-2.69999995696 * x1 + x1 + x1)),x0**3*(2.5*x0 - 1.3) + 0.5*x1**2 - 1.7*x1,"[0.5000000218776836, 5.286390146104736e-07, 2.500000093865418, 1.0000000000000002, 0.5199999256930989, -2.6999999569554207]","{""K"": 500, ""c"": 6.0, ""exploration_rate"": 0.1, ""gamma"": 0.5, ""gp_rate"": 0.5, ""lm_iterations"": 10, ""max_constants"": 999, ""max_depth"": 6, ""max_evals"": 2000000, ""max_unary"": 999, ""mutation_rate"": 0.1, ""ops"": [""+"", ""-"", ""*"", ""/"", ""sin"", ""cos"", ""exp"", ""log"", ""R""], ""succ_error_tol"": 1e-06}","{""K"": 500, ""c"": 6.0, ""exploration_rate"": 0.1, ""gamma"": 0.5, ""gp_rate"": 0.5, ""lm_iterations"": 10, ""max_constants"": 999, ""max_depth"": 6, ""max_evals"": 2000000, ""max_unary"": 999, ""mutation_rate"": 0.1, ""ops"": [""+"", ""-"", ""*"", ""/"", ""sin"", ""cos"", ""exp"", ""log"", ""R""], ""succ_error_tol"": 1e-06}",0.5
imcts,Jin,1,Jin-1,expression,93,1021,200,100,100,2,"[""x0"", ""x1""]",2.5*x[0]**4 - 1.3*x[0]**3 + 0.5*x[1]**2 - 1.7*x[1],0.9999998807907104,True,0.9999999999999966,0.999999999999997,17.0,93972,7.953243109979667,0.0,0,-2.49999988705 * x0 * x0 * x0 * (0.520000072711 - x0) - -2.66252710072e-08 + (-1.69999997317 - x1 * -0.500000156707) * x1,-2.49999988705 * x0 * x0 * x0 * (0.520000072711 - x0) - -2.66252710072e-08 + (-1.69999997317 - x1 * -0.500000156707) * x1,x0**3*(2.5*x0 - 1.3) + x1*(0.5*x1 - 1.7),"[-2.4999998870531663, 1.0, 0.5200000727114222, -2.6625271007244758e-08, -1.6999999731722542, -0.5000001567067776]","{""K"": 500, ""c"": 6.0, ""exploration_rate"": 0.1, ""gamma"": 0.5, ""gp_rate"": 0.5, ""lm_iterations"": 10, ""max_constants"": 999, ""max_depth"": 6, ""max_evals"": 2000000, ""max_unary"": 999, ""mutation_rate"": 0.1, ""ops"": [""+"", ""-"", ""*"", ""/"", ""sin"", ""cos"", ""exp"", ""log"", ""R""], ""succ_error_tol"": 1e-06}","{""K"": 500, ""c"": 6.0, ""exploration_rate"": 0.1, ""gamma"": 0.5, ""gp_rate"": 0.5, ""lm_iterations"": 10, ""max_constants"": 999, ""max_depth"": 6, ""max_evals"": 2000000, ""max_unary"": 999, ""mutation_rate"": 0.1, ""ops"": [""+"", ""-"", ""*"", ""/"", ""sin"", ""cos"", ""exp"", ""log"", ""R""], ""succ_error_tol"": 1e-06}",0.5
imcts,Jin,1,Jin-1,expression,94,11653,200,100,100,2,"[""x0"", ""x1""]",2.5*x[0]**4 - 1.3*x[0]**3 + 0.5*x[1]**2 - 1.7*x[1],0.9999998807907104,True,0.9999999999999991,0.999999999999999,27.0,249711,22.54870684299385,0.0,0,exp(0.00138532127547 * x0) - (1.00000082833 + x0) - 1.10986423175 * x0 * x0 * x0 + x0 * x0 * x0 * (x0 * 2.49999988581 + -0.19013613461) + x0 / 1.00138533063 + (-3.39999932889 + x1) * x1 * 0.500000098575,exp(0.00138532127547 * x0) - (1.00000082833 + x0) - 1.10986423175 * x0 * x0 * x0 + x0 * x0 * x0 * (x0 * 2.49999988581 + -0.19013613461) + x0 / 1.00138533063 + (-3.39999932889 + x1) * x1 * 0.500000098575,2.5*x0**4 - 1.3*x0**3 - 0.00101*x0 + 0.5*x1**2 - 1.7*x1 + exp(0.00101*x0) - 1.0,"[0.0013853212754728933, 1.00000082832592, 1.1098642317479122, 2.499999885814234, -0.19013613460959822, 1.001385330633521, -3.399999328887111, 0.5000000985746899]","{""K"": 500, ""c"": 6.0, ""exploration_rate"": 0.1, ""gamma"": 0.5, ""gp_rate"": 0.5, ""lm_iterations"": 10, ""max_constants"": 999, ""max_depth"": 6, ""max_evals"": 2000000, ""max_unary"": 999, ""mutation_rate"": 0.1, ""ops"": [""+"", ""-"", ""*"", ""/"", ""sin"", ""cos"", ""exp"", ""log"", ""R""], ""succ_error_tol"": 1e-06}","{""K"": 500, ""c"": 6.0, ""exploration_rate"": 0.1, ""gamma"": 0.5, ""gp_rate"": 0.5, ""lm_iterations"": 10, ""max_constants"": 999, ""max_depth"": 6, ""max_evals"": 2000000, ""max_unary"": 999, ""mutation_rate"": 0.1, ""ops"": [""+"", ""-"", ""*"", ""/"", ""sin"", ""cos"", ""exp"", ""log"", ""R""], ""succ_error_tol"": 1e-06}",0.5
imcts,Jin,1,Jin-1,expression,95,10805,200,100,100,2,"[""x0"", ""x1""]",2.5*x[0]**4 - 1.3*x[0]**3 + 0.5*x[1]**2 - 1.7*x[1],0.9999998807907104,True,0.9999999999999993,0.9999999999999992,18.0,79452,6.873937139986083,0.0,0,((-0.679999872265 + 0.200000067142 * x1) / (x0 * x0 / x1) - (0.000457393549269 * x0 - x0 * (x0 + -0.519542651709))) * (7.75685596351e-08 + 1.82852790667e-09 / x0 + x0 / 0.80000001146) * (x0 + x0),((-0.679999872265 + 0.200000067142 * x1) / (x0 * x0 / x1) - (0.000457393549269 * x0 - x0 * (x0 + -0.519542651709))) * (7.75685596351e-08 + 1.82852790667e-09 / x0 + x0 / 0.80000001146) * (x0 + x0),x0**3*(2.4999999641875*x0 - 1.3000488095018) + 2.4999999641875*x1*(0.2*x1 - 0.68),"[-0.7477624604465218, 0.20000006714239338, 0.0004573935492691846, -0.5195426517086159, 7.756855963505856e-08, 1.8285279066696208e-09, 0.8000000114596539]","{""K"": 500, ""c"": 6.0, ""exploration_rate"": 0.1, ""gamma"": 0.5, ""gp_rate"": 0.5, ""lm_iterations"": 10, ""max_constants"": 999, ""max_depth"": 6, ""max_evals"": 2000000, ""max_unary"": 999, ""mutation_rate"": 0.1, ""ops"": [""+"", ""-"", ""*"", ""/"", ""sin"", ""cos"", ""exp"", ""log"", ""R""], ""succ_error_tol"": 1e-06}","{""K"": 500, ""c"": 6.0, ""exploration_rate"": 0.1, ""gamma"": 0.5, ""gp_rate"": 0.5, ""lm_iterations"": 10, ""max_constants"": 999, ""max_depth"": 6, ""max_evals"": 2000000, ""max_unary"": 999, ""mutation_rate"": 0.1, ""ops"": [""+"", ""-"", ""*"", ""/"", ""sin"", ""cos"", ""exp"", ""log"", ""R""], ""succ_error_tol"": 1e-06}",0.5
imcts,Jin,1,Jin-1,expression,96,13417,200,100,100,2,"[""x0"", ""x1""]",2.5*x[0]**4 - 1.3*x[0]**3 + 0.5*x[1]**2 - 1.7*x[1],0.9999998807907104,True,0.9999999999999989,0.9999999999999989,16.0,115261,9.465050138009246,0.0,0,(x0 / 0.399999925887 + -1.30000124892) * (x0 * x0 * x0 + 2.18795198731e-08) + x0 * 1.24650977482e-06 / exp(x0) - x1 * -0.500000524589 * (x1 + -3.39999617892),(x0 / 0.399999925887 + -1.30000124892) * (x0 * x0 * x0 + 2.18795198731e-08) + x0 * 1.24650977482e-06 / exp(x0) - x1 * -0.500000524589 * (x1 + -3.39999617892),x0**3*(2.5*x0 - 1.3) + 0.5*x1*(x1 - 3.4),"[0.39999992588731165, -1.300001248920908, 2.1879519873107917e-08, 1.2465097748211842e-06, -0.5000005245893039, -3.3999961789161683]","{""K"": 500, ""c"": 6.0, ""exploration_rate"": 0.1, ""gamma"": 0.5, ""gp_rate"": 0.5, ""lm_iterations"": 10, ""max_constants"": 999, ""max_depth"": 6, ""max_evals"": 2000000, ""max_unary"": 999, ""mutation_rate"": 0.1, ""ops"": [""+"", ""-"", ""*"", ""/"", ""sin"", ""cos"", ""exp"", ""log"", ""R""], ""succ_error_tol"": 1e-06}","{""K"": 500, ""c"": 6.0, ""exploration_rate"": 0.1, ""gamma"": 0.5, ""gp_rate"": 0.5, ""lm_iterations"": 10, ""max_constants"": 999, ""max_depth"": 6, ""max_evals"": 2000000, ""max_unary"": 999, ""mutation_rate"": 0.1, ""ops"": [""+"", ""-"", ""*"", ""/"", ""sin"", ""cos"", ""exp"", ""log"", ""R""], ""succ_error_tol"": 1e-06}",0.5
imcts,Jin,1,Jin-1,expression,97,20227,200,100,100,2,"[""x0"", ""x1""]",2.5*x[0]**4 - 1.3*x[0]**3 + 0.5*x[1]**2 - 1.7*x[1],0.9999998807907104,True,0.9999999999999994,0.9999999999999994,16.0,44824,3.2537624840042554,0.0,0,(3.40000002323 - x1) * (-1.52971341418e-07 * x0 - x1 * 0.500000138975) + (1.9230770719 * x0 * x0 - x0) * x0 * x0 * x0 * 1.29999990528 / x0,(3.40000002323 - x1) * (-1.52971341418e-07 * x0 - x1 * 0.500000138975) + (1.9230770719 * x0 * x0 - x0) * x0 * x0 * x0 * 1.29999990528 / x0,x0**3*(2.5*x0 - 1.3) + 0.5*x1*(x1 - 3.4),"[3.400000023232879, -1.529713414178053e-07, 0.5000001389750759, 1.9230770719033985, 1.2999999052823004]","{""K"": 500, ""c"": 6.0, ""exploration_rate"": 0.1, ""gamma"": 0.5, ""gp_rate"": 0.5, ""lm_iterations"": 10, ""max_constants"": 999, ""max_depth"": 6, ""max_evals"": 2000000, ""max_unary"": 999, ""mutation_rate"": 0.1, ""ops"": [""+"", ""-"", ""*"", ""/"", ""sin"", ""cos"", ""exp"", ""log"", ""R""], ""succ_error_tol"": 1e-06}","{""K"": 500, ""c"": 6.0, ""exploration_rate"": 0.1, ""gamma"": 0.5, ""gp_rate"": 0.5, ""lm_iterations"": 10, ""max_constants"": 999, ""max_depth"": 6, ""max_evals"": 2000000, ""max_unary"": 999, ""mutation_rate"": 0.1, ""ops"": [""+"", ""-"", ""*"", ""/"", ""sin"", ""cos"", ""exp"", ""log"", ""R""], ""succ_error_tol"": 1e-06}",0.5
imcts,Jin,1,Jin-1,expression,98,7989,200,100,100,2,"[""x0"", ""x1""]",2.5*x[0]**4 - 1.3*x[0]**3 + 0.5*x[1]**2 - 1.7*x[1],0.9999998807907104,True,0.9999999999999978,0.9999999999999971,17.0,66989,5.226098126964644,0.0,0,(-3.40000177093 + x1) * 0.499999690298 * x1 + x0 * x0 * (1.51513121306e-06 - (0.520000082507 - x0) * 2.49999986105 * x0),(-3.40000177093 + x1) * 0.499999690298 * x1 + x0 * x0 * (1.51513121306e-06 - (0.520000082507 - x0) * 2.49999986105 * x0),x0**3*(2.5*x0 - 1.3) + x1*(0.5*x1 - 1.7),"[-3.4000017709342294, 0.5235984179848233, 1.5151312130566173e-06, 0.5200000825071364, 2.499999861048637]","{""K"": 500, ""c"": 6.0, ""exploration_rate"": 0.1, ""gamma"": 0.5, ""gp_rate"": 0.5, ""lm_iterations"": 10, ""max_constants"": 999, ""max_depth"": 6, ""max_evals"": 2000000, ""max_unary"": 999, ""mutation_rate"": 0.1, ""ops"": [""+"", ""-"", ""*"", ""/"", ""sin"", ""cos"", ""exp"", ""log"", ""R""], ""succ_error_tol"": 1e-06}","{""K"": 500, ""c"": 6.0, ""exploration_rate"": 0.1, ""gamma"": 0.5, ""gp_rate"": 0.5, ""lm_iterations"": 10, ""max_constants"": 999, ""max_depth"": 6, ""max_evals"": 2000000, ""max_unary"": 999, ""mutation_rate"": 0.1, ""ops"": [""+"", ""-"", ""*"", ""/"", ""sin"", ""cos"", ""exp"", ""log"", ""R""], ""succ_error_tol"": 1e-06}",0.5
imcts,Jin,1,Jin-1,expression,99,9692,200,100,100,2,"[""x0"", ""x1""]",2.5*x[0]**4 - 1.3*x[0]**3 + 0.5*x[1]**2 - 1.7*x[1],0.9999998807907104,True,0.9999999999999998,0.9999999999999999,17.0,47455,3.8058584699756466,0.0,0,x0 * x0 * x0 * (2.49999999824 * x0 - 1.29999999065) + (x1 + -3.3999987865) * -0.500000221705 * (-2.63797829449e-07 - x1),x0 * x0 * x0 * (2.49999999824 * x0 - 1.29999999065) + (x1 + -3.3999987865) * -0.500000221705 * (-2.63797829449e-07 - x1),x0**3*(2.5*x0 - 1.3) + x1*(0.5*x1 - 1.7),"[2.499999998243177, 1.2999999906545747, -4.071532109200269, 0.6715333226995102, -0.5000002217046386, -2.637978294485689e-07]","{""K"": 500, ""c"": 6.0, ""exploration_rate"": 0.1, ""gamma"": 0.5, ""gp_rate"": 0.5, ""lm_iterations"": 10, ""max_constants"": 999, ""max_depth"": 6, ""max_evals"": 2000000, ""max_unary"": 999, ""mutation_rate"": 0.1, ""ops"": [""+"", ""-"", ""*"", ""/"", ""sin"", ""cos"", ""exp"", ""log"", ""R""], ""succ_error_tol"": 1e-06}","{""K"": 500, ""c"": 6.0, ""exploration_rate"": 0.1, ""gamma"": 0.5, ""gp_rate"": 0.5, ""lm_iterations"": 10, ""max_constants"": 999, ""max_depth"": 6, ""max_evals"": 2000000, ""max_unary"": 999, ""mutation_rate"": 0.1, ""ops"": [""+"", ""-"", ""*"", ""/"", ""sin"", ""cos"", ""exp"", ""log"", ""R""], ""succ_error_tol"": 1e-06}",0.5
