algorithm,group,case_id,case_name,source_type,run,seed,samples_total,samples_train,samples_test,variables,feature_names,target_expression,reward,success,train_r2,test_r2,complexity,evaluations,time_sec,tuning_time_sec,tuning_evaluations,expression,materialized_expression,simplified_expression,coefficients,algorithm_params,tuned_params,test_ratio
imcts,Jin,3,Jin-3,expression,0,23654,200,100,100,2,"[""x0"", ""x1""]",0.2*x[0]**3 + 0.5*x[1]**3 - 1.2*x[1] - 0.5*x[0],0.9999998807907104,True,0.9999999999999983,0.9999999999999983,17.0,55730,4.844147191033699,0.0,0,(x0 - 1.58113881599) * x0 / 4.9999999312 * (x0 - -1.58113891275) + 1 - (x1 * x1 * x1 * -0.50000001586 + 0.999999983215 + 1.2000000392 * x1),(x0 - 1.58113881599) * x0 / 4.9999999312 * (x0 - -1.58113891275) + 1 - (x1 * x1 * x1 * -0.50000001586 + 0.999999983215 + 1.2000000392 * x1),0.2*x0**3 - 0.5*x0 + 0.5*x1**3 - 1.2*x1,"[1.581138815989948, 4.999999931199215, -1.5811389127511513, 1.0, -0.5000000158600926, 0.9999999832153774, 1.2000000392046917]","{""K"": 500, ""c"": 6.0, ""exploration_rate"": 0.1, ""gamma"": 0.5, ""gp_rate"": 0.5, ""lm_iterations"": 10, ""max_constants"": 999, ""max_depth"": 6, ""max_evals"": 2000000, ""max_unary"": 999, ""mutation_rate"": 0.1, ""ops"": [""+"", ""-"", ""*"", ""/"", ""sin"", ""cos"", ""exp"", ""log"", ""R""], ""succ_error_tol"": 1e-06}","{""K"": 500, ""c"": 6.0, ""exploration_rate"": 0.1, ""gamma"": 0.5, ""gp_rate"": 0.5, ""lm_iterations"": 10, ""max_constants"": 999, ""max_depth"": 6, ""max_evals"": 2000000, ""max_unary"": 999, ""mutation_rate"": 0.1, ""ops"": [""+"", ""-"", ""*"", ""/"", ""sin"", ""cos"", ""exp"", ""log"", ""R""], ""succ_error_tol"": 1e-06}",0.5
imcts,Jin,3,Jin-3,expression,1,15795,200,100,100,2,"[""x0"", ""x1""]",0.2*x[0]**3 + 0.5*x[1]**3 - 1.2*x[1] - 0.5*x[0],0.9999998807907104,True,0.9999999999963491,0.9999999999973617,17.0,75265,6.883395683020353,0.0,0,0.504665431978 / (1.00933088158 / (x1 * x0 / x0)) * (x0 / x1 * (x0 + 1.58114191379) * (1.58114775676 - x0) * -0.400001156329 - (4.84214294529e-08 * sin(x0) - (-2.39999997911 + x1 * x1))),0.504665431978 / (1.00933088158 / (x1 * x0 / x0)) * (x0 / x1 * (x0 + 1.58114191379) * (1.58114775676 - x0) * -0.400001156329 - (4.84214294529e-08 * sin(x0) - (-2.39999997911 + x1 * x1))),0.2*x0**3 - 0.5*x0 + 0.5*x1**3 - 1.2*x1,"[0.5046654319783682, 1.009330881575076, 1.5811419137940428, 1.581147756759804, 0.6703192708255613, 4.84214294528551e-08, -2.3999999791063336]","{""K"": 500, ""c"": 6.0, ""exploration_rate"": 0.1, ""gamma"": 0.5, ""gp_rate"": 0.5, ""lm_iterations"": 10, ""max_constants"": 999, ""max_depth"": 6, ""max_evals"": 2000000, ""max_unary"": 999, ""mutation_rate"": 0.1, ""ops"": [""+"", ""-"", ""*"", ""/"", ""sin"", ""cos"", ""exp"", ""log"", ""R""], ""succ_error_tol"": 1e-06}","{""K"": 500, ""c"": 6.0, ""exploration_rate"": 0.1, ""gamma"": 0.5, ""gp_rate"": 0.5, ""lm_iterations"": 10, ""max_constants"": 999, ""max_depth"": 6, ""max_evals"": 2000000, ""max_unary"": 999, ""mutation_rate"": 0.1, ""ops"": [""+"", ""-"", ""*"", ""/"", ""sin"", ""cos"", ""exp"", ""log"", ""R""], ""succ_error_tol"": 1e-06}",0.5
imcts,Jin,3,Jin-3,expression,2,860,200,100,100,2,"[""x0"", ""x1""]",0.2*x[0]**3 + 0.5*x[1]**3 - 1.2*x[1] - 0.5*x[0],0.9999998807907104,True,0.9999999999999991,0.9999999999999992,17.0,192201,22.130787545000203,0.0,0,-6.02308588498e-08 + -0.499999932642 * x0 + cos(x0) * -3.51282796294e-08 * x1 + (0.500000006477 * x1 - 2.45110784291e-09 * x0) * (x1 * x1 - 2.40000000006) + x0 / 1.80000001537 * 0.359999975402 * x0 * x0,-6.02308588498e-08 + -0.499999932642 * x0 + cos(x0) * -3.51282796294e-08 * x1 + (0.500000006477 * x1 - 2.45110784291e-09 * x0) * (x1 * x1 - 2.40000000006) + x0 / 1.80000001537 * 0.359999975402 * x0 * x0,0.2*x0**3 - 0.5*x0 + 0.5*x1*(x1**2 - 2.4),"[1.0, -6.023085884979758e-08, -0.49999993264237297, -3.5128279629376305e-08, 0.5000000064772888, 2.451107842905048e-09, 1.400000000059751, 1.0, 1.8000000153735423, 0.3599999754023319]","{""K"": 500, ""c"": 6.0, ""exploration_rate"": 0.1, ""gamma"": 0.5, ""gp_rate"": 0.5, ""lm_iterations"": 10, ""max_constants"": 999, ""max_depth"": 6, ""max_evals"": 2000000, ""max_unary"": 999, ""mutation_rate"": 0.1, ""ops"": [""+"", ""-"", ""*"", ""/"", ""sin"", ""cos"", ""exp"", ""log"", ""R""], ""succ_error_tol"": 1e-06}","{""K"": 500, ""c"": 6.0, ""exploration_rate"": 0.1, ""gamma"": 0.5, ""gp_rate"": 0.5, ""lm_iterations"": 10, ""max_constants"": 999, ""max_depth"": 6, ""max_evals"": 2000000, ""max_unary"": 999, ""mutation_rate"": 0.1, ""ops"": [""+"", ""-"", ""*"", ""/"", ""sin"", ""cos"", ""exp"", ""log"", ""R""], ""succ_error_tol"": 1e-06}",0.5
imcts,Jin,3,Jin-3,expression,3,5390,200,100,100,2,"[""x0"", ""x1""]",0.2*x[0]**3 + 0.5*x[1]**3 - 1.2*x[1] - 0.5*x[0],0.9999998807907104,True,0.9999999999999989,0.9999999999999979,20.0,76628,6.517376707983203,0.0,0,(-0.500000017328 + 0.199999999689 * x0 * x0) * (x0 + -4.52093227943e-08) - x1 * (x1 * -0.500000003719 + -0.774596675836) * (-1.5491932888 + x1 + 2.29955530105e-09 * x0),(-0.500000017328 + 0.199999999689 * x0 * x0) * (x0 + -4.52093227943e-08) - x1 * (x1 * -0.500000003719 + -0.774596675836) * (-1.5491932888 + x1 + 2.29955530105e-09 * x0),x0*(0.2*x0**2 - 0.5) + x1*(0.5*x1 + 0.775)*(x1 - 1.55),"[-0.5000000173275148, 1.3694384063220755, -4.52093227943005e-08, -0.5000000037190367, -0.7745966758360542, 1.8005328446093156, -0.8604082360608265, 2.2995553010487633e-09]","{""K"": 500, ""c"": 6.0, ""exploration_rate"": 0.1, ""gamma"": 0.5, ""gp_rate"": 0.5, ""lm_iterations"": 10, ""max_constants"": 999, ""max_depth"": 6, ""max_evals"": 2000000, ""max_unary"": 999, ""mutation_rate"": 0.1, ""ops"": [""+"", ""-"", ""*"", ""/"", ""sin"", ""cos"", ""exp"", ""log"", ""R""], ""succ_error_tol"": 1e-06}","{""K"": 500, ""c"": 6.0, ""exploration_rate"": 0.1, ""gamma"": 0.5, ""gp_rate"": 0.5, ""lm_iterations"": 10, ""max_constants"": 999, ""max_depth"": 6, ""max_evals"": 2000000, ""max_unary"": 999, ""mutation_rate"": 0.1, ""ops"": [""+"", ""-"", ""*"", ""/"", ""sin"", ""cos"", ""exp"", ""log"", ""R""], ""succ_error_tol"": 1e-06}",0.5
imcts,Jin,3,Jin-3,expression,4,16850,200,100,100,2,"[""x0"", ""x1""]",0.2*x[0]**3 + 0.5*x[1]**3 - 1.2*x[1] - 0.5*x[0],0.9999998807907104,True,0.999999999999999,0.9999999999999988,19.0,92704,8.125913567957468,0.0,0,(x0 - 1.89498226952e-07) * (1.75541060289 - x0 + -0.174271840609) * (-0.200000009025 * x0 - 0.316227776277) + -0.49999999114 * (-1.64524229509e-08 - x1) * (x1 * x1 - 2.39999997496),(x0 - 1.89498226952e-07) * (1.75541060289 - x0 + -0.174271840609) * (-0.200000009025 * x0 - 0.316227776277) + -0.49999999114 * (-1.64524229509e-08 - x1) * (x1 * x1 - 2.39999997496),x0*(0.2*x0 + 0.316)*(x0 - 1.58) + 0.5*x1*(x1**2 - 2.4),"[1.8949822695222377e-07, 1.755410602890981, -0.17427184060944603, -0.2000000090247514, 1.0, 0.3162277762767423, -0.4999999911401704, 1.0, -1.6452422950885463e-08, 2.3999999749616547]","{""K"": 500, ""c"": 6.0, ""exploration_rate"": 0.1, ""gamma"": 0.5, ""gp_rate"": 0.5, ""lm_iterations"": 10, ""max_constants"": 999, ""max_depth"": 6, ""max_evals"": 2000000, ""max_unary"": 999, ""mutation_rate"": 0.1, ""ops"": [""+"", ""-"", ""*"", ""/"", ""sin"", ""cos"", ""exp"", ""log"", ""R""], ""succ_error_tol"": 1e-06}","{""K"": 500, ""c"": 6.0, ""exploration_rate"": 0.1, ""gamma"": 0.5, ""gp_rate"": 0.5, ""lm_iterations"": 10, ""max_constants"": 999, ""max_depth"": 6, ""max_evals"": 2000000, ""max_unary"": 999, ""mutation_rate"": 0.1, ""ops"": [""+"", ""-"", ""*"", ""/"", ""sin"", ""cos"", ""exp"", ""log"", ""R""], ""succ_error_tol"": 1e-06}",0.5
imcts,Jin,3,Jin-3,expression,5,29910,200,100,100,2,"[""x0"", ""x1""]",0.2*x[0]**3 + 0.5*x[1]**3 - 1.2*x[1] - 0.5*x[0],0.9999998807907104,True,0.9999999999999997,0.9999999999999997,17.0,88782,8.241491230961401,0.0,0,(x0 * -3.4999996705 + x0 - x1) / 4.9999989983 - (x1 - x1 * 1.50000001047) * x1 * x1 - (x1 - (3.64066233828e-08 - x0) * x0 / (2.20000000562 / (x0 * -0.44000001349))),(x0 * -3.4999996705 + x0 - x1) / 4.9999989983 - (x1 - x1 * 1.50000001047) * x1 * x1 - (x1 - (3.64066233828e-08 - x0) * x0 / (2.20000000562 / (x0 * -0.44000001349))),0.2*x0**3 - 0.5*x0 + 0.5*x1**3 - 1.2*x1,"[-3.4999996705034846, 4.999998998295137, 1.5000000104749, 1.0, 3.64066233828367e-08, 2.2000000056206757, -0.44000001348962164]","{""K"": 500, ""c"": 6.0, ""exploration_rate"": 0.1, ""gamma"": 0.5, ""gp_rate"": 0.5, ""lm_iterations"": 10, ""max_constants"": 999, ""max_depth"": 6, ""max_evals"": 2000000, ""max_unary"": 999, ""mutation_rate"": 0.1, ""ops"": [""+"", ""-"", ""*"", ""/"", ""sin"", ""cos"", ""exp"", ""log"", ""R""], ""succ_error_tol"": 1e-06}","{""K"": 500, ""c"": 6.0, ""exploration_rate"": 0.1, ""gamma"": 0.5, ""gp_rate"": 0.5, ""lm_iterations"": 10, ""max_constants"": 999, ""max_depth"": 6, ""max_evals"": 2000000, ""max_unary"": 999, ""mutation_rate"": 0.1, ""ops"": [""+"", ""-"", ""*"", ""/"", ""sin"", ""cos"", ""exp"", ""log"", ""R""], ""succ_error_tol"": 1e-06}",0.5
imcts,Jin,3,Jin-3,expression,6,4426,200,100,100,2,"[""x0"", ""x1""]",0.2*x[0]**3 + 0.5*x[1]**3 - 1.2*x[1] - 0.5*x[0],0.9999998807907104,True,0.9999999999999992,0.9999999999999987,24.0,97939,10.786427644023206,0.0,0,(x0 + -4.88415809577e-08) * (-0.49999999963 - x0 * -0.200000002838 * x0) + (0.595698614152 - (x1 + 0.709011641421) * (0.840181624639 + x1)) * (x1 + -1.54919331899) * -0.499999983989,(x0 + -4.88415809577e-08) * (-0.49999999963 - x0 * -0.200000002838 * x0) + (0.595698614152 - (x1 + 0.709011641421) * (0.840181624639 + x1)) * (x1 + -1.54919331899) * -0.499999983989,x0*(0.2*x0**2 - 0.5) + 0.5*(x1 - 1.55)*((x1 + 0.709)*(x1 + 0.84) - 0.596),"[-4.8841580957660155e-08, -0.4999999996296832, -0.2000000028383307, 0.5956986141519558, 0.7090116414213982, 0.8401816246387596, -1.5491933189909621, 1.0, 0.40546509743436443]","{""K"": 500, ""c"": 6.0, ""exploration_rate"": 0.1, ""gamma"": 0.5, ""gp_rate"": 0.5, ""lm_iterations"": 10, ""max_constants"": 999, ""max_depth"": 6, ""max_evals"": 2000000, ""max_unary"": 999, ""mutation_rate"": 0.1, ""ops"": [""+"", ""-"", ""*"", ""/"", ""sin"", ""cos"", ""exp"", ""log"", ""R""], ""succ_error_tol"": 1e-06}","{""K"": 500, ""c"": 6.0, ""exploration_rate"": 0.1, ""gamma"": 0.5, ""gp_rate"": 0.5, ""lm_iterations"": 10, ""max_constants"": 999, ""max_depth"": 6, ""max_evals"": 2000000, ""max_unary"": 999, ""mutation_rate"": 0.1, ""ops"": [""+"", ""-"", ""*"", ""/"", ""sin"", ""cos"", ""exp"", ""log"", ""R""], ""succ_error_tol"": 1e-06}",0.5
imcts,Jin,3,Jin-3,expression,7,21962,200,100,100,2,"[""x0"", ""x1""]",0.2*x[0]**3 + 0.5*x[1]**3 - 1.2*x[1] - 0.5*x[0],0.9999998807907104,True,0.9999999999999988,0.9999999999999984,17.0,130406,12.444926719996147,0.0,0,x0 * -0.499999956894 - x1 - (x0 - 6.07703036538e-08) * x0 * x0 * -0.199999994711 + x1 * -0.199999933466 * (1 - x1 * x1 * 2.5000007281),x0 * -0.499999956894 - x1 - (x0 - 6.07703036538e-08) * x0 * x0 * -0.199999994711 + x1 * -0.199999933466 * (1 - x1 * x1 * 2.5000007281),0.2*x0**3 - 0.5*x0 + 0.5*x1**3 - 1.2*x1,"[-0.49999995689405713, 6.0770303653811e-08, -0.19999999471052868, -0.1999999334658122, 1.000000000000002, 2.500000728103208]","{""K"": 500, ""c"": 6.0, ""exploration_rate"": 0.1, ""gamma"": 0.5, ""gp_rate"": 0.5, ""lm_iterations"": 10, ""max_constants"": 999, ""max_depth"": 6, ""max_evals"": 2000000, ""max_unary"": 999, ""mutation_rate"": 0.1, ""ops"": [""+"", ""-"", ""*"", ""/"", ""sin"", ""cos"", ""exp"", ""log"", ""R""], ""succ_error_tol"": 1e-06}","{""K"": 500, ""c"": 6.0, ""exploration_rate"": 0.1, ""gamma"": 0.5, ""gp_rate"": 0.5, ""lm_iterations"": 10, ""max_constants"": 999, ""max_depth"": 6, ""max_evals"": 2000000, ""max_unary"": 999, ""mutation_rate"": 0.1, ""ops"": [""+"", ""-"", ""*"", ""/"", ""sin"", ""cos"", ""exp"", ""log"", ""R""], ""succ_error_tol"": 1e-06}",0.5
imcts,Jin,3,Jin-3,expression,8,14423,200,100,100,2,"[""x0"", ""x1""]",0.2*x[0]**3 + 0.5*x[1]**3 - 1.2*x[1] - 0.5*x[0],0.9999998807907104,True,0.9999999999999993,0.9999999999999986,17.0,111236,11.26474244898418,0.0,0,(1.35748863625e-08 - x1 * 0.500000011686) * (7.44292228205e-08 / x1 + 2.40000002521 - x1 * x1) + (1.24661163963 - x0 * x0 / 2.00543615747) * (x0 * -0.401087256641 + -7.73080368637e-09 * x1 - -1.65668689308e-07 * sin(x0)),(1.35748863625e-08 - x1 * 0.500000011686) * (7.44292228205e-08 / x1 + 2.40000002521 - x1 * x1) + (1.24661163963 - x0 * x0 / 2.00543615747) * (x0 * -0.401087256641 + -7.73080368637e-09 * x1 - -1.65668689308e-07 * sin(x0)),0.2*x0**3 - 0.5*x0 + 0.5*x1**3 - 1.2*x1,"[1.3574886362453188e-08, 0.5000000116858162, 7.442922282051449e-08, 11.023176658439516, 1.2466116396336222, 2.0054361574735053, -0.4010872566410995, -7.730803686374853e-09, -1.6566868930759044e-07]","{""K"": 500, ""c"": 6.0, ""exploration_rate"": 0.1, ""gamma"": 0.5, ""gp_rate"": 0.5, ""lm_iterations"": 10, ""max_constants"": 999, ""max_depth"": 6, ""max_evals"": 2000000, ""max_unary"": 999, ""mutation_rate"": 0.1, ""ops"": [""+"", ""-"", ""*"", ""/"", ""sin"", ""cos"", ""exp"", ""log"", ""R""], ""succ_error_tol"": 1e-06}","{""K"": 500, ""c"": 6.0, ""exploration_rate"": 0.1, ""gamma"": 0.5, ""gp_rate"": 0.5, ""lm_iterations"": 10, ""max_constants"": 999, ""max_depth"": 6, ""max_evals"": 2000000, ""max_unary"": 999, ""mutation_rate"": 0.1, ""ops"": [""+"", ""-"", ""*"", ""/"", ""sin"", ""cos"", ""exp"", ""log"", ""R""], ""succ_error_tol"": 1e-06}",0.5
imcts,Jin,3,Jin-3,expression,9,28020,200,100,100,2,"[""x0"", ""x1""]",0.2*x[0]**3 + 0.5*x[1]**3 - 1.2*x[1] - 0.5*x[0],0.9999998807907104,True,0.9999999999999992,0.9999999999999991,22.0,71384,6.164202785992529,0.0,0,(x0 + (x0 - 2.15283720752) * 2.76568705916) * (x0 - 0.953587273983 * x0) * (1.80933387496 + 1.14432316275 * x0) + (2.40000009446 - x1 * x1) * x1 * -0.500000017381,(x0 + (x0 - 2.15283720752) * 2.76568705916) * (x0 - 0.953587273983 * x0) * (1.80933387496 + 1.14432316275 * x0) + (2.40000009446 - x1 * x1) * x1 * -0.500000017381,0.046*x0*(1.14*x0 + 1.81)*(3.77*x0 - 5.95) + 0.5*x1*(x1**2 - 2.4),"[2.1528372075164555, 2.765687059164831, 0.9535872739825052, 1.809333874959348, 1.144323162751751, 2.054509844487072, 1.2180351725682228, -0.5000000173812028]","{""K"": 500, ""c"": 6.0, ""exploration_rate"": 0.1, ""gamma"": 0.5, ""gp_rate"": 0.5, ""lm_iterations"": 10, ""max_constants"": 999, ""max_depth"": 6, ""max_evals"": 2000000, ""max_unary"": 999, ""mutation_rate"": 0.1, ""ops"": [""+"", ""-"", ""*"", ""/"", ""sin"", ""cos"", ""exp"", ""log"", ""R""], ""succ_error_tol"": 1e-06}","{""K"": 500, ""c"": 6.0, ""exploration_rate"": 0.1, ""gamma"": 0.5, ""gp_rate"": 0.5, ""lm_iterations"": 10, ""max_constants"": 999, ""max_depth"": 6, ""max_evals"": 2000000, ""max_unary"": 999, ""mutation_rate"": 0.1, ""ops"": [""+"", ""-"", ""*"", ""/"", ""sin"", ""cos"", ""exp"", ""log"", ""R""], ""succ_error_tol"": 1e-06}",0.5
imcts,Jin,3,Jin-3,expression,10,29802,200,100,100,2,"[""x0"", ""x1""]",0.2*x[0]**3 + 0.5*x[1]**3 - 1.2*x[1] - 0.5*x[0],0.9999998807907104,True,0.9999999999999968,0.999999999999996,17.0,104100,9.487001226982102,0.0,0,(x0 * x0 + 0.441901839174 + -2.94190190188) * (-3.31933812318e-09 + 0.199999998298 * x0) - (x1 * -9.15468787871e-09 - -0.499999995041) * (x1 + -3.01374697192e-08) * (2.39999996474 - x1 * x1),(x0 * x0 + 0.441901839174 + -2.94190190188) * (-3.31933812318e-09 + 0.199999998298 * x0) - (x1 * -9.15468787871e-09 - -0.499999995041) * (x1 + -3.01374697192e-08) * (2.39999996474 - x1 * x1),0.2*x0*(x0**2 - 2.5) + 0.5*x1*(x1**2 - 2.4),"[0.441901839174186, -2.9419019018779857, 1.0, -3.3193381231785967e-09, 0.19999999829824358, -9.15468787870858e-09, -0.49999999504118026, -3.013746971922079e-08, 1.0, 2.3999999647429777]","{""K"": 500, ""c"": 6.0, ""exploration_rate"": 0.1, ""gamma"": 0.5, ""gp_rate"": 0.5, ""lm_iterations"": 10, ""max_constants"": 999, ""max_depth"": 6, ""max_evals"": 2000000, ""max_unary"": 999, ""mutation_rate"": 0.1, ""ops"": [""+"", ""-"", ""*"", ""/"", ""sin"", ""cos"", ""exp"", ""log"", ""R""], ""succ_error_tol"": 1e-06}","{""K"": 500, ""c"": 6.0, ""exploration_rate"": 0.1, ""gamma"": 0.5, ""gp_rate"": 0.5, ""lm_iterations"": 10, ""max_constants"": 999, ""max_depth"": 6, ""max_evals"": 2000000, ""max_unary"": 999, ""mutation_rate"": 0.1, ""ops"": [""+"", ""-"", ""*"", ""/"", ""sin"", ""cos"", ""exp"", ""log"", ""R""], ""succ_error_tol"": 1e-06}",0.5
imcts,Jin,3,Jin-3,expression,11,21575,200,100,100,2,"[""x0"", ""x1""]",0.2*x[0]**3 + 0.5*x[1]**3 - 1.2*x[1] - 0.5*x[0],0.9999998807907104,True,0.9999999999999997,0.9999999999999994,21.0,82577,7.456882875005249,0.0,0,(x0 * x0 + 1.58113878631 * x0) * (-0.820763568608 + x0 / 1.92642411264) * 0.385284817935 + (1.54919334096 - x1) / 2 * (x1 + 1.54919333427) * x1 * -0.999999994241,(x0 * x0 + 1.58113878631 * x0) * (-0.820763568608 + x0 / 1.92642411264) * 0.385284817935 + (1.54919334096 - x1) / 2 * (x1 + 1.54919333427) * x1 * -0.999999994241,0.385*x0*(0.519*x0 - 0.821)*(x0 + 1.58) + 0.5*x1*(x1 - 1.55)*(x1 + 1.55),"[1.5811387863141424, 0.6085865018573073, 1.429350070465762, 1.926424112642986, -0.9537724313583924, 1.5491933409644287, 1.0, 1.0, 1.5491933342669935, -0.9999999942405476]","{""K"": 500, ""c"": 6.0, ""exploration_rate"": 0.1, ""gamma"": 0.5, ""gp_rate"": 0.5, ""lm_iterations"": 10, ""max_constants"": 999, ""max_depth"": 6, ""max_evals"": 2000000, ""max_unary"": 999, ""mutation_rate"": 0.1, ""ops"": [""+"", ""-"", ""*"", ""/"", ""sin"", ""cos"", ""exp"", ""log"", ""R""], ""succ_error_tol"": 1e-06}","{""K"": 500, ""c"": 6.0, ""exploration_rate"": 0.1, ""gamma"": 0.5, ""gp_rate"": 0.5, ""lm_iterations"": 10, ""max_constants"": 999, ""max_depth"": 6, ""max_evals"": 2000000, ""max_unary"": 999, ""mutation_rate"": 0.1, ""ops"": [""+"", ""-"", ""*"", ""/"", ""sin"", ""cos"", ""exp"", ""log"", ""R""], ""succ_error_tol"": 1e-06}",0.5
imcts,Jin,3,Jin-3,expression,12,11964,200,100,100,2,"[""x0"", ""x1""]",0.2*x[0]**3 + 0.5*x[1]**3 - 1.2*x[1] - 0.5*x[0],0.9999998807907104,True,0.9999999999999992,0.9999999999999984,17.0,86398,8.428791502956301,0.0,0,(-0.200000008253 * (x0 + 1.01249438652) + 0.202498904418) * (-1.58113889294 - x0) * (x0 + -1.58113888175) + (-0.540444276746 + 0.540444327562 - x1) * -0.500000010338 * (x1 * x1 + -2.81696961663 + 0.416969625866),(-0.200000008253 * (x0 + 1.01249438652) + 0.202498904418) * (-1.58113889294 - x0) * (x0 + -1.58113888175) + (-0.540444276746 + 0.540444327562 - x1) * -0.500000010338 * (x1 * x1 + -2.81696961663 + 0.416969625866),0.2*x0**3 - 0.5*x0 + 0.5*x1**3 - 1.2*x1,"[1.0096738595243364, 1.2096738677774845, 1.0124943865191536, 0.20249890441801485, -1.5811388929419778, -1.581138881752025, -0.5404442767463374, 0.540444327562034, 0.7392647834410533, -2.816969616626627, 0.4169696258664699]","{""K"": 500, ""c"": 6.0, ""exploration_rate"": 0.1, ""gamma"": 0.5, ""gp_rate"": 0.5, ""lm_iterations"": 10, ""max_constants"": 999, ""max_depth"": 6, ""max_evals"": 2000000, ""max_unary"": 999, ""mutation_rate"": 0.1, ""ops"": [""+"", ""-"", ""*"", ""/"", ""sin"", ""cos"", ""exp"", ""log"", ""R""], ""succ_error_tol"": 1e-06}","{""K"": 500, ""c"": 6.0, ""exploration_rate"": 0.1, ""gamma"": 0.5, ""gp_rate"": 0.5, ""lm_iterations"": 10, ""max_constants"": 999, ""max_depth"": 6, ""max_evals"": 2000000, ""max_unary"": 999, ""mutation_rate"": 0.1, ""ops"": [""+"", ""-"", ""*"", ""/"", ""sin"", ""cos"", ""exp"", ""log"", ""R""], ""succ_error_tol"": 1e-06}",0.5
imcts,Jin,3,Jin-3,expression,13,11284,200,100,100,2,"[""x0"", ""x1""]",0.2*x[0]**3 + 0.5*x[1]**3 - 1.2*x[1] - 0.5*x[0],0.9999998807907104,True,0.9999999999999993,0.9999999999999994,17.0,188917,18.7852477869601,0.0,0,(x1 * 0.999999992827 + 1.86887060921 + x1) * -0.600000006967 + x0 * 0.200000261318 * x0 * x0 * 1.00000010784 - (x0 * -3.1108866987e-06 * cos(x0 * 0.453915993382) - (x0 * -0.500003088503 - -1.12132238335 + 0.49999999694 * x1 * x1 * x1)),(x1 * 0.999999992827 + 1.86887060921 + x1) * -0.600000006967 + x0 * 0.200000261318 * x0 * x0 * 1.00000010784 - (x0 * -3.1108866987e-06 * cos(x0 * 0.453915993382) - (x0 * -0.500003088503 - -1.12132238335 + 0.49999999694 * x1 * x1 * x1)),0.2*x0**3 - 0.5*x0 + 0.5*x1**3 - 1.2*x1,"[0.9999999928268506, 1.8688706092137872, -1.4414710019215338, 1.0000000187796978, 0.20000026131834905, 1.000000107836931, -3.1108866986967375e-06, 0.45391599338167427, -0.5000030885033764, -1.1213223833512, 0.49999999693972885]","{""K"": 500, ""c"": 6.0, ""exploration_rate"": 0.1, ""gamma"": 0.5, ""gp_rate"": 0.5, ""lm_iterations"": 10, ""max_constants"": 999, ""max_depth"": 6, ""max_evals"": 2000000, ""max_unary"": 999, ""mutation_rate"": 0.1, ""ops"": [""+"", ""-"", ""*"", ""/"", ""sin"", ""cos"", ""exp"", ""log"", ""R""], ""succ_error_tol"": 1e-06}","{""K"": 500, ""c"": 6.0, ""exploration_rate"": 0.1, ""gamma"": 0.5, ""gp_rate"": 0.5, ""lm_iterations"": 10, ""max_constants"": 999, ""max_depth"": 6, ""max_evals"": 2000000, ""max_unary"": 999, ""mutation_rate"": 0.1, ""ops"": [""+"", ""-"", ""*"", ""/"", ""sin"", ""cos"", ""exp"", ""log"", ""R""], ""succ_error_tol"": 1e-06}",0.5
imcts,Jin,3,Jin-3,expression,14,22118,200,100,100,2,"[""x0"", ""x1""]",0.2*x[0]**3 + 0.5*x[1]**3 - 1.2*x[1] - 0.5*x[0],0.9999998807907104,True,0.9999999999999977,0.9999999999999973,17.0,109168,10.169122692022938,0.0,0,(1.40984872644 - x1 / 1.70231027814 * x1) * (-2.12917658313e-08 + x1) * -0.851155102115 - (0.500000113134 * x0 - 0.111621487793 * x0 * x0 / 0.558107383867 * (9.77005311408e-08 + x0)),(1.40984872644 - x1 / 1.70231027814 * x1) * (-2.12917658313e-08 + x1) * -0.851155102115 - (0.500000113134 * x0 - 0.111621487793 * x0 * x0 / 0.558107383867 * (9.77005311408e-08 + x0)),0.2*x0**3 - 0.5*x0 + 0.5*x1**3 - 1.2*x1,"[4.036808752170953, 2.863292122387657, 1.702310278144172, -2.1291765831312215e-08, -0.8511551021149669, 0.5000001131336974, 0.11162148779328654, 0.5581073838670085, 9.770053114077592e-08]","{""K"": 500, ""c"": 6.0, ""exploration_rate"": 0.1, ""gamma"": 0.5, ""gp_rate"": 0.5, ""lm_iterations"": 10, ""max_constants"": 999, ""max_depth"": 6, ""max_evals"": 2000000, ""max_unary"": 999, ""mutation_rate"": 0.1, ""ops"": [""+"", ""-"", ""*"", ""/"", ""sin"", ""cos"", ""exp"", ""log"", ""R""], ""succ_error_tol"": 1e-06}","{""K"": 500, ""c"": 6.0, ""exploration_rate"": 0.1, ""gamma"": 0.5, ""gp_rate"": 0.5, ""lm_iterations"": 10, ""max_constants"": 999, ""max_depth"": 6, ""max_evals"": 2000000, ""max_unary"": 999, ""mutation_rate"": 0.1, ""ops"": [""+"", ""-"", ""*"", ""/"", ""sin"", ""cos"", ""exp"", ""log"", ""R""], ""succ_error_tol"": 1e-06}",0.5
imcts,Jin,3,Jin-3,expression,15,6265,200,100,100,2,"[""x0"", ""x1""]",0.2*x[0]**3 + 0.5*x[1]**3 - 1.2*x[1] - 0.5*x[0],0.9999998807907104,True,0.9999999999999986,0.9999999999999987,17.0,109332,9.8393361439812,0.0,0,x1 * x1 / (1.99999993576 / x1) - 0.500000031545 * (x0 + -3.55662330176e-08) - x1 / 0.833333277174 - (1.3846597579e-07 - x0) * x0 * 0.200000001417 * x0,x1 * x1 / (1.99999993576 / x1) - 0.500000031545 * (x0 + -3.55662330176e-08) - x1 / 0.833333277174 - (1.3846597579e-07 - x0) * x0 * 0.200000001417 * x0,0.2*x0**3 - 0.5*x0 + 0.5*x1**3 - 1.2*x1,"[1.999999935761934, 0.500000031545026, -3.5566233017577575e-08, 0.8333332771736055, 1.3846597579023728e-07, 0.20000000141714303, 1.0, 1.0]","{""K"": 500, ""c"": 6.0, ""exploration_rate"": 0.1, ""gamma"": 0.5, ""gp_rate"": 0.5, ""lm_iterations"": 10, ""max_constants"": 999, ""max_depth"": 6, ""max_evals"": 2000000, ""max_unary"": 999, ""mutation_rate"": 0.1, ""ops"": [""+"", ""-"", ""*"", ""/"", ""sin"", ""cos"", ""exp"", ""log"", ""R""], ""succ_error_tol"": 1e-06}","{""K"": 500, ""c"": 6.0, ""exploration_rate"": 0.1, ""gamma"": 0.5, ""gp_rate"": 0.5, ""lm_iterations"": 10, ""max_constants"": 999, ""max_depth"": 6, ""max_evals"": 2000000, ""max_unary"": 999, ""mutation_rate"": 0.1, ""ops"": [""+"", ""-"", ""*"", ""/"", ""sin"", ""cos"", ""exp"", ""log"", ""R""], ""succ_error_tol"": 1e-06}",0.5
imcts,Jin,3,Jin-3,expression,16,11363,200,100,100,2,"[""x0"", ""x1""]",0.2*x[0]**3 + 0.5*x[1]**3 - 1.2*x[1] - 0.5*x[0],0.9999998807907104,True,0.9999999999999998,0.9999999999999997,17.0,97095,9.600561825034674,0.0,0,x0 * 0.19999999265 * x0 * x0 - sin(x1) * 2.74107739131e-08 * (x1 + -5.43583034373) + -0.500285892092 * (x1 * 2.3986287413 + x0 * 0.999428446946) - x1 * x1 * x1 * -0.500000011242,x0 * 0.19999999265 * x0 * x0 - sin(x1) * 2.74107739131e-08 * (x1 + -5.43583034373) + -0.500285892092 * (x1 * 2.3986287413 + x0 * 0.999428446946) - x1 * x1 * x1 * -0.500000011242,0.2*x0**3 - 0.5*x0 + 0.5*x1**3 - 1.2*x1,"[0.19999999265017132, 2.7410773913059308e-08, -5.43583034373497, -0.5002858920917802, 2.3986287412987117, 0.9994284469460597, -0.5000000112422601]","{""K"": 500, ""c"": 6.0, ""exploration_rate"": 0.1, ""gamma"": 0.5, ""gp_rate"": 0.5, ""lm_iterations"": 10, ""max_constants"": 999, ""max_depth"": 6, ""max_evals"": 2000000, ""max_unary"": 999, ""mutation_rate"": 0.1, ""ops"": [""+"", ""-"", ""*"", ""/"", ""sin"", ""cos"", ""exp"", ""log"", ""R""], ""succ_error_tol"": 1e-06}","{""K"": 500, ""c"": 6.0, ""exploration_rate"": 0.1, ""gamma"": 0.5, ""gp_rate"": 0.5, ""lm_iterations"": 10, ""max_constants"": 999, ""max_depth"": 6, ""max_evals"": 2000000, ""max_unary"": 999, ""mutation_rate"": 0.1, ""ops"": [""+"", ""-"", ""*"", ""/"", ""sin"", ""cos"", ""exp"", ""log"", ""R""], ""succ_error_tol"": 1e-06}",0.5
imcts,Jin,3,Jin-3,expression,17,27495,200,100,100,2,"[""x0"", ""x1""]",0.2*x[0]**3 + 0.5*x[1]**3 - 1.2*x[1] - 0.5*x[0],0.9999998807907104,True,0.999999999999999,0.9999999999999991,17.0,204290,24.562913238012698,0.0,0,(x1 * x1 * 0.468315957204 * x1 - 2.93942201367e-08) / 0.936631944116 - ((-5.26614238724e-09 - x0 / 2.38570919438) * x0 * x0 / 2.09581286412 + x0 - x0 / 2.0000000082 - x1 * -1.19999996609),(x1 * x1 * 0.468315957204 * x1 - 2.93942201367e-08) / 0.936631944116 - ((-5.26614238724e-09 - x0 / 2.38570919438) * x0 * x0 / 2.09581286412 + x0 - x0 / 2.0000000082 - x1 * -1.19999996609),0.199936248398334*x0**3 - 0.5*x0 + 0.5*x1**3 - 1.2*x1,"[0.4683159572041887, 1.0, 2.9394220136739204e-08, 0.35790739700430163, -5.266142387239742e-09, 2.3857091943847166, 2.0958128641223994, 2.000000008200152, -1.1999999660904113]","{""K"": 500, ""c"": 6.0, ""exploration_rate"": 0.1, ""gamma"": 0.5, ""gp_rate"": 0.5, ""lm_iterations"": 10, ""max_constants"": 999, ""max_depth"": 6, ""max_evals"": 2000000, ""max_unary"": 999, ""mutation_rate"": 0.1, ""ops"": [""+"", ""-"", ""*"", ""/"", ""sin"", ""cos"", ""exp"", ""log"", ""R""], ""succ_error_tol"": 1e-06}","{""K"": 500, ""c"": 6.0, ""exploration_rate"": 0.1, ""gamma"": 0.5, ""gp_rate"": 0.5, ""lm_iterations"": 10, ""max_constants"": 999, ""max_depth"": 6, ""max_evals"": 2000000, ""max_unary"": 999, ""mutation_rate"": 0.1, ""ops"": [""+"", ""-"", ""*"", ""/"", ""sin"", ""cos"", ""exp"", ""log"", ""R""], ""succ_error_tol"": 1e-06}",0.5
imcts,Jin,3,Jin-3,expression,18,16023,200,100,100,2,"[""x0"", ""x1""]",0.2*x[0]**3 + 0.5*x[1]**3 - 1.2*x[1] - 0.5*x[0],0.9999998807907104,True,0.9999999999999976,0.9999999999999977,19.0,110873,10.152756564028095,0.0,0,(x0 - 1.57048182237e-08 + (-6.58113876406 + x0) * x0 * 0.200000005915) * (1.58113896148 + x0) - (-0.499999994969 * x1 * x1 * x1 - -1.20000007065 * x1 - 1.64245923297e-07 * sin(x1)),(x0 - 1.57048182237e-08 + (-6.58113876406 + x0) * x0 * 0.200000005915) * (1.58113896148 + x0) - (-0.499999994969 * x1 * x1 * x1 - -1.20000007065 * x1 - 1.64245923297e-07 * sin(x1)),x0*(0.2*x0 - 0.316)*(x0 + 1.58) + 0.5*x1**3 - 1.2*x1,"[-0.8762470842763784, 0.8762470999811967, -6.581138764056944, 0.20000000591501582, 1.5811389614752471, -0.4999999949689024, -1.2000000706475353, 1.6424592329685393e-07]","{""K"": 500, ""c"": 6.0, ""exploration_rate"": 0.1, ""gamma"": 0.5, ""gp_rate"": 0.5, ""lm_iterations"": 10, ""max_constants"": 999, ""max_depth"": 6, ""max_evals"": 2000000, ""max_unary"": 999, ""mutation_rate"": 0.1, ""ops"": [""+"", ""-"", ""*"", ""/"", ""sin"", ""cos"", ""exp"", ""log"", ""R""], ""succ_error_tol"": 1e-06}","{""K"": 500, ""c"": 6.0, ""exploration_rate"": 0.1, ""gamma"": 0.5, ""gp_rate"": 0.5, ""lm_iterations"": 10, ""max_constants"": 999, ""max_depth"": 6, ""max_evals"": 2000000, ""max_unary"": 999, ""mutation_rate"": 0.1, ""ops"": [""+"", ""-"", ""*"", ""/"", ""sin"", ""cos"", ""exp"", ""log"", ""R""], ""succ_error_tol"": 1e-06}",0.5
imcts,Jin,3,Jin-3,expression,19,8322,200,100,100,2,"[""x0"", ""x1""]",0.2*x[0]**3 + 0.5*x[1]**3 - 1.2*x[1] - 0.5*x[0],0.9999998807907104,True,0.9999999999999996,0.9999999999999993,17.0,93362,7.991238841030281,0.0,0,-0.600000001682 * x1 * (2 - 0.416666664443 * x1 * (x1 + x1)) - (x0 - x0 * 0.843613111699) * (3.19719878373 - 1.27887960389 * x0 * (x0 + 1.02801748838e-08)),-0.600000001682 * x1 * (2 - 0.416666664443 * x1 * (x1 + x1)) - (x0 - x0 * 0.843613111699) * (3.19719878373 - 1.27887960389 * x0 * (x0 + 1.02801748838e-08)),0.2*x0**3 - 0.499*x0 + 0.5*x1**3 - 1.2*x1,"[-0.6000000016817294, 1.0, 1.0, 0.416666664443149, 0.8436131116989161, 3.1971987837271847, 1.2788796038905748, 1.028017488381207e-08]","{""K"": 500, ""c"": 6.0, ""exploration_rate"": 0.1, ""gamma"": 0.5, ""gp_rate"": 0.5, ""lm_iterations"": 10, ""max_constants"": 999, ""max_depth"": 6, ""max_evals"": 2000000, ""max_unary"": 999, ""mutation_rate"": 0.1, ""ops"": [""+"", ""-"", ""*"", ""/"", ""sin"", ""cos"", ""exp"", ""log"", ""R""], ""succ_error_tol"": 1e-06}","{""K"": 500, ""c"": 6.0, ""exploration_rate"": 0.1, ""gamma"": 0.5, ""gp_rate"": 0.5, ""lm_iterations"": 10, ""max_constants"": 999, ""max_depth"": 6, ""max_evals"": 2000000, ""max_unary"": 999, ""mutation_rate"": 0.1, ""ops"": [""+"", ""-"", ""*"", ""/"", ""sin"", ""cos"", ""exp"", ""log"", ""R""], ""succ_error_tol"": 1e-06}",0.5
imcts,Jin,3,Jin-3,expression,20,1685,200,100,100,2,"[""x0"", ""x1""]",0.2*x[0]**3 + 0.5*x[1]**3 - 1.2*x[1] - 0.5*x[0],0.9999998807907104,True,0.9999999999999993,0.9999999999999996,22.0,42051,3.1364804600016214,0.0,0,(x1 - 2.20000000534 + 0.650806670224) * x1 * (1.54919334435 + x1) * 0.500000001417 - ((1.21193039318 - x0) * -0.358029092662 * x0 + x0) / (3.58029122075 / (3.16227756587 - x0 - x0)),(x1 - 2.20000000534 + 0.650806670224) * x1 * (1.54919334435 + x1) * 0.500000001417 - ((1.21193039318 - x0) * -0.358029092662 * x0 + x0) / (3.58029122075 / (3.16227756587 - x0 - x0)),x0*(0.358*x0 + 0.566)*(0.559*x0 - 0.883) + 0.5*x1*(x1 - 1.55)*(x1 + 1.55),"[2.200000005335779, 0.6508066702238287, 1.5491933443521424, 0.5000000014169639, 1.2119303931790883, -0.3580290926620606, 3.5802912207517954, 3.162277565868158]","{""K"": 500, ""c"": 6.0, ""exploration_rate"": 0.1, ""gamma"": 0.5, ""gp_rate"": 0.5, ""lm_iterations"": 10, ""max_constants"": 999, ""max_depth"": 6, ""max_evals"": 2000000, ""max_unary"": 999, ""mutation_rate"": 0.1, ""ops"": [""+"", ""-"", ""*"", ""/"", ""sin"", ""cos"", ""exp"", ""log"", ""R""], ""succ_error_tol"": 1e-06}","{""K"": 500, ""c"": 6.0, ""exploration_rate"": 0.1, ""gamma"": 0.5, ""gp_rate"": 0.5, ""lm_iterations"": 10, ""max_constants"": 999, ""max_depth"": 6, ""max_evals"": 2000000, ""max_unary"": 999, ""mutation_rate"": 0.1, ""ops"": [""+"", ""-"", ""*"", ""/"", ""sin"", ""cos"", ""exp"", ""log"", ""R""], ""succ_error_tol"": 1e-06}",0.5
imcts,Jin,3,Jin-3,expression,21,32052,200,100,100,2,"[""x0"", ""x1""]",0.2*x[0]**3 + 0.5*x[1]**3 - 1.2*x[1] - 0.5*x[0],0.9999998807907104,True,0.9999999999999998,0.9999999999999999,21.0,100757,8.692256175971124,0.0,0,(0.2000000035 * x0 - 0.316227783374) * (x0 + -1.14767959549e-08) * (x0 + 1.58113886335) + (x1 * 0.125010933425 * (x1 + x1) + -0.600052487882) * (x1 * 0.999825099169 + x1),(0.2000000035 * x0 - 0.316227783374) * (x0 + -1.14767959549e-08) * (x0 + 1.58113886335) + (x1 * 0.125010933425 * (x1 + x1) + -0.600052487882) * (x1 * 0.999825099169 + x1),x0*(0.2*x0 - 0.316)*(x0 + 1.58) + 2.0*x1*(0.25*x1**2 - 0.6),"[0.20000000349954924, 0.31622778337421664, -1.1476795954852615e-08, 1.5811388633538195, 0.1250109334251412, -0.6000524878816534, 0.9998250991686785]","{""K"": 500, ""c"": 6.0, ""exploration_rate"": 0.1, ""gamma"": 0.5, ""gp_rate"": 0.5, ""lm_iterations"": 10, ""max_constants"": 999, ""max_depth"": 6, ""max_evals"": 2000000, ""max_unary"": 999, ""mutation_rate"": 0.1, ""ops"": [""+"", ""-"", ""*"", ""/"", ""sin"", ""cos"", ""exp"", ""log"", ""R""], ""succ_error_tol"": 1e-06}","{""K"": 500, ""c"": 6.0, ""exploration_rate"": 0.1, ""gamma"": 0.5, ""gp_rate"": 0.5, ""lm_iterations"": 10, ""max_constants"": 999, ""max_depth"": 6, ""max_evals"": 2000000, ""max_unary"": 999, ""mutation_rate"": 0.1, ""ops"": [""+"", ""-"", ""*"", ""/"", ""sin"", ""cos"", ""exp"", ""log"", ""R""], ""succ_error_tol"": 1e-06}",0.5
imcts,Jin,3,Jin-3,expression,22,769,200,100,100,2,"[""x0"", ""x1""]",0.2*x[0]**3 + 0.5*x[1]**3 - 1.2*x[1] - 0.5*x[0],0.9999998807907104,True,0.9999999999999994,0.9999999999999996,19.0,89386,8.105924043047708,0.0,0,-0.199999988406 * (1.58113880353 - x0) * (1.58113879241 + x0) * x0 + -0.599999998274 * (x1 + x1) + x1 * 0.500000003822 * x1 * x1,-0.199999988406 * (1.58113880353 - x0) * (1.58113879241 + x0) * x0 + -0.599999998274 * (x1 + x1) + x1 * 0.500000003822 * x1 * x1,x0*(0.2*x0 - 0.316)*(x0 + 1.58) + 0.5*x1**3 - 1.2*x1,"[-0.199999988406473, 1.5811388035265854, 1.5811387924081812, 1.0000000000000004, 1.5999999982740196, 0.5000000038223106]","{""K"": 500, ""c"": 6.0, ""exploration_rate"": 0.1, ""gamma"": 0.5, ""gp_rate"": 0.5, ""lm_iterations"": 10, ""max_constants"": 999, ""max_depth"": 6, ""max_evals"": 2000000, ""max_unary"": 999, ""mutation_rate"": 0.1, ""ops"": [""+"", ""-"", ""*"", ""/"", ""sin"", ""cos"", ""exp"", ""log"", ""R""], ""succ_error_tol"": 1e-06}","{""K"": 500, ""c"": 6.0, ""exploration_rate"": 0.1, ""gamma"": 0.5, ""gp_rate"": 0.5, ""lm_iterations"": 10, ""max_constants"": 999, ""max_depth"": 6, ""max_evals"": 2000000, ""max_unary"": 999, ""mutation_rate"": 0.1, ""ops"": [""+"", ""-"", ""*"", ""/"", ""sin"", ""cos"", ""exp"", ""log"", ""R""], ""succ_error_tol"": 1e-06}",0.5
imcts,Jin,3,Jin-3,expression,23,26967,200,100,100,2,"[""x0"", ""x1""]",0.2*x[0]**3 + 0.5*x[1]**3 - 1.2*x[1] - 0.5*x[0],0.9999998807907104,True,0.999999999999999,0.9999999999999988,18.0,388614,47.247265751007944,0.0,0,(x1 + 1 - 1.00000004804) * (-1.19999999258 + x1 / 2.00000003475 * x1) + x0 * x0 * 0.199999989366 * x0 + -8.23177546323e-09 - 0.49999995653 * x0,(x1 + 1 - 1.00000004804) * (-1.19999999258 + x1 / 2.00000003475 * x1) + x0 * x0 * 0.199999989366 * x0 + -8.23177546323e-09 - 0.49999995653 * x0,0.2*x0**3 - 0.5*x0 + x1*(0.5*x1**2 - 1.2),"[1.0, 1.0, 0.9999999519647376, -1.1999999925756883, 2.000000034754471, 0.19999998936570407, -8.231775463231079e-09, 1.0, 0.4999999565302201, 1.0]","{""K"": 500, ""c"": 6.0, ""exploration_rate"": 0.1, ""gamma"": 0.5, ""gp_rate"": 0.5, ""lm_iterations"": 10, ""max_constants"": 999, ""max_depth"": 6, ""max_evals"": 2000000, ""max_unary"": 999, ""mutation_rate"": 0.1, ""ops"": [""+"", ""-"", ""*"", ""/"", ""sin"", ""cos"", ""exp"", ""log"", ""R""], ""succ_error_tol"": 1e-06}","{""K"": 500, ""c"": 6.0, ""exploration_rate"": 0.1, ""gamma"": 0.5, ""gp_rate"": 0.5, ""lm_iterations"": 10, ""max_constants"": 999, ""max_depth"": 6, ""max_evals"": 2000000, ""max_unary"": 999, ""mutation_rate"": 0.1, ""ops"": [""+"", ""-"", ""*"", ""/"", ""sin"", ""cos"", ""exp"", ""log"", ""R""], ""succ_error_tol"": 1e-06}",0.5
imcts,Jin,3,Jin-3,expression,24,30187,200,100,100,2,"[""x0"", ""x1""]",0.2*x[0]**3 + 0.5*x[1]**3 - 1.2*x[1] - 0.5*x[0],0.9999998807907104,True,0.9999999999999984,0.9999999999999982,17.0,124994,12.081013458955567,0.0,0,x0 * x0 * x0 * 0.199999998151 + x0 * 7.00073846198e-09 * (cos(x0) + 1) - (x1 + x0 * 0.500000010686 - -8.93654328278e-08 - (x1 + -0.632455402238) * (0.632455456745 + x1) * x1 * 0.499999977109),x0 * x0 * x0 * 0.199999998151 + x0 * 7.00073846198e-09 * (cos(x0) + 1) - (x1 + x0 * 0.500000010686 - -8.93654328278e-08 - (x1 + -0.632455402238) * (0.632455456745 + x1) * x1 * 0.499999977109),0.2*x0**3 - 0.5*x0 + 0.5*x1**3 - 1.2*x1,"[1.0, 0.1999999981511659, 1.0, 7.0007384619809885e-09, 1.0, 0.5000000106859692, 0.9999999105345712, -0.6324554022384011, 0.6324554567452977, 0.499999977109442]","{""K"": 500, ""c"": 6.0, ""exploration_rate"": 0.1, ""gamma"": 0.5, ""gp_rate"": 0.5, ""lm_iterations"": 10, ""max_constants"": 999, ""max_depth"": 6, ""max_evals"": 2000000, ""max_unary"": 999, ""mutation_rate"": 0.1, ""ops"": [""+"", ""-"", ""*"", ""/"", ""sin"", ""cos"", ""exp"", ""log"", ""R""], ""succ_error_tol"": 1e-06}","{""K"": 500, ""c"": 6.0, ""exploration_rate"": 0.1, ""gamma"": 0.5, ""gp_rate"": 0.5, ""lm_iterations"": 10, ""max_constants"": 999, ""max_depth"": 6, ""max_evals"": 2000000, ""max_unary"": 999, ""mutation_rate"": 0.1, ""ops"": [""+"", ""-"", ""*"", ""/"", ""sin"", ""cos"", ""exp"", ""log"", ""R""], ""succ_error_tol"": 1e-06}",0.5
imcts,Jin,3,Jin-3,expression,25,32157,200,100,100,2,"[""x0"", ""x1""]",0.2*x[0]**3 + 0.5*x[1]**3 - 1.2*x[1] - 0.5*x[0],0.9999999403953552,True,0.9999999999999958,0.9999999999999938,22.0,78139,6.3915910010109656,0.0,0,x1 * x0 * -0.646891888456 * (x0 + 1.58113885785) * (1.58113882649 - x0) / (x1 * 3.23445949135) + (1.54919332423 - x1) * -0.525901927451 * 1.02352366458 * x1 * (0.71952019604 + 0.71952019604 + x1 * 0.928896606397),x1 * x0 * -0.646891888456 * (x0 + 1.58113885785) * (1.58113882649 - x0) / (x1 * 3.23445949135) + (1.54919332423 - x1) * -0.525901927451 * 1.02352366458 * x1 * (0.71952019604 + 0.71952019604 + x1 * 0.928896606397),0.2*x0*(x0 - 1.58)*(x0 + 1.58) + x1*(0.538*x1 - 0.834)*(0.929*x1 + 1.44),"[2.274297906765174, 1.5811388578541024, 1.5811388264895025, 1.1738618324937855, 1.5491933242263598, -0.5259019274509845, 1.0235236645815458, 0.7195201960400558, 0.7195201960400557, 0.9288966063967928]","{""K"": 500, ""c"": 6.0, ""exploration_rate"": 0.1, ""gamma"": 0.5, ""gp_rate"": 0.5, ""lm_iterations"": 10, ""max_constants"": 999, ""max_depth"": 6, ""max_evals"": 2000000, ""max_unary"": 999, ""mutation_rate"": 0.1, ""ops"": [""+"", ""-"", ""*"", ""/"", ""sin"", ""cos"", ""exp"", ""log"", ""R""], ""succ_error_tol"": 1e-06}","{""K"": 500, ""c"": 6.0, ""exploration_rate"": 0.1, ""gamma"": 0.5, ""gp_rate"": 0.5, ""lm_iterations"": 10, ""max_constants"": 999, ""max_depth"": 6, ""max_evals"": 2000000, ""max_unary"": 999, ""mutation_rate"": 0.1, ""ops"": [""+"", ""-"", ""*"", ""/"", ""sin"", ""cos"", ""exp"", ""log"", ""R""], ""succ_error_tol"": 1e-06}",0.5
imcts,Jin,3,Jin-3,expression,26,23333,200,100,100,2,"[""x0"", ""x1""]",0.2*x[0]**3 + 0.5*x[1]**3 - 1.2*x[1] - 0.5*x[0],0.9999998807907104,True,0.9999999999999988,0.999999999999999,17.0,54576,4.371594055031892,0.0,0,0.199999999622 * x0 * x0 * (-9.97767825944e-08 + x0) - (0.500000018174 * x1 * (0.400000131937 - x1 * x1) + x1 + -9.21257036711e-08 - -0.499999997071 * x0),0.199999999622 * x0 * x0 * (-9.97767825944e-08 + x0) - (0.500000018174 * x1 * (0.400000131937 - x1 * x1) + x1 + -9.21257036711e-08 - -0.499999997071 * x0),0.2*x0**3 - 0.5*x0 + 0.5*x1**3 - 1.2*x1,"[0.19999999962227671, -9.977678259438978e-08, 1.0, 1.0, 1.6487213005638344, 0.4000001319372362, 1.5707964189206003, -0.4999999970709397]","{""K"": 500, ""c"": 6.0, ""exploration_rate"": 0.1, ""gamma"": 0.5, ""gp_rate"": 0.5, ""lm_iterations"": 10, ""max_constants"": 999, ""max_depth"": 6, ""max_evals"": 2000000, ""max_unary"": 999, ""mutation_rate"": 0.1, ""ops"": [""+"", ""-"", ""*"", ""/"", ""sin"", ""cos"", ""exp"", ""log"", ""R""], ""succ_error_tol"": 1e-06}","{""K"": 500, ""c"": 6.0, ""exploration_rate"": 0.1, ""gamma"": 0.5, ""gp_rate"": 0.5, ""lm_iterations"": 10, ""max_constants"": 999, ""max_depth"": 6, ""max_evals"": 2000000, ""max_unary"": 999, ""mutation_rate"": 0.1, ""ops"": [""+"", ""-"", ""*"", ""/"", ""sin"", ""cos"", ""exp"", ""log"", ""R""], ""succ_error_tol"": 1e-06}",0.5
imcts,Jin,3,Jin-3,expression,27,2433,200,100,100,2,"[""x0"", ""x1""]",0.2*x[0]**3 + 0.5*x[1]**3 - 1.2*x[1] - 0.5*x[0],0.9999999403953552,True,0.9999999999999993,0.999999999999999,23.0,96905,9.468107886961661,0.0,0,(x0 + 1.58113887752) * -0.20000000541 * (0.855351265325 + 0.725787499066 - x0) * x0 + x1 * (-0.897046459481 + 0.579040986717 * x1) * (1.33772335774 + 0.863496722056 * x1),(x0 + 1.58113887752) * -0.20000000541 * (0.855351265325 + 0.725787499066 - x0) * x0 + x1 * (-0.897046459481 + 0.579040986717 * x1) * (1.33772335774 + 0.863496722056 * x1),x0*(0.2*x0 + 0.316)*(x0 - 1.58) + x1*(0.579*x1 - 0.897)*(0.863*x1 + 1.34),"[1.5811388775242758, -0.2000000054104751, 0.855351265325389, 0.7257874990662165, -0.8970464594807372, 0.5790409867173162, 1.3377233577358887, 0.8634967220562699]","{""K"": 500, ""c"": 6.0, ""exploration_rate"": 0.1, ""gamma"": 0.5, ""gp_rate"": 0.5, ""lm_iterations"": 10, ""max_constants"": 999, ""max_depth"": 6, ""max_evals"": 2000000, ""max_unary"": 999, ""mutation_rate"": 0.1, ""ops"": [""+"", ""-"", ""*"", ""/"", ""sin"", ""cos"", ""exp"", ""log"", ""R""], ""succ_error_tol"": 1e-06}","{""K"": 500, ""c"": 6.0, ""exploration_rate"": 0.1, ""gamma"": 0.5, ""gp_rate"": 0.5, ""lm_iterations"": 10, ""max_constants"": 999, ""max_depth"": 6, ""max_evals"": 2000000, ""max_unary"": 999, ""mutation_rate"": 0.1, ""ops"": [""+"", ""-"", ""*"", ""/"", ""sin"", ""cos"", ""exp"", ""log"", ""R""], ""succ_error_tol"": 1e-06}",0.5
imcts,Jin,3,Jin-3,expression,28,5311,200,100,100,2,"[""x0"", ""x1""]",0.2*x[0]**3 + 0.5*x[1]**3 - 1.2*x[1] - 0.5*x[0],0.9999998807907104,True,0.9999999999999978,0.9999999999999974,20.0,74934,6.673128805006854,0.0,0,x1 * x1 * 0.499999997891 * (x1 - 7.38743946614e-08) - x1 * 1.52499860128 / 1.27083220022 - (1.58113876563 - x0) * x0 * -0.165848695549 * (-1.90672431519 - x0 * 1.20591840238),x1 * x1 * 0.499999997891 * (x1 - 7.38743946614e-08) - x1 * 1.52499860128 / 1.27083220022 - (1.58113876563 - x0) * x0 * -0.165848695549 * (-1.90672431519 - x0 * 1.20591840238),0.166*x0*(x0 - 1.58)*(1.21*x0 + 1.91) + 0.5*x1**3 - 1.2*x1,"[0.49999999789144095, 0.7601962199547908, 9.717806103502759e-08, 1.5249986012827073, 1.2708322002190529, 1.5811387656261764, -0.16584869554948656, -1.9067243151859339, 1.205918402376776]","{""K"": 500, ""c"": 6.0, ""exploration_rate"": 0.1, ""gamma"": 0.5, ""gp_rate"": 0.5, ""lm_iterations"": 10, ""max_constants"": 999, ""max_depth"": 6, ""max_evals"": 2000000, ""max_unary"": 999, ""mutation_rate"": 0.1, ""ops"": [""+"", ""-"", ""*"", ""/"", ""sin"", ""cos"", ""exp"", ""log"", ""R""], ""succ_error_tol"": 1e-06}","{""K"": 500, ""c"": 6.0, ""exploration_rate"": 0.1, ""gamma"": 0.5, ""gp_rate"": 0.5, ""lm_iterations"": 10, ""max_constants"": 999, ""max_depth"": 6, ""max_evals"": 2000000, ""max_unary"": 999, ""mutation_rate"": 0.1, ""ops"": [""+"", ""-"", ""*"", ""/"", ""sin"", ""cos"", ""exp"", ""log"", ""R""], ""succ_error_tol"": 1e-06}",0.5
imcts,Jin,3,Jin-3,expression,29,5051,200,100,100,2,"[""x0"", ""x1""]",0.2*x[0]**3 + 0.5*x[1]**3 - 1.2*x[1] - 0.5*x[0],0.9999998807907104,True,0.9999999999999994,0.9999999999999994,17.0,196357,21.508125761989504,0.0,0,2.8960900392e-08 + sin(4.35007432559 * x0) + (x0 * x0 + -7.50000007223) * 0.200000006186 * x0 + x1 / 2.00000002733 * x1 * x1 + x0 - x1 - (sin(4.35007433547 * x0) + 0.199999992884 * x1 / 1.00000000876),2.8960900392e-08 + sin(4.35007432559 * x0) + (x0 * x0 + -7.50000007223) * 0.200000006186 * x0 + x1 / 2.00000002733 * x1 * x1 + x0 - x1 - (sin(4.35007433547 * x0) + 0.199999992884 * x1 / 1.00000000876),0.2*x0**3 - 0.5*x0 + 0.5*x1**3 - 1.2*x1,"[2.8960900392027254e-08, 4.350074325585917, -7.500000072225812, 0.20000000618579916, 2.000000027331884, 4.350074335469065, 0.19999999288372172, 1.0000000087582062]","{""K"": 500, ""c"": 6.0, ""exploration_rate"": 0.1, ""gamma"": 0.5, ""gp_rate"": 0.5, ""lm_iterations"": 10, ""max_constants"": 999, ""max_depth"": 6, ""max_evals"": 2000000, ""max_unary"": 999, ""mutation_rate"": 0.1, ""ops"": [""+"", ""-"", ""*"", ""/"", ""sin"", ""cos"", ""exp"", ""log"", ""R""], ""succ_error_tol"": 1e-06}","{""K"": 500, ""c"": 6.0, ""exploration_rate"": 0.1, ""gamma"": 0.5, ""gp_rate"": 0.5, ""lm_iterations"": 10, ""max_constants"": 999, ""max_depth"": 6, ""max_evals"": 2000000, ""max_unary"": 999, ""mutation_rate"": 0.1, ""ops"": [""+"", ""-"", ""*"", ""/"", ""sin"", ""cos"", ""exp"", ""log"", ""R""], ""succ_error_tol"": 1e-06}",0.5
imcts,Jin,3,Jin-3,expression,30,6420,200,100,100,2,"[""x0"", ""x1""]",0.2*x[0]**3 + 0.5*x[1]**3 - 1.2*x[1] - 0.5*x[0],0.9999998807907104,True,0.9999999999999991,0.999999999999999,17.0,73699,5.616144863015506,0.0,0,-3.84000016089 / (3.20000003657 / x1) - 2.40757593674e-08 / exp(x1) + x1 * x1 * 0.499999997535 * x1 + (x0 - 1.58113888553) * (1.58113891924 + x0) * x0 * 0.200000015909,-3.84000016089 / (3.20000003657 / x1) - 2.40757593674e-08 / exp(x1) + x1 * x1 * 0.499999997535 * x1 + (x0 - 1.58113888553) * (1.58113891924 + x0) * x0 * 0.200000015909,0.2*x0**3 - 0.5*x0 + 0.5*x1**3 - 1.2*x1,"[-3.8400001608928216, 0.9999999999999997, 3.200000036566549, 2.407575936742583e-08, 0.49999999753542157, 1.5811388855306336, 1.5811389192386176, 0.20000001590945976]","{""K"": 500, ""c"": 6.0, ""exploration_rate"": 0.1, ""gamma"": 0.5, ""gp_rate"": 0.5, ""lm_iterations"": 10, ""max_constants"": 999, ""max_depth"": 6, ""max_evals"": 2000000, ""max_unary"": 999, ""mutation_rate"": 0.1, ""ops"": [""+"", ""-"", ""*"", ""/"", ""sin"", ""cos"", ""exp"", ""log"", ""R""], ""succ_error_tol"": 1e-06}","{""K"": 500, ""c"": 6.0, ""exploration_rate"": 0.1, ""gamma"": 0.5, ""gp_rate"": 0.5, ""lm_iterations"": 10, ""max_constants"": 999, ""max_depth"": 6, ""max_evals"": 2000000, ""max_unary"": 999, ""mutation_rate"": 0.1, ""ops"": [""+"", ""-"", ""*"", ""/"", ""sin"", ""cos"", ""exp"", ""log"", ""R""], ""succ_error_tol"": 1e-06}",0.5
imcts,Jin,3,Jin-3,expression,31,17568,200,100,100,2,"[""x0"", ""x1""]",0.2*x[0]**3 + 0.5*x[1]**3 - 1.2*x[1] - 0.5*x[0],0.9999998807907104,True,0.9999999999999993,0.9999999999999991,17.0,67207,6.58183940598974,0.0,0,(-2.40000013378 - (x1 * -1.77342029306e-08 - x1 * x1)) * x1 * 0.594197559941 * 0.841470984808 - (-0.999999994361 * x1 - (-0.199999995296 - x1)) * (1.5811388448 - x0) * (7.00714946016e-08 * x1 - (-1.58113881054 - x0)) * x0,(-2.40000013378 - (x1 * -1.77342029306e-08 - x1 * x1)) * x1 * 0.594197559941 * 0.841470984808 - (-0.999999994361 * x1 - (-0.199999995296 - x1)) * (1.5811388448 - x0) * (7.00714946016e-08 * x1 - (-1.58113881054 - x0)) * x0,0.2*x0**3 - 0.5*x0 + 0.5*x1**3 - 1.2*x1,"[0.9336775187746216, -1.4994471920231565, 1.0, -1.7734202930559174e-08, 0.5941975599407456, 1.0, -0.9999999943609031, -0.1999999952958123, 1.5811388447988761, 7.007149460163931e-08, -1.5811388105376016]","{""K"": 500, ""c"": 6.0, ""exploration_rate"": 0.1, ""gamma"": 0.5, ""gp_rate"": 0.5, ""lm_iterations"": 10, ""max_constants"": 999, ""max_depth"": 6, ""max_evals"": 2000000, ""max_unary"": 999, ""mutation_rate"": 0.1, ""ops"": [""+"", ""-"", ""*"", ""/"", ""sin"", ""cos"", ""exp"", ""log"", ""R""], ""succ_error_tol"": 1e-06}","{""K"": 500, ""c"": 6.0, ""exploration_rate"": 0.1, ""gamma"": 0.5, ""gp_rate"": 0.5, ""lm_iterations"": 10, ""max_constants"": 999, ""max_depth"": 6, ""max_evals"": 2000000, ""max_unary"": 999, ""mutation_rate"": 0.1, ""ops"": [""+"", ""-"", ""*"", ""/"", ""sin"", ""cos"", ""exp"", ""log"", ""R""], ""succ_error_tol"": 1e-06}",0.5
imcts,Jin,3,Jin-3,expression,32,20939,200,100,100,2,"[""x0"", ""x1""]",0.2*x[0]**3 + 0.5*x[1]**3 - 1.2*x[1] - 0.5*x[0],0.9999998807907104,True,0.9999999999999993,0.9999999999999996,17.0,156133,14.999099838954862,0.0,0,(2.48529906758e-08 - -0.199999999243 * x0) * x0 * x0 + (0.4999999585 + exp(x0)) * -6.10804584596e-09 + x1 * 0.50000001468 * x1 * x1 + -0.499999990287 * (2.40000018233 * x1 + x0 - -1.08535576309e-07),(2.48529906758e-08 - -0.199999999243 * x0) * x0 * x0 + (0.4999999585 + exp(x0)) * -6.10804584596e-09 + x1 * 0.50000001468 * x1 * x1 + -0.499999990287 * (2.40000018233 * x1 + x0 - -1.08535576309e-07),0.2*x0**3 - 0.5*x0 + 0.5*x1**3 - 1.2*x1,"[2.485299067578093e-08, -0.19999999924342296, 1.0, 0.49999995849961365, -6.10804584596458e-09, 0.5000000146795456, -0.49999999028662134, 2.4000001823292263, -1.0853557630948253e-07]","{""K"": 500, ""c"": 6.0, ""exploration_rate"": 0.1, ""gamma"": 0.5, ""gp_rate"": 0.5, ""lm_iterations"": 10, ""max_constants"": 999, ""max_depth"": 6, ""max_evals"": 2000000, ""max_unary"": 999, ""mutation_rate"": 0.1, ""ops"": [""+"", ""-"", ""*"", ""/"", ""sin"", ""cos"", ""exp"", ""log"", ""R""], ""succ_error_tol"": 1e-06}","{""K"": 500, ""c"": 6.0, ""exploration_rate"": 0.1, ""gamma"": 0.5, ""gp_rate"": 0.5, ""lm_iterations"": 10, ""max_constants"": 999, ""max_depth"": 6, ""max_evals"": 2000000, ""max_unary"": 999, ""mutation_rate"": 0.1, ""ops"": [""+"", ""-"", ""*"", ""/"", ""sin"", ""cos"", ""exp"", ""log"", ""R""], ""succ_error_tol"": 1e-06}",0.5
imcts,Jin,3,Jin-3,expression,33,19769,200,100,100,2,"[""x0"", ""x1""]",0.2*x[0]**3 + 0.5*x[1]**3 - 1.2*x[1] - 0.5*x[0],0.9999998807907104,True,0.9999999999999996,0.9999999999999996,9.0,381855,47.7876853380003,0.0,0,7.5160352746e-09 + x0 / 2.4177032845 - x0 / 4.99999982333 * (4.5680783521 - x0 * x0) + (x1 * x1 + -2.39999996386) * (1.50000000768 - x1 / -2.90357961233e-09) * 1.45178982215e-09,7.5160352746e-09 + x0 / 2.4177032845 - x0 / 4.99999982333 * (4.5680783521 - x0 * x0) + (x1 * x1 + -2.39999996386) * (1.50000000768 - x1 / -2.90357961233e-09) * 1.45178982215e-09,x0*(0.2*x0**2 - 0.5),"[2.2500000220415175, 3.340460089320971e-09, 2.4177032845001265, 4.999999823327727, 3.635860182730114, -0.9322181693662916, -2.39999996386393, 1.5000000076826905, -2.903579612332367e-09, 1.4517898221504095e-09, 1.0]","{""K"": 500, ""c"": 6.0, ""exploration_rate"": 0.1, ""gamma"": 0.5, ""gp_rate"": 0.5, ""lm_iterations"": 10, ""max_constants"": 999, ""max_depth"": 6, ""max_evals"": 2000000, ""max_unary"": 999, ""mutation_rate"": 0.1, ""ops"": [""+"", ""-"", ""*"", ""/"", ""sin"", ""cos"", ""exp"", ""log"", ""R""], ""succ_error_tol"": 1e-06}","{""K"": 500, ""c"": 6.0, ""exploration_rate"": 0.1, ""gamma"": 0.5, ""gp_rate"": 0.5, ""lm_iterations"": 10, ""max_constants"": 999, ""max_depth"": 6, ""max_evals"": 2000000, ""max_unary"": 999, ""mutation_rate"": 0.1, ""ops"": [""+"", ""-"", ""*"", ""/"", ""sin"", ""cos"", ""exp"", ""log"", ""R""], ""succ_error_tol"": 1e-06}",0.5
imcts,Jin,3,Jin-3,expression,34,28693,200,100,100,2,"[""x0"", ""x1""]",0.2*x[0]**3 + 0.5*x[1]**3 - 1.2*x[1] - 0.5*x[0],0.9999998807907104,True,0.9999999999999991,0.999999999999999,21.0,96494,8.789609780011233,0.0,0,(x1 * 0.458571326647 * (x1 + 0.66739806794) - x1 * 1.01646526455) * (x1 + 0.522845455933 - -1.02634784833) / 0.917142647501 + -0.200000012479 * (2.50000003443 - x0 * x0) * x0,(x1 * 0.458571326647 * (x1 + 0.66739806794) - x1 * 1.01646526455) * (x1 + 0.522845455933 - -1.02634784833) / 0.917142647501 + -0.200000012479 * (2.50000003443 - x0 * x0) * x0,x0*(0.2*x0**2 - 0.5) + 1.09*x1*(0.459*x1 - 0.71)*(x1 + 1.55),"[0.45857132664744066, 0.6673980679396234, 1.0164652645493004, 0.52284545593348, -1.0263478483339137, 0.6834713055358332, -0.2000000124794075, 2.5000000344268494]","{""K"": 500, ""c"": 6.0, ""exploration_rate"": 0.1, ""gamma"": 0.5, ""gp_rate"": 0.5, ""lm_iterations"": 10, ""max_constants"": 999, ""max_depth"": 6, ""max_evals"": 2000000, ""max_unary"": 999, ""mutation_rate"": 0.1, ""ops"": [""+"", ""-"", ""*"", ""/"", ""sin"", ""cos"", ""exp"", ""log"", ""R""], ""succ_error_tol"": 1e-06}","{""K"": 500, ""c"": 6.0, ""exploration_rate"": 0.1, ""gamma"": 0.5, ""gp_rate"": 0.5, ""lm_iterations"": 10, ""max_constants"": 999, ""max_depth"": 6, ""max_evals"": 2000000, ""max_unary"": 999, ""mutation_rate"": 0.1, ""ops"": [""+"", ""-"", ""*"", ""/"", ""sin"", ""cos"", ""exp"", ""log"", ""R""], ""succ_error_tol"": 1e-06}",0.5
imcts,Jin,3,Jin-3,expression,35,6396,200,100,100,2,"[""x0"", ""x1""]",0.2*x[0]**3 + 0.5*x[1]**3 - 1.2*x[1] - 0.5*x[0],0.9999998807907104,True,0.9999999999999988,0.999999999999999,21.0,79663,8.03278530499665,0.0,0,(x0 * -0.400000025107 * x0 + 1) * (exp(x0) * -7.35778496395e-09 - (0.499999970387 * x0 - 6.0303649634e-08)) + (x1 * 0.499999996336 - 0.774596679595) * (x1 + 1.549193318) * (6.29752589449e-09 * exp(x1) + x1),(x0 * -0.400000025107 * x0 + 1) * (exp(x0) * -7.35778496395e-09 - (0.499999970387 * x0 - 6.0303649634e-08)) + (x1 * 0.499999996336 - 0.774596679595) * (x1 + 1.549193318) * (6.29752589449e-09 * exp(x1) + x1),0.5*x0*(0.4*x0**2 - 1) + x1*(0.5*x1 - 0.775)*(x1 + 1.55),"[-0.40000002510670934, 1.0, 0.999999992542215, 0.4999999703868079, 6.030364963403098e-08, 0.4999999963363595, 0.7745966795953498, 0.5491933179963666, 1.0, 6.2975258944925295e-09]","{""K"": 500, ""c"": 6.0, ""exploration_rate"": 0.1, ""gamma"": 0.5, ""gp_rate"": 0.5, ""lm_iterations"": 10, ""max_constants"": 999, ""max_depth"": 6, ""max_evals"": 2000000, ""max_unary"": 999, ""mutation_rate"": 0.1, ""ops"": [""+"", ""-"", ""*"", ""/"", ""sin"", ""cos"", ""exp"", ""log"", ""R""], ""succ_error_tol"": 1e-06}","{""K"": 500, ""c"": 6.0, ""exploration_rate"": 0.1, ""gamma"": 0.5, ""gp_rate"": 0.5, ""lm_iterations"": 10, ""max_constants"": 999, ""max_depth"": 6, ""max_evals"": 2000000, ""max_unary"": 999, ""mutation_rate"": 0.1, ""ops"": [""+"", ""-"", ""*"", ""/"", ""sin"", ""cos"", ""exp"", ""log"", ""R""], ""succ_error_tol"": 1e-06}",0.5
imcts,Jin,3,Jin-3,expression,36,29419,200,100,100,2,"[""x0"", ""x1""]",0.2*x[0]**3 + 0.5*x[1]**3 - 1.2*x[1] - 0.5*x[0],0.9999998807907104,True,0.9999999999999984,0.9999999999999977,24.0,151344,16.63498090999201,0.0,0,(1.5491933334 - x1) * -0.473370433943 * x1 * 1.0562551785 * (1.54919329225 + x1) - (-0.198303677196 * x0 * x0 + 0.313545654098 * (x0 - 4.38391338897e-08)) * (0.501750134604 + 1.00855415404 * (x0 + 1.08364440318)),(1.5491933334 - x1) * -0.473370433943 * x1 * 1.0562551785 * (1.54919329225 + x1) - (-0.198303677196 * x0 * x0 + 0.313545654098 * (x0 - 4.38391338897e-08)) * (0.501750134604 + 1.00855415404 * (x0 + 1.08364440318)),x0*(0.198*x0 - 0.314)*(1.01*x0 + 1.59) + 1.06*x1*(0.473*x1 - 0.733)*(x1 + 1.55),"[1.5491933334022272, 0.5478358546096206, 1.0212062885523774, 1.056255178499627, 1.5491932922482594, -0.19830367719577627, 1.2366805367402087, 0.9231348826423365, 4.3839133889713375e-08, 1.0223382454607535, 1.0223382454607537, 1.0085541540389047, 1.0836444031781713]","{""K"": 500, ""c"": 6.0, ""exploration_rate"": 0.1, ""gamma"": 0.5, ""gp_rate"": 0.5, ""lm_iterations"": 10, ""max_constants"": 999, ""max_depth"": 6, ""max_evals"": 2000000, ""max_unary"": 999, ""mutation_rate"": 0.1, ""ops"": [""+"", ""-"", ""*"", ""/"", ""sin"", ""cos"", ""exp"", ""log"", ""R""], ""succ_error_tol"": 1e-06}","{""K"": 500, ""c"": 6.0, ""exploration_rate"": 0.1, ""gamma"": 0.5, ""gp_rate"": 0.5, ""lm_iterations"": 10, ""max_constants"": 999, ""max_depth"": 6, ""max_evals"": 2000000, ""max_unary"": 999, ""mutation_rate"": 0.1, ""ops"": [""+"", ""-"", ""*"", ""/"", ""sin"", ""cos"", ""exp"", ""log"", ""R""], ""succ_error_tol"": 1e-06}",0.5
imcts,Jin,3,Jin-3,expression,37,27480,200,100,100,2,"[""x0"", ""x1""]",0.2*x[0]**3 + 0.5*x[1]**3 - 1.2*x[1] - 0.5*x[0],0.9999999403953552,True,0.9999999999999998,0.9999999999999998,17.0,108639,11.149273893039208,0.0,0,(-3.35223115933e-09 - -0.499999994373 * x1) * (x1 * x1 - 2.39999999295) + (x1 * 6.90546972773e-09 + 1.58113878047 + x0) * x0 / 5.00000011418 * (-0.581138821042 + x0 - 1),(-3.35223115933e-09 - -0.499999994373 * x1) * (x1 * x1 - 2.39999999295) + (x1 * 6.90546972773e-09 + 1.58113878047 + x0) * x0 / 5.00000011418 * (-0.581138821042 + x0 - 1),0.2*x0**3 - 0.5*x0 + 0.5*x1**3 - 1.2*x1,"[1.0, 0.999999999983159, 1.0000000033353902, -0.4999999943734321, 1.0, 0.8754687344174602, 1.0, 1.0000000068054697, 0.4581453345601612, 5.000000114176128, -0.5811388210415491, 1.0]","{""K"": 500, ""c"": 6.0, ""exploration_rate"": 0.1, ""gamma"": 0.5, ""gp_rate"": 0.5, ""lm_iterations"": 10, ""max_constants"": 999, ""max_depth"": 6, ""max_evals"": 2000000, ""max_unary"": 999, ""mutation_rate"": 0.1, ""ops"": [""+"", ""-"", ""*"", ""/"", ""sin"", ""cos"", ""exp"", ""log"", ""R""], ""succ_error_tol"": 1e-06}","{""K"": 500, ""c"": 6.0, ""exploration_rate"": 0.1, ""gamma"": 0.5, ""gp_rate"": 0.5, ""lm_iterations"": 10, ""max_constants"": 999, ""max_depth"": 6, ""max_evals"": 2000000, ""max_unary"": 999, ""mutation_rate"": 0.1, ""ops"": [""+"", ""-"", ""*"", ""/"", ""sin"", ""cos"", ""exp"", ""log"", ""R""], ""succ_error_tol"": 1e-06}",0.5
imcts,Jin,3,Jin-3,expression,38,32304,200,100,100,2,"[""x0"", ""x1""]",0.2*x[0]**3 + 0.5*x[1]**3 - 1.2*x[1] - 0.5*x[0],0.9999998807907104,True,0.9999999999999993,0.9999999999999988,21.0,58961,5.173819084011484,0.0,0,(x0 * x0 + -0.699999928792) * x0 / 5.00000034875 + (x1 + x1) * x1 * (-1.09999964661 / x1 - -0.249999962572 * x1) + x1 - sin(x1 - 1.56217817638) - (sin(1.57941369728 + x1) - x0 * -0.359999966748),(x0 * x0 + -0.699999928792) * x0 / 5.00000034875 + (x1 + x1) * x1 * (-1.09999964661 / x1 - -0.249999962572 * x1) + x1 - sin(x1 - 1.56217817638) - (sin(1.57941369728 + x1) - x0 * -0.359999966748),0.2*x0**3 - 0.5*x0 + 0.5*x1**3 - 1.2*x1 - 0.000481*sin(x1),"[-0.6999999287916592, 5.000000348747478, -1.0999996466117778, -0.2499999625721515, 1.562178176379975, 1.5794136972804382, -0.3599999667482863]","{""K"": 500, ""c"": 6.0, ""exploration_rate"": 0.1, ""gamma"": 0.5, ""gp_rate"": 0.5, ""lm_iterations"": 10, ""max_constants"": 999, ""max_depth"": 6, ""max_evals"": 2000000, ""max_unary"": 999, ""mutation_rate"": 0.1, ""ops"": [""+"", ""-"", ""*"", ""/"", ""sin"", ""cos"", ""exp"", ""log"", ""R""], ""succ_error_tol"": 1e-06}","{""K"": 500, ""c"": 6.0, ""exploration_rate"": 0.1, ""gamma"": 0.5, ""gp_rate"": 0.5, ""lm_iterations"": 10, ""max_constants"": 999, ""max_depth"": 6, ""max_evals"": 2000000, ""max_unary"": 999, ""mutation_rate"": 0.1, ""ops"": [""+"", ""-"", ""*"", ""/"", ""sin"", ""cos"", ""exp"", ""log"", ""R""], ""succ_error_tol"": 1e-06}",0.5
imcts,Jin,3,Jin-3,expression,39,8666,200,100,100,2,"[""x0"", ""x1""]",0.2*x[0]**3 + 0.5*x[1]**3 - 1.2*x[1] - 0.5*x[0],0.9999998807907104,True,0.9999999999999984,0.9999999999999986,21.0,73569,7.048062368994579,0.0,0,(x1 + 1.54919336785) * (x1 * -0.774596706371 - x1 * -0.50000002229 * x1) - (x0 + x0) * (0.249999995643 - x0 * 0.10000000146 * x0),(x1 + 1.54919336785) * (x1 * -0.774596706371 - x1 * -0.50000002229 * x1) - (x0 + x0) * (0.249999995643 - x0 * 0.10000000146 * x0),2*x0*(0.1*x0**2 - 0.25) + x1*(0.5*x1 - 0.775)*(x1 + 1.55),"[1.0386888339335874, 1.4914893828065432, -0.7745967063712434, -0.5000000222896797, 0.2499999956429658, 0.1000000014599238]","{""K"": 500, ""c"": 6.0, ""exploration_rate"": 0.1, ""gamma"": 0.5, ""gp_rate"": 0.5, ""lm_iterations"": 10, ""max_constants"": 999, ""max_depth"": 6, ""max_evals"": 2000000, ""max_unary"": 999, ""mutation_rate"": 0.1, ""ops"": [""+"", ""-"", ""*"", ""/"", ""sin"", ""cos"", ""exp"", ""log"", ""R""], ""succ_error_tol"": 1e-06}","{""K"": 500, ""c"": 6.0, ""exploration_rate"": 0.1, ""gamma"": 0.5, ""gp_rate"": 0.5, ""lm_iterations"": 10, ""max_constants"": 999, ""max_depth"": 6, ""max_evals"": 2000000, ""max_unary"": 999, ""mutation_rate"": 0.1, ""ops"": [""+"", ""-"", ""*"", ""/"", ""sin"", ""cos"", ""exp"", ""log"", ""R""], ""succ_error_tol"": 1e-06}",0.5
imcts,Jin,3,Jin-3,expression,40,25658,200,100,100,2,"[""x0"", ""x1""]",0.2*x[0]**3 + 0.5*x[1]**3 - 1.2*x[1] - 0.5*x[0],0.9999998807907104,True,0.9999999999999993,0.9999999999999993,18.0,120370,11.703254432999529,0.0,0,0.199999995938 * x0 * (-2.49999985433 + x0 * x0) + (x1 * 0.500000007543 * x1 - 1.20000002058) * (x0 * 2.6585541435e-08 + x1),0.199999995938 * x0 * (-2.49999985433 + x0 * x0) + (x1 * 0.500000007543 * x1 - 1.20000002058) * (x0 * 2.6585541435e-08 + x1),0.2*x0*(x0**2 - 2.5) + x1*(0.5*x1**2 - 1.2),"[0.19999999593767304, -2.49999985433338, 0.5000000075426594, 1.2000000205839636, 2.6585541434975823e-08]","{""K"": 500, ""c"": 6.0, ""exploration_rate"": 0.1, ""gamma"": 0.5, ""gp_rate"": 0.5, ""lm_iterations"": 10, ""max_constants"": 999, ""max_depth"": 6, ""max_evals"": 2000000, ""max_unary"": 999, ""mutation_rate"": 0.1, ""ops"": [""+"", ""-"", ""*"", ""/"", ""sin"", ""cos"", ""exp"", ""log"", ""R""], ""succ_error_tol"": 1e-06}","{""K"": 500, ""c"": 6.0, ""exploration_rate"": 0.1, ""gamma"": 0.5, ""gp_rate"": 0.5, ""lm_iterations"": 10, ""max_constants"": 999, ""max_depth"": 6, ""max_evals"": 2000000, ""max_unary"": 999, ""mutation_rate"": 0.1, ""ops"": [""+"", ""-"", ""*"", ""/"", ""sin"", ""cos"", ""exp"", ""log"", ""R""], ""succ_error_tol"": 1e-06}",0.5
imcts,Jin,3,Jin-3,expression,41,18942,200,100,100,2,"[""x0"", ""x1""]",0.2*x[0]**3 + 0.5*x[1]**3 - 1.2*x[1] - 0.5*x[0],0.9999998807907104,True,0.9999999999999987,0.9999999999999953,17.0,78268,6.860009595984593,0.0,0,(0.50000000657 - 9.88810885475e-09 / (x0 + x0)) * ((x0 + -1.58113885686) * x0 * 0.400000000437 * (x0 + 1.58113888516) - (2.40000000726 - x1 * x1) * x1),(0.50000000657 - 9.88810885475e-09 / (x0 + x0)) * ((x0 + -1.58113885686) * x0 * 0.400000000437 * (x0 + 1.58113888516) - (2.40000000726 - x1 * x1) * x1),0.2000000002185*x0**3 - 0.499902344296143*x0 + 0.5*x1**3 - 1.199951171875*x1,"[0.5000000065704775, 9.888108854747088e-09, -1.5811388568631848, 0.40000000043741124, 1.5811388851649892, 11.023176460593666]","{""K"": 500, ""c"": 6.0, ""exploration_rate"": 0.1, ""gamma"": 0.5, ""gp_rate"": 0.5, ""lm_iterations"": 10, ""max_constants"": 999, ""max_depth"": 6, ""max_evals"": 2000000, ""max_unary"": 999, ""mutation_rate"": 0.1, ""ops"": [""+"", ""-"", ""*"", ""/"", ""sin"", ""cos"", ""exp"", ""log"", ""R""], ""succ_error_tol"": 1e-06}","{""K"": 500, ""c"": 6.0, ""exploration_rate"": 0.1, ""gamma"": 0.5, ""gp_rate"": 0.5, ""lm_iterations"": 10, ""max_constants"": 999, ""max_depth"": 6, ""max_evals"": 2000000, ""max_unary"": 999, ""mutation_rate"": 0.1, ""ops"": [""+"", ""-"", ""*"", ""/"", ""sin"", ""cos"", ""exp"", ""log"", ""R""], ""succ_error_tol"": 1e-06}",0.5
imcts,Jin,3,Jin-3,expression,42,24233,200,100,100,2,"[""x0"", ""x1""]",0.2*x[0]**3 + 0.5*x[1]**3 - 1.2*x[1] - 0.5*x[0],0.999999463558197,True,0.99999999999975,0.9999999999997787,21.0,111693,9.791289454966318,0.0,0,(-0.500000018573 - -0.200000008855 * x0 * x0) * (x0 + -3.35567297338e-07 * sin(x0)) - x1 / 2.16434401729 * 0.567145929918 * (x1 - -1.54919331098) * (-0.908101216828 * x1 + 1.47800944047 - (x1 - 1.47800944047)),(-0.500000018573 - -0.200000008855 * x0 * x0) * (x0 + -3.35567297338e-07 * sin(x0)) - x1 / 2.16434401729 * 0.567145929918 * (x1 - -1.54919331098) * (-0.908101216828 * x1 + 1.47800944047 - (x1 - 1.47800944047)),x0*(0.2*x0**2 - 0.5) + 0.262*x1*(x1 + 1.55)*(1.91*x1 - 2.96),"[-0.5000000185728845, -0.20000000885540178, -3.3556729733773117e-07, 2.1643440172894515, 0.5671459299183413, -1.5491933109849427, -0.9081012168276708, 1.4780094404735478, 1.478009440473547]","{""K"": 500, ""c"": 6.0, ""exploration_rate"": 0.1, ""gamma"": 0.5, ""gp_rate"": 0.5, ""lm_iterations"": 10, ""max_constants"": 999, ""max_depth"": 6, ""max_evals"": 2000000, ""max_unary"": 999, ""mutation_rate"": 0.1, ""ops"": [""+"", ""-"", ""*"", ""/"", ""sin"", ""cos"", ""exp"", ""log"", ""R""], ""succ_error_tol"": 1e-06}","{""K"": 500, ""c"": 6.0, ""exploration_rate"": 0.1, ""gamma"": 0.5, ""gp_rate"": 0.5, ""lm_iterations"": 10, ""max_constants"": 999, ""max_depth"": 6, ""max_evals"": 2000000, ""max_unary"": 999, ""mutation_rate"": 0.1, ""ops"": [""+"", ""-"", ""*"", ""/"", ""sin"", ""cos"", ""exp"", ""log"", ""R""], ""succ_error_tol"": 1e-06}",0.5
imcts,Jin,3,Jin-3,expression,43,18431,200,100,100,2,"[""x0"", ""x1""]",0.2*x[0]**3 + 0.5*x[1]**3 - 1.2*x[1] - 0.5*x[0],0.9999998807907104,True,0.9999999999999992,0.9999999999999992,20.0,139169,14.50788825302152,0.0,0,(1.54919330185 - x1) * x1 / 1.5450078264 * (x1 * -0.772503893262 - 1.19675785631) - (0.500000013688 * x0 - (x0 / 1.00000005667 - (x0 - 1.79387595302e-08))) + cos(-1.23207597128 * x0) * (x0 - x0 * 1.00000015885) - x0 * -0.199999990308 * x0 * x0,(1.54919330185 - x1) * x1 / 1.5450078264 * (x1 * -0.772503893262 - 1.19675785631) - (0.500000013688 * x0 - (x0 / 1.00000005667 - (x0 - 1.79387595302e-08))) + cos(-1.23207597128 * x0) * (x0 - x0 * 1.00000015885) - x0 * -0.199999990308 * x0 * x0,0.2*x0**3 - 0.5*x0 + 0.647*x1*(0.773*x1 + 1.2)*(x1 - 1.55),"[1.5491933018465829, 1.5450078264001401, -0.7725038932623332, 1.1967578563053354, 0.5000000136875647, 1.0000000566729619, 1.7938759530233568e-08, -1.2320759712829275, 1.0000001588515355, -0.19999999030812057]","{""K"": 500, ""c"": 6.0, ""exploration_rate"": 0.1, ""gamma"": 0.5, ""gp_rate"": 0.5, ""lm_iterations"": 10, ""max_constants"": 999, ""max_depth"": 6, ""max_evals"": 2000000, ""max_unary"": 999, ""mutation_rate"": 0.1, ""ops"": [""+"", ""-"", ""*"", ""/"", ""sin"", ""cos"", ""exp"", ""log"", ""R""], ""succ_error_tol"": 1e-06}","{""K"": 500, ""c"": 6.0, ""exploration_rate"": 0.1, ""gamma"": 0.5, ""gp_rate"": 0.5, ""lm_iterations"": 10, ""max_constants"": 999, ""max_depth"": 6, ""max_evals"": 2000000, ""max_unary"": 999, ""mutation_rate"": 0.1, ""ops"": [""+"", ""-"", ""*"", ""/"", ""sin"", ""cos"", ""exp"", ""log"", ""R""], ""succ_error_tol"": 1e-06}",0.5
imcts,Jin,3,Jin-3,expression,44,32219,200,100,100,2,"[""x0"", ""x1""]",0.2*x[0]**3 + 0.5*x[1]**3 - 1.2*x[1] - 0.5*x[0],0.9999999403953552,True,0.9999999999999977,0.9999999999999979,19.0,207409,22.47496288595721,0.0,0,1.52206049281e-08 - 0.499999933727 * x0 + (x1 + 1.54919326336) * 0.499999986167 * x1 * (x1 + -1.54919335231) - -0.202226590097 * x0 * 0.994479537533 * 0.994479537533 * (9.67485734723e-08 + x0) * x0,1.52206049281e-08 - 0.499999933727 * x0 + (x1 + 1.54919326336) * 0.499999986167 * x1 * (x1 + -1.54919335231) - -0.202226590097 * x0 * 0.994479537533 * 0.994479537533 * (9.67485734723e-08 + x0) * x0,0.2*x0**3 - 0.5*x0 + x1*(0.5*x1 + 0.775)*(x1 - 1.55),"[1.5220604928077537e-08, 0.49999993372709656, 1.549193263358235, 0.523598759625294, -1.5491933523145363, -0.20222659009730312, 0.9944795375332137, 0.9944795375332137, 9.674857347229741e-08]","{""K"": 500, ""c"": 6.0, ""exploration_rate"": 0.1, ""gamma"": 0.5, ""gp_rate"": 0.5, ""lm_iterations"": 10, ""max_constants"": 999, ""max_depth"": 6, ""max_evals"": 2000000, ""max_unary"": 999, ""mutation_rate"": 0.1, ""ops"": [""+"", ""-"", ""*"", ""/"", ""sin"", ""cos"", ""exp"", ""log"", ""R""], ""succ_error_tol"": 1e-06}","{""K"": 500, ""c"": 6.0, ""exploration_rate"": 0.1, ""gamma"": 0.5, ""gp_rate"": 0.5, ""lm_iterations"": 10, ""max_constants"": 999, ""max_depth"": 6, ""max_evals"": 2000000, ""max_unary"": 999, ""mutation_rate"": 0.1, ""ops"": [""+"", ""-"", ""*"", ""/"", ""sin"", ""cos"", ""exp"", ""log"", ""R""], ""succ_error_tol"": 1e-06}",0.5
imcts,Jin,3,Jin-3,expression,45,2747,200,100,100,2,"[""x0"", ""x1""]",0.2*x[0]**3 + 0.5*x[1]**3 - 1.2*x[1] - 0.5*x[0],0.9999998807907104,True,0.9999999999999988,0.9999999999999987,23.0,76304,6.512568600999657,0.0,0,(x1 - 0.384368379567 * x1) * (-1.94921753141 * x0 / x0 + 0.812173990773 * x1 * (6.50948301573e-08 + x1)) - (0.312379490403 - 0.197566129866 * x0) * ((x0 + -1.44820432671e-07) / 1.38496332184 + x0 * 1.01231929866 * (x0 + 0.867884796986)),(x1 - 0.384368379567 * x1) * (-1.94921753141 * x0 / x0 + 0.812173990773 * x1 * (6.50948301573e-08 + x1)) - (0.312379490403 - 0.197566129866 * x0) * ((x0 + -1.44820432671e-07) / 1.38496332184 + x0 * 1.01231929866 * (x0 + 0.867884796986)),x0*(0.198*x0 - 0.312)*(1.01*x0 + 1.6) + 0.616*x1*(0.812*x1**2 - 1.95),"[1.1762727809854479, -1.9492175314084417, 0.8121739907731959, 6.50948301572615e-08, 0.3123794904034203, 0.19756612986627364, -1.448204326714001e-07, 1.384963321838156, 1.0123192986560008, 0.8678847969863591]","{""K"": 500, ""c"": 6.0, ""exploration_rate"": 0.1, ""gamma"": 0.5, ""gp_rate"": 0.5, ""lm_iterations"": 10, ""max_constants"": 999, ""max_depth"": 6, ""max_evals"": 2000000, ""max_unary"": 999, ""mutation_rate"": 0.1, ""ops"": [""+"", ""-"", ""*"", ""/"", ""sin"", ""cos"", ""exp"", ""log"", ""R""], ""succ_error_tol"": 1e-06}","{""K"": 500, ""c"": 6.0, ""exploration_rate"": 0.1, ""gamma"": 0.5, ""gp_rate"": 0.5, ""lm_iterations"": 10, ""max_constants"": 999, ""max_depth"": 6, ""max_evals"": 2000000, ""max_unary"": 999, ""mutation_rate"": 0.1, ""ops"": [""+"", ""-"", ""*"", ""/"", ""sin"", ""cos"", ""exp"", ""log"", ""R""], ""succ_error_tol"": 1e-06}",0.5
imcts,Jin,3,Jin-3,expression,46,25551,200,100,100,2,"[""x0"", ""x1""]",0.2*x[0]**3 + 0.5*x[1]**3 - 1.2*x[1] - 0.5*x[0],0.9999998807907104,True,0.9999999999999992,0.9999999999999987,17.0,268739,26.803361410973594,0.0,0,(-0.975016028475 - (x1 - 0.975016018024)) * (1.19999999534 - x1 * 0.500000000821 * x1) + (x1 * 1.00000000248 - x0 - (x1 - x0 / 0.849296434956)) * (-2.81777144128 + x0 * x0 / 0.887225892161),(-0.975016028475 - (x1 - 0.975016018024)) * (1.19999999534 - x1 * 0.500000000821 * x1) + (x1 * 1.00000000248 - x0 - (x1 - x0 / 0.849296434956)) * (-2.81777144128 + x0 * x0 / 0.887225892161),0.199*x0**3 - 0.499*x0 + 0.5*x1**3 - 1.2*x1,"[-0.9750160284746928, 0.9750160180243036, 1.1999999953361506, 0.500000000820782, 1.0000000024802016, 0.849296434956384, -2.8177714412753487, 0.8872258921613899]","{""K"": 500, ""c"": 6.0, ""exploration_rate"": 0.1, ""gamma"": 0.5, ""gp_rate"": 0.5, ""lm_iterations"": 10, ""max_constants"": 999, ""max_depth"": 6, ""max_evals"": 2000000, ""max_unary"": 999, ""mutation_rate"": 0.1, ""ops"": [""+"", ""-"", ""*"", ""/"", ""sin"", ""cos"", ""exp"", ""log"", ""R""], ""succ_error_tol"": 1e-06}","{""K"": 500, ""c"": 6.0, ""exploration_rate"": 0.1, ""gamma"": 0.5, ""gp_rate"": 0.5, ""lm_iterations"": 10, ""max_constants"": 999, ""max_depth"": 6, ""max_evals"": 2000000, ""max_unary"": 999, ""mutation_rate"": 0.1, ""ops"": [""+"", ""-"", ""*"", ""/"", ""sin"", ""cos"", ""exp"", ""log"", ""R""], ""succ_error_tol"": 1e-06}",0.5
imcts,Jin,3,Jin-3,expression,47,26382,200,100,100,2,"[""x0"", ""x1""]",0.2*x[0]**3 + 0.5*x[1]**3 - 1.2*x[1] - 0.5*x[0],0.9999998807907104,True,0.9999999999999994,0.9999999999999991,17.0,94377,8.716294865007512,0.0,0,(x1 * x1 + -0.400000173047) * x1 * 0.500000019275 + (x0 - 2.6596367371e-08) * x0 * x0 * 0.199999989567 - (x1 + x0 * 0.499999967659),(x1 * x1 + -0.400000173047) * x1 * 0.500000019275 + (x0 - 2.6596367371e-08) * x0 * x0 * 0.199999989567 - (x1 + x0 * 0.499999967659),0.2*x0**3 - 0.5*x0 + 0.5*x1**3 - 1.2*x1,"[-0.4000001730465137, 0.5000000192745799, 2.6596367371021894e-08, 0.19999998956670667, 0.4999999676594207]","{""K"": 500, ""c"": 6.0, ""exploration_rate"": 0.1, ""gamma"": 0.5, ""gp_rate"": 0.5, ""lm_iterations"": 10, ""max_constants"": 999, ""max_depth"": 6, ""max_evals"": 2000000, ""max_unary"": 999, ""mutation_rate"": 0.1, ""ops"": [""+"", ""-"", ""*"", ""/"", ""sin"", ""cos"", ""exp"", ""log"", ""R""], ""succ_error_tol"": 1e-06}","{""K"": 500, ""c"": 6.0, ""exploration_rate"": 0.1, ""gamma"": 0.5, ""gp_rate"": 0.5, ""lm_iterations"": 10, ""max_constants"": 999, ""max_depth"": 6, ""max_evals"": 2000000, ""max_unary"": 999, ""mutation_rate"": 0.1, ""ops"": [""+"", ""-"", ""*"", ""/"", ""sin"", ""cos"", ""exp"", ""log"", ""R""], ""succ_error_tol"": 1e-06}",0.5
imcts,Jin,3,Jin-3,expression,48,189,200,100,100,2,"[""x0"", ""x1""]",0.2*x[0]**3 + 0.5*x[1]**3 - 1.2*x[1] - 0.5*x[0],0.9999999403953552,True,0.9999999999999994,0.9999999999999991,22.0,105919,9.900959023972973,0.0,0,x0 * 0.19522100458 * (-2.56120021604 + x0 * 1.02448001291 * x0) + (-0.888276206593 + x1 - 0.426620157655 * x1) / (1.14675971025 / (x1 * (x1 + 1.54919330968))),x0 * 0.19522100458 * (-2.56120021604 + x0 * 1.02448001291 * x0) + (-0.888276206593 + x1 - 0.426620157655 * x1) / (1.14675971025 / (x1 * (x1 + 1.54919330968))),0.195*x0*(1.02*x0**2 - 2.56) + 0.872*x1*(0.573*x1 - 0.888)*(x1 + 1.55),"[0.19522100457964112, 3.018472490790963, 2.580735656717703, 1.024480012905832, -0.8882762065934791, 0.4266201576548427, 1.146759710251786, 1.5491933096781136]","{""K"": 500, ""c"": 6.0, ""exploration_rate"": 0.1, ""gamma"": 0.5, ""gp_rate"": 0.5, ""lm_iterations"": 10, ""max_constants"": 999, ""max_depth"": 6, ""max_evals"": 2000000, ""max_unary"": 999, ""mutation_rate"": 0.1, ""ops"": [""+"", ""-"", ""*"", ""/"", ""sin"", ""cos"", ""exp"", ""log"", ""R""], ""succ_error_tol"": 1e-06}","{""K"": 500, ""c"": 6.0, ""exploration_rate"": 0.1, ""gamma"": 0.5, ""gp_rate"": 0.5, ""lm_iterations"": 10, ""max_constants"": 999, ""max_depth"": 6, ""max_evals"": 2000000, ""max_unary"": 999, ""mutation_rate"": 0.1, ""ops"": [""+"", ""-"", ""*"", ""/"", ""sin"", ""cos"", ""exp"", ""log"", ""R""], ""succ_error_tol"": 1e-06}",0.5
imcts,Jin,3,Jin-3,expression,49,31677,200,100,100,2,"[""x0"", ""x1""]",0.2*x[0]**3 + 0.5*x[1]**3 - 1.2*x[1] - 0.5*x[0],0.9999998807907104,True,0.9999999999988126,0.999999999999258,24.0,104014,9.695167166006286,0.0,0,(-0.316971965014 - x0 * -0.200006008439) * x0 * (x0 + 1.58481246532) + x1 * 0.499999985757 * (-1.54919329702 - x1) * (1.54919331839 - x1) + (x0 + x0 * -0.997662003209) * cos(x0 * -0.0668096457501),(-0.316971965014 - x0 * -0.200006008439) * x0 * (x0 + 1.58481246532) + x1 * 0.499999985757 * (-1.54919329702 - x1) * (1.54919331839 - x1) + (x0 + x0 * -0.997662003209) * cos(x0 * -0.0668096457501),0.2*x0**3 + 0.00201*x0*cos(0.067*x0) - 0.502*x0 + 0.5*x1**3 - 1.2*x1,"[-0.3169719650138018, -0.20000600843854047, 1.5848124653203757, 0.49999998575687216, -1.5491932970171067, 1.5491933183861242, -0.9976620032092227, -0.06680964575007427]","{""K"": 500, ""c"": 6.0, ""exploration_rate"": 0.1, ""gamma"": 0.5, ""gp_rate"": 0.5, ""lm_iterations"": 10, ""max_constants"": 999, ""max_depth"": 6, ""max_evals"": 2000000, ""max_unary"": 999, ""mutation_rate"": 0.1, ""ops"": [""+"", ""-"", ""*"", ""/"", ""sin"", ""cos"", ""exp"", ""log"", ""R""], ""succ_error_tol"": 1e-06}","{""K"": 500, ""c"": 6.0, ""exploration_rate"": 0.1, ""gamma"": 0.5, ""gp_rate"": 0.5, ""lm_iterations"": 10, ""max_constants"": 999, ""max_depth"": 6, ""max_evals"": 2000000, ""max_unary"": 999, ""mutation_rate"": 0.1, ""ops"": [""+"", ""-"", ""*"", ""/"", ""sin"", ""cos"", ""exp"", ""log"", ""R""], ""succ_error_tol"": 1e-06}",0.5
imcts,Jin,3,Jin-3,expression,50,19118,200,100,100,2,"[""x0"", ""x1""]",0.2*x[0]**3 + 0.5*x[1]**3 - 1.2*x[1] - 0.5*x[0],0.9999998807907104,True,0.9999999999999997,0.9999999999999999,17.0,62037,5.121594344964251,0.0,0,x0 + x1 * -1.19999999671 - x1 * x1 * -0.500000002234 / (1 / x1) + x0 * (x0 * x0 + -7.50000015194) * 0.199999994715 / x1 * x1,x0 + x1 * -1.19999999671 - x1 * x1 * -0.500000002234 / (1 / x1) + x0 * (x0 * x0 + -7.50000015194) * 0.199999994715 / x1 * x1,0.2*x0**3 - 0.5*x0 + 0.5*x1**3 - 1.2*x1,"[1.0000000000000004, -1.1999999967099542, -0.5000000022340199, 1.0, 1.0, -7.500000151944204, 0.19999999471459287, 1.0]","{""K"": 500, ""c"": 6.0, ""exploration_rate"": 0.1, ""gamma"": 0.5, ""gp_rate"": 0.5, ""lm_iterations"": 10, ""max_constants"": 999, ""max_depth"": 6, ""max_evals"": 2000000, ""max_unary"": 999, ""mutation_rate"": 0.1, ""ops"": [""+"", ""-"", ""*"", ""/"", ""sin"", ""cos"", ""exp"", ""log"", ""R""], ""succ_error_tol"": 1e-06}","{""K"": 500, ""c"": 6.0, ""exploration_rate"": 0.1, ""gamma"": 0.5, ""gp_rate"": 0.5, ""lm_iterations"": 10, ""max_constants"": 999, ""max_depth"": 6, ""max_evals"": 2000000, ""max_unary"": 999, ""mutation_rate"": 0.1, ""ops"": [""+"", ""-"", ""*"", ""/"", ""sin"", ""cos"", ""exp"", ""log"", ""R""], ""succ_error_tol"": 1e-06}",0.5
imcts,Jin,3,Jin-3,expression,51,3005,200,100,100,2,"[""x0"", ""x1""]",0.2*x[0]**3 + 0.5*x[1]**3 - 1.2*x[1] - 0.5*x[0],0.9999997615814209,True,0.9999999999999454,0.9999999999999423,17.0,324413,38.978829847008456,0.0,0,(x1 / 2.87233110697 + 2.61711186145e-08 - (x1 * 2.7481492933 + x0)) * (0.499999991617 - x1 * x1 * 0.122240693207) - (x1 * x1 * (0.122240691991 * x0 - x1 / 4.83974602266) + x0 * x0 * -0.199999995632 * (x0 + 7.63587020639e-09)),(x1 / 2.87233110697 + 2.61711186145e-08 - (x1 * 2.7481492933 + x0)) * (0.499999991617 - x1 * x1 * 0.122240693207) - (x1 * x1 * (0.122240691991 * x0 - x1 / 4.83974602266) + x0 * x0 * -0.199999995632 * (x0 + 7.63587020639e-09)),0.2*x0**3 - 0.5*x0 + 0.5*x1**3 - 1.2*x1,"[2.87233110697159, 2.6171118614479252e-08, 2.7481492932996634, -0.4715545847418298, 1.0565360300468853, 0.946321339239564, 0.12224069320705791, 0.12224069199076625, 4.839746022664243, -0.19999999563213305, 7.635870206394663e-09]","{""K"": 500, ""c"": 6.0, ""exploration_rate"": 0.1, ""gamma"": 0.5, ""gp_rate"": 0.5, ""lm_iterations"": 10, ""max_constants"": 999, ""max_depth"": 6, ""max_evals"": 2000000, ""max_unary"": 999, ""mutation_rate"": 0.1, ""ops"": [""+"", ""-"", ""*"", ""/"", ""sin"", ""cos"", ""exp"", ""log"", ""R""], ""succ_error_tol"": 1e-06}","{""K"": 500, ""c"": 6.0, ""exploration_rate"": 0.1, ""gamma"": 0.5, ""gp_rate"": 0.5, ""lm_iterations"": 10, ""max_constants"": 999, ""max_depth"": 6, ""max_evals"": 2000000, ""max_unary"": 999, ""mutation_rate"": 0.1, ""ops"": [""+"", ""-"", ""*"", ""/"", ""sin"", ""cos"", ""exp"", ""log"", ""R""], ""succ_error_tol"": 1e-06}",0.5
imcts,Jin,3,Jin-3,expression,52,21042,200,100,100,2,"[""x0"", ""x1""]",0.2*x[0]**3 + 0.5*x[1]**3 - 1.2*x[1] - 0.5*x[0],0.9999998807907104,True,0.9999999999999986,0.9999999999999991,20.0,89472,8.348611722991336,0.0,0,(0.316227744454 + 0.199999986973 * x0) * (x0 - 1.58113880041) * (x0 - x1 + x1 - (x1 - x1) * 2.71828182846) + x1 * (x1 - 1.5491933248) * 0.499999982139 * (2.54919331338 + x1 - 1 - -1.6370813016e-08 * (1 + x0)),(0.316227744454 + 0.199999986973 * x0) * (x0 - 1.58113880041) * (x0 - x1 + x1 - (x1 - x1) * 2.71828182846) + x1 * (x1 - 1.5491933248) * 0.499999982139 * (2.54919331338 + x1 - 1 - -1.6370813016e-08 * (1 + x0)),x0*(0.2*x0 + 0.316)*(x0 - 1.58) + 0.5*x1*(x1 - 1.55)*(x1 + 1.55),"[1.3719426722836459, 0.1999999869733359, 1.5811388004146414, 1.0, 1.0, 1.5491933248021053, 0.4999999821394358, 2.549193313383493, 1.0, -1.6370813016030692e-08, 1.0]","{""K"": 500, ""c"": 6.0, ""exploration_rate"": 0.1, ""gamma"": 0.5, ""gp_rate"": 0.5, ""lm_iterations"": 10, ""max_constants"": 999, ""max_depth"": 6, ""max_evals"": 2000000, ""max_unary"": 999, ""mutation_rate"": 0.1, ""ops"": [""+"", ""-"", ""*"", ""/"", ""sin"", ""cos"", ""exp"", ""log"", ""R""], ""succ_error_tol"": 1e-06}","{""K"": 500, ""c"": 6.0, ""exploration_rate"": 0.1, ""gamma"": 0.5, ""gp_rate"": 0.5, ""lm_iterations"": 10, ""max_constants"": 999, ""max_depth"": 6, ""max_evals"": 2000000, ""max_unary"": 999, ""mutation_rate"": 0.1, ""ops"": [""+"", ""-"", ""*"", ""/"", ""sin"", ""cos"", ""exp"", ""log"", ""R""], ""succ_error_tol"": 1e-06}",0.5
imcts,Jin,3,Jin-3,expression,53,1899,200,100,100,2,"[""x0"", ""x1""]",0.2*x[0]**3 + 0.5*x[1]**3 - 1.2*x[1] - 0.5*x[0],0.9999998807907104,True,0.9999999999999996,0.9999999999999994,19.0,74686,7.03423681500135,0.0,0,exp(-1.15664872011e-09 * x1) * x0 / 4.99999978347 * (x0 * x0 + -2.50000004872) + (x1 - 1.5491933322) * 0.499999990805 * (x0 * -7.09296777514e-09 + x1 - -1.54919334181) * x1,exp(-1.15664872011e-09 * x1) * x0 / 4.99999978347 * (x0 * x0 + -2.50000004872) + (x1 - 1.5491933322) * 0.499999990805 * (x0 * -7.09296777514e-09 + x1 - -1.54919334181) * x1,0.2*x0*(x0**2 - 2.5) + x1*(0.5*x1 - 0.775)*(x1 + 1.55),"[-1.156648720114119e-09, 1.609437869128284, -1.746884145088703, 0.7531159036352196, 1.5491933321985691, 0.4999999908046186, -7.092967775136583e-09, -1.5491933418092454, 1.0]","{""K"": 500, ""c"": 6.0, ""exploration_rate"": 0.1, ""gamma"": 0.5, ""gp_rate"": 0.5, ""lm_iterations"": 10, ""max_constants"": 999, ""max_depth"": 6, ""max_evals"": 2000000, ""max_unary"": 999, ""mutation_rate"": 0.1, ""ops"": [""+"", ""-"", ""*"", ""/"", ""sin"", ""cos"", ""exp"", ""log"", ""R""], ""succ_error_tol"": 1e-06}","{""K"": 500, ""c"": 6.0, ""exploration_rate"": 0.1, ""gamma"": 0.5, ""gp_rate"": 0.5, ""lm_iterations"": 10, ""max_constants"": 999, ""max_depth"": 6, ""max_evals"": 2000000, ""max_unary"": 999, ""mutation_rate"": 0.1, ""ops"": [""+"", ""-"", ""*"", ""/"", ""sin"", ""cos"", ""exp"", ""log"", ""R""], ""succ_error_tol"": 1e-06}",0.5
imcts,Jin,3,Jin-3,expression,54,24118,200,100,100,2,"[""x0"", ""x1""]",0.2*x[0]**3 + 0.5*x[1]**3 - 1.2*x[1] - 0.5*x[0],0.9999999403953552,True,0.9999999999999987,0.9999999999999981,20.0,68941,5.668956675042864,0.0,0,x0 * 0.500000013288 / x0 * x1 * x1 * (5.81716762029e-09 + x1) + x1 * -1.20000003023 - 0.199770506559 * (x0 - -1.58113889855) * (1.5811388495 - x0) * 1.00114886123 * x0,x0 * 0.500000013288 / x0 * x1 * x1 * (5.81716762029e-09 + x1) + x1 * -1.20000003023 - 0.199770506559 * (x0 - -1.58113889855) * (1.5811388495 - x0) * 1.00114886123 * x0,1.0*x0*(0.2*x0 + 0.316)*(x0 - 1.58) + 0.5*x1**3 - 1.2*x1,"[0.5000000132875853, 5.817167620293187e-09, -1.2000000302330918, 0.1997705065592374, -1.5811388985468413, 1.5811388494966232, 1.0011488612276005]","{""K"": 500, ""c"": 6.0, ""exploration_rate"": 0.1, ""gamma"": 0.5, ""gp_rate"": 0.5, ""lm_iterations"": 10, ""max_constants"": 999, ""max_depth"": 6, ""max_evals"": 2000000, ""max_unary"": 999, ""mutation_rate"": 0.1, ""ops"": [""+"", ""-"", ""*"", ""/"", ""sin"", ""cos"", ""exp"", ""log"", ""R""], ""succ_error_tol"": 1e-06}","{""K"": 500, ""c"": 6.0, ""exploration_rate"": 0.1, ""gamma"": 0.5, ""gp_rate"": 0.5, ""lm_iterations"": 10, ""max_constants"": 999, ""max_depth"": 6, ""max_evals"": 2000000, ""max_unary"": 999, ""mutation_rate"": 0.1, ""ops"": [""+"", ""-"", ""*"", ""/"", ""sin"", ""cos"", ""exp"", ""log"", ""R""], ""succ_error_tol"": 1e-06}",0.5
imcts,Jin,3,Jin-3,expression,55,1267,200,100,100,2,"[""x0"", ""x1""]",0.2*x[0]**3 + 0.5*x[1]**3 - 1.2*x[1] - 0.5*x[0],0.9999998807907104,True,0.9999999999999988,0.9999999999999991,17.0,241708,27.167459046002477,0.0,0,-0.391940026672 * x0 - -1.41312345016e-07 - sin(x0) * -5.96271212944e-07 - (-0.200000059509 * x0 - -1.14506570892e-08) * (x0 * x0 - 0.540302305868) - (2.39811442995 + (0.0434229393702 - x1) * (x1 - -0.04342279863)) * (x1 * 0.499999995697 + sin(x1) * x1 * 8.35704733759e-08),-0.391940026672 * x0 - -1.41312345016e-07 - sin(x0) * -5.96271212944e-07 - (-0.200000059509 * x0 - -1.14506570892e-08) * (x0 * x0 - 0.540302305868) - (2.39811442995 + (0.0434229393702 - x1) * (x1 - -0.04342279863)) * (x1 * 0.499999995697 + sin(x1) * x1 * 8.35704733759e-08),0.2*x0**3 - 0.5*x0 + 0.5*x1**3 - 1.2*x1,"[-0.3919400266724776, -1.4131234501642812e-07, -5.962712129438699e-07, -0.20000005950893593, 0.9999999885493429, 1.0, 1.0, 2.3981144299493957, 0.043422939370189435, -0.04342279862997067, 0.49999999569711623, 8.357047337593525e-08]","{""K"": 500, ""c"": 6.0, ""exploration_rate"": 0.1, ""gamma"": 0.5, ""gp_rate"": 0.5, ""lm_iterations"": 10, ""max_constants"": 999, ""max_depth"": 6, ""max_evals"": 2000000, ""max_unary"": 999, ""mutation_rate"": 0.1, ""ops"": [""+"", ""-"", ""*"", ""/"", ""sin"", ""cos"", ""exp"", ""log"", ""R""], ""succ_error_tol"": 1e-06}","{""K"": 500, ""c"": 6.0, ""exploration_rate"": 0.1, ""gamma"": 0.5, ""gp_rate"": 0.5, ""lm_iterations"": 10, ""max_constants"": 999, ""max_depth"": 6, ""max_evals"": 2000000, ""max_unary"": 999, ""mutation_rate"": 0.1, ""ops"": [""+"", ""-"", ""*"", ""/"", ""sin"", ""cos"", ""exp"", ""log"", ""R""], ""succ_error_tol"": 1e-06}",0.5
imcts,Jin,3,Jin-3,expression,56,31551,200,100,100,2,"[""x0"", ""x1""]",0.2*x[0]**3 + 0.5*x[1]**3 - 1.2*x[1] - 0.5*x[0],0.9999998807907104,True,0.9999999999999992,0.9999999999999992,17.0,202651,23.15348046895815,0.0,0,0.732863713837 * (-1.63741222117 * x1 + 0.307014658915) - (-1.49679508532e-08 + x1 - 1.59419755664 * x1) * 0.841470984808 * x1 * x1 - (0.224999991093 - (x0 - 0.499999826899) * 0.099999995381 * x0) * (x0 + x0 + 1),0.732863713837 * (-1.63741222117 * x1 + 0.307014658915) - (-1.49679508532e-08 + x1 - 1.59419755664 * x1) * 0.841470984808 * x1 * x1 - (0.224999991093 - (x0 - 0.499999826899) * 0.099999995381 * x0) * (x0 + x0 + 1),0.2*x0**3 - 0.5*x0 + 0.5*x1**3 - 1.2*x1,"[0.7482748422914235, -1.6374122211652296, 0.30701465891486174, -1.4967950853225955e-08, 1.5941975566412923, 1.0, 0.224999991093209, 1.0, 0.4999998268985319, 0.0999999953810383, 1.0, 1.0]","{""K"": 500, ""c"": 6.0, ""exploration_rate"": 0.1, ""gamma"": 0.5, ""gp_rate"": 0.5, ""lm_iterations"": 10, ""max_constants"": 999, ""max_depth"": 6, ""max_evals"": 2000000, ""max_unary"": 999, ""mutation_rate"": 0.1, ""ops"": [""+"", ""-"", ""*"", ""/"", ""sin"", ""cos"", ""exp"", ""log"", ""R""], ""succ_error_tol"": 1e-06}","{""K"": 500, ""c"": 6.0, ""exploration_rate"": 0.1, ""gamma"": 0.5, ""gp_rate"": 0.5, ""lm_iterations"": 10, ""max_constants"": 999, ""max_depth"": 6, ""max_evals"": 2000000, ""max_unary"": 999, ""mutation_rate"": 0.1, ""ops"": [""+"", ""-"", ""*"", ""/"", ""sin"", ""cos"", ""exp"", ""log"", ""R""], ""succ_error_tol"": 1e-06}",0.5
imcts,Jin,3,Jin-3,expression,57,17912,200,100,100,2,"[""x0"", ""x1""]",0.2*x[0]**3 + 0.5*x[1]**3 - 1.2*x[1] - 0.5*x[0],0.9999998807907104,True,0.999999999999999,0.9999999999999987,17.0,51367,4.004019707965199,0.0,0,(sin(x1) + 0.140837989804) * cos(x1) * 2.24450597332e-07 - (0.560901018027 + x1 + 0.988292368605) * (1.54919335982 - x1) * x1 / 1.99999988278 + x0 * (x0 + 1.5811388652) * 3.71828182846 * (x0 - 1.58113890851) * 0.0537882859981,(sin(x1) + 0.140837989804) * cos(x1) * 2.24450597332e-07 - (0.560901018027 + x1 + 0.988292368605) * (1.54919335982 - x1) * x1 / 1.99999988278 + x0 * (x0 + 1.5811388652) * 3.71828182846 * (x0 - 1.58113890851) * 0.0537882859981,0.2*x0**3 - 0.5*x0 + 0.5*x1**3 - 1.2*x1,"[0.14083798980392886, 2.2445059733199326e-07, 0.5609010180267587, -0.011776705368709672, 1.54919335981865, 1.999999882784956, 1.5811388652013239, 1.0, 1.0, 1.5811389085135485, 0.053788285998061014, 1.0]","{""K"": 500, ""c"": 6.0, ""exploration_rate"": 0.1, ""gamma"": 0.5, ""gp_rate"": 0.5, ""lm_iterations"": 10, ""max_constants"": 999, ""max_depth"": 6, ""max_evals"": 2000000, ""max_unary"": 999, ""mutation_rate"": 0.1, ""ops"": [""+"", ""-"", ""*"", ""/"", ""sin"", ""cos"", ""exp"", ""log"", ""R""], ""succ_error_tol"": 1e-06}","{""K"": 500, ""c"": 6.0, ""exploration_rate"": 0.1, ""gamma"": 0.5, ""gp_rate"": 0.5, ""lm_iterations"": 10, ""max_constants"": 999, ""max_depth"": 6, ""max_evals"": 2000000, ""max_unary"": 999, ""mutation_rate"": 0.1, ""ops"": [""+"", ""-"", ""*"", ""/"", ""sin"", ""cos"", ""exp"", ""log"", ""R""], ""succ_error_tol"": 1e-06}",0.5
imcts,Jin,3,Jin-3,expression,58,11394,200,100,100,2,"[""x0"", ""x1""]",0.2*x[0]**3 + 0.5*x[1]**3 - 1.2*x[1] - 0.5*x[0],0.9999998807907104,True,0.999999999999999,0.9999999999999991,21.0,124214,11.757918799994513,0.0,0,(3.10136151277 - x0 * 1.24054463121 * x0) * 1.05204064745 * x0 * -0.153244566971 + cos(2.29587556096 * x1) * (9.01468291126e-08 - -2.56491449368e-08 * x1) - (x1 + 1.54919334646) * x1 * (0.774596657772 - 0.499999998004 * x1),(3.10136151277 - x0 * 1.24054463121 * x0) * 1.05204064745 * x0 * -0.153244566971 + cos(2.29587556096 * x1) * (9.01468291126e-08 - -2.56491449368e-08 * x1) - (x1 + 1.54919334646) * x1 * (0.774596657772 - 0.499999998004 * x1),0.153*x0*(1.3*x0**2 - 3.26) + x1*(0.5*x1 - 0.775)*(x1 + 1.55),"[3.1013615127709566, 1.2405446312096469, 1.0520406474529613, -0.15324456697061764, 2.2958755609644603, -3.391226094310486, 3.3912261844573153, -2.5649144936752473e-08, 1.5491933464613559, 1.663377997910404, 0.8887813401388612, 0.49999999800430506]","{""K"": 500, ""c"": 6.0, ""exploration_rate"": 0.1, ""gamma"": 0.5, ""gp_rate"": 0.5, ""lm_iterations"": 10, ""max_constants"": 999, ""max_depth"": 6, ""max_evals"": 2000000, ""max_unary"": 999, ""mutation_rate"": 0.1, ""ops"": [""+"", ""-"", ""*"", ""/"", ""sin"", ""cos"", ""exp"", ""log"", ""R""], ""succ_error_tol"": 1e-06}","{""K"": 500, ""c"": 6.0, ""exploration_rate"": 0.1, ""gamma"": 0.5, ""gp_rate"": 0.5, ""lm_iterations"": 10, ""max_constants"": 999, ""max_depth"": 6, ""max_evals"": 2000000, ""max_unary"": 999, ""mutation_rate"": 0.1, ""ops"": [""+"", ""-"", ""*"", ""/"", ""sin"", ""cos"", ""exp"", ""log"", ""R""], ""succ_error_tol"": 1e-06}",0.5
imcts,Jin,3,Jin-3,expression,59,3556,200,100,100,2,"[""x0"", ""x1""]",0.2*x[0]**3 + 0.5*x[1]**3 - 1.2*x[1] - 0.5*x[0],0.9999998807907104,True,0.9999999999579439,0.9999999999304908,23.0,146766,15.018992700963281,0.0,0,4.07038172956e-06 + x0 * -0.499997841665 - (x1 * -0.498691876631 * x1 * x1 + x1) + (x0 + 1.87984629687e-06) * 0.199999722344 * x0 * x0 - sin(0.20004619192 * x1),4.07038172956e-06 + x0 * -0.499997841665 - (x1 * -0.498691876631 * x1 * x1 + x1) + (x0 + 1.87984629687e-06) * 0.199999722344 * x0 * x0 - sin(0.20004619192 * x1),0.2*x0**3 - 0.5*x0 + 0.499*x1**3 - x1 - sin(0.2*x1),"[-0.38961162953046546, 1.0, -0.6773158040800895, -0.49999784166532724, -0.4986918766309408, 1.879846296868557e-06, 0.19999972234435043, 0.20004619191984696, 1.0]","{""K"": 500, ""c"": 6.0, ""exploration_rate"": 0.1, ""gamma"": 0.5, ""gp_rate"": 0.5, ""lm_iterations"": 10, ""max_constants"": 999, ""max_depth"": 6, ""max_evals"": 2000000, ""max_unary"": 999, ""mutation_rate"": 0.1, ""ops"": [""+"", ""-"", ""*"", ""/"", ""sin"", ""cos"", ""exp"", ""log"", ""R""], ""succ_error_tol"": 1e-06}","{""K"": 500, ""c"": 6.0, ""exploration_rate"": 0.1, ""gamma"": 0.5, ""gp_rate"": 0.5, ""lm_iterations"": 10, ""max_constants"": 999, ""max_depth"": 6, ""max_evals"": 2000000, ""max_unary"": 999, ""mutation_rate"": 0.1, ""ops"": [""+"", ""-"", ""*"", ""/"", ""sin"", ""cos"", ""exp"", ""log"", ""R""], ""succ_error_tol"": 1e-06}",0.5
imcts,Jin,3,Jin-3,expression,60,3890,200,100,100,2,"[""x0"", ""x1""]",0.2*x[0]**3 + 0.5*x[1]**3 - 1.2*x[1] - 0.5*x[0],0.9999998807907104,True,0.9999999999999972,0.9999999999999983,17.0,84955,7.155813662975561,0.0,0,(x1 / 1.99999991861 * x1 + -1.2000000367) * x1 + (x0 + -1.58113884217 + cos(x1) * -2.51156260991e-09 * x1) * (1.4014327655 + x0 / 1.12823019917) * 0.225646031985 * x0,(x1 / 1.99999991861 * x1 + -1.2000000367) * x1 + (x0 + -1.58113884217 + cos(x1) * -2.51156260991e-09 * x1) * (1.4014327655 + x0 / 1.12823019917) * 0.225646031985 * x0,0.2*x0**3 - 0.501*x0 + 0.5*x1**3 - 1.2*x1,"[1.999999918610262, -1.2000000366980883, -1.581138842165136, -2.5115626099099682e-09, 1.4014327654986616, 1.1282301991740569, 0.22564603198485012]","{""K"": 500, ""c"": 6.0, ""exploration_rate"": 0.1, ""gamma"": 0.5, ""gp_rate"": 0.5, ""lm_iterations"": 10, ""max_constants"": 999, ""max_depth"": 6, ""max_evals"": 2000000, ""max_unary"": 999, ""mutation_rate"": 0.1, ""ops"": [""+"", ""-"", ""*"", ""/"", ""sin"", ""cos"", ""exp"", ""log"", ""R""], ""succ_error_tol"": 1e-06}","{""K"": 500, ""c"": 6.0, ""exploration_rate"": 0.1, ""gamma"": 0.5, ""gp_rate"": 0.5, ""lm_iterations"": 10, ""max_constants"": 999, ""max_depth"": 6, ""max_evals"": 2000000, ""max_unary"": 999, ""mutation_rate"": 0.1, ""ops"": [""+"", ""-"", ""*"", ""/"", ""sin"", ""cos"", ""exp"", ""log"", ""R""], ""succ_error_tol"": 1e-06}",0.5
imcts,Jin,3,Jin-3,expression,61,8838,200,100,100,2,"[""x0"", ""x1""]",0.2*x[0]**3 + 0.5*x[1]**3 - 1.2*x[1] - 0.5*x[0],0.9999998807907104,True,0.9999999999999989,0.9999999999999987,20.0,210230,23.200162155961152,0.0,0,x1 * x1 / 2.00000003718 * x1 - (x1 - -4.37638384461e-08) - (0.199999997801 * x1 + 0.846045696029 * (1.58113882922 + x0) * (-1.58113874828 + x0) * x0 * -0.236393852595),x1 * x1 / 2.00000003718 * x1 - (x1 - -4.37638384461e-08) - (0.199999997801 * x1 + 0.846045696029 * (1.58113882922 + x0) * (-1.58113874828 + x0) * x0 * -0.236393852595),0.236*x0*(0.846*x0 + 1.34)*(x0 - 1.58) + 0.5*x1**3 - 1.2*x1,"[2.0000000371801985, -4.376383844612571e-08, 0.1999999978010896, 1.008523624831888, 1.5811388292187738, -1.5811387482833907, -0.2363938525952453]","{""K"": 500, ""c"": 6.0, ""exploration_rate"": 0.1, ""gamma"": 0.5, ""gp_rate"": 0.5, ""lm_iterations"": 10, ""max_constants"": 999, ""max_depth"": 6, ""max_evals"": 2000000, ""max_unary"": 999, ""mutation_rate"": 0.1, ""ops"": [""+"", ""-"", ""*"", ""/"", ""sin"", ""cos"", ""exp"", ""log"", ""R""], ""succ_error_tol"": 1e-06}","{""K"": 500, ""c"": 6.0, ""exploration_rate"": 0.1, ""gamma"": 0.5, ""gp_rate"": 0.5, ""lm_iterations"": 10, ""max_constants"": 999, ""max_depth"": 6, ""max_evals"": 2000000, ""max_unary"": 999, ""mutation_rate"": 0.1, ""ops"": [""+"", ""-"", ""*"", ""/"", ""sin"", ""cos"", ""exp"", ""log"", ""R""], ""succ_error_tol"": 1e-06}",0.5
imcts,Jin,3,Jin-3,expression,62,30740,200,100,100,2,"[""x0"", ""x1""]",0.2*x[0]**3 + 0.5*x[1]**3 - 1.2*x[1] - 0.5*x[0],0.9999998807907104,True,0.999999999999999,0.9999999999999991,17.0,182039,19.734449759009294,0.0,0,x1 * x1 * x1 * 0.49999998839 + x0 + x1 * -1.19999993594 + 3.87858249521e-08 + x0 * -1.15999995931 + (x1 * 2.20885365441e-08 + -6.01095413904e-09) * sin(x1 / 0.354449950169) + (x0 * 0.199999980322 - 6.12073882501e-09) * (-1.69999987203 + x0 * x0),x1 * x1 * x1 * 0.49999998839 + x0 + x1 * -1.19999993594 + 3.87858249521e-08 + x0 * -1.15999995931 + (x1 * 2.20885365441e-08 + -6.01095413904e-09) * sin(x1 / 0.354449950169) + (x0 * 0.199999980322 - 6.12073882501e-09) * (-1.69999987203 + x0 * x0),0.2*x0**3 - 0.5*x0 + 0.5*x1**3 - 1.2*x1,"[0.49999998838988907, -1.1999999359431597, 3.8785824952135844e-08, -1.1599999593108457, 2.2088536544085107e-08, -6.01095413903929e-09, 0.3544499501691302, 0.1999999803224731, 6.1207388250143745e-09, -1.6999998720344816]","{""K"": 500, ""c"": 6.0, ""exploration_rate"": 0.1, ""gamma"": 0.5, ""gp_rate"": 0.5, ""lm_iterations"": 10, ""max_constants"": 999, ""max_depth"": 6, ""max_evals"": 2000000, ""max_unary"": 999, ""mutation_rate"": 0.1, ""ops"": [""+"", ""-"", ""*"", ""/"", ""sin"", ""cos"", ""exp"", ""log"", ""R""], ""succ_error_tol"": 1e-06}","{""K"": 500, ""c"": 6.0, ""exploration_rate"": 0.1, ""gamma"": 0.5, ""gp_rate"": 0.5, ""lm_iterations"": 10, ""max_constants"": 999, ""max_depth"": 6, ""max_evals"": 2000000, ""max_unary"": 999, ""mutation_rate"": 0.1, ""ops"": [""+"", ""-"", ""*"", ""/"", ""sin"", ""cos"", ""exp"", ""log"", ""R""], ""succ_error_tol"": 1e-06}",0.5
imcts,Jin,3,Jin-3,expression,63,27464,200,100,100,2,"[""x0"", ""x1""]",0.2*x[0]**3 + 0.5*x[1]**3 - 1.2*x[1] - 0.5*x[0],0.9999998807907104,True,0.9999999999999986,0.9999999999999984,23.0,63714,5.229430736973882,0.0,0,(1.35722788389e-08 + (x1 - 1.54919331967) * 0.499999983364 * x1) * (x1 + 1.5491933375) + (-0.927749197653 + (0.28040572535 - x0) / 2.00651698301) * (1.1458466253e-07 * x1 * cos(x1) + (x0 - 1.5811388455) * -0.401303398086 * x0),(1.35722788389e-08 + (x1 - 1.54919331967) * 0.499999983364 * x1) * (x1 + 1.5491933375) + (-0.927749197653 + (0.28040572535 - x0) / 2.00651698301) * (1.1458466253e-07 * x1 * cos(x1) + (x0 - 1.5811388455) * -0.401303398086 * x0),x0*(0.401*x0 - 0.635)*(0.498*x0 + 0.788) + x1*(0.5*x1 - 0.775)*(x1 + 1.55),"[1.3572278838937074e-08, 1.5491933196723382, 0.49999998336354234, 1.5491933374993792, -0.9277491976528254, 0.28040572535040686, 2.006516983012489, 1.1458466252973331e-07, 1.5811388455009672, -0.40130339808589904]","{""K"": 500, ""c"": 6.0, ""exploration_rate"": 0.1, ""gamma"": 0.5, ""gp_rate"": 0.5, ""lm_iterations"": 10, ""max_constants"": 999, ""max_depth"": 6, ""max_evals"": 2000000, ""max_unary"": 999, ""mutation_rate"": 0.1, ""ops"": [""+"", ""-"", ""*"", ""/"", ""sin"", ""cos"", ""exp"", ""log"", ""R""], ""succ_error_tol"": 1e-06}","{""K"": 500, ""c"": 6.0, ""exploration_rate"": 0.1, ""gamma"": 0.5, ""gp_rate"": 0.5, ""lm_iterations"": 10, ""max_constants"": 999, ""max_depth"": 6, ""max_evals"": 2000000, ""max_unary"": 999, ""mutation_rate"": 0.1, ""ops"": [""+"", ""-"", ""*"", ""/"", ""sin"", ""cos"", ""exp"", ""log"", ""R""], ""succ_error_tol"": 1e-06}",0.5
imcts,Jin,3,Jin-3,expression,64,14502,200,100,100,2,"[""x0"", ""x1""]",0.2*x[0]**3 + 0.5*x[1]**3 - 1.2*x[1] - 0.5*x[0],0.9999998807907104,True,0.9999999999999993,0.9999999999999994,21.0,97831,9.173719449026976,0.0,0,(x0 + 1.65101392445) * (x0 + x0 - x0) * 0.200015389718 * (-1.65101394292 + x0) - (1.1999999487 * x1 + sin(-0.0452113548622 * x0) - x1 * (-1.16731302498e-08 - x1) * -0.499999985258 * x1),(x0 + 1.65101392445) * (x0 + x0 - x0) * 0.200015389718 * (-1.65101394292 + x0) - (1.1999999487 * x1 + sin(-0.0452113548622 * x0) - x1 * (-1.16731302498e-08 - x1) * -0.499999985258 * x1),0.2*x0**3 - 0.545*x0 + 0.5*x1**3 - 1.2*x1 + sin(0.045*x0),"[1.6510139244475324, 0.20001538971811278, -1.6510139429176691, 1.199999948696264, -0.04521135486224655, -1.1673130249807407e-08, -0.4999999852576703]","{""K"": 500, ""c"": 6.0, ""exploration_rate"": 0.1, ""gamma"": 0.5, ""gp_rate"": 0.5, ""lm_iterations"": 10, ""max_constants"": 999, ""max_depth"": 6, ""max_evals"": 2000000, ""max_unary"": 999, ""mutation_rate"": 0.1, ""ops"": [""+"", ""-"", ""*"", ""/"", ""sin"", ""cos"", ""exp"", ""log"", ""R""], ""succ_error_tol"": 1e-06}","{""K"": 500, ""c"": 6.0, ""exploration_rate"": 0.1, ""gamma"": 0.5, ""gp_rate"": 0.5, ""lm_iterations"": 10, ""max_constants"": 999, ""max_depth"": 6, ""max_evals"": 2000000, ""max_unary"": 999, ""mutation_rate"": 0.1, ""ops"": [""+"", ""-"", ""*"", ""/"", ""sin"", ""cos"", ""exp"", ""log"", ""R""], ""succ_error_tol"": 1e-06}",0.5
imcts,Jin,3,Jin-3,expression,65,21777,200,100,100,2,"[""x0"", ""x1""]",0.2*x[0]**3 + 0.5*x[1]**3 - 1.2*x[1] - 0.5*x[0],0.9999998807907104,True,0.9999999999999996,0.9999999999999994,22.0,108821,9.902583563001826,0.0,0,0.500000003697 * (2.6578554744e-08 + x1) * (x1 * x1 + -4.40000002595) + x1 - (x0 * 1.08638940208 - 0.925358557594 - 0.792373854333) * (x0 * -0.291081412743 - x0 * 0.184096054005 * x0),0.500000003697 * (2.6578554744e-08 + x1) * (x1 * x1 + -4.40000002595) + x1 - (x0 * 1.08638940208 - 0.925358557594 - 0.792373854333) * (x0 * -0.291081412743 - x0 * 0.184096054005 * x0),x0*(0.184*x0 + 0.291)*(1.09*x0 - 1.72) + 0.5*x1*(x1**2 - 4.4) + x1,"[1.1667831819799224, 0.6667831782827955, 2.6578554744039388e-08, -4.400000025951475, 1.0863894020823452, 0.9253585575937201, 0.9253585575937201, 0.9253585575937201, 0.9253585575937201, -0.2910814127428886, 0.1840960540045438]","{""K"": 500, ""c"": 6.0, ""exploration_rate"": 0.1, ""gamma"": 0.5, ""gp_rate"": 0.5, ""lm_iterations"": 10, ""max_constants"": 999, ""max_depth"": 6, ""max_evals"": 2000000, ""max_unary"": 999, ""mutation_rate"": 0.1, ""ops"": [""+"", ""-"", ""*"", ""/"", ""sin"", ""cos"", ""exp"", ""log"", ""R""], ""succ_error_tol"": 1e-06}","{""K"": 500, ""c"": 6.0, ""exploration_rate"": 0.1, ""gamma"": 0.5, ""gp_rate"": 0.5, ""lm_iterations"": 10, ""max_constants"": 999, ""max_depth"": 6, ""max_evals"": 2000000, ""max_unary"": 999, ""mutation_rate"": 0.1, ""ops"": [""+"", ""-"", ""*"", ""/"", ""sin"", ""cos"", ""exp"", ""log"", ""R""], ""succ_error_tol"": 1e-06}",0.5
imcts,Jin,3,Jin-3,expression,66,10627,200,100,100,2,"[""x0"", ""x1""]",0.2*x[0]**3 + 0.5*x[1]**3 - 1.2*x[1] - 0.5*x[0],0.9999998807907104,True,0.9999999999999987,0.9999999999999992,25.0,593364,92.90519085904816,0.0,0,(x0 - x1) * -0.500010731028 + sin(x0) - sin(1.0000032537 * x0) * 0.999986176085 + x0 * x0 * x0 / 4.9999807358 + x1 * -1.70001079886 - x1 * (3.92780464782e-08 - x1) * x1 * 0.500000005457,(x0 - x1) * -0.500010731028 + sin(x0) - sin(1.0000032537 * x0) * 0.999986176085 + x0 * x0 * x0 / 4.9999807358 + x1 * -1.70001079886 - x1 * (3.92780464782e-08 - x1) * x1 * 0.500000005457,0.2*x0**3 - 0.5*x0 + 0.5*x1**3 - 1.2*x1 - 1.0*sin(1.0*x0) + sin(x0),"[-0.5000107310283991, 1.0000032537006613, 0.9999861760845955, 4.999980735797487, -1.7000107989721815, 0.9999999999344009, 3.927804647818993e-08, 0.5000000054567356]","{""K"": 500, ""c"": 6.0, ""exploration_rate"": 0.1, ""gamma"": 0.5, ""gp_rate"": 0.5, ""lm_iterations"": 10, ""max_constants"": 999, ""max_depth"": 6, ""max_evals"": 2000000, ""max_unary"": 999, ""mutation_rate"": 0.1, ""ops"": [""+"", ""-"", ""*"", ""/"", ""sin"", ""cos"", ""exp"", ""log"", ""R""], ""succ_error_tol"": 1e-06}","{""K"": 500, ""c"": 6.0, ""exploration_rate"": 0.1, ""gamma"": 0.5, ""gp_rate"": 0.5, ""lm_iterations"": 10, ""max_constants"": 999, ""max_depth"": 6, ""max_evals"": 2000000, ""max_unary"": 999, ""mutation_rate"": 0.1, ""ops"": [""+"", ""-"", ""*"", ""/"", ""sin"", ""cos"", ""exp"", ""log"", ""R""], ""succ_error_tol"": 1e-06}",0.5
imcts,Jin,3,Jin-3,expression,67,8792,200,100,100,2,"[""x0"", ""x1""]",0.2*x[0]**3 + 0.5*x[1]**3 - 1.2*x[1] - 0.5*x[0],0.9999998807907104,True,0.9999999999999993,0.999999999999999,18.0,107356,9.697537522006314,0.0,0,-0.500000005968 * (x1 - 1.23551886727) * (x1 - -0.873493206496 - x1 - (x1 - -1.23551883567) * x1) + x0 * 0.19999998971 * x0 * (x0 - 3.32047204943e-08) - (0.539608674188 - x0 * -0.499999948713),-0.500000005968 * (x1 - 1.23551886727) * (x1 - -0.873493206496 - x1 - (x1 - -1.23551883567) * x1) + x0 * 0.19999998971 * x0 * (x0 - 3.32047204943e-08) - (0.539608674188 - x0 * -0.499999948713),0.2*x0**3 - 0.5*x0 + 0.5*x1**3 - 1.2*x1 - 0.000488,"[-0.5000000059676059, 1.2355188672718846, -0.8734932064961622, -1.2355188356728803, 0.1999999897099791, 1.0, 3.320472049433634e-08, 0.5699722362377977, -0.4999999487127768]","{""K"": 500, ""c"": 6.0, ""exploration_rate"": 0.1, ""gamma"": 0.5, ""gp_rate"": 0.5, ""lm_iterations"": 10, ""max_constants"": 999, ""max_depth"": 6, ""max_evals"": 2000000, ""max_unary"": 999, ""mutation_rate"": 0.1, ""ops"": [""+"", ""-"", ""*"", ""/"", ""sin"", ""cos"", ""exp"", ""log"", ""R""], ""succ_error_tol"": 1e-06}","{""K"": 500, ""c"": 6.0, ""exploration_rate"": 0.1, ""gamma"": 0.5, ""gp_rate"": 0.5, ""lm_iterations"": 10, ""max_constants"": 999, ""max_depth"": 6, ""max_evals"": 2000000, ""max_unary"": 999, ""mutation_rate"": 0.1, ""ops"": [""+"", ""-"", ""*"", ""/"", ""sin"", ""cos"", ""exp"", ""log"", ""R""], ""succ_error_tol"": 1e-06}",0.5
imcts,Jin,3,Jin-3,expression,68,10555,200,100,100,2,"[""x0"", ""x1""]",0.2*x[0]**3 + 0.5*x[1]**3 - 1.2*x[1] - 0.5*x[0],0.9999998807907104,True,0.9999999999999987,0.9999999999999988,22.0,84751,7.592046050995123,0.0,0,x1 * 0.765607658618 * (1.54919336254 + x1) * (-1.01174099085 - -0.240253237437 * x1 * 2.71828182846) - (1.58113879197 - x0) * 0.200000005474 * (x0 + 1.58113875994) * x0,x1 * 0.765607658618 * (1.54919336254 + x1) * (-1.01174099085 - -0.240253237437 * x1 * 2.71828182846) - (1.58113879197 - x0) * 0.200000005474 * (x0 + 1.58113875994) * x0,x0*(0.2*x0 - 0.316)*(x0 + 1.58) + 0.766*x1*(0.653*x1 - 1.01)*(x1 + 1.55),"[0.7656076586183683, 1.5491933625377132, -1.0117409908450217, -0.24025323743688196, 1.0, 1.5811387919744573, 0.20000000547365557, 1.0940777433799325, 1.4451795308922297]","{""K"": 500, ""c"": 6.0, ""exploration_rate"": 0.1, ""gamma"": 0.5, ""gp_rate"": 0.5, ""lm_iterations"": 10, ""max_constants"": 999, ""max_depth"": 6, ""max_evals"": 2000000, ""max_unary"": 999, ""mutation_rate"": 0.1, ""ops"": [""+"", ""-"", ""*"", ""/"", ""sin"", ""cos"", ""exp"", ""log"", ""R""], ""succ_error_tol"": 1e-06}","{""K"": 500, ""c"": 6.0, ""exploration_rate"": 0.1, ""gamma"": 0.5, ""gp_rate"": 0.5, ""lm_iterations"": 10, ""max_constants"": 999, ""max_depth"": 6, ""max_evals"": 2000000, ""max_unary"": 999, ""mutation_rate"": 0.1, ""ops"": [""+"", ""-"", ""*"", ""/"", ""sin"", ""cos"", ""exp"", ""log"", ""R""], ""succ_error_tol"": 1e-06}",0.5
imcts,Jin,3,Jin-3,expression,69,10253,200,100,100,2,"[""x0"", ""x1""]",0.2*x[0]**3 + 0.5*x[1]**3 - 1.2*x[1] - 0.5*x[0],0.9999998807907104,True,0.9999999999999984,0.9999999999999982,17.0,117547,13.009997198008932,0.0,0,x1 * 0.249999987959 * x1 * (x1 + x1) - (0.499999971284 * x0 - -1.19999991297 * x1 - -5.20395183352e-08) + 0.359999985999 * x0 / (1.80000000875 / x0 / x0),x1 * 0.249999987959 * x1 * (x1 + x1) - (0.499999971284 * x0 - -1.19999991297 * x1 - -5.20395183352e-08) + 0.359999985999 * x0 / (1.80000000875 / x0 / x0),0.2*x0**3 - 0.5*x0 + 0.5*x1**3 - 1.2*x1,"[0.24999998795924588, 1.0, 0.4999999712842856, -1.1999999129691514, -5.203951833524704e-08, 0.3599999859991946, 1.0, 1.8000000087505033, 1.0]","{""K"": 500, ""c"": 6.0, ""exploration_rate"": 0.1, ""gamma"": 0.5, ""gp_rate"": 0.5, ""lm_iterations"": 10, ""max_constants"": 999, ""max_depth"": 6, ""max_evals"": 2000000, ""max_unary"": 999, ""mutation_rate"": 0.1, ""ops"": [""+"", ""-"", ""*"", ""/"", ""sin"", ""cos"", ""exp"", ""log"", ""R""], ""succ_error_tol"": 1e-06}","{""K"": 500, ""c"": 6.0, ""exploration_rate"": 0.1, ""gamma"": 0.5, ""gp_rate"": 0.5, ""lm_iterations"": 10, ""max_constants"": 999, ""max_depth"": 6, ""max_evals"": 2000000, ""max_unary"": 999, ""mutation_rate"": 0.1, ""ops"": [""+"", ""-"", ""*"", ""/"", ""sin"", ""cos"", ""exp"", ""log"", ""R""], ""succ_error_tol"": 1e-06}",0.5
imcts,Jin,3,Jin-3,expression,70,8433,200,100,100,2,"[""x0"", ""x1""]",0.2*x[0]**3 + 0.5*x[1]**3 - 1.2*x[1] - 0.5*x[0],0.9999998807907104,True,0.9999999999999994,0.9999999999999994,17.0,129001,11.561975338030607,0.0,0,0.499999991606 * x1 * x1 * x1 + x1 - 2.19999999153 * x1 + -0.200000007317 * (2.85428596043e-08 + x0) * (2.50000003178 - x0 * x0),0.499999991606 * x1 * x1 * x1 + x1 - 2.19999999153 * x1 + -0.200000007317 * (2.85428596043e-08 + x0) * (2.50000003178 - x0 * x0),0.2*x0*(x0**2 - 2.5) + 0.5*x1**3 - 1.2*x1,"[0.49999999160600234, 1.0, 2.199999991528949, -0.2000000073170404, 2.854285960432604e-08, 1.0, 1.5000000317831341, 1.0]","{""K"": 500, ""c"": 6.0, ""exploration_rate"": 0.1, ""gamma"": 0.5, ""gp_rate"": 0.5, ""lm_iterations"": 10, ""max_constants"": 999, ""max_depth"": 6, ""max_evals"": 2000000, ""max_unary"": 999, ""mutation_rate"": 0.1, ""ops"": [""+"", ""-"", ""*"", ""/"", ""sin"", ""cos"", ""exp"", ""log"", ""R""], ""succ_error_tol"": 1e-06}","{""K"": 500, ""c"": 6.0, ""exploration_rate"": 0.1, ""gamma"": 0.5, ""gp_rate"": 0.5, ""lm_iterations"": 10, ""max_constants"": 999, ""max_depth"": 6, ""max_evals"": 2000000, ""max_unary"": 999, ""mutation_rate"": 0.1, ""ops"": [""+"", ""-"", ""*"", ""/"", ""sin"", ""cos"", ""exp"", ""log"", ""R""], ""succ_error_tol"": 1e-06}",0.5
imcts,Jin,3,Jin-3,expression,71,10233,200,100,100,2,"[""x0"", ""x1""]",0.2*x[0]**3 + 0.5*x[1]**3 - 1.2*x[1] - 0.5*x[0],0.9999998807907104,True,0.9999999999999982,0.9999999999999979,22.0,122087,13.114282523980364,0.0,0,(0.774596629115 + x1 / 2.00000002451) * (x1 + -1.54919334111) * x1 + x0 - (4.40792760454e-08 - x0) * (x0 + 2.73861275077) * 0.168035618255 / (0.840178048358 / (-2.73861279516 + x0)),(0.774596629115 + x1 / 2.00000002451) * (x1 + -1.54919334111) * x1 + x0 - (4.40792760454e-08 - x0) * (x0 + 2.73861275077) * 0.168035618255 / (0.840178048358 / (-2.73861279516 + x0)),0.2*x0**3 - 0.5*x0 + 0.5*x1**3 + 0.000488*x1**2 - 1.2*x1,"[0.7745966291149957, 2.000000024506905, -1.549193341113902, -4.712389024463966, 2.738612750771737, 0.16803561825522967, 0.9976114532505778, -2.7386127951645816]","{""K"": 500, ""c"": 6.0, ""exploration_rate"": 0.1, ""gamma"": 0.5, ""gp_rate"": 0.5, ""lm_iterations"": 10, ""max_constants"": 999, ""max_depth"": 6, ""max_evals"": 2000000, ""max_unary"": 999, ""mutation_rate"": 0.1, ""ops"": [""+"", ""-"", ""*"", ""/"", ""sin"", ""cos"", ""exp"", ""log"", ""R""], ""succ_error_tol"": 1e-06}","{""K"": 500, ""c"": 6.0, ""exploration_rate"": 0.1, ""gamma"": 0.5, ""gp_rate"": 0.5, ""lm_iterations"": 10, ""max_constants"": 999, ""max_depth"": 6, ""max_evals"": 2000000, ""max_unary"": 999, ""mutation_rate"": 0.1, ""ops"": [""+"", ""-"", ""*"", ""/"", ""sin"", ""cos"", ""exp"", ""log"", ""R""], ""succ_error_tol"": 1e-06}",0.5
imcts,Jin,3,Jin-3,expression,72,11016,200,100,100,2,"[""x0"", ""x1""]",0.2*x[0]**3 + 0.5*x[1]**3 - 1.2*x[1] - 0.5*x[0],0.9999998807907104,True,0.999999999999999,0.9999999999999987,22.0,118740,11.933356265013572,0.0,0,(0.72809629749 - (-0.853042584842 - x0)) * x0 * -0.107900045109 * (2.93074744511 - x0 * 1.85356740317) + (x1 * -0.499999983887 + 0.774596651235) * (x1 * 0.0862561754424 - x1 * (x1 + 1.63544948469)),(0.72809629749 - (-0.853042584842 - x0)) * x0 * -0.107900045109 * (2.93074744511 - x0 * 1.85356740317) + (x1 * -0.499999983887 + 0.774596651235) * (x1 * 0.0862561754424 - x1 * (x1 + 1.63544948469)),0.108*x0*(x0 + 1.58)*(1.85*x0 - 2.93) + x1*(0.5*x1 - 0.775)*(x1 + 1.55),"[0.7280962974900027, -0.8530425848424761, -0.10790004510869322, 2.9307474451109425, 1.8535674031711873, -0.49999998388678124, 0.774596651234906, 0.08625617544244372, 1.6354494846905034]","{""K"": 500, ""c"": 6.0, ""exploration_rate"": 0.1, ""gamma"": 0.5, ""gp_rate"": 0.5, ""lm_iterations"": 10, ""max_constants"": 999, ""max_depth"": 6, ""max_evals"": 2000000, ""max_unary"": 999, ""mutation_rate"": 0.1, ""ops"": [""+"", ""-"", ""*"", ""/"", ""sin"", ""cos"", ""exp"", ""log"", ""R""], ""succ_error_tol"": 1e-06}","{""K"": 500, ""c"": 6.0, ""exploration_rate"": 0.1, ""gamma"": 0.5, ""gp_rate"": 0.5, ""lm_iterations"": 10, ""max_constants"": 999, ""max_depth"": 6, ""max_evals"": 2000000, ""max_unary"": 999, ""mutation_rate"": 0.1, ""ops"": [""+"", ""-"", ""*"", ""/"", ""sin"", ""cos"", ""exp"", ""log"", ""R""], ""succ_error_tol"": 1e-06}",0.5
imcts,Jin,3,Jin-3,expression,73,23897,200,100,100,2,"[""x0"", ""x1""]",0.2*x[0]**3 + 0.5*x[1]**3 - 1.2*x[1] - 0.5*x[0],0.9999998807907104,True,0.9999999999999982,0.9999999999999986,17.0,121423,11.756697152042761,0.0,0,(1.19999999465 - x0 * x0) * (-0.199999995187 * x0 - 4.73300608385e-08) - (-0.841470925645 - x1 * -1.20000001742 + 0.841470984808) - (0.520000019399 * x0 - x1 * x1 * x1) * 0.500000004884,(1.19999999465 - x0 * x0) * (-0.199999995187 * x0 - 4.73300608385e-08) - (-0.841470925645 - x1 * -1.20000001742 + 0.841470984808) - (0.520000019399 * x0 - x1 * x1 * x1) * 0.500000004884,0.2*x0**3 - 0.5*x0 + 0.5*x1**3 - 1.2*x1,"[1.1999999946483824, -0.19999999518718048, 4.733006083850636e-08, -0.8414709256453953, -1.2000000174235415, 1.0, 1.0, 0.5200000193993809, 1.6487212786524108]","{""K"": 500, ""c"": 6.0, ""exploration_rate"": 0.1, ""gamma"": 0.5, ""gp_rate"": 0.5, ""lm_iterations"": 10, ""max_constants"": 999, ""max_depth"": 6, ""max_evals"": 2000000, ""max_unary"": 999, ""mutation_rate"": 0.1, ""ops"": [""+"", ""-"", ""*"", ""/"", ""sin"", ""cos"", ""exp"", ""log"", ""R""], ""succ_error_tol"": 1e-06}","{""K"": 500, ""c"": 6.0, ""exploration_rate"": 0.1, ""gamma"": 0.5, ""gp_rate"": 0.5, ""lm_iterations"": 10, ""max_constants"": 999, ""max_depth"": 6, ""max_evals"": 2000000, ""max_unary"": 999, ""mutation_rate"": 0.1, ""ops"": [""+"", ""-"", ""*"", ""/"", ""sin"", ""cos"", ""exp"", ""log"", ""R""], ""succ_error_tol"": 1e-06}",0.5
imcts,Jin,3,Jin-3,expression,74,2612,200,100,100,2,"[""x0"", ""x1""]",0.2*x[0]**3 + 0.5*x[1]**3 - 1.2*x[1] - 0.5*x[0],0.9999999403953552,True,0.9999999999999991,0.9999999999999992,17.0,86704,7.465564295009244,0.0,0,-1.2000000756 * x1 - x0 + (x1 * x1 - 1.20048775689e-08 * x1) * 0.500000019081 * x1 + x0 * (-1.58113880359 + x0) * 0.199999995871 * (1.58113884485 + x0) + x1 * (-1.26434689693e-08 + x0) / x1,-1.2000000756 * x1 - x0 + (x1 * x1 - 1.20048775689e-08 * x1) * 0.500000019081 * x1 + x0 * (-1.58113880359 + x0) * 0.199999995871 * (1.58113884485 + x0) + x1 * (-1.26434689693e-08 + x0) / x1,0.2*x0**3 - 0.5*x0 + 0.5*x1**3 - 1.2*x1,"[-1.2000000756043403, 1.2004877568879516e-08, 0.5000000190812379, -1.5811388035912366, 0.19999999587064482, 1.581138844845924, -1.2643468969253655e-08]","{""K"": 500, ""c"": 6.0, ""exploration_rate"": 0.1, ""gamma"": 0.5, ""gp_rate"": 0.5, ""lm_iterations"": 10, ""max_constants"": 999, ""max_depth"": 6, ""max_evals"": 2000000, ""max_unary"": 999, ""mutation_rate"": 0.1, ""ops"": [""+"", ""-"", ""*"", ""/"", ""sin"", ""cos"", ""exp"", ""log"", ""R""], ""succ_error_tol"": 1e-06}","{""K"": 500, ""c"": 6.0, ""exploration_rate"": 0.1, ""gamma"": 0.5, ""gp_rate"": 0.5, ""lm_iterations"": 10, ""max_constants"": 999, ""max_depth"": 6, ""max_evals"": 2000000, ""max_unary"": 999, ""mutation_rate"": 0.1, ""ops"": [""+"", ""-"", ""*"", ""/"", ""sin"", ""cos"", ""exp"", ""log"", ""R""], ""succ_error_tol"": 1e-06}",0.5
imcts,Jin,3,Jin-3,expression,75,23425,200,100,100,2,"[""x0"", ""x1""]",0.2*x[0]**3 + 0.5*x[1]**3 - 1.2*x[1] - 0.5*x[0],0.9999998807907104,True,0.9999999999999994,0.9999999999999994,22.0,189399,19.49742058600532,0.0,0,(-9.75728812339e-09 + 0.199999992026 * x0) * (x0 * x0 - 2.41249998535) + -0.0175000004396 * x0 - 0.344601215494 - (-0.344601214457 - x1 * -0.249999997762) * (1 + -9.84526065789e-09 * x0 - (x1 + x1) * (1.37840488947 + x1)),(-9.75728812339e-09 + 0.199999992026 * x0) * (x0 * x0 - 2.41249998535) + -0.0175000004396 * x0 - 0.344601215494 - (-0.344601214457 - x1 * -0.249999997762) * (1 + -9.84526065789e-09 * x0 - (x1 + x1) * (1.37840488947 + x1)),0.2*x0**3 - 0.5*x0 + 0.5*x1**3 - 0.000977*x1**2 - 1.2*x1,"[-9.757288123389106e-09, 0.19999999202578933, 2.412499985345592, -0.01750000043962258, 0.3446012154942127, -0.3446012144568966, -0.24999999776170986, 1.0, -9.845260657888007e-09, 1.3784048894748515]","{""K"": 500, ""c"": 6.0, ""exploration_rate"": 0.1, ""gamma"": 0.5, ""gp_rate"": 0.5, ""lm_iterations"": 10, ""max_constants"": 999, ""max_depth"": 6, ""max_evals"": 2000000, ""max_unary"": 999, ""mutation_rate"": 0.1, ""ops"": [""+"", ""-"", ""*"", ""/"", ""sin"", ""cos"", ""exp"", ""log"", ""R""], ""succ_error_tol"": 1e-06}","{""K"": 500, ""c"": 6.0, ""exploration_rate"": 0.1, ""gamma"": 0.5, ""gp_rate"": 0.5, ""lm_iterations"": 10, ""max_constants"": 999, ""max_depth"": 6, ""max_evals"": 2000000, ""max_unary"": 999, ""mutation_rate"": 0.1, ""ops"": [""+"", ""-"", ""*"", ""/"", ""sin"", ""cos"", ""exp"", ""log"", ""R""], ""succ_error_tol"": 1e-06}",0.5
imcts,Jin,3,Jin-3,expression,76,25939,200,100,100,2,"[""x0"", ""x1""]",0.2*x[0]**3 + 0.5*x[1]**3 - 1.2*x[1] - 0.5*x[0],0.9999998807907104,True,0.9999999999985063,0.999999999998377,21.0,105630,9.258776061993558,0.0,0,-0.00010413619607 * (x1 - sin(x1 * 0.20423251106)) - ((-0.316227787195 + x0 * -0.200000010038) * (x0 + -1.58113889633) * x0 + (x1 - -1.54914128587) * x1 * (0.774571005461 - 0.500000221209 * x1)),-0.00010413619607 * (x1 - sin(x1 * 0.20423251106)) - ((-0.316227787195 + x0 * -0.200000010038) * (x0 + -1.58113889633) * x0 + (x1 - -1.54914128587) * x1 * (0.774571005461 - 0.500000221209 * x1)),x0*(0.2*x0 + 0.316)*(x0 - 1.58) + x1*(0.5*x1 - 0.775)*(x1 + 1.55),"[-0.00010413619606986944, 0.20423251105993767, -0.3162277871950563, -0.20000001003841267, -1.5811388963275355, -1.5491412858725644, -0.2554459442294405, 0.500000221208867]","{""K"": 500, ""c"": 6.0, ""exploration_rate"": 0.1, ""gamma"": 0.5, ""gp_rate"": 0.5, ""lm_iterations"": 10, ""max_constants"": 999, ""max_depth"": 6, ""max_evals"": 2000000, ""max_unary"": 999, ""mutation_rate"": 0.1, ""ops"": [""+"", ""-"", ""*"", ""/"", ""sin"", ""cos"", ""exp"", ""log"", ""R""], ""succ_error_tol"": 1e-06}","{""K"": 500, ""c"": 6.0, ""exploration_rate"": 0.1, ""gamma"": 0.5, ""gp_rate"": 0.5, ""lm_iterations"": 10, ""max_constants"": 999, ""max_depth"": 6, ""max_evals"": 2000000, ""max_unary"": 999, ""mutation_rate"": 0.1, ""ops"": [""+"", ""-"", ""*"", ""/"", ""sin"", ""cos"", ""exp"", ""log"", ""R""], ""succ_error_tol"": 1e-06}",0.5
imcts,Jin,3,Jin-3,expression,77,22619,200,100,100,2,"[""x0"", ""x1""]",0.2*x[0]**3 + 0.5*x[1]**3 - 1.2*x[1] - 0.5*x[0],0.9999998807907104,True,0.9999999999999994,0.9999999999999992,21.0,81374,6.729352144000586,0.0,0,x1 * 0.499999999846 * (x1 * x1 + -2.39999995586) - (x0 + x0 - 3.16227749883) * (-0.0999999916813 * x0 - 0.158113866465) * (x0 + x1 * 6.87652335134e-08),x1 * 0.499999999846 * (x1 * x1 + -2.39999995586) - (x0 + x0 - 3.16227749883) * (-0.0999999916813 * x0 - 0.158113866465) * (x0 + x1 * 6.87652335134e-08),x0*(0.1*x0 + 0.158)*(2*x0 - 3.16) + 0.5*x1*(x1**2 - 2.4),"[0.4999999998456264, -2.3999999558622487, 3.1622774988327986, -0.09999999168131257, 0.15811386646476985, 6.87652335134313e-08]","{""K"": 500, ""c"": 6.0, ""exploration_rate"": 0.1, ""gamma"": 0.5, ""gp_rate"": 0.5, ""lm_iterations"": 10, ""max_constants"": 999, ""max_depth"": 6, ""max_evals"": 2000000, ""max_unary"": 999, ""mutation_rate"": 0.1, ""ops"": [""+"", ""-"", ""*"", ""/"", ""sin"", ""cos"", ""exp"", ""log"", ""R""], ""succ_error_tol"": 1e-06}","{""K"": 500, ""c"": 6.0, ""exploration_rate"": 0.1, ""gamma"": 0.5, ""gp_rate"": 0.5, ""lm_iterations"": 10, ""max_constants"": 999, ""max_depth"": 6, ""max_evals"": 2000000, ""max_unary"": 999, ""mutation_rate"": 0.1, ""ops"": [""+"", ""-"", ""*"", ""/"", ""sin"", ""cos"", ""exp"", ""log"", ""R""], ""succ_error_tol"": 1e-06}",0.5
imcts,Jin,3,Jin-3,expression,78,21870,200,100,100,2,"[""x0"", ""x1""]",0.2*x[0]**3 + 0.5*x[1]**3 - 1.2*x[1] - 0.5*x[0],0.9999998807907104,True,0.9999999999999996,0.9999999999999994,22.0,172657,18.899549674999435,0.0,0,x0 * (1.5811389147 - x0) * (x0 * -0.200000009129 + -0.316227791724) - (-5.38567736381e-09 * x1 + -3.09095233078e-08) * cos(-3.50874882073 * x1) + x1 * (x1 - 1.54919334858) * 0.84066175926 * (1.52754097248 + (x1 - 1.01909724082) * 0.594769528196),x0 * (1.5811389147 - x0) * (x0 * -0.200000009129 + -0.316227791724) - (-5.38567736381e-09 * x1 + -3.09095233078e-08) * cos(-3.50874882073 * x1) + x1 * (x1 - 1.54919334858) * 0.84066175926 * (1.52754097248 + (x1 - 1.01909724082) * 0.594769528196),x0*(0.2*x0 + 0.316)*(x0 - 1.58) + 0.841*x1*(0.595*x1 + 0.921)*(x1 - 1.55),"[1.5811389146974435, -0.20000000912949412, -0.3162277917236254, -5.385677363806688e-09, 0.9999999689904772, -3.5087488207313102, 1.5491933485796057, 0.9985040147966048, 1.874564712307862, 0.8148776953145049, 1.0190972408160777, 0.6369789248219679]","{""K"": 500, ""c"": 6.0, ""exploration_rate"": 0.1, ""gamma"": 0.5, ""gp_rate"": 0.5, ""lm_iterations"": 10, ""max_constants"": 999, ""max_depth"": 6, ""max_evals"": 2000000, ""max_unary"": 999, ""mutation_rate"": 0.1, ""ops"": [""+"", ""-"", ""*"", ""/"", ""sin"", ""cos"", ""exp"", ""log"", ""R""], ""succ_error_tol"": 1e-06}","{""K"": 500, ""c"": 6.0, ""exploration_rate"": 0.1, ""gamma"": 0.5, ""gp_rate"": 0.5, ""lm_iterations"": 10, ""max_constants"": 999, ""max_depth"": 6, ""max_evals"": 2000000, ""max_unary"": 999, ""mutation_rate"": 0.1, ""ops"": [""+"", ""-"", ""*"", ""/"", ""sin"", ""cos"", ""exp"", ""log"", ""R""], ""succ_error_tol"": 1e-06}",0.5
imcts,Jin,3,Jin-3,expression,79,23483,200,100,100,2,"[""x0"", ""x1""]",0.2*x[0]**3 + 0.5*x[1]**3 - 1.2*x[1] - 0.5*x[0],0.9999998807907104,True,0.9999999999999961,0.9999999999999956,17.0,139928,14.828836239990778,0.0,0,-1.25729471694 * (0.793951910855 + x1 * 0.954430029513) + x1 * x1 / 2.73437509038 * (x1 + 0.367187427153 * x1) + 0.998231554009 + (1.48166220178e-08 + 0.199999986395 * x0) * (-2.49999962036 + x0 * x0),-1.25729471694 * (0.793951910855 + x1 * 0.954430029513) + x1 * x1 / 2.73437509038 * (x1 + 0.367187427153 * x1) + 0.998231554009 + (1.48166220178e-08 + 0.199999986395 * x0) * (-2.49999962036 + x0 * x0),0.2*x0*(x0**2 - 2.5) + 0.5*x1**3 - 1.2*x1,"[-1.2572947169377473, 0.6535145788775463, 0.9544300295128123, 2.734375090384077, 0.36718742715313024, -0.9405194574577873, 1.0, 1.0, 1.0, 1.4816622017757693e-08, 0.19999998639491415, -2.4999996203639605, 0.9999999999999994]","{""K"": 500, ""c"": 6.0, ""exploration_rate"": 0.1, ""gamma"": 0.5, ""gp_rate"": 0.5, ""lm_iterations"": 10, ""max_constants"": 999, ""max_depth"": 6, ""max_evals"": 2000000, ""max_unary"": 999, ""mutation_rate"": 0.1, ""ops"": [""+"", ""-"", ""*"", ""/"", ""sin"", ""cos"", ""exp"", ""log"", ""R""], ""succ_error_tol"": 1e-06}","{""K"": 500, ""c"": 6.0, ""exploration_rate"": 0.1, ""gamma"": 0.5, ""gp_rate"": 0.5, ""lm_iterations"": 10, ""max_constants"": 999, ""max_depth"": 6, ""max_evals"": 2000000, ""max_unary"": 999, ""mutation_rate"": 0.1, ""ops"": [""+"", ""-"", ""*"", ""/"", ""sin"", ""cos"", ""exp"", ""log"", ""R""], ""succ_error_tol"": 1e-06}",0.5
imcts,Jin,3,Jin-3,expression,80,26054,200,100,100,2,"[""x0"", ""x1""]",0.2*x[0]**3 + 0.5*x[1]**3 - 1.2*x[1] - 0.5*x[0],0.9999998807907104,True,0.9999999999999961,0.9999999999999951,22.0,115731,11.01886128098704,0.0,0,(3.36673285868 + x0 * 2.12930873395) * x0 * -0.0939272014828 * (1.5811389411 - x0) + (x1 * -0.468596656981 + -0.725946828904) * 1.06701578321 * (-5.18088946263e-09 - x1) * (x0 * 4.95449749622e-08 - (1.54919334405 - x1)),(3.36673285868 + x0 * 2.12930873395) * x0 * -0.0939272014828 * (1.5811389411 - x0) + (x1 * -0.468596656981 + -0.725946828904) * 1.06701578321 * (-5.18088946263e-09 - x1) * (x0 * 4.95449749622e-08 - (1.54919334405 - x1)),0.094*x0*(x0 - 1.58)*(2.13*x0 + 3.37) + x1*(0.5*x1 + 0.775)*(x1 - 1.55),"[1.683366429340216, 1.6833664293402164, 2.1293087339529353, -0.09392720148279116, 1.5811389410964507, -0.4685966569814221, -0.725946828903567, 1.067015783214535, -5.1808894626344515e-09, 4.954497496224574e-08, 1.5491933440536174]","{""K"": 500, ""c"": 6.0, ""exploration_rate"": 0.1, ""gamma"": 0.5, ""gp_rate"": 0.5, ""lm_iterations"": 10, ""max_constants"": 999, ""max_depth"": 6, ""max_evals"": 2000000, ""max_unary"": 999, ""mutation_rate"": 0.1, ""ops"": [""+"", ""-"", ""*"", ""/"", ""sin"", ""cos"", ""exp"", ""log"", ""R""], ""succ_error_tol"": 1e-06}","{""K"": 500, ""c"": 6.0, ""exploration_rate"": 0.1, ""gamma"": 0.5, ""gp_rate"": 0.5, ""lm_iterations"": 10, ""max_constants"": 999, ""max_depth"": 6, ""max_evals"": 2000000, ""max_unary"": 999, ""mutation_rate"": 0.1, ""ops"": [""+"", ""-"", ""*"", ""/"", ""sin"", ""cos"", ""exp"", ""log"", ""R""], ""succ_error_tol"": 1e-06}",0.5
imcts,Jin,3,Jin-3,expression,81,15787,200,100,100,2,"[""x0"", ""x1""]",0.2*x[0]**3 + 0.5*x[1]**3 - 1.2*x[1] - 0.5*x[0],0.9999998807907104,True,0.999999999999999,0.999999999999999,17.0,135780,12.901474337035324,0.0,0,(1.5811388162 + x0) * x0 * (1.5811388237 - x0) * -0.19999998896 + 0.499999982867 * (x0 - (x0 - x1)) * (x1 * x1 - 2.39999996219),(1.5811388162 + x0) * x0 * (1.5811388237 - x0) * -0.19999998896 + 0.499999982867 * (x0 - (x0 - x1)) * (x1 * x1 - 2.39999996219),0.2*x0**3 - 0.5*x0 + 0.5*x1**3 - 1.2*x1,"[1.581138816203701, 1.5811388236995394, -0.1999999889604189, 1.0, 1.0, -0.18393972688854746, 1.0, 2.399999962188003]","{""K"": 500, ""c"": 6.0, ""exploration_rate"": 0.1, ""gamma"": 0.5, ""gp_rate"": 0.5, ""lm_iterations"": 10, ""max_constants"": 999, ""max_depth"": 6, ""max_evals"": 2000000, ""max_unary"": 999, ""mutation_rate"": 0.1, ""ops"": [""+"", ""-"", ""*"", ""/"", ""sin"", ""cos"", ""exp"", ""log"", ""R""], ""succ_error_tol"": 1e-06}","{""K"": 500, ""c"": 6.0, ""exploration_rate"": 0.1, ""gamma"": 0.5, ""gp_rate"": 0.5, ""lm_iterations"": 10, ""max_constants"": 999, ""max_depth"": 6, ""max_evals"": 2000000, ""max_unary"": 999, ""mutation_rate"": 0.1, ""ops"": [""+"", ""-"", ""*"", ""/"", ""sin"", ""cos"", ""exp"", ""log"", ""R""], ""succ_error_tol"": 1e-06}",0.5
imcts,Jin,3,Jin-3,expression,82,27132,200,100,100,2,"[""x0"", ""x1""]",0.2*x[0]**3 + 0.5*x[1]**3 - 1.2*x[1] - 0.5*x[0],0.9999998807907104,True,0.9999999999999994,0.9999999999999992,22.0,207025,23.586562693002634,0.0,0,(0.359588871836 * x1 + x1) * (0.493515674344 + x1 - 2.04270899484) * (0.569728581312 + x1 / 2.71917782724) + (-0.138614052569 - x0 * x0 * -0.0554456205562) * (x0 / 0.277228100896 - 3.44606998275e-07),(0.359588871836 * x1 + x1) * (0.493515674344 + x1 - 2.04270899484) * (0.569728581312 + x1 / 2.71917782724) + (-0.138614052569 - x0 * x0 * -0.0554456205562) * (x0 / 0.277228100896 - 3.44606998275e-07),3.61*x0*(0.055*x0**2 - 0.139) + 1.36*x1*(0.368*x1 + 0.57)*(x1 - 1.55),"[0.35958887183621807, 0.49351567434425353, 2.042708994841034, 0.5697285813121639, 2.7191778272442484, -0.13861405256949097, -0.05544562055618413, 0.6132407965887706, 2.212044142010705, 6.582651199278893e-07, 0.52350791169464]","{""K"": 500, ""c"": 6.0, ""exploration_rate"": 0.1, ""gamma"": 0.5, ""gp_rate"": 0.5, ""lm_iterations"": 10, ""max_constants"": 999, ""max_depth"": 6, ""max_evals"": 2000000, ""max_unary"": 999, ""mutation_rate"": 0.1, ""ops"": [""+"", ""-"", ""*"", ""/"", ""sin"", ""cos"", ""exp"", ""log"", ""R""], ""succ_error_tol"": 1e-06}","{""K"": 500, ""c"": 6.0, ""exploration_rate"": 0.1, ""gamma"": 0.5, ""gp_rate"": 0.5, ""lm_iterations"": 10, ""max_constants"": 999, ""max_depth"": 6, ""max_evals"": 2000000, ""max_unary"": 999, ""mutation_rate"": 0.1, ""ops"": [""+"", ""-"", ""*"", ""/"", ""sin"", ""cos"", ""exp"", ""log"", ""R""], ""succ_error_tol"": 1e-06}",0.5
imcts,Jin,3,Jin-3,expression,83,17159,200,100,100,2,"[""x0"", ""x1""]",0.2*x[0]**3 + 0.5*x[1]**3 - 1.2*x[1] - 0.5*x[0],0.9999998807907104,True,0.999999999999998,0.9999999999999983,17.0,184815,20.366692829004023,0.0,0,1.66291027952e-08 - (x1 / 0.833333311177 + x0 * -1.50000001753) - x1 * x1 * x1 * -0.500000015636 - (x0 + x0 + x0 * x0 * -0.199999987909 * x0),1.66291027952e-08 - (x1 / 0.833333311177 + x0 * -1.50000001753) - x1 * x1 * x1 * -0.500000015636 - (x0 + x0 + x0 * x0 * -0.199999987909 * x0),0.2*x0**3 - 0.5*x0 + 0.5*x1**3 - 1.2*x1,"[1.66291027951964e-08, 1.0, 0.833333311176805, -1.5000000175308394, -0.5000000156359454, 1.0, 1.0, -0.19999998790937687]","{""K"": 500, ""c"": 6.0, ""exploration_rate"": 0.1, ""gamma"": 0.5, ""gp_rate"": 0.5, ""lm_iterations"": 10, ""max_constants"": 999, ""max_depth"": 6, ""max_evals"": 2000000, ""max_unary"": 999, ""mutation_rate"": 0.1, ""ops"": [""+"", ""-"", ""*"", ""/"", ""sin"", ""cos"", ""exp"", ""log"", ""R""], ""succ_error_tol"": 1e-06}","{""K"": 500, ""c"": 6.0, ""exploration_rate"": 0.1, ""gamma"": 0.5, ""gp_rate"": 0.5, ""lm_iterations"": 10, ""max_constants"": 999, ""max_depth"": 6, ""max_evals"": 2000000, ""max_unary"": 999, ""mutation_rate"": 0.1, ""ops"": [""+"", ""-"", ""*"", ""/"", ""sin"", ""cos"", ""exp"", ""log"", ""R""], ""succ_error_tol"": 1e-06}",0.5
imcts,Jin,3,Jin-3,expression,84,12206,200,100,100,2,"[""x0"", ""x1""]",0.2*x[0]**3 + 0.5*x[1]**3 - 1.2*x[1] - 0.5*x[0],0.9999999403953552,True,0.9999999999999968,0.9999999999999964,17.0,151763,15.432540900015738,0.0,0,-0.500000060246 * x0 + x1 * -1.1999998856 - (2.86854674243e-08 - -2.47997818186e-09 / x1) + (2.93707058694e-08 * x1 + x0 / 2.14977195915) * (-7.83110430419e-08 + x0) / (2.32582799104 / x0) + x1 / (2.00000014897 / x1 / x1),-0.500000060246 * x0 + x1 * -1.1999998856 - (2.86854674243e-08 - -2.47997818186e-09 / x1) + (2.93707058694e-08 * x1 + x0 / 2.14977195915) * (-7.83110430419e-08 + x0) / (2.32582799104 / x0) + x1 / (2.00000014897 / x1 / x1),0.2*x0**3 - 0.5*x0 + 0.5*x1**3 - 1.2*x1,"[-0.5235988451641282, -1.1999998856009153, 2.868546742427744e-08, -2.4799781818569432e-09, 2.9370705869365607e-08, 2.1497719591518023, -7.83110430418986e-08, 2.32582799103679, 2.000000148967609]","{""K"": 500, ""c"": 6.0, ""exploration_rate"": 0.1, ""gamma"": 0.5, ""gp_rate"": 0.5, ""lm_iterations"": 10, ""max_constants"": 999, ""max_depth"": 6, ""max_evals"": 2000000, ""max_unary"": 999, ""mutation_rate"": 0.1, ""ops"": [""+"", ""-"", ""*"", ""/"", ""sin"", ""cos"", ""exp"", ""log"", ""R""], ""succ_error_tol"": 1e-06}","{""K"": 500, ""c"": 6.0, ""exploration_rate"": 0.1, ""gamma"": 0.5, ""gp_rate"": 0.5, ""lm_iterations"": 10, ""max_constants"": 999, ""max_depth"": 6, ""max_evals"": 2000000, ""max_unary"": 999, ""mutation_rate"": 0.1, ""ops"": [""+"", ""-"", ""*"", ""/"", ""sin"", ""cos"", ""exp"", ""log"", ""R""], ""succ_error_tol"": 1e-06}",0.5
imcts,Jin,3,Jin-3,expression,85,8226,200,100,100,2,"[""x0"", ""x1""]",0.2*x[0]**3 + 0.5*x[1]**3 - 1.2*x[1] - 0.5*x[0],0.9999998807907104,True,0.9999999999999973,0.9999999999999966,17.0,62542,5.216015835991129,0.0,0,(2.50000006515 + (-9.03823997052e-08 - x0) * x0) * (x1 + -0.200000009936 * x0 - x1 * 0.999999997658) + ((x1 + x1) / 185651644.699 - -0.500000016712) * (x1 * x1 * (-2.20951851765e-08 + x1) + -2.40000002823 * x1),(2.50000006515 + (-9.03823997052e-08 - x0) * x0) * (x1 + -0.200000009936 * x0 - x1 * 0.999999997658) + ((x1 + x1) / 185651644.699 - -0.500000016712) * (x1 * x1 * (-2.20951851765e-08 + x1) + -2.40000002823 * x1),0.2*x0*(x0**2 - 2.5) + 0.5*x1**3 - 1.200000014115*x1,"[0.45232280989185586, 0.7951859975422745, 0.7951859975422746, -9.038239970520838e-08, -0.20000000993611616, 0.9999999976580586, 2.002651059524295, 1.078714418485466e-08, -0.5000000167118015, -2.209518517646658e-08, -2.400000028234697]","{""K"": 500, ""c"": 6.0, ""exploration_rate"": 0.1, ""gamma"": 0.5, ""gp_rate"": 0.5, ""lm_iterations"": 10, ""max_constants"": 999, ""max_depth"": 6, ""max_evals"": 2000000, ""max_unary"": 999, ""mutation_rate"": 0.1, ""ops"": [""+"", ""-"", ""*"", ""/"", ""sin"", ""cos"", ""exp"", ""log"", ""R""], ""succ_error_tol"": 1e-06}","{""K"": 500, ""c"": 6.0, ""exploration_rate"": 0.1, ""gamma"": 0.5, ""gp_rate"": 0.5, ""lm_iterations"": 10, ""max_constants"": 999, ""max_depth"": 6, ""max_evals"": 2000000, ""max_unary"": 999, ""mutation_rate"": 0.1, ""ops"": [""+"", ""-"", ""*"", ""/"", ""sin"", ""cos"", ""exp"", ""log"", ""R""], ""succ_error_tol"": 1e-06}",0.5
imcts,Jin,3,Jin-3,expression,86,14541,200,100,100,2,"[""x0"", ""x1""]",0.2*x[0]**3 + 0.5*x[1]**3 - 1.2*x[1] - 0.5*x[0],0.9999999403953552,True,0.9999999999999997,0.9999999999999998,22.0,121124,11.218009962001815,0.0,0,x0 / 2.53728004782 * (x0 + -1.26863988422) + x0 / 1.80000001071 * x0 * 0.359999982858 * (x0 - 1.97061425904) - (1.19999998365 + -0.499999993742 * x1 * x1) * x1,x0 / 2.53728004782 * (x0 + -1.26863988422) + x0 / 1.80000001071 * x0 * 0.359999982858 * (x0 - 1.97061425904) - (1.19999998365 + -0.499999993742 * x1 * x1) * x1,0.2*x0**3 - 0.000244*x0**2 - 0.5*x0 + 0.5*x1**3 - 1.2*x1,"[2.537280047819829, -1.2686398842159103, 1.8000000107139078, 0.35999998285774754, 1.9706142590400397, 1.1999999836540323, -0.49999999374237036]","{""K"": 500, ""c"": 6.0, ""exploration_rate"": 0.1, ""gamma"": 0.5, ""gp_rate"": 0.5, ""lm_iterations"": 10, ""max_constants"": 999, ""max_depth"": 6, ""max_evals"": 2000000, ""max_unary"": 999, ""mutation_rate"": 0.1, ""ops"": [""+"", ""-"", ""*"", ""/"", ""sin"", ""cos"", ""exp"", ""log"", ""R""], ""succ_error_tol"": 1e-06}","{""K"": 500, ""c"": 6.0, ""exploration_rate"": 0.1, ""gamma"": 0.5, ""gp_rate"": 0.5, ""lm_iterations"": 10, ""max_constants"": 999, ""max_depth"": 6, ""max_evals"": 2000000, ""max_unary"": 999, ""mutation_rate"": 0.1, ""ops"": [""+"", ""-"", ""*"", ""/"", ""sin"", ""cos"", ""exp"", ""log"", ""R""], ""succ_error_tol"": 1e-06}",0.5
imcts,Jin,3,Jin-3,expression,87,3152,200,100,100,2,"[""x0"", ""x1""]",0.2*x[0]**3 + 0.5*x[1]**3 - 1.2*x[1] - 0.5*x[0],0.9999998807907104,True,0.9999999999999996,0.9999999999999997,17.0,92921,9.22766449401388,0.0,0,x1 * x1 * x1 * 0.49999999286 + 0.199999969874 * x0 * (x0 - 0.78659352346) * (x0 - -0.786593535278) - (0.376253905883 * (x0 + x1 * 3.18933558499) + cos(x0 - 1.73105945916) * 1.64214160957e-07),x1 * x1 * x1 * 0.49999999286 + 0.199999969874 * x0 * (x0 - 0.78659352346) * (x0 - -0.786593535278) - (0.376253905883 * (x0 + x1 * 3.18933558499) + cos(x0 - 1.73105945916) * 1.64214160957e-07),0.2*x0**3 - 0.5*x0 + 0.5*x1**3 - 1.2*x1,"[0.4999999928597772, 0.19999996987403187, 0.7865935234596543, -0.78659353527779, 0.37625390588286695, 3.1893355849931533, 1.731059459164861, 1.6421416095651089e-07]","{""K"": 500, ""c"": 6.0, ""exploration_rate"": 0.1, ""gamma"": 0.5, ""gp_rate"": 0.5, ""lm_iterations"": 10, ""max_constants"": 999, ""max_depth"": 6, ""max_evals"": 2000000, ""max_unary"": 999, ""mutation_rate"": 0.1, ""ops"": [""+"", ""-"", ""*"", ""/"", ""sin"", ""cos"", ""exp"", ""log"", ""R""], ""succ_error_tol"": 1e-06}","{""K"": 500, ""c"": 6.0, ""exploration_rate"": 0.1, ""gamma"": 0.5, ""gp_rate"": 0.5, ""lm_iterations"": 10, ""max_constants"": 999, ""max_depth"": 6, ""max_evals"": 2000000, ""max_unary"": 999, ""mutation_rate"": 0.1, ""ops"": [""+"", ""-"", ""*"", ""/"", ""sin"", ""cos"", ""exp"", ""log"", ""R""], ""succ_error_tol"": 1e-06}",0.5
imcts,Jin,3,Jin-3,expression,88,26531,200,100,100,2,"[""x0"", ""x1""]",0.2*x[0]**3 + 0.5*x[1]**3 - 1.2*x[1] - 0.5*x[0],0.9999998807907104,True,0.9999999999999976,0.999999999999998,17.0,62215,5.131915621983353,0.0,0,x1 * x1 * (2.22217424507e-08 - x1 + x1 * 1.4999999753) - x0 * x0 * (-1.73172666536e-08 - x0 + x0 * 0.800000005771) - (1.1888907839 * x1 / 0.990742378271 + 0.445070934862 * (1.58047862479e-07 - x0 + x0 * 2.12341630586)),x1 * x1 * (2.22217424507e-08 - x1 + x1 * 1.4999999753) - x0 * x0 * (-1.73172666536e-08 - x0 + x0 * 0.800000005771) - (1.1888907839 * x1 / 0.990742378271 + 0.445070934862 * (1.58047862479e-07 - x0 + x0 * 2.12341630586)),0.2*x0**3 - 0.5*x0 + 0.5*x1**3 - 1.2*x1,"[2.2221742450733114e-08, 1.4999999753009137, -1.7317266653611992e-08, 0.8000000057708422, 1.188890783902581, 0.9907423782706435, 0.44507093486231486, 1.5804786247892713e-07, 2.123416305861933]","{""K"": 500, ""c"": 6.0, ""exploration_rate"": 0.1, ""gamma"": 0.5, ""gp_rate"": 0.5, ""lm_iterations"": 10, ""max_constants"": 999, ""max_depth"": 6, ""max_evals"": 2000000, ""max_unary"": 999, ""mutation_rate"": 0.1, ""ops"": [""+"", ""-"", ""*"", ""/"", ""sin"", ""cos"", ""exp"", ""log"", ""R""], ""succ_error_tol"": 1e-06}","{""K"": 500, ""c"": 6.0, ""exploration_rate"": 0.1, ""gamma"": 0.5, ""gp_rate"": 0.5, ""lm_iterations"": 10, ""max_constants"": 999, ""max_depth"": 6, ""max_evals"": 2000000, ""max_unary"": 999, ""mutation_rate"": 0.1, ""ops"": [""+"", ""-"", ""*"", ""/"", ""sin"", ""cos"", ""exp"", ""log"", ""R""], ""succ_error_tol"": 1e-06}",0.5
imcts,Jin,3,Jin-3,expression,89,1585,200,100,100,2,"[""x0"", ""x1""]",0.2*x[0]**3 + 0.5*x[1]**3 - 1.2*x[1] - 0.5*x[0],0.9999998807907104,True,0.999999999999999,0.9999999999999982,17.0,198540,21.119838052021805,0.0,0,(0.399999997776 - x1 * x1) * (3.81651663182e-08 - x1) * (0.752323761143 - 1.13261473846e-09 / x0) / 1.5046475408 - (x0 * x0 * -0.199999983603 * x0 + x0 * 0.499999895832 + x1),(0.399999997776 - x1 * x1) * (3.81651663182e-08 - x1) * (0.752323761143 - 1.13261473846e-09 / x0) / 1.5046475408 - (x0 * x0 * -0.199999983603 * x0 + x0 * 0.499999895832 + x1),0.2*x0**3 - 0.5*x0 + 0.5*x1**3 - 1.2*x1,"[0.39999999777561185, 3.8165166318157855e-08, 1.0, 0.7523237611427845, 1.1326147384641784e-09, 1.5046475408026554, -0.19999998360349147, 0.49999989583173815]","{""K"": 500, ""c"": 6.0, ""exploration_rate"": 0.1, ""gamma"": 0.5, ""gp_rate"": 0.5, ""lm_iterations"": 10, ""max_constants"": 999, ""max_depth"": 6, ""max_evals"": 2000000, ""max_unary"": 999, ""mutation_rate"": 0.1, ""ops"": [""+"", ""-"", ""*"", ""/"", ""sin"", ""cos"", ""exp"", ""log"", ""R""], ""succ_error_tol"": 1e-06}","{""K"": 500, ""c"": 6.0, ""exploration_rate"": 0.1, ""gamma"": 0.5, ""gp_rate"": 0.5, ""lm_iterations"": 10, ""max_constants"": 999, ""max_depth"": 6, ""max_evals"": 2000000, ""max_unary"": 999, ""mutation_rate"": 0.1, ""ops"": [""+"", ""-"", ""*"", ""/"", ""sin"", ""cos"", ""exp"", ""log"", ""R""], ""succ_error_tol"": 1e-06}",0.5
imcts,Jin,3,Jin-3,expression,90,3943,200,100,100,2,"[""x0"", ""x1""]",0.2*x[0]**3 + 0.5*x[1]**3 - 1.2*x[1] - 0.5*x[0],0.9999998807907104,True,0.9999999999999992,0.999999999999999,17.0,74290,6.386107044003438,0.0,0,(x0 - 1.5811388018) * x0 * 0.199999999368 * (1.58113888101 + x0) - (x1 * (0.632455679075 + x1) * (0.316227853644 - x1 * 0.500000020755) + x1),(x0 - 1.5811388018) * x0 * 0.199999999368 * (1.58113888101 + x0) - (x1 * (0.632455679075 + x1) * (0.316227853644 - x1 * 0.500000020755) + x1),0.2*x0**3 - 0.5*x0 + 0.5*x1**3 - 1.2*x1,"[1.5811388018013512, 0.1999999993680655, 1.5811388810137108, 0.632455679074762, 1.0, 0.31622785364351247, 0.5000000207545935]","{""K"": 500, ""c"": 6.0, ""exploration_rate"": 0.1, ""gamma"": 0.5, ""gp_rate"": 0.5, ""lm_iterations"": 10, ""max_constants"": 999, ""max_depth"": 6, ""max_evals"": 2000000, ""max_unary"": 999, ""mutation_rate"": 0.1, ""ops"": [""+"", ""-"", ""*"", ""/"", ""sin"", ""cos"", ""exp"", ""log"", ""R""], ""succ_error_tol"": 1e-06}","{""K"": 500, ""c"": 6.0, ""exploration_rate"": 0.1, ""gamma"": 0.5, ""gp_rate"": 0.5, ""lm_iterations"": 10, ""max_constants"": 999, ""max_depth"": 6, ""max_evals"": 2000000, ""max_unary"": 999, ""mutation_rate"": 0.1, ""ops"": [""+"", ""-"", ""*"", ""/"", ""sin"", ""cos"", ""exp"", ""log"", ""R""], ""succ_error_tol"": 1e-06}",0.5
imcts,Jin,3,Jin-3,expression,91,23939,200,100,100,2,"[""x0"", ""x1""]",0.2*x[0]**3 + 0.5*x[1]**3 - 1.2*x[1] - 0.5*x[0],0.9999999403953552,True,0.9999999999999996,0.9999999999999996,17.0,80161,7.290674670017324,0.0,0,1.29024707234e-09 - x0 * x0 * -0.200000002707 * x0 + (x0 + x1) * -0.500000055937 + -0.699999918229 * x1 + (x1 - 1.04094416228e-08) / 1.63730385669 * 0.8186519215 * x1 * x1,1.29024707234e-09 - x0 * x0 * -0.200000002707 * x0 + (x0 + x1) * -0.500000055937 + -0.699999918229 * x1 + (x1 - 1.04094416228e-08) / 1.63730385669 * 0.8186519215 * x1 * x1,0.2*x0**3 - 0.5*x0 + 0.5*x1**3 - 1.2*x1,"[1.2902470723424563e-09, -0.20000000270654866, -0.5000000559369232, -0.6999999182286317, 1.0409441622771972e-08, 1.6373038566942197, 0.959059693230166]","{""K"": 500, ""c"": 6.0, ""exploration_rate"": 0.1, ""gamma"": 0.5, ""gp_rate"": 0.5, ""lm_iterations"": 10, ""max_constants"": 999, ""max_depth"": 6, ""max_evals"": 2000000, ""max_unary"": 999, ""mutation_rate"": 0.1, ""ops"": [""+"", ""-"", ""*"", ""/"", ""sin"", ""cos"", ""exp"", ""log"", ""R""], ""succ_error_tol"": 1e-06}","{""K"": 500, ""c"": 6.0, ""exploration_rate"": 0.1, ""gamma"": 0.5, ""gp_rate"": 0.5, ""lm_iterations"": 10, ""max_constants"": 999, ""max_depth"": 6, ""max_evals"": 2000000, ""max_unary"": 999, ""mutation_rate"": 0.1, ""ops"": [""+"", ""-"", ""*"", ""/"", ""sin"", ""cos"", ""exp"", ""log"", ""R""], ""succ_error_tol"": 1e-06}",0.5
imcts,Jin,3,Jin-3,expression,92,19457,200,100,100,2,"[""x0"", ""x1""]",0.2*x[0]**3 + 0.5*x[1]**3 - 1.2*x[1] - 0.5*x[0],0.9999998807907104,True,0.999999999999998,0.9999999999999983,19.0,62438,5.474964367051143,0.0,0,-1.19999990613 * x1 + (x0 * -1.5811388662 - x0 * x0) / (4.99999980091 / (1.58113889241 - x0)) + -0.499999972438 * (-1.00000002529 - (x1 - 1)) * x1 * x1,-1.19999990613 * x1 + (x0 * -1.5811388662 - x0 * x0) / (4.99999980091 / (1.58113889241 - x0)) + -0.499999972438 * (-1.00000002529 - (x1 - 1)) * x1 * x1,x0*(0.2*x0 - 0.316)*(x0 + 1.58) + 0.5*x1**3 - 1.2*x1,"[-1.1999999061340956, -1.5811388662036576, 4.999999800912987, 1.5811388924120033, -0.4999999724380401, -1.00000002529116, 1.0, 1.0]","{""K"": 500, ""c"": 6.0, ""exploration_rate"": 0.1, ""gamma"": 0.5, ""gp_rate"": 0.5, ""lm_iterations"": 10, ""max_constants"": 999, ""max_depth"": 6, ""max_evals"": 2000000, ""max_unary"": 999, ""mutation_rate"": 0.1, ""ops"": [""+"", ""-"", ""*"", ""/"", ""sin"", ""cos"", ""exp"", ""log"", ""R""], ""succ_error_tol"": 1e-06}","{""K"": 500, ""c"": 6.0, ""exploration_rate"": 0.1, ""gamma"": 0.5, ""gp_rate"": 0.5, ""lm_iterations"": 10, ""max_constants"": 999, ""max_depth"": 6, ""max_evals"": 2000000, ""max_unary"": 999, ""mutation_rate"": 0.1, ""ops"": [""+"", ""-"", ""*"", ""/"", ""sin"", ""cos"", ""exp"", ""log"", ""R""], ""succ_error_tol"": 1e-06}",0.5
imcts,Jin,3,Jin-3,expression,93,1021,200,100,100,2,"[""x0"", ""x1""]",0.2*x[0]**3 + 0.5*x[1]**3 - 1.2*x[1] - 0.5*x[0],0.9999998807907104,True,0.9999999999999976,0.9999999999999977,21.0,169581,19.68077545595588,0.0,0,(1.58113885262 - x0) * x0 * 0.199999985532 * (-1.58113877095 - x0) + (1.5491933449 - -2.00000001108 * x0 - (x0 + x1 + x0)) * (x1 * -0.420735478499 + -0.651800600608) / (0.841470984808 / x1),(1.58113885262 - x0) * x0 * 0.199999985532 * (-1.58113877095 - x0) + (1.5491933449 - -2.00000001108 * x0 - (x0 + x1 + x0)) * (x1 * -0.420735478499 + -0.651800600608) / (0.841470984808 / x1),0.2*x0*(x0 - 1.58)*(x0 + 1.58) + 1.19*x1*(0.421*x1 + 0.652)*(x1 - 1.55),"[4.170656899114373, 0.3791102674870031, 0.19999998553171236, 1.0, -1.5811387709487632, 1.5491933448993098, -2.0000000110800085, 1.0, -0.4207354784990809, -0.6518006006078153, 1.0]","{""K"": 500, ""c"": 6.0, ""exploration_rate"": 0.1, ""gamma"": 0.5, ""gp_rate"": 0.5, ""lm_iterations"": 10, ""max_constants"": 999, ""max_depth"": 6, ""max_evals"": 2000000, ""max_unary"": 999, ""mutation_rate"": 0.1, ""ops"": [""+"", ""-"", ""*"", ""/"", ""sin"", ""cos"", ""exp"", ""log"", ""R""], ""succ_error_tol"": 1e-06}","{""K"": 500, ""c"": 6.0, ""exploration_rate"": 0.1, ""gamma"": 0.5, ""gp_rate"": 0.5, ""lm_iterations"": 10, ""max_constants"": 999, ""max_depth"": 6, ""max_evals"": 2000000, ""max_unary"": 999, ""mutation_rate"": 0.1, ""ops"": [""+"", ""-"", ""*"", ""/"", ""sin"", ""cos"", ""exp"", ""log"", ""R""], ""succ_error_tol"": 1e-06}",0.5
imcts,Jin,3,Jin-3,expression,94,11653,200,100,100,2,"[""x0"", ""x1""]",0.2*x[0]**3 + 0.5*x[1]**3 - 1.2*x[1] - 0.5*x[0],0.9999998807907104,True,0.9999999999999993,0.9999999999999993,17.0,56847,4.623637464013882,0.0,0,x0 * 0.199999998876 * (-2.4999997866 + x0 * x0) + -1.20000000644 * x1 + (-2.28139678907e-08 + x1) * 0.50000000274 * x1 * x1,x0 * 0.199999998876 * (-2.4999997866 + x0 * x0) + -1.20000000644 * x1 + (-2.28139678907e-08 + x1) * 0.50000000274 * x1 * x1,0.2*x0*(x0**2 - 2.5) + 0.5*x1**3 - 1.2*x1,"[1.0, 1.0, 1.3694384071519403, 0.845261193270176, -2.957665401537187, -1.2000000064445944, 0.9999999999999998, -2.2813967890730276e-08, 0.500000002740447]","{""K"": 500, ""c"": 6.0, ""exploration_rate"": 0.1, ""gamma"": 0.5, ""gp_rate"": 0.5, ""lm_iterations"": 10, ""max_constants"": 999, ""max_depth"": 6, ""max_evals"": 2000000, ""max_unary"": 999, ""mutation_rate"": 0.1, ""ops"": [""+"", ""-"", ""*"", ""/"", ""sin"", ""cos"", ""exp"", ""log"", ""R""], ""succ_error_tol"": 1e-06}","{""K"": 500, ""c"": 6.0, ""exploration_rate"": 0.1, ""gamma"": 0.5, ""gp_rate"": 0.5, ""lm_iterations"": 10, ""max_constants"": 999, ""max_depth"": 6, ""max_evals"": 2000000, ""max_unary"": 999, ""mutation_rate"": 0.1, ""ops"": [""+"", ""-"", ""*"", ""/"", ""sin"", ""cos"", ""exp"", ""log"", ""R""], ""succ_error_tol"": 1e-06}",0.5
imcts,Jin,3,Jin-3,expression,95,10805,200,100,100,2,"[""x0"", ""x1""]",0.2*x[0]**3 + 0.5*x[1]**3 - 1.2*x[1] - 0.5*x[0],0.9999998807907104,True,0.999999999999999,0.9999999999999988,17.0,196516,20.63345369603485,0.0,0,-0.50000036142 * x0 + (1 - (2.54919333784 - x1)) * x1 * -0.499999992111 * (-1.54919336318 - x1) + (3.18002638378e-09 - -0.200000035282 * x0) * x0 * x0 + -2.82806740257e-08 * (-15.3935822407 - x1) * sin(x0),-0.50000036142 * x0 + (1 - (2.54919333784 - x1)) * x1 * -0.499999992111 * (-1.54919336318 - x1) + (3.18002638378e-09 - -0.200000035282 * x0) * x0 * x0 + -2.82806740257e-08 * (-15.3935822407 - x1) * sin(x0),0.2*x0**3 - 0.5*x0 + 0.5*x1**3 - 1.2*x1,"[-0.5000003614201435, 1.0, 2.5491933378398253, -0.4999999921107781, -1.5491933631839554, 3.1800263837782763e-09, -0.20000003528169547, -2.8280674025712723e-08, -15.393582240748296]","{""K"": 500, ""c"": 6.0, ""exploration_rate"": 0.1, ""gamma"": 0.5, ""gp_rate"": 0.5, ""lm_iterations"": 10, ""max_constants"": 999, ""max_depth"": 6, ""max_evals"": 2000000, ""max_unary"": 999, ""mutation_rate"": 0.1, ""ops"": [""+"", ""-"", ""*"", ""/"", ""sin"", ""cos"", ""exp"", ""log"", ""R""], ""succ_error_tol"": 1e-06}","{""K"": 500, ""c"": 6.0, ""exploration_rate"": 0.1, ""gamma"": 0.5, ""gp_rate"": 0.5, ""lm_iterations"": 10, ""max_constants"": 999, ""max_depth"": 6, ""max_evals"": 2000000, ""max_unary"": 999, ""mutation_rate"": 0.1, ""ops"": [""+"", ""-"", ""*"", ""/"", ""sin"", ""cos"", ""exp"", ""log"", ""R""], ""succ_error_tol"": 1e-06}",0.5
imcts,Jin,3,Jin-3,expression,96,13417,200,100,100,2,"[""x0"", ""x1""]",0.2*x[0]**3 + 0.5*x[1]**3 - 1.2*x[1] - 0.5*x[0],0.9999991059303284,True,0.999999999999226,0.999999999999136,17.0,141249,12.298624319955707,0.0,0,(x1 * -1.46373169002e-08 * 1.50032306339 - 0.62478463793 * x0) * (0.80027587192 + x0 * -0.320110328397 * x0) - (x1 * 1.2000000519 - x1 * x1 / 1.99999869924 * x1),(x1 * -1.46373169002e-08 * 1.50032306339 - 0.62478463793 * x0) * (0.80027587192 + x0 * -0.320110328397 * x0) - (x1 * 1.2000000519 - x1 * x1 / 1.99999869924 * x1),0.2*x0**3 - 0.5*x0 + 0.5*x1**3 - 1.2*x1,"[-1.4637316900212305e-08, 1.5003230633862479, 0.6247846379295616, 0.8002758719199262, -0.32011032839673537, 1.2000000518983058, 1.99999869923537]","{""K"": 500, ""c"": 6.0, ""exploration_rate"": 0.1, ""gamma"": 0.5, ""gp_rate"": 0.5, ""lm_iterations"": 10, ""max_constants"": 999, ""max_depth"": 6, ""max_evals"": 2000000, ""max_unary"": 999, ""mutation_rate"": 0.1, ""ops"": [""+"", ""-"", ""*"", ""/"", ""sin"", ""cos"", ""exp"", ""log"", ""R""], ""succ_error_tol"": 1e-06}","{""K"": 500, ""c"": 6.0, ""exploration_rate"": 0.1, ""gamma"": 0.5, ""gp_rate"": 0.5, ""lm_iterations"": 10, ""max_constants"": 999, ""max_depth"": 6, ""max_evals"": 2000000, ""max_unary"": 999, ""mutation_rate"": 0.1, ""ops"": [""+"", ""-"", ""*"", ""/"", ""sin"", ""cos"", ""exp"", ""log"", ""R""], ""succ_error_tol"": 1e-06}",0.5
imcts,Jin,3,Jin-3,expression,97,20227,200,100,100,2,"[""x0"", ""x1""]",0.2*x[0]**3 + 0.5*x[1]**3 - 1.2*x[1] - 0.5*x[0],0.9999998807907104,True,0.9999999999999989,0.9999999999999988,17.0,83552,7.638340202975087,0.0,0,x1 * x1 / (2.00000006861 / x1) - x0 - ((x0 - -4.63927111286e-08) * -0.199999999374 * x0 * x0 - (2.39999977626 * x1 - x0) * -0.500000025557),x1 * x1 / (2.00000006861 / x1) - x0 - ((x0 - -4.63927111286e-08) * -0.199999999374 * x0 * x0 - (2.39999977626 * x1 - x0) * -0.500000025557),0.2*x0**3 - 0.5*x0 + 0.5*x1**3 - 1.2*x1,"[2.000000068608423, 1.0000000000000013, -3.141592607197082, -0.19999999937418117, 2.3999997762595235, -0.5000000255570219]","{""K"": 500, ""c"": 6.0, ""exploration_rate"": 0.1, ""gamma"": 0.5, ""gp_rate"": 0.5, ""lm_iterations"": 10, ""max_constants"": 999, ""max_depth"": 6, ""max_evals"": 2000000, ""max_unary"": 999, ""mutation_rate"": 0.1, ""ops"": [""+"", ""-"", ""*"", ""/"", ""sin"", ""cos"", ""exp"", ""log"", ""R""], ""succ_error_tol"": 1e-06}","{""K"": 500, ""c"": 6.0, ""exploration_rate"": 0.1, ""gamma"": 0.5, ""gp_rate"": 0.5, ""lm_iterations"": 10, ""max_constants"": 999, ""max_depth"": 6, ""max_evals"": 2000000, ""max_unary"": 999, ""mutation_rate"": 0.1, ""ops"": [""+"", ""-"", ""*"", ""/"", ""sin"", ""cos"", ""exp"", ""log"", ""R""], ""succ_error_tol"": 1e-06}",0.5
imcts,Jin,3,Jin-3,expression,98,7989,200,100,100,2,"[""x0"", ""x1""]",0.2*x[0]**3 + 0.5*x[1]**3 - 1.2*x[1] - 0.5*x[0],0.9999998807907104,True,0.9999999999999992,0.9999999999999992,17.0,98230,8.490153189981356,0.0,0,x0 * -0.49999996876 + (-2.39999995022 + x1 * x1) * x1 * 0.499999987735 - x0 / (4.99999997154 / x0 / (-7.92043621273e-09 - x0)),x0 * -0.49999996876 + (-2.39999995022 + x1 * x1) * x1 * 0.499999987735 - x0 / (4.99999997154 / x0 / (-7.92043621273e-09 - x0)),0.2*x0**3 - 0.5*x0 + 0.5*x1*(x1**2 - 2.4),"[-0.4999999687597523, -2.3999999502246885, 0.49999998773490895, 1.60943790674225, 1.0, -7.920436212732087e-09]","{""K"": 500, ""c"": 6.0, ""exploration_rate"": 0.1, ""gamma"": 0.5, ""gp_rate"": 0.5, ""lm_iterations"": 10, ""max_constants"": 999, ""max_depth"": 6, ""max_evals"": 2000000, ""max_unary"": 999, ""mutation_rate"": 0.1, ""ops"": [""+"", ""-"", ""*"", ""/"", ""sin"", ""cos"", ""exp"", ""log"", ""R""], ""succ_error_tol"": 1e-06}","{""K"": 500, ""c"": 6.0, ""exploration_rate"": 0.1, ""gamma"": 0.5, ""gp_rate"": 0.5, ""lm_iterations"": 10, ""max_constants"": 999, ""max_depth"": 6, ""max_evals"": 2000000, ""max_unary"": 999, ""mutation_rate"": 0.1, ""ops"": [""+"", ""-"", ""*"", ""/"", ""sin"", ""cos"", ""exp"", ""log"", ""R""], ""succ_error_tol"": 1e-06}",0.5
imcts,Jin,3,Jin-3,expression,99,9692,200,100,100,2,"[""x0"", ""x1""]",0.2*x[0]**3 + 0.5*x[1]**3 - 1.2*x[1] - 0.5*x[0],0.9999998807907104,True,0.9999999999999984,0.9999999999999984,17.0,96002,8.672874846030027,0.0,0,x0 * (x0 * 0.199999986687 * x0 + -0.49999994524) + (3.09838670971 + x1 + x1) * (1.54919332746 - x1) * -0.249999991391 * x1,x0 * (x0 * 0.199999986687 * x0 + -0.49999994524) + (3.09838670971 + x1 + x1) * (1.54919332746 - x1) * -0.249999991391 * x1,0.2*x0**3 - 0.5*x0 + 0.5*x1**3 - 1.2*x1,"[0.19999998668698718, -0.49999994524043234, 1.0, 1.0, 0.7411688160137425, 1.549193327459367, -0.2499999913913478, 1.0]","{""K"": 500, ""c"": 6.0, ""exploration_rate"": 0.1, ""gamma"": 0.5, ""gp_rate"": 0.5, ""lm_iterations"": 10, ""max_constants"": 999, ""max_depth"": 6, ""max_evals"": 2000000, ""max_unary"": 999, ""mutation_rate"": 0.1, ""ops"": [""+"", ""-"", ""*"", ""/"", ""sin"", ""cos"", ""exp"", ""log"", ""R""], ""succ_error_tol"": 1e-06}","{""K"": 500, ""c"": 6.0, ""exploration_rate"": 0.1, ""gamma"": 0.5, ""gp_rate"": 0.5, ""lm_iterations"": 10, ""max_constants"": 999, ""max_depth"": 6, ""max_evals"": 2000000, ""max_unary"": 999, ""mutation_rate"": 0.1, ""ops"": [""+"", ""-"", ""*"", ""/"", ""sin"", ""cos"", ""exp"", ""log"", ""R""], ""succ_error_tol"": 1e-06}",0.5
