algorithm,group,case_id,case_name,source_type,run,seed,samples_total,samples_train,samples_test,variables,feature_names,target_expression,reward,success,train_r2,test_r2,complexity,evaluations,time_sec,tuning_time_sec,tuning_evaluations,expression,materialized_expression,simplified_expression,coefficients,algorithm_params,tuned_params,test_ratio
imcts,Jin,6,Jin-6,expression,0,23654,200,100,100,2,"[""x0"", ""x1""]",1.35*x[0]*x[1] + 5.5*sin((x[0]-1) * (x[1]-1)),0.787948727607727,False,0.9275754227941909,0.7379256127309289,43.0,2000005,263.36355874995934,0.0,0,(1.18500023725 * x0 / 0.985882141685 + sin(x1) / (0.745889037248 - x1)) * (-0.036577034682 * x1 + x1 + -1.10469090143 + sin(x1) * sin(x1)) - cos(x1 * x0 - (x0 + x1)) * (x0 + -4.68545748752 + -0.97895382398 * x0 + -0.15599831622 * x0 * exp(x1)),(1.18500023725 * x0 / 0.985882141685 + sin(x1) / (0.745889037248 - x1)) * (-0.036577034682 * x1 + x1 + -1.10469090143 + sin(x1) * sin(x1)) - cos(x1 * x0 - (x0 + x1)) * (x0 + -4.68545748752 + -0.97895382398 * x0 + -0.15599831622 * x0 * exp(x1)),(1.2*x0 - sin(x1)/(x1 - 0.746))*(0.963*x1 + sin(x1)**2 - 1.1) + (0.156*x0*exp(x1) - 0.021*x0 + 4.68)*cos(-x0*x1 + x0 + x1),"[1.1850002372527013, 0.9858821416854192, 0.7458890372483566, -0.03657703468201722, -1.1046909014333164, -4.68545748752395, -0.9789538239802411, -0.15599831621994245]","{""K"": 500, ""c"": 6.0, ""exploration_rate"": 0.1, ""gamma"": 0.5, ""gp_rate"": 0.5, ""lm_iterations"": 10, ""max_constants"": 999, ""max_depth"": 6, ""max_evals"": 2000000, ""max_unary"": 999, ""mutation_rate"": 0.1, ""ops"": [""+"", ""-"", ""*"", ""/"", ""sin"", ""cos"", ""exp"", ""log"", ""R""], ""succ_error_tol"": 1e-06}","{""K"": 500, ""c"": 6.0, ""exploration_rate"": 0.1, ""gamma"": 0.5, ""gp_rate"": 0.5, ""lm_iterations"": 10, ""max_constants"": 999, ""max_depth"": 6, ""max_evals"": 2000000, ""max_unary"": 999, ""mutation_rate"": 0.1, ""ops"": [""+"", ""-"", ""*"", ""/"", ""sin"", ""cos"", ""exp"", ""log"", ""R""], ""succ_error_tol"": 1e-06}",0.5
imcts,Jin,6,Jin-6,expression,1,15795,200,100,100,2,"[""x0"", ""x1""]",1.35*x[0]*x[1] + 5.5*sin((x[0]-1) * (x[1]-1)),0.7768194079399109,False,0.9174584303624612,0.5511255588871318,45.0,2000004,374.2745220250217,0.0,0,(cos(1.68331282497 * x1) * (x0 + -1.35235445167) * cos(x0) + 0.903588811187 * (x1 + -0.240492738018) - cos(x1 + 0.568972627587)) * (0.0768274379216 / (1.00576156575 + x0) + x0 + -0.564584704073 - -0.158518340887 * x1 - (sin(x0) - -1.40631518511) * cos(x0 * 1.67752762522)),(cos(1.68331282497 * x1) * (x0 + -1.35235445167) * cos(x0) + 0.903588811187 * (x1 + -0.240492738018) - cos(x1 + 0.568972627587)) * (0.0768274379216 / (1.00576156575 + x0) + x0 + -0.564584704073 - -0.158518340887 * x1 - (sin(x0) - -1.40631518511) * cos(x0 * 1.67752762522)),(0.904*x1 + (x0 - 1.35)*cos(x0)*cos(1.68*x1) - cos(x1 + 0.569) - 0.217)*(x0 + 0.159*x1 - (sin(x0) + 1.41)*cos(1.68*x0) - 0.565 + 0.077/(x0 + 1.01)),"[1.6833128249662068, -1.352354451672593, 0.9035888111870756, -0.24049273801750154, 0.5689726275873193, 0.07670118721216619, 1.0016460072399895, 1.0057615657464436, -0.5645847040732123, -0.15851834088743366, 0.009909642066936803, 1.4162248271803384, 1.6775276252230031]","{""K"": 500, ""c"": 6.0, ""exploration_rate"": 0.1, ""gamma"": 0.5, ""gp_rate"": 0.5, ""lm_iterations"": 10, ""max_constants"": 999, ""max_depth"": 6, ""max_evals"": 2000000, ""max_unary"": 999, ""mutation_rate"": 0.1, ""ops"": [""+"", ""-"", ""*"", ""/"", ""sin"", ""cos"", ""exp"", ""log"", ""R""], ""succ_error_tol"": 1e-06}","{""K"": 500, ""c"": 6.0, ""exploration_rate"": 0.1, ""gamma"": 0.5, ""gp_rate"": 0.5, ""lm_iterations"": 10, ""max_constants"": 999, ""max_depth"": 6, ""max_evals"": 2000000, ""max_unary"": 999, ""mutation_rate"": 0.1, ""ops"": [""+"", ""-"", ""*"", ""/"", ""sin"", ""cos"", ""exp"", ""log"", ""R""], ""succ_error_tol"": 1e-06}",0.5
imcts,Jin,6,Jin-6,expression,2,860,200,100,100,2,"[""x0"", ""x1""]",1.35*x[0]*x[1] + 5.5*sin((x[0]-1) * (x[1]-1)),0.7624078989028931,False,0.9028843667636062,0.728663916916075,50.0,2000000,293.04559592099395,0.0,0,(x1 - 0.329468363466 + 0.0946107471025 * x0) * (sin(x0) + x0 - 1.26720950983) * (0.309253547629 / x1 + sin(x0) + (x0 + 0.0763556988395) / (0.745886056411 * x0)) + sin(1.66120836258 - x1 + x0 * x1) * (sin(x0) + x0 + -1.94417896165) * (0.072844659136 * x0 - (x0 + 2.05741099491)),(x1 - 0.329468363466 + 0.0946107471025 * x0) * (sin(x0) + x0 - 1.26720950983) * (0.309253547629 / x1 + sin(x0) + (x0 + 0.0763556988395) / (0.745886056411 * x0)) + sin(1.66120836258 - x1 + x0 * x1) * (sin(x0) + x0 + -1.94417896165) * (0.072844659136 * x0 - (x0 + 2.05741099491)),-(0.927*x0 + 2.06)*(x0 + sin(x0) - 1.94)*sin(x0*x1 - x1 + 1.66) + (0.095*x0 + x1 - 0.329)*(x0 + sin(x0) - 1.27)*(sin(x0) + 0.309/x1 + 1.34*(x0 + 0.076)/x0),"[0.3294683634663008, 0.094610747102519, 1.2672095098285203, 0.3092535476285573, 0.07635569883947418, 0.7458860564108548, 1.661208362580496, -1.9441789616549014, 0.07284465913599626, 2.05741099491305]","{""K"": 500, ""c"": 6.0, ""exploration_rate"": 0.1, ""gamma"": 0.5, ""gp_rate"": 0.5, ""lm_iterations"": 10, ""max_constants"": 999, ""max_depth"": 6, ""max_evals"": 2000000, ""max_unary"": 999, ""mutation_rate"": 0.1, ""ops"": [""+"", ""-"", ""*"", ""/"", ""sin"", ""cos"", ""exp"", ""log"", ""R""], ""succ_error_tol"": 1e-06}","{""K"": 500, ""c"": 6.0, ""exploration_rate"": 0.1, ""gamma"": 0.5, ""gp_rate"": 0.5, ""lm_iterations"": 10, ""max_constants"": 999, ""max_depth"": 6, ""max_evals"": 2000000, ""max_unary"": 999, ""mutation_rate"": 0.1, ""ops"": [""+"", ""-"", ""*"", ""/"", ""sin"", ""cos"", ""exp"", ""log"", ""R""], ""succ_error_tol"": 1e-06}",0.5
imcts,Jin,6,Jin-6,expression,3,5390,200,100,100,2,"[""x0"", ""x1""]",1.35*x[0]*x[1] + 5.5*sin((x[0]-1) * (x[1]-1)),0.9999999403953552,True,0.9999999999999996,0.9999999999999996,15.0,741390,93.27872430701973,0.0,0,5.50000009895 * (sin((0.999999999619 - x1) * (1.00000000837 - x0)) - (x0 * 1.24545453787 - x0) * (3.24486678585e-08 - x1)),5.50000009895 * (sin((0.999999999619 - x1) * (1.00000000837 - x0)) - (x0 * 1.24545453787 - x0) * (3.24486678585e-08 - x1)),1.35*x0*x1 + 5.5*sin((x0 - 1.0)*(x1 - 1.0)),"[5.500000098951093, 0.999999999618901, 1.0000000083670542, 1.2454545378708601, 3.244866785854303e-08]","{""K"": 500, ""c"": 6.0, ""exploration_rate"": 0.1, ""gamma"": 0.5, ""gp_rate"": 0.5, ""lm_iterations"": 10, ""max_constants"": 999, ""max_depth"": 6, ""max_evals"": 2000000, ""max_unary"": 999, ""mutation_rate"": 0.1, ""ops"": [""+"", ""-"", ""*"", ""/"", ""sin"", ""cos"", ""exp"", ""log"", ""R""], ""succ_error_tol"": 1e-06}","{""K"": 500, ""c"": 6.0, ""exploration_rate"": 0.1, ""gamma"": 0.5, ""gp_rate"": 0.5, ""lm_iterations"": 10, ""max_constants"": 999, ""max_depth"": 6, ""max_evals"": 2000000, ""max_unary"": 999, ""mutation_rate"": 0.1, ""ops"": [""+"", ""-"", ""*"", ""/"", ""sin"", ""cos"", ""exp"", ""log"", ""R""], ""succ_error_tol"": 1e-06}",0.5
imcts,Jin,6,Jin-6,expression,4,16850,200,100,100,2,"[""x0"", ""x1""]",1.35*x[0]*x[1] + 5.5*sin((x[0]-1) * (x[1]-1)),0.7730376720428467,False,0.9138001938513066,0.9028435829816074,44.0,2000000,251.11893450201023,0.0,0,(0.155260852726 - x1 * 3.07263660941) / (exp(x1) - x1 * 1.85582790899) + (1.30814327052 + x0 - 0.857533969029 * x0) * x1 * x0 + cos(x0 * x1 - (x1 + x0)) / ((x0 - 1.17651977399) / (-5.62003764682 - -5.16487473504 * x0)),(0.155260852726 - x1 * 3.07263660941) / (exp(x1) - x1 * 1.85582790899) + (1.30814327052 + x0 - 0.857533969029 * x0) * x1 * x0 + cos(x0 * x1 - (x1 + x0)) / ((x0 - 1.17651977399) / (-5.62003764682 - -5.16487473504 * x0)),x0*x1*(0.142*x0 + 1.31) + (3.07*x1 - 0.155)/(1.86*x1 - exp(x1)) + (5.17*x0 - 5.62)*cos(-x0*x1 + x0 + x1)/(x0 - 1.18),"[1.7845735992254788, 1.6293127464995165, 3.0726366094088173, 1.855827908990386, 1.308143270523594, 0.8575339690287915, 1.1765197739876172, -5.620037646815663, -5.164874735035112]","{""K"": 500, ""c"": 6.0, ""exploration_rate"": 0.1, ""gamma"": 0.5, ""gp_rate"": 0.5, ""lm_iterations"": 10, ""max_constants"": 999, ""max_depth"": 6, ""max_evals"": 2000000, ""max_unary"": 999, ""mutation_rate"": 0.1, ""ops"": [""+"", ""-"", ""*"", ""/"", ""sin"", ""cos"", ""exp"", ""log"", ""R""], ""succ_error_tol"": 1e-06}","{""K"": 500, ""c"": 6.0, ""exploration_rate"": 0.1, ""gamma"": 0.5, ""gp_rate"": 0.5, ""lm_iterations"": 10, ""max_constants"": 999, ""max_depth"": 6, ""max_evals"": 2000000, ""max_unary"": 999, ""mutation_rate"": 0.1, ""ops"": [""+"", ""-"", ""*"", ""/"", ""sin"", ""cos"", ""exp"", ""log"", ""R""], ""succ_error_tol"": 1e-06}",0.5
imcts,Jin,6,Jin-6,expression,5,29910,200,100,100,2,"[""x0"", ""x1""]",1.35*x[0]*x[1] + 5.5*sin((x[0]-1) * (x[1]-1)),0.7277710437774658,False,0.8600801966962257,0.7676705394428374,46.0,2000000,319.70049024297623,0.0,0,((13.9115724715 - x0 + x1 * x0) * (x1 * 0.137601902736 + -0.0220773554987) - (sin(2.31151460506 - x0) + sin(exp(x1)))) * (exp(sin(x0)) * (-0.578944939188 + x0 * 0.734868721297) - sin(2.669705041 - x0 + x1 * x0)),((13.9115724715 - x0 + x1 * x0) * (x1 * 0.137601902736 + -0.0220773554987) - (sin(2.31151460506 - x0) + sin(exp(x1)))) * (exp(sin(x0)) * (-0.578944939188 + x0 * 0.734868721297) - sin(2.669705041 - x0 + x1 * x0)),((0.735*x0 - 0.579)*exp(sin(x0)) - sin(x0*x1 - x0 + 2.67))*((0.138*x1 - 0.022)*(x0*x1 - x0 + 13.9) + sin(x0 - 2.31) - sin(exp(x1))),"[13.911572471535367, 0.13760190273632442, -0.02834142614548864, 0.7789782837800507, 2.311514605055603, -0.5789449391881348, 0.7348687212967044, 2.6697050410017047]","{""K"": 500, ""c"": 6.0, ""exploration_rate"": 0.1, ""gamma"": 0.5, ""gp_rate"": 0.5, ""lm_iterations"": 10, ""max_constants"": 999, ""max_depth"": 6, ""max_evals"": 2000000, ""max_unary"": 999, ""mutation_rate"": 0.1, ""ops"": [""+"", ""-"", ""*"", ""/"", ""sin"", ""cos"", ""exp"", ""log"", ""R""], ""succ_error_tol"": 1e-06}","{""K"": 500, ""c"": 6.0, ""exploration_rate"": 0.1, ""gamma"": 0.5, ""gp_rate"": 0.5, ""lm_iterations"": 10, ""max_constants"": 999, ""max_depth"": 6, ""max_evals"": 2000000, ""max_unary"": 999, ""mutation_rate"": 0.1, ""ops"": [""+"", ""-"", ""*"", ""/"", ""sin"", ""cos"", ""exp"", ""log"", ""R""], ""succ_error_tol"": 1e-06}",0.5
imcts,Jin,6,Jin-6,expression,6,4426,200,100,100,2,"[""x0"", ""x1""]",1.35*x[0]*x[1] + 5.5*sin((x[0]-1) * (x[1]-1)),0.9999999403953552,True,0.9999999999999993,0.9999999999999992,15.0,158732,13.506603172980249,0.0,0,1.34999999231 * 0.999999997324 * x0 * x1 + (1.88298327101e-10 - x1 * 1.61265364119e-09) / x0 - (-4.78078843254e-08 * x0 - 5.49999999285) * sin((0.999999993977 - x1) * (1.00000002057 - x0)),1.34999999231 * 0.999999997324 * x0 * x1 + (1.88298327101e-10 - x1 * 1.61265364119e-09) / x0 - (-4.78078843254e-08 * x0 - 5.49999999285) * sin((0.999999993977 - x1) * (1.00000002057 - x0)),1.35*x0*x1 + 5.5*sin((x0 - 1.0)*(x1 - 1.0)),"[2.3499999923105235, 1.0, 0.999999997324104, 1.5707963266065983, 1.6126536411925236e-09, -4.7807884325363344e-08, 5.499999992851103, 0.9999999939772707, 1.0000000205676656]","{""K"": 500, ""c"": 6.0, ""exploration_rate"": 0.1, ""gamma"": 0.5, ""gp_rate"": 0.5, ""lm_iterations"": 10, ""max_constants"": 999, ""max_depth"": 6, ""max_evals"": 2000000, ""max_unary"": 999, ""mutation_rate"": 0.1, ""ops"": [""+"", ""-"", ""*"", ""/"", ""sin"", ""cos"", ""exp"", ""log"", ""R""], ""succ_error_tol"": 1e-06}","{""K"": 500, ""c"": 6.0, ""exploration_rate"": 0.1, ""gamma"": 0.5, ""gp_rate"": 0.5, ""lm_iterations"": 10, ""max_constants"": 999, ""max_depth"": 6, ""max_evals"": 2000000, ""max_unary"": 999, ""mutation_rate"": 0.1, ""ops"": [""+"", ""-"", ""*"", ""/"", ""sin"", ""cos"", ""exp"", ""log"", ""R""], ""succ_error_tol"": 1e-06}",0.5
imcts,Jin,6,Jin-6,expression,7,21962,200,100,100,2,"[""x0"", ""x1""]",1.35*x[0]*x[1] + 5.5*sin((x[0]-1) * (x[1]-1)),0.9999999403953552,True,0.9999999999999992,0.9999999999999989,15.0,205145,22.39293698698748,0.0,0,x1 * 1.35000000547 * x0 + sin((x1 - 1.00000001897) * (0.999999985199 - x0)) * -5.49999992758,x1 * 1.35000000547 * x0 + sin((x1 - 1.00000001897) * (0.999999985199 - x0)) * -5.49999992758,1.35*x0*x1 + 5.5*sin((x0 - 1.0)*(x1 - 1.0)),"[1.0, 1.0, 1.4814814754792853, 1.0000000189690614, 0.9999999851988194, -5.499999927576249]","{""K"": 500, ""c"": 6.0, ""exploration_rate"": 0.1, ""gamma"": 0.5, ""gp_rate"": 0.5, ""lm_iterations"": 10, ""max_constants"": 999, ""max_depth"": 6, ""max_evals"": 2000000, ""max_unary"": 999, ""mutation_rate"": 0.1, ""ops"": [""+"", ""-"", ""*"", ""/"", ""sin"", ""cos"", ""exp"", ""log"", ""R""], ""succ_error_tol"": 1e-06}","{""K"": 500, ""c"": 6.0, ""exploration_rate"": 0.1, ""gamma"": 0.5, ""gp_rate"": 0.5, ""lm_iterations"": 10, ""max_constants"": 999, ""max_depth"": 6, ""max_evals"": 2000000, ""max_unary"": 999, ""mutation_rate"": 0.1, ""ops"": [""+"", ""-"", ""*"", ""/"", ""sin"", ""cos"", ""exp"", ""log"", ""R""], ""succ_error_tol"": 1e-06}",0.5
imcts,Jin,6,Jin-6,expression,8,14423,200,100,100,2,"[""x0"", ""x1""]",1.35*x[0]*x[1] + 5.5*sin((x[0]-1) * (x[1]-1)),0.7869158983230591,False,0.9266761124227325,0.8098636431186037,44.0,2000003,309.4249400239787,0.0,0,x0 / (0.738212450165 / x1) + 0.0956629601208 / x0 - 0.0602368391676 / x1 + sin((1.05082166508 + x1) * (0.933495939504 - x0)) + sin((0.982833898109 - x0) / (0.991715602144 / x1)) * (0.235806303919 / x0 - 6.45068390069) * sin(0.63176745822 + x0),x0 / (0.738212450165 / x1) + 0.0956629601208 / x0 - 0.0602368391676 / x1 + sin((1.05082166508 + x1) * (0.933495939504 - x0)) + sin((0.982833898109 - x0) / (0.991715602144 / x1)) * (0.235806303919 / x0 - 6.45068390069) * sin(0.63176745822 + x0),1.35*x0*x1 + (6.45 - 0.236/x0)*sin(1.01*x1*(x0 - 0.983))*sin(x0 + 0.632) - sin((x0 - 0.933)*(x1 + 1.05)) - 0.06/x1 + 0.0959/x0,"[0.7382124501650275, 0.09566296012075975, 0.060236839167643885, 1.050821665076093, 0.9334959395041189, 0.982833898109192, 0.9917156021437933, 0.2358063039187772, 6.450683900694627, 0.631767458220354]","{""K"": 500, ""c"": 6.0, ""exploration_rate"": 0.1, ""gamma"": 0.5, ""gp_rate"": 0.5, ""lm_iterations"": 10, ""max_constants"": 999, ""max_depth"": 6, ""max_evals"": 2000000, ""max_unary"": 999, ""mutation_rate"": 0.1, ""ops"": [""+"", ""-"", ""*"", ""/"", ""sin"", ""cos"", ""exp"", ""log"", ""R""], ""succ_error_tol"": 1e-06}","{""K"": 500, ""c"": 6.0, ""exploration_rate"": 0.1, ""gamma"": 0.5, ""gp_rate"": 0.5, ""lm_iterations"": 10, ""max_constants"": 999, ""max_depth"": 6, ""max_evals"": 2000000, ""max_unary"": 999, ""mutation_rate"": 0.1, ""ops"": [""+"", ""-"", ""*"", ""/"", ""sin"", ""cos"", ""exp"", ""log"", ""R""], ""succ_error_tol"": 1e-06}",0.5
imcts,Jin,6,Jin-6,expression,9,28020,200,100,100,2,"[""x0"", ""x1""]",1.35*x[0]*x[1] + 5.5*sin((x[0]-1) * (x[1]-1)),0.8252767324447632,False,0.9551768710271576,0.9237771840022034,43.0,2000003,263.1974204860162,0.0,0,(x0 * 0.0457042393523 / (1.01454729165 - x1) - 0.0682523990086 * (-65.6063018556 - x1)) * cos(x1 + x0 - x1 * x0) - (-1.34853636099 * x0 * (x1 + 0.0695301122673) - sin(3.66767284104 + x0) + sin(x1 + x0 - x1 * x0)),(x0 * 0.0457042393523 / (1.01454729165 - x1) - 0.0682523990086 * (-65.6063018556 - x1)) * cos(x1 + x0 - x1 * x0) - (-1.34853636099 * x0 * (x1 + 0.0695301122673) - sin(3.66767284104 + x0) + sin(x1 + x0 - x1 * x0)),1.35*x0*(x1 + 0.0699) + (-0.046*x0/(x1 - 1.01) + 0.068*x1 + 4.48)*cos(-x0*x1 + x0 + x1) + sin(x0 + 3.67) - sin(-x0*x1 + x0 + x1),"[0.04570423935225773, 1.0145472916456117, 0.06825239900861457, -65.60630185558685, -1.3485363609878755, 0.06953011226729573, 3.667672841039584]","{""K"": 500, ""c"": 6.0, ""exploration_rate"": 0.1, ""gamma"": 0.5, ""gp_rate"": 0.5, ""lm_iterations"": 10, ""max_constants"": 999, ""max_depth"": 6, ""max_evals"": 2000000, ""max_unary"": 999, ""mutation_rate"": 0.1, ""ops"": [""+"", ""-"", ""*"", ""/"", ""sin"", ""cos"", ""exp"", ""log"", ""R""], ""succ_error_tol"": 1e-06}","{""K"": 500, ""c"": 6.0, ""exploration_rate"": 0.1, ""gamma"": 0.5, ""gp_rate"": 0.5, ""lm_iterations"": 10, ""max_constants"": 999, ""max_depth"": 6, ""max_evals"": 2000000, ""max_unary"": 999, ""mutation_rate"": 0.1, ""ops"": [""+"", ""-"", ""*"", ""/"", ""sin"", ""cos"", ""exp"", ""log"", ""R""], ""succ_error_tol"": 1e-06}",0.5
imcts,Jin,6,Jin-6,expression,10,29802,200,100,100,2,"[""x0"", ""x1""]",1.35*x[0]*x[1] + 5.5*sin((x[0]-1) * (x[1]-1)),0.8326342105865479,False,0.9595959463433115,0.93951103568377,39.0,2000008,233.6500091609778,0.0,0,cos(x1 - 4.43793731661) + x1 * 1.32784820463 * (x0 + 0.126151872931) - sin(x0 + x1 - x1 * x0) + (4.66879658667 + -0.114753728027 / (x1 + 1.03155455935)) * cos(x0 + x1 - x1 * x0),cos(x1 - 4.43793731661) + x1 * 1.32784820463 * (x0 + 0.126151872931) - sin(x0 + x1 - x1 * x0) + (4.66879658667 + -0.114753728027 / (x1 + 1.03155455935)) * cos(x0 + x1 - x1 * x0),1.33*x1*(x0 + 0.126) + (4.67 - 0.115/(x1 + 1.03))*cos(-x0*x1 + x0 + x1) - sin(-x0*x1 + x0 + x1) + cos(x1 - 4.44),"[4.4379373166054865, 1.3278482046261102, 0.1261518729306713, 1.0898230775666962, 4.283994973839092, -1.1147537280265316, 1.0, 1.0315545593508944]","{""K"": 500, ""c"": 6.0, ""exploration_rate"": 0.1, ""gamma"": 0.5, ""gp_rate"": 0.5, ""lm_iterations"": 10, ""max_constants"": 999, ""max_depth"": 6, ""max_evals"": 2000000, ""max_unary"": 999, ""mutation_rate"": 0.1, ""ops"": [""+"", ""-"", ""*"", ""/"", ""sin"", ""cos"", ""exp"", ""log"", ""R""], ""succ_error_tol"": 1e-06}","{""K"": 500, ""c"": 6.0, ""exploration_rate"": 0.1, ""gamma"": 0.5, ""gp_rate"": 0.5, ""lm_iterations"": 10, ""max_constants"": 999, ""max_depth"": 6, ""max_evals"": 2000000, ""max_unary"": 999, ""mutation_rate"": 0.1, ""ops"": [""+"", ""-"", ""*"", ""/"", ""sin"", ""cos"", ""exp"", ""log"", ""R""], ""succ_error_tol"": 1e-06}",0.5
imcts,Jin,6,Jin-6,expression,11,21575,200,100,100,2,"[""x0"", ""x1""]",1.35*x[0]*x[1] + 5.5*sin((x[0]-1) * (x[1]-1)),0.9999999403953552,True,0.9999999999999992,0.9999999999999992,15.0,137512,11.681900812021922,0.0,0,x0 * -1.35000003239 * (5.07330295138e-08 - x1) - 1.12479422443e-08 - sin((x0 - 0.999999996555) * (1.00000000579 - x1)) * (5.49999991975 - -1.99098993621e-08 * (1 - x1)),x0 * -1.35000003239 * (5.07330295138e-08 - x1) - 1.12479422443e-08 - sin((x0 - 0.999999996555) * (1.00000000579 - x1)) * (5.49999991975 - -1.99098993621e-08 * (1 - x1)),1.35*x0*x1 + 5.5*sin((x0 - 1.0)*(x1 - 1.0)),"[-1.3500000323874917, 5.0733029513793484e-08, 1.0, -0.5403022946201975, 0.9999999965545057, 1.000000005787497, 5.499999919751797, -1.9909899362081014e-08, 1.0, 1.0]","{""K"": 500, ""c"": 6.0, ""exploration_rate"": 0.1, ""gamma"": 0.5, ""gp_rate"": 0.5, ""lm_iterations"": 10, ""max_constants"": 999, ""max_depth"": 6, ""max_evals"": 2000000, ""max_unary"": 999, ""mutation_rate"": 0.1, ""ops"": [""+"", ""-"", ""*"", ""/"", ""sin"", ""cos"", ""exp"", ""log"", ""R""], ""succ_error_tol"": 1e-06}","{""K"": 500, ""c"": 6.0, ""exploration_rate"": 0.1, ""gamma"": 0.5, ""gp_rate"": 0.5, ""lm_iterations"": 10, ""max_constants"": 999, ""max_depth"": 6, ""max_evals"": 2000000, ""max_unary"": 999, ""mutation_rate"": 0.1, ""ops"": [""+"", ""-"", ""*"", ""/"", ""sin"", ""cos"", ""exp"", ""log"", ""R""], ""succ_error_tol"": 1e-06}",0.5
imcts,Jin,6,Jin-6,expression,12,11964,200,100,100,2,"[""x0"", ""x1""]",1.35*x[0]*x[1] + 5.5*sin((x[0]-1) * (x[1]-1)),0.759968101978302,False,0.9002421547241963,0.6582920226185783,43.0,2000002,339.24000022996916,0.0,0,cos(x1 + 0.666609753762) * (0.419465363966 * x0 + -5.31786112834 + x0) * sin(x0 * x1 - (1.41030053973 + x0)) - (1.49718682546 + 0.279108511528 / x0 + cos(1.09302299977 - x1)) * (-0.101549721762 - -0.1488780159 * x1) * (x0 / -0.100819763329 - (-3.28002620144 + x1)),cos(x1 + 0.666609753762) * (0.419465363966 * x0 + -5.31786112834 + x0) * sin(x0 * x1 - (1.41030053973 + x0)) - (1.49718682546 + 0.279108511528 / x0 + cos(1.09302299977 - x1)) * (-0.101549721762 - -0.1488780159 * x1) * (x0 / -0.100819763329 - (-3.28002620144 + x1)),-(1.42*x0 - 5.32)*sin(-x0*x1 + x0 + 1.41)*cos(x1 + 0.667) + (0.149*x1 - 0.102)*(9.92*x0 + x1 - 3.28)*(cos(x1 - 1.09) + 1.5 + 0.279/x0),"[0.6666097537620221, 0.41946536396557754, -5.317861128336546, 1.410300539729809, -0.6702648155852918, 2.167451641040604, 0.27910851152777755, 1.0930229997724494, -0.10154972176217225, -0.14887801590048638, -0.10081976332855914, -3.280026201442152]","{""K"": 500, ""c"": 6.0, ""exploration_rate"": 0.1, ""gamma"": 0.5, ""gp_rate"": 0.5, ""lm_iterations"": 10, ""max_constants"": 999, ""max_depth"": 6, ""max_evals"": 2000000, ""max_unary"": 999, ""mutation_rate"": 0.1, ""ops"": [""+"", ""-"", ""*"", ""/"", ""sin"", ""cos"", ""exp"", ""log"", ""R""], ""succ_error_tol"": 1e-06}","{""K"": 500, ""c"": 6.0, ""exploration_rate"": 0.1, ""gamma"": 0.5, ""gp_rate"": 0.5, ""lm_iterations"": 10, ""max_constants"": 999, ""max_depth"": 6, ""max_evals"": 2000000, ""max_unary"": 999, ""mutation_rate"": 0.1, ""ops"": [""+"", ""-"", ""*"", ""/"", ""sin"", ""cos"", ""exp"", ""log"", ""R""], ""succ_error_tol"": 1e-06}",0.5
imcts,Jin,6,Jin-6,expression,13,11284,200,100,100,2,"[""x0"", ""x1""]",1.35*x[0]*x[1] + 5.5*sin((x[0]-1) * (x[1]-1)),0.8322530388832092,False,0.9593745321729552,0.9291727205810704,45.0,2000003,232.833611278038,0.0,0,(sin(x1) * -0.537721643527 / x0 - (x0 * 0.0615115957595 - 4.95340448655)) * cos(x1 + x0 - x0 * x1) - (sin(x1 + x0 - x0 * x1) - ((0.172994408855 - x1) * x0 * -1.2979873087 - sin(x0 + x0))),(sin(x1) * -0.537721643527 / x0 - (x0 * 0.0615115957595 - 4.95340448655)) * cos(x1 + x0 - x0 * x1) - (sin(x1 + x0 - x0 * x1) - ((0.172994408855 - x1) * x0 * -1.2979873087 - sin(x0 + x0))),1.3*x0*(x1 - 0.173) - (0.062*x0 - 4.95 + 0.538*sin(x1)/x0)*cos(-x0*x1 + x0 + x1) - sin(2*x0) - sin(-x0*x1 + x0 + x1),"[-0.5377216435269473, 0.061511595759454904, 4.953404486545125, 0.1729944088552755, -1.2979873086984084]","{""K"": 500, ""c"": 6.0, ""exploration_rate"": 0.1, ""gamma"": 0.5, ""gp_rate"": 0.5, ""lm_iterations"": 10, ""max_constants"": 999, ""max_depth"": 6, ""max_evals"": 2000000, ""max_unary"": 999, ""mutation_rate"": 0.1, ""ops"": [""+"", ""-"", ""*"", ""/"", ""sin"", ""cos"", ""exp"", ""log"", ""R""], ""succ_error_tol"": 1e-06}","{""K"": 500, ""c"": 6.0, ""exploration_rate"": 0.1, ""gamma"": 0.5, ""gp_rate"": 0.5, ""lm_iterations"": 10, ""max_constants"": 999, ""max_depth"": 6, ""max_evals"": 2000000, ""max_unary"": 999, ""mutation_rate"": 0.1, ""ops"": [""+"", ""-"", ""*"", ""/"", ""sin"", ""cos"", ""exp"", ""log"", ""R""], ""succ_error_tol"": 1e-06}",0.5
imcts,Jin,6,Jin-6,expression,14,22118,200,100,100,2,"[""x0"", ""x1""]",1.35*x[0]*x[1] + 5.5*sin((x[0]-1) * (x[1]-1)),0.9999999403953552,True,0.9999999999999997,0.9999999999999996,15.0,286573,30.914039683993906,0.0,0,(sin((x0 - 0.999999996502) * (0.99999999834 - x1)) + (x0 - x0 + x1 * 0.245454543498) * (-0.387297385921 - x0 + 0.387297433136)) * ((x0 * x1 - x0) / x0 - (x1 - -4.50000002548)),(sin((x0 - 0.999999996502) * (0.99999999834 - x1)) + (x0 - x0 + x1 * 0.245454543498) * (-0.387297385921 - x0 + 0.387297433136)) * ((x0 * x1 - x0) / x0 - (x1 - -4.50000002548)),1.35*x0*x1 + 5.5*sin((x0 - 1.0)*(x1 - 1.0)),"[0.9999999965021602, 0.9999999983397532, 0.24545454349752413, -0.3872973859207108, 0.38729743313568377, -4.500000025477384]","{""K"": 500, ""c"": 6.0, ""exploration_rate"": 0.1, ""gamma"": 0.5, ""gp_rate"": 0.5, ""lm_iterations"": 10, ""max_constants"": 999, ""max_depth"": 6, ""max_evals"": 2000000, ""max_unary"": 999, ""mutation_rate"": 0.1, ""ops"": [""+"", ""-"", ""*"", ""/"", ""sin"", ""cos"", ""exp"", ""log"", ""R""], ""succ_error_tol"": 1e-06}","{""K"": 500, ""c"": 6.0, ""exploration_rate"": 0.1, ""gamma"": 0.5, ""gp_rate"": 0.5, ""lm_iterations"": 10, ""max_constants"": 999, ""max_depth"": 6, ""max_evals"": 2000000, ""max_unary"": 999, ""mutation_rate"": 0.1, ""ops"": [""+"", ""-"", ""*"", ""/"", ""sin"", ""cos"", ""exp"", ""log"", ""R""], ""succ_error_tol"": 1e-06}",0.5
imcts,Jin,6,Jin-6,expression,15,6265,200,100,100,2,"[""x0"", ""x1""]",1.35*x[0]*x[1] + 5.5*sin((x[0]-1) * (x[1]-1)),0.9999998807907104,True,0.9999999999999988,0.9999999999999987,15.0,1403786,206.24702238698956,0.0,0,(x0 * -1.75396926562e-08 + 1.35000003283) * x1 * (x0 - -1.9041495207e-08) - 4.0051670792e-09 / x1 + -5.49999988048 * sin((1.00000001335 - x1) * (x0 - 1.00000000588)),(x0 * -1.75396926562e-08 + 1.35000003283) * x1 * (x0 - -1.9041495207e-08) - 4.0051670792e-09 / x1 + -5.49999988048 * sin((1.00000001335 - x1) * (x0 - 1.00000000588)),1.35*x0*x1 + 5.5*sin((x0 - 1.0)*(x1 - 1.0)),"[-1.7539692656206226e-08, 1.0, 0.3500000328296483, -1.9041495206972114e-08, 4.005167079195197e-09, -4.499999870242539, 1.0000000102394255, 1.0000000133464353, 1.0000000058801992]","{""K"": 500, ""c"": 6.0, ""exploration_rate"": 0.1, ""gamma"": 0.5, ""gp_rate"": 0.5, ""lm_iterations"": 10, ""max_constants"": 999, ""max_depth"": 6, ""max_evals"": 2000000, ""max_unary"": 999, ""mutation_rate"": 0.1, ""ops"": [""+"", ""-"", ""*"", ""/"", ""sin"", ""cos"", ""exp"", ""log"", ""R""], ""succ_error_tol"": 1e-06}","{""K"": 500, ""c"": 6.0, ""exploration_rate"": 0.1, ""gamma"": 0.5, ""gp_rate"": 0.5, ""lm_iterations"": 10, ""max_constants"": 999, ""max_depth"": 6, ""max_evals"": 2000000, ""max_unary"": 999, ""mutation_rate"": 0.1, ""ops"": [""+"", ""-"", ""*"", ""/"", ""sin"", ""cos"", ""exp"", ""log"", ""R""], ""succ_error_tol"": 1e-06}",0.5
imcts,Jin,6,Jin-6,expression,16,11363,200,100,100,2,"[""x0"", ""x1""]",1.35*x[0]*x[1] + 5.5*sin((x[0]-1) * (x[1]-1)),0.9999999403953552,True,0.9999999999999999,0.9999999999999998,15.0,239714,25.812979679030832,0.0,0,(sin((0.999999991659 - x1) * (1.00000000232 - x0)) + x1 * 0.245454545091 * x0) * 5.49999996653,(sin((0.999999991659 - x1) * (1.00000000232 - x0)) + x1 * 0.245454545091 * x0) * 5.49999996653,1.35*x0*x1 + 5.5*sin((x0 - 1.0)*(x1 - 1.0)),"[0.9999999916588689, 1.0000000023225764, 0.24545454509118092, 3.1176287224961983, 2.382371244031021]","{""K"": 500, ""c"": 6.0, ""exploration_rate"": 0.1, ""gamma"": 0.5, ""gp_rate"": 0.5, ""lm_iterations"": 10, ""max_constants"": 999, ""max_depth"": 6, ""max_evals"": 2000000, ""max_unary"": 999, ""mutation_rate"": 0.1, ""ops"": [""+"", ""-"", ""*"", ""/"", ""sin"", ""cos"", ""exp"", ""log"", ""R""], ""succ_error_tol"": 1e-06}","{""K"": 500, ""c"": 6.0, ""exploration_rate"": 0.1, ""gamma"": 0.5, ""gp_rate"": 0.5, ""lm_iterations"": 10, ""max_constants"": 999, ""max_depth"": 6, ""max_evals"": 2000000, ""max_unary"": 999, ""mutation_rate"": 0.1, ""ops"": [""+"", ""-"", ""*"", ""/"", ""sin"", ""cos"", ""exp"", ""log"", ""R""], ""succ_error_tol"": 1e-06}",0.5
imcts,Jin,6,Jin-6,expression,17,27495,200,100,100,2,"[""x0"", ""x1""]",1.35*x[0]*x[1] + 5.5*sin((x[0]-1) * (x[1]-1)),0.9999999403953552,True,0.9999999999999997,0.9999999999999996,15.0,240258,25.052022905030753,0.0,0,(1.00000002891 * (x1 - -3.03071097516) + 2.46928887651 - x1) * (x0 * x1 * 0.245454547182 - sin((x1 - 0.999999992258) * (0.999999992143 - x0))),(1.00000002891 * (x1 - -3.03071097516) + 2.46928887651 - x1) * (x0 * x1 * 0.245454547182 - sin((x1 - 0.999999992258) * (0.999999992143 - x0))),1.350000009501*x0*x1 + 5.5*sin((x0 - 1.0)*(x1 - 1.0)),"[1.000000028911683, -3.030710975158211, 2.469288876509326, 0.2454545471824651, 0.9999999922578995, 0.9999999921428179]","{""K"": 500, ""c"": 6.0, ""exploration_rate"": 0.1, ""gamma"": 0.5, ""gp_rate"": 0.5, ""lm_iterations"": 10, ""max_constants"": 999, ""max_depth"": 6, ""max_evals"": 2000000, ""max_unary"": 999, ""mutation_rate"": 0.1, ""ops"": [""+"", ""-"", ""*"", ""/"", ""sin"", ""cos"", ""exp"", ""log"", ""R""], ""succ_error_tol"": 1e-06}","{""K"": 500, ""c"": 6.0, ""exploration_rate"": 0.1, ""gamma"": 0.5, ""gp_rate"": 0.5, ""lm_iterations"": 10, ""max_constants"": 999, ""max_depth"": 6, ""max_evals"": 2000000, ""max_unary"": 999, ""mutation_rate"": 0.1, ""ops"": [""+"", ""-"", ""*"", ""/"", ""sin"", ""cos"", ""exp"", ""log"", ""R""], ""succ_error_tol"": 1e-06}",0.5
imcts,Jin,6,Jin-6,expression,18,16023,200,100,100,2,"[""x0"", ""x1""]",1.35*x[0]*x[1] + 5.5*sin((x[0]-1) * (x[1]-1)),0.9999998807907104,True,0.999999999999998,0.9999999999999984,15.0,180194,17.99250445200596,0.0,0,5.50000011167 * (sin((x0 - 0.999999976089) * (x1 - 1.00000001279)) + 0.245454547883 * x1 * x0),5.50000011167 * (sin((x0 - 0.999999976089) * (x1 - 1.00000001279)) + 0.245454547883 * x1 * x0),1.35*x0*x1 + 5.5*sin((x0 - 1.0)*(x1 - 1.0)),"[5.5000001116656625, 0.9999999760893065, 1.0000000127876327, 1.103244604297422, 0.8577900564148256]","{""K"": 500, ""c"": 6.0, ""exploration_rate"": 0.1, ""gamma"": 0.5, ""gp_rate"": 0.5, ""lm_iterations"": 10, ""max_constants"": 999, ""max_depth"": 6, ""max_evals"": 2000000, ""max_unary"": 999, ""mutation_rate"": 0.1, ""ops"": [""+"", ""-"", ""*"", ""/"", ""sin"", ""cos"", ""exp"", ""log"", ""R""], ""succ_error_tol"": 1e-06}","{""K"": 500, ""c"": 6.0, ""exploration_rate"": 0.1, ""gamma"": 0.5, ""gp_rate"": 0.5, ""lm_iterations"": 10, ""max_constants"": 999, ""max_depth"": 6, ""max_evals"": 2000000, ""max_unary"": 999, ""mutation_rate"": 0.1, ""ops"": [""+"", ""-"", ""*"", ""/"", ""sin"", ""cos"", ""exp"", ""log"", ""R""], ""succ_error_tol"": 1e-06}",0.5
imcts,Jin,6,Jin-6,expression,19,8322,200,100,100,2,"[""x0"", ""x1""]",1.35*x[0]*x[1] + 5.5*sin((x[0]-1) * (x[1]-1)),0.9999998807907104,True,0.9999999999999994,0.9999999999999993,15.0,247441,28.620186912012286,0.0,0,1.34999999203 * (2.16643481467e-08 + x0) * (x1 - 2.0603193123e-08) - -4.43044207987e-08 + -5.5000001461 * sin((0.999999993472 - x0) * (x1 - 1.00000000393)),1.34999999203 * (2.16643481467e-08 + x0) * (x1 - 2.0603193123e-08) - -4.43044207987e-08 + -5.5000001461 * sin((0.999999993472 - x0) * (x1 - 1.00000000393)),1.35*x0*x1 + 5.5*sin((x0 - 1.0)*(x1 - 1.0)),"[1.3499999920294639, 2.1664348146654493e-08, 2.0603193123014897e-08, -1.0000000443044208, 1.0, -6.500000146103435, 0.9999999999999932, 0.9999999934721727, 1.0000000039259322]","{""K"": 500, ""c"": 6.0, ""exploration_rate"": 0.1, ""gamma"": 0.5, ""gp_rate"": 0.5, ""lm_iterations"": 10, ""max_constants"": 999, ""max_depth"": 6, ""max_evals"": 2000000, ""max_unary"": 999, ""mutation_rate"": 0.1, ""ops"": [""+"", ""-"", ""*"", ""/"", ""sin"", ""cos"", ""exp"", ""log"", ""R""], ""succ_error_tol"": 1e-06}","{""K"": 500, ""c"": 6.0, ""exploration_rate"": 0.1, ""gamma"": 0.5, ""gp_rate"": 0.5, ""lm_iterations"": 10, ""max_constants"": 999, ""max_depth"": 6, ""max_evals"": 2000000, ""max_unary"": 999, ""mutation_rate"": 0.1, ""ops"": [""+"", ""-"", ""*"", ""/"", ""sin"", ""cos"", ""exp"", ""log"", ""R""], ""succ_error_tol"": 1e-06}",0.5
imcts,Jin,6,Jin-6,expression,20,1685,200,100,100,2,"[""x0"", ""x1""]",1.35*x[0]*x[1] + 5.5*sin((x[0]-1) * (x[1]-1)),0.9999999403953552,True,0.9999999999999992,0.9999999999999989,15.0,911503,117.98429424798815,0.0,0,((0.782544752904 - x0) / 0.782544788075 - (x0 / x0 + 2.45810675081e-08 * x1)) * -1.05643549234 * (-1.48218327748e-09 + x1 - 1.10747085894e-08 * x0) - (1.74364154475e-08 * x1 * x0 - (-6.68550770477e-08 * x1 + 5.49999992812)) * sin((0.999999991 - x0) * (1.00000001172 - x1)),((0.782544752904 - x0) / 0.782544788075 - (x0 / x0 + 2.45810675081e-08 * x1)) * -1.05643549234 * (-1.48218327748e-09 + x1 - 1.10747085894e-08 * x0) - (1.74364154475e-08 * x1 * x0 - (-6.68550770477e-08 * x1 + 5.49999992812)) * sin((0.999999991 - x0) * (1.00000001172 - x1)),1.35*x0*x1 + 5.5*sin((x0 - 1.0)*(x1 - 1.0)),"[0.7825447529039263, 0.7825447880754778, 2.4581067508057858e-08, 0.8850377814426409, 1.6896957537506279, -1.4821832774765206e-09, 1.1074708589388962e-08, 1.7436415447493602e-08, -6.685507704773797e-08, 5.499999928124546, 0.9999999910004028, 1.0000000117190382]","{""K"": 500, ""c"": 6.0, ""exploration_rate"": 0.1, ""gamma"": 0.5, ""gp_rate"": 0.5, ""lm_iterations"": 10, ""max_constants"": 999, ""max_depth"": 6, ""max_evals"": 2000000, ""max_unary"": 999, ""mutation_rate"": 0.1, ""ops"": [""+"", ""-"", ""*"", ""/"", ""sin"", ""cos"", ""exp"", ""log"", ""R""], ""succ_error_tol"": 1e-06}","{""K"": 500, ""c"": 6.0, ""exploration_rate"": 0.1, ""gamma"": 0.5, ""gp_rate"": 0.5, ""lm_iterations"": 10, ""max_constants"": 999, ""max_depth"": 6, ""max_evals"": 2000000, ""max_unary"": 999, ""mutation_rate"": 0.1, ""ops"": [""+"", ""-"", ""*"", ""/"", ""sin"", ""cos"", ""exp"", ""log"", ""R""], ""succ_error_tol"": 1e-06}",0.5
imcts,Jin,6,Jin-6,expression,21,32052,200,100,100,2,"[""x0"", ""x1""]",1.35*x[0]*x[1] + 5.5*sin((x[0]-1) * (x[1]-1)),0.9999998807907104,True,0.9999999999999996,0.9999999999999994,15.0,212527,22.419642486958764,0.0,0,(sin((x1 - 0.999999990432) * (x0 - 0.999999994733)) + (3.01097482544e-08 + x1) / (4.07407404617 / x0)) * 5.49999997448,(sin((x1 - 0.999999990432) * (x0 - 0.999999994733)) + (3.01097482544e-08 + x1) / (4.07407404617 / x0)) * 5.49999997448,1.35*x0*x1 + 5.5*sin((x0 - 1.0)*(x1 - 1.0)),"[0.9999999904317561, 0.9999999947328708, 3.010974825443707e-08, 4.074074046173282, 5.499999974484208]","{""K"": 500, ""c"": 6.0, ""exploration_rate"": 0.1, ""gamma"": 0.5, ""gp_rate"": 0.5, ""lm_iterations"": 10, ""max_constants"": 999, ""max_depth"": 6, ""max_evals"": 2000000, ""max_unary"": 999, ""mutation_rate"": 0.1, ""ops"": [""+"", ""-"", ""*"", ""/"", ""sin"", ""cos"", ""exp"", ""log"", ""R""], ""succ_error_tol"": 1e-06}","{""K"": 500, ""c"": 6.0, ""exploration_rate"": 0.1, ""gamma"": 0.5, ""gp_rate"": 0.5, ""lm_iterations"": 10, ""max_constants"": 999, ""max_depth"": 6, ""max_evals"": 2000000, ""max_unary"": 999, ""mutation_rate"": 0.1, ""ops"": [""+"", ""-"", ""*"", ""/"", ""sin"", ""cos"", ""exp"", ""log"", ""R""], ""succ_error_tol"": 1e-06}",0.5
imcts,Jin,6,Jin-6,expression,22,769,200,100,100,2,"[""x0"", ""x1""]",1.35*x[0]*x[1] + 5.5*sin((x[0]-1) * (x[1]-1)),0.9999999403953552,True,0.9999999999999979,0.9999999999999983,15.0,803432,124.82560275797732,0.0,0,-5.49999997691 * sin((x1 - 0.999999979176) * (1.00000001648 - x0)) + exp(sin(x0)) * 1.63615049035e-08 * (x0 + -2.46358434771) + x1 * 1.35000004633 * (x0 + -5.2132735906e-08),-5.49999997691 * sin((x1 - 0.999999979176) * (1.00000001648 - x0)) + exp(sin(x0)) * 1.63615049035e-08 * (x0 + -2.46358434771) + x1 * 1.35000004633 * (x0 + -5.2132735906e-08),1.35*x0*x1 + 5.5*sin((x0 - 1.0)*(x1 - 1.0)),"[-5.499999976907588, 0.9999999791763754, 1.0000000164778644, 1.636150490354402e-08, -2.4635843477115493, 1.3500000463340687, -5.213273590598533e-08, 1.0000000000000102]","{""K"": 500, ""c"": 6.0, ""exploration_rate"": 0.1, ""gamma"": 0.5, ""gp_rate"": 0.5, ""lm_iterations"": 10, ""max_constants"": 999, ""max_depth"": 6, ""max_evals"": 2000000, ""max_unary"": 999, ""mutation_rate"": 0.1, ""ops"": [""+"", ""-"", ""*"", ""/"", ""sin"", ""cos"", ""exp"", ""log"", ""R""], ""succ_error_tol"": 1e-06}","{""K"": 500, ""c"": 6.0, ""exploration_rate"": 0.1, ""gamma"": 0.5, ""gp_rate"": 0.5, ""lm_iterations"": 10, ""max_constants"": 999, ""max_depth"": 6, ""max_evals"": 2000000, ""max_unary"": 999, ""mutation_rate"": 0.1, ""ops"": [""+"", ""-"", ""*"", ""/"", ""sin"", ""cos"", ""exp"", ""log"", ""R""], ""succ_error_tol"": 1e-06}",0.5
imcts,Jin,6,Jin-6,expression,23,26967,200,100,100,2,"[""x0"", ""x1""]",1.35*x[0]*x[1] + 5.5*sin((x[0]-1) * (x[1]-1)),0.9999999403953552,True,0.9999999999999993,0.9999999999999987,15.0,587171,77.18323894304922,0.0,0,(x1 + x1) * (0.349999965692 + -0.349999957138 + x0) * 0.674999981456 - 5.50000010233 * sin((x1 - 1.0000000082) * (0.999999985949 - x0)),(x1 + x1) * (0.349999965692 + -0.349999957138 + x0) * 0.674999981456 - 5.50000010233 * sin((x1 - 1.0000000082) * (0.999999985949 - x0)),1.35*x0*x1 + 5.5*sin((x0 - 1.0)*(x1 - 1.0)),"[0.349999965692221, -0.3499999571383079, 0.6749999814560994, 1.7047481108440572, 1.000000008197693, 0.9999999859490672]","{""K"": 500, ""c"": 6.0, ""exploration_rate"": 0.1, ""gamma"": 0.5, ""gp_rate"": 0.5, ""lm_iterations"": 10, ""max_constants"": 999, ""max_depth"": 6, ""max_evals"": 2000000, ""max_unary"": 999, ""mutation_rate"": 0.1, ""ops"": [""+"", ""-"", ""*"", ""/"", ""sin"", ""cos"", ""exp"", ""log"", ""R""], ""succ_error_tol"": 1e-06}","{""K"": 500, ""c"": 6.0, ""exploration_rate"": 0.1, ""gamma"": 0.5, ""gp_rate"": 0.5, ""lm_iterations"": 10, ""max_constants"": 999, ""max_depth"": 6, ""max_evals"": 2000000, ""max_unary"": 999, ""mutation_rate"": 0.1, ""ops"": [""+"", ""-"", ""*"", ""/"", ""sin"", ""cos"", ""exp"", ""log"", ""R""], ""succ_error_tol"": 1e-06}",0.5
imcts,Jin,6,Jin-6,expression,24,30187,200,100,100,2,"[""x0"", ""x1""]",1.35*x[0]*x[1] + 5.5*sin((x[0]-1) * (x[1]-1)),0.9999998807907104,True,0.9999999999999987,0.9999999999999986,20.0,245115,23.37177467800211,0.0,0,(x1 - (-2.32702077537e-08 + x1) * (1.00000005476 - x0)) * 1.3500000546 + 5.49999997372 * sin((1.00000000395 - x1) * (1.00000000106 - x0)),(x1 - (-2.32702077537e-08 + x1) * (1.00000005476 - x0)) * 1.3500000546 + 5.49999997372 * sin((1.00000000395 - x1) * (1.00000000106 - x0)),1.35*x1*(x0 - 1.0) + 1.35*x1 + 5.5*sin((x0 - 1.0)*(x1 - 1.0)),"[-2.3270207753744347e-08, 1.000000054761414, 1.3500000545992326, 5.4999999737241945, 1.0000000039456964, 1.0000000010558248]","{""K"": 500, ""c"": 6.0, ""exploration_rate"": 0.1, ""gamma"": 0.5, ""gp_rate"": 0.5, ""lm_iterations"": 10, ""max_constants"": 999, ""max_depth"": 6, ""max_evals"": 2000000, ""max_unary"": 999, ""mutation_rate"": 0.1, ""ops"": [""+"", ""-"", ""*"", ""/"", ""sin"", ""cos"", ""exp"", ""log"", ""R""], ""succ_error_tol"": 1e-06}","{""K"": 500, ""c"": 6.0, ""exploration_rate"": 0.1, ""gamma"": 0.5, ""gp_rate"": 0.5, ""lm_iterations"": 10, ""max_constants"": 999, ""max_depth"": 6, ""max_evals"": 2000000, ""max_unary"": 999, ""mutation_rate"": 0.1, ""ops"": [""+"", ""-"", ""*"", ""/"", ""sin"", ""cos"", ""exp"", ""log"", ""R""], ""succ_error_tol"": 1e-06}",0.5
imcts,Jin,6,Jin-6,expression,25,32157,200,100,100,2,"[""x0"", ""x1""]",1.35*x[0]*x[1] + 5.5*sin((x[0]-1) * (x[1]-1)),0.9999999403953552,True,0.9999999999999994,0.9999999999999967,15.0,930847,108.73777662799694,0.0,0,(x0 * (1.22471900155e-09 + x1 * 0.245454537647) - sin((0.999999984461 - x1) * (x0 - 1.00000000744))) * (1 + 4.50446314188 - (0.00446304938719 + -1.11155551979e-08 / x1)),(x0 * (1.22471900155e-09 + x1 * 0.245454537647) - sin((0.999999984461 - x1) * (x0 - 1.00000000744))) * (1 + 4.50446314188 - (0.00446304938719 + -1.11155551979e-08 / x1)),1.3499999570585*x0*x1 + 5.5*sin((x0 - 1.0)*(x1 - 1.0)),"[1.2247190015485185e-09, 0.24545453764718622, 0.999999984460952, 1.0000000074432718, 1.0, 1.0, 1.0, 4.504463141883281, -0.06680605801267347, -0.06680605801267431, -1.1115555197948414e-08]","{""K"": 500, ""c"": 6.0, ""exploration_rate"": 0.1, ""gamma"": 0.5, ""gp_rate"": 0.5, ""lm_iterations"": 10, ""max_constants"": 999, ""max_depth"": 6, ""max_evals"": 2000000, ""max_unary"": 999, ""mutation_rate"": 0.1, ""ops"": [""+"", ""-"", ""*"", ""/"", ""sin"", ""cos"", ""exp"", ""log"", ""R""], ""succ_error_tol"": 1e-06}","{""K"": 500, ""c"": 6.0, ""exploration_rate"": 0.1, ""gamma"": 0.5, ""gp_rate"": 0.5, ""lm_iterations"": 10, ""max_constants"": 999, ""max_depth"": 6, ""max_evals"": 2000000, ""max_unary"": 999, ""mutation_rate"": 0.1, ""ops"": [""+"", ""-"", ""*"", ""/"", ""sin"", ""cos"", ""exp"", ""log"", ""R""], ""succ_error_tol"": 1e-06}",0.5
imcts,Jin,6,Jin-6,expression,26,23333,200,100,100,2,"[""x0"", ""x1""]",1.35*x[0]*x[1] + 5.5*sin((x[0]-1) * (x[1]-1)),0.9999998807907104,True,0.9999999999999997,0.9999999999999997,15.0,315225,35.800738348974846,0.0,0,-5.49999994439 * (sin((x1 - 0.999999994352) * (0.99999999635 - x0)) - 0.245454545545 * (x1 - -2.58158838319e-09) * (0.000444377069137 + x0 + -0.000444357232233)),-5.49999994439 * (sin((x1 - 0.999999994352) * (0.99999999635 - x0)) - 0.245454545545 * (x1 - -2.58158838319e-09) * (0.000444377069137 + x0 + -0.000444357232233)),1.3500000004975*x0*x1 + 5.5*sin((x0 - 1.0)*(x1 - 1.0)),"[-0.16499411482797477, 2.1689478206873476, 2.166058008879155, 1.0, 1.0, 1.0, 0.9999999943519087, 0.9999999963501922, 0.24545454554485108, -2.5815883831916137e-09, 0.00044437706913654374, -0.0004443572322327064]","{""K"": 500, ""c"": 6.0, ""exploration_rate"": 0.1, ""gamma"": 0.5, ""gp_rate"": 0.5, ""lm_iterations"": 10, ""max_constants"": 999, ""max_depth"": 6, ""max_evals"": 2000000, ""max_unary"": 999, ""mutation_rate"": 0.1, ""ops"": [""+"", ""-"", ""*"", ""/"", ""sin"", ""cos"", ""exp"", ""log"", ""R""], ""succ_error_tol"": 1e-06}","{""K"": 500, ""c"": 6.0, ""exploration_rate"": 0.1, ""gamma"": 0.5, ""gp_rate"": 0.5, ""lm_iterations"": 10, ""max_constants"": 999, ""max_depth"": 6, ""max_evals"": 2000000, ""max_unary"": 999, ""mutation_rate"": 0.1, ""ops"": [""+"", ""-"", ""*"", ""/"", ""sin"", ""cos"", ""exp"", ""log"", ""R""], ""succ_error_tol"": 1e-06}",0.5
imcts,Jin,6,Jin-6,expression,27,2433,200,100,100,2,"[""x0"", ""x1""]",1.35*x[0]*x[1] + 5.5*sin((x[0]-1) * (x[1]-1)),0.7631319761276245,False,0.9036584511582303,0.8527240480068128,43.0,2000004,326.50735669297865,0.0,0,cos(x0 + x1) * cos(x1 * x0) * (x0 * 0.565359037681 * (0.943770254026 + x0) - (x1 * 2.35154726577 + x0 - 3.3297846145)) + (cos(x0 * 1.76847710394) - (x0 * 0.885759268814 + -0.285417122829)) * (1.27369773082 - x1 * 1.79118330842) * (1.11872714126 + sin(x1)),cos(x0 + x1) * cos(x1 * x0) * (x0 * 0.565359037681 * (0.943770254026 + x0) - (x1 * 2.35154726577 + x0 - 3.3297846145)) + (cos(x0 * 1.76847710394) - (x0 * 0.885759268814 + -0.285417122829)) * (1.27369773082 - x1 * 1.79118330842) * (1.11872714126 + sin(x1)),(1.27 - 1.79*x1)*(sin(x1) + 1.12)*(-0.886*x0 + cos(1.77*x0) + 0.285) + (0.565*x0*(x0 + 0.944) - x0 - 2.35*x1 + 3.33)*cos(x0*x1)*cos(x0 + x1),"[0.5653590376808747, 0.9437702540258746, 2.351547265769879, 3.3297846144999315, 1.768477103944778, 0.8857592688136366, -0.28541712282900267, 1.2736977308223538, 1.7911833084232591, 0.5571874566511932, 0.5615396846114532]","{""K"": 500, ""c"": 6.0, ""exploration_rate"": 0.1, ""gamma"": 0.5, ""gp_rate"": 0.5, ""lm_iterations"": 10, ""max_constants"": 999, ""max_depth"": 6, ""max_evals"": 2000000, ""max_unary"": 999, ""mutation_rate"": 0.1, ""ops"": [""+"", ""-"", ""*"", ""/"", ""sin"", ""cos"", ""exp"", ""log"", ""R""], ""succ_error_tol"": 1e-06}","{""K"": 500, ""c"": 6.0, ""exploration_rate"": 0.1, ""gamma"": 0.5, ""gp_rate"": 0.5, ""lm_iterations"": 10, ""max_constants"": 999, ""max_depth"": 6, ""max_evals"": 2000000, ""max_unary"": 999, ""mutation_rate"": 0.1, ""ops"": [""+"", ""-"", ""*"", ""/"", ""sin"", ""cos"", ""exp"", ""log"", ""R""], ""succ_error_tol"": 1e-06}",0.5
imcts,Jin,6,Jin-6,expression,28,5311,200,100,100,2,"[""x0"", ""x1""]",1.35*x[0]*x[1] + 5.5*sin((x[0]-1) * (x[1]-1)),0.9999998807907104,True,0.9999999999999996,0.9999999999999996,15.0,125962,11.00646277301712,0.0,0,(x0 / 2.85714310817 + x0) * x1 + sin((0.999999992159 - x1) * (x0 - 1.00000000387)) * -5.49999993189,(x0 / 2.85714310817 + x0) * x1 + sin((0.999999992159 - x1) * (x0 - 1.00000000387)) * -5.49999993189,1.35*x0*x1 + 5.5*sin((x0 - 1.0)*(x1 - 1.0)),"[2.8571431081682603, 0.9999999921586867, 1.0000000038742474, -5.49999993189488]","{""K"": 500, ""c"": 6.0, ""exploration_rate"": 0.1, ""gamma"": 0.5, ""gp_rate"": 0.5, ""lm_iterations"": 10, ""max_constants"": 999, ""max_depth"": 6, ""max_evals"": 2000000, ""max_unary"": 999, ""mutation_rate"": 0.1, ""ops"": [""+"", ""-"", ""*"", ""/"", ""sin"", ""cos"", ""exp"", ""log"", ""R""], ""succ_error_tol"": 1e-06}","{""K"": 500, ""c"": 6.0, ""exploration_rate"": 0.1, ""gamma"": 0.5, ""gp_rate"": 0.5, ""lm_iterations"": 10, ""max_constants"": 999, ""max_depth"": 6, ""max_evals"": 2000000, ""max_unary"": 999, ""mutation_rate"": 0.1, ""ops"": [""+"", ""-"", ""*"", ""/"", ""sin"", ""cos"", ""exp"", ""log"", ""R""], ""succ_error_tol"": 1e-06}",0.5
imcts,Jin,6,Jin-6,expression,29,5051,200,100,100,2,"[""x0"", ""x1""]",1.35*x[0]*x[1] + 5.5*sin((x[0]-1) * (x[1]-1)),0.7598047256469727,False,0.9000633080164961,0.6233116923409111,41.0,2000002,341.19472562300507,0.0,0,(0.35031749591 + sin(x1)) * (2.14301094442 * x0 + -1.46740014503 + x1) - sin(x0) * (1.01776605477 - x1) * (1.05024332111 + x0) * sin(x0) - sin(-1.27420805953 + x0 + 1.3149656628 * x1) * (3.97408225138 + x0 + cos(x1) - 3.7751605195 * sin(x0)),(0.35031749591 + sin(x1)) * (2.14301094442 * x0 + -1.46740014503 + x1) - sin(x0) * (1.01776605477 - x1) * (1.05024332111 + x0) * sin(x0) - sin(-1.27420805953 + x0 + 1.3149656628 * x1) * (3.97408225138 + x0 + cos(x1) - 3.7751605195 * sin(x0)),(x0 + 1.05)*(x1 - 1.02)*sin(x0)**2 + (sin(x1) + 0.35)*(2.14*x0 + x1 - 1.47) - (x0 - 3.77*sin(x0) + cos(x1) + 3.97)*sin(x0 + 1.31*x1 - 1.27),"[0.3503174959103226, 2.1430109444157712, -1.4674001450287757, 1.0177660547734906, 1.050243321107736, -1.2742080595337444, 1.3149656627955066, 3.9740822513785723, 3.7751605194961915]","{""K"": 500, ""c"": 6.0, ""exploration_rate"": 0.1, ""gamma"": 0.5, ""gp_rate"": 0.5, ""lm_iterations"": 10, ""max_constants"": 999, ""max_depth"": 6, ""max_evals"": 2000000, ""max_unary"": 999, ""mutation_rate"": 0.1, ""ops"": [""+"", ""-"", ""*"", ""/"", ""sin"", ""cos"", ""exp"", ""log"", ""R""], ""succ_error_tol"": 1e-06}","{""K"": 500, ""c"": 6.0, ""exploration_rate"": 0.1, ""gamma"": 0.5, ""gp_rate"": 0.5, ""lm_iterations"": 10, ""max_constants"": 999, ""max_depth"": 6, ""max_evals"": 2000000, ""max_unary"": 999, ""mutation_rate"": 0.1, ""ops"": [""+"", ""-"", ""*"", ""/"", ""sin"", ""cos"", ""exp"", ""log"", ""R""], ""succ_error_tol"": 1e-06}",0.5
imcts,Jin,6,Jin-6,expression,30,6420,200,100,100,2,"[""x0"", ""x1""]",1.35*x[0]*x[1] + 5.5*sin((x[0]-1) * (x[1]-1)),0.9999999403953552,True,0.999999999999999,0.9999999999999991,15.0,1121912,159.42782206996344,0.0,0,5.19478497942e-08 * x0 + -4.61424132127e-10 / x1 + x1 * x0 * 1.34999999512 + sin((x0 - 1.00000001777) * (1.00000000562 - x1)) * -5.50000006288,5.19478497942e-08 * x0 + -4.61424132127e-10 / x1 + x1 * x0 * 1.34999999512 + sin((x0 - 1.00000001777) * (1.00000000562 - x1)) * -5.50000006288,1.35*x0*x1 + 5.5*sin((x0 - 1.0)*(x1 - 1.0)),"[5.194784979417837e-08, -4.6142413212733947e-10, 1.3499999951160597, 1.000000017774848, 1.0000000056201284, -5.500000062884793]","{""K"": 500, ""c"": 6.0, ""exploration_rate"": 0.1, ""gamma"": 0.5, ""gp_rate"": 0.5, ""lm_iterations"": 10, ""max_constants"": 999, ""max_depth"": 6, ""max_evals"": 2000000, ""max_unary"": 999, ""mutation_rate"": 0.1, ""ops"": [""+"", ""-"", ""*"", ""/"", ""sin"", ""cos"", ""exp"", ""log"", ""R""], ""succ_error_tol"": 1e-06}","{""K"": 500, ""c"": 6.0, ""exploration_rate"": 0.1, ""gamma"": 0.5, ""gp_rate"": 0.5, ""lm_iterations"": 10, ""max_constants"": 999, ""max_depth"": 6, ""max_evals"": 2000000, ""max_unary"": 999, ""mutation_rate"": 0.1, ""ops"": [""+"", ""-"", ""*"", ""/"", ""sin"", ""cos"", ""exp"", ""log"", ""R""], ""succ_error_tol"": 1e-06}",0.5
imcts,Jin,6,Jin-6,expression,31,17568,200,100,100,2,"[""x0"", ""x1""]",1.35*x[0]*x[1] + 5.5*sin((x[0]-1) * (x[1]-1)),0.790919840335846,False,0.9301187161150188,0.8887212528009037,42.0,2000004,255.45857681299094,0.0,0,(cos(x1 * x0 - (x0 + x1)) + x1 / 1.02990685126 * 0.269458549733 * x0 + -0.148570736689 * x0 - 0.264554948921) * ((x0 * x0 + x1 / 0.452560693799) * x0 * x1 * x0 / 52.0974024485 + 0.15339362388 / x1 - -4.14737667529 - -0.225728986199 * x1 * x0),(cos(x1 * x0 - (x0 + x1)) + x1 / 1.02990685126 * 0.269458549733 * x0 + -0.148570736689 * x0 - 0.264554948921) * ((x0 * x0 + x1 / 0.452560693799) * x0 * x1 * x0 / 52.0974024485 + 0.15339362388 / x1 - -4.14737667529 - -0.225728986199 * x1 * x0),(0.262*x0*x1 - 0.149*x0 + cos(-x0*x1 + x0 + x1) - 0.265)*(0.019*x0**2*x1*(x0**2 + 2.21*x1) + 0.226*x0*x1 + 4.15 + 0.153/x1),"[1.0299068512587677, 0.2694585497332279, -0.1485707366892498, 0.26455494892137155, 0.4525606937993623, 52.097402448548884, 0.15339362388015532, -4.147376675289527, -0.22572898619890905, 1.0]","{""K"": 500, ""c"": 6.0, ""exploration_rate"": 0.1, ""gamma"": 0.5, ""gp_rate"": 0.5, ""lm_iterations"": 10, ""max_constants"": 999, ""max_depth"": 6, ""max_evals"": 2000000, ""max_unary"": 999, ""mutation_rate"": 0.1, ""ops"": [""+"", ""-"", ""*"", ""/"", ""sin"", ""cos"", ""exp"", ""log"", ""R""], ""succ_error_tol"": 1e-06}","{""K"": 500, ""c"": 6.0, ""exploration_rate"": 0.1, ""gamma"": 0.5, ""gp_rate"": 0.5, ""lm_iterations"": 10, ""max_constants"": 999, ""max_depth"": 6, ""max_evals"": 2000000, ""max_unary"": 999, ""mutation_rate"": 0.1, ""ops"": [""+"", ""-"", ""*"", ""/"", ""sin"", ""cos"", ""exp"", ""log"", ""R""], ""succ_error_tol"": 1e-06}",0.5
imcts,Jin,6,Jin-6,expression,32,20939,200,100,100,2,"[""x0"", ""x1""]",1.35*x[0]*x[1] + 5.5*sin((x[0]-1) * (x[1]-1)),0.9999998807907104,True,0.9999999999999984,0.9999999999999989,15.0,84781,6.597048587049358,0.0,0,sin((x1 - 0.999999994095) * (0.99999998145 - x0)) * -5.4999999933 - x1 * x0 * -1.35000004088,sin((x1 - 0.999999994095) * (0.99999998145 - x0)) * -5.4999999933 - x1 * x0 * -1.35000004088,1.35*x0*x1 + 5.5*sin((x0 - 1.0)*(x1 - 1.0)),"[0.9999999940950047, 0.9999999814503949, -5.4999999932960995, -0.5085290560676196, 1.0]","{""K"": 500, ""c"": 6.0, ""exploration_rate"": 0.1, ""gamma"": 0.5, ""gp_rate"": 0.5, ""lm_iterations"": 10, ""max_constants"": 999, ""max_depth"": 6, ""max_evals"": 2000000, ""max_unary"": 999, ""mutation_rate"": 0.1, ""ops"": [""+"", ""-"", ""*"", ""/"", ""sin"", ""cos"", ""exp"", ""log"", ""R""], ""succ_error_tol"": 1e-06}","{""K"": 500, ""c"": 6.0, ""exploration_rate"": 0.1, ""gamma"": 0.5, ""gp_rate"": 0.5, ""lm_iterations"": 10, ""max_constants"": 999, ""max_depth"": 6, ""max_evals"": 2000000, ""max_unary"": 999, ""mutation_rate"": 0.1, ""ops"": [""+"", ""-"", ""*"", ""/"", ""sin"", ""cos"", ""exp"", ""log"", ""R""], ""succ_error_tol"": 1e-06}",0.5
imcts,Jin,6,Jin-6,expression,33,19769,200,100,100,2,"[""x0"", ""x1""]",1.35*x[0]*x[1] + 5.5*sin((x[0]-1) * (x[1]-1)),0.9999998807907104,True,0.999999999999998,0.9999999999999979,15.0,92549,7.456655803951435,0.0,0,(5.49999992617 - 7.70226430197e-08 * x1) * (sin((x1 - 1.00000000838) * (x0 - 1.00000001001)) + x1 * x0 * 0.245454561679),(5.49999992617 - 7.70226430197e-08 * x1) * (sin((x1 - 1.00000000838) * (x0 - 1.00000001001)) + x1 * x0 * 0.245454561679),1.3500000892345*x0*x1 + 5.5*sin((x0 - 1.0)*(x1 - 1.0)),"[5.499999926169206, 7.702264301973922e-08, 1.0000000083786098, 1.0000000100061899, 0.24545456167949437]","{""K"": 500, ""c"": 6.0, ""exploration_rate"": 0.1, ""gamma"": 0.5, ""gp_rate"": 0.5, ""lm_iterations"": 10, ""max_constants"": 999, ""max_depth"": 6, ""max_evals"": 2000000, ""max_unary"": 999, ""mutation_rate"": 0.1, ""ops"": [""+"", ""-"", ""*"", ""/"", ""sin"", ""cos"", ""exp"", ""log"", ""R""], ""succ_error_tol"": 1e-06}","{""K"": 500, ""c"": 6.0, ""exploration_rate"": 0.1, ""gamma"": 0.5, ""gp_rate"": 0.5, ""lm_iterations"": 10, ""max_constants"": 999, ""max_depth"": 6, ""max_evals"": 2000000, ""max_unary"": 999, ""mutation_rate"": 0.1, ""ops"": [""+"", ""-"", ""*"", ""/"", ""sin"", ""cos"", ""exp"", ""log"", ""R""], ""succ_error_tol"": 1e-06}",0.5
imcts,Jin,6,Jin-6,expression,34,28693,200,100,100,2,"[""x0"", ""x1""]",1.35*x[0]*x[1] + 5.5*sin((x[0]-1) * (x[1]-1)),0.9999998807907104,True,0.9999999999999993,0.9999999999999993,15.0,476263,54.054253680980764,0.0,0,(sin((x0 - 1.00000001104) * (x1 - 0.999999985891)) - (x1 * 0.754545458051 * x0 - x0 * x1)) * 5.49999994929,(sin((x0 - 1.00000001104) * (x1 - 0.999999985891)) - (x1 * 0.754545458051 * x0 - x0 * x1)) * 5.49999994929,1.35*x0*x1 + 5.5*sin((x0 - 1.0)*(x1 - 1.0)),"[1.0000000110424359, 0.9999999858906059, 0.7545454580514607, 5.499999949291649]","{""K"": 500, ""c"": 6.0, ""exploration_rate"": 0.1, ""gamma"": 0.5, ""gp_rate"": 0.5, ""lm_iterations"": 10, ""max_constants"": 999, ""max_depth"": 6, ""max_evals"": 2000000, ""max_unary"": 999, ""mutation_rate"": 0.1, ""ops"": [""+"", ""-"", ""*"", ""/"", ""sin"", ""cos"", ""exp"", ""log"", ""R""], ""succ_error_tol"": 1e-06}","{""K"": 500, ""c"": 6.0, ""exploration_rate"": 0.1, ""gamma"": 0.5, ""gp_rate"": 0.5, ""lm_iterations"": 10, ""max_constants"": 999, ""max_depth"": 6, ""max_evals"": 2000000, ""max_unary"": 999, ""mutation_rate"": 0.1, ""ops"": [""+"", ""-"", ""*"", ""/"", ""sin"", ""cos"", ""exp"", ""log"", ""R""], ""succ_error_tol"": 1e-06}",0.5
imcts,Jin,6,Jin-6,expression,35,6396,200,100,100,2,"[""x0"", ""x1""]",1.35*x[0]*x[1] + 5.5*sin((x[0]-1) * (x[1]-1)),0.9999999403953552,True,0.999999999999999,0.9999999999999991,15.0,569751,68.4517832280253,0.0,0,sin((x0 - 0.999999990421) * (x1 - 1.00000001686)) * 5.500000029 + (x0 * 1.3499999931 + -5.43738768104e-08) * x1,sin((x0 - 0.999999990421) * (x1 - 1.00000001686)) * 5.500000029 + (x0 * 1.3499999931 + -5.43738768104e-08) * x1,1.35*x0*x1 + 5.5*sin((x0 - 1.0)*(x1 - 1.0)),"[0.9999999904209549, 1.0000000168594114, 5.500000029004276, 1.3499999930976228, -5.4373876810383117e-08]","{""K"": 500, ""c"": 6.0, ""exploration_rate"": 0.1, ""gamma"": 0.5, ""gp_rate"": 0.5, ""lm_iterations"": 10, ""max_constants"": 999, ""max_depth"": 6, ""max_evals"": 2000000, ""max_unary"": 999, ""mutation_rate"": 0.1, ""ops"": [""+"", ""-"", ""*"", ""/"", ""sin"", ""cos"", ""exp"", ""log"", ""R""], ""succ_error_tol"": 1e-06}","{""K"": 500, ""c"": 6.0, ""exploration_rate"": 0.1, ""gamma"": 0.5, ""gp_rate"": 0.5, ""lm_iterations"": 10, ""max_constants"": 999, ""max_depth"": 6, ""max_evals"": 2000000, ""max_unary"": 999, ""mutation_rate"": 0.1, ""ops"": [""+"", ""-"", ""*"", ""/"", ""sin"", ""cos"", ""exp"", ""log"", ""R""], ""succ_error_tol"": 1e-06}",0.5
imcts,Jin,6,Jin-6,expression,36,29419,200,100,100,2,"[""x0"", ""x1""]",1.35*x[0]*x[1] + 5.5*sin((x[0]-1) * (x[1]-1)),0.9999999403953552,True,0.9999999999999984,0.9999999999999983,15.0,184139,16.93851679400541,0.0,0,((-4.37622199017e-09 + x1) * (x0 - 0.754545453389 * x0) + sin((x1 - 1.00000000568) * (x0 - 0.999999987543))) * ((x1 + 7.82030512864) * x1 * -1.10949228436e-08 - -5.50000007018),((-4.37622199017e-09 + x1) * (x0 - 0.754545453389 * x0) + sin((x1 - 1.00000000568) * (x0 - 0.999999987543))) * ((x1 + 7.82030512864) * x1 * -1.10949228436e-08 - -5.50000007018),1.3500000063605*x0*x1 + 5.5*sin((x0 - 1.0)*(x1 - 1.0)),"[1.5707963311711186, 0.7545454533890629, 1.0000000056845972, 0.9999999875430807, 7.820305128642497, -1.109492284360021e-08, -5.50000007017825]","{""K"": 500, ""c"": 6.0, ""exploration_rate"": 0.1, ""gamma"": 0.5, ""gp_rate"": 0.5, ""lm_iterations"": 10, ""max_constants"": 999, ""max_depth"": 6, ""max_evals"": 2000000, ""max_unary"": 999, ""mutation_rate"": 0.1, ""ops"": [""+"", ""-"", ""*"", ""/"", ""sin"", ""cos"", ""exp"", ""log"", ""R""], ""succ_error_tol"": 1e-06}","{""K"": 500, ""c"": 6.0, ""exploration_rate"": 0.1, ""gamma"": 0.5, ""gp_rate"": 0.5, ""lm_iterations"": 10, ""max_constants"": 999, ""max_depth"": 6, ""max_evals"": 2000000, ""max_unary"": 999, ""mutation_rate"": 0.1, ""ops"": [""+"", ""-"", ""*"", ""/"", ""sin"", ""cos"", ""exp"", ""log"", ""R""], ""succ_error_tol"": 1e-06}",0.5
imcts,Jin,6,Jin-6,expression,37,27480,200,100,100,2,"[""x0"", ""x1""]",1.35*x[0]*x[1] + 5.5*sin((x[0]-1) * (x[1]-1)),0.9999998807907104,True,0.999999999999999,0.9999999999999983,15.0,259233,25.55702204501722,0.0,0,(x0 - -8.50350519669 + x0 * -1.00000003158) * 0.646792089575 * (sin((x1 - 1.0000000086) * (x0 - 1.00000001371)) + (x0 - x0 * 0.754545457007) * (x1 - -2.07484164098e-08)),(x0 - -8.50350519669 + x0 * -1.00000003158) * 0.646792089575 * (sin((x1 - 1.0000000086) * (x0 - 1.00000001371)) + (x0 - x0 * 0.754545457007) * (x1 - -2.07484164098e-08)),1.3499999864615*x0*x1 + 5.5*sin((x0 - 1.0)*(x1 - 1.0)),"[-8.503505196692135, -1.0000000315792312, 0.6467920895754584, 1.0000000086041443, 1.0000000137074825, 0.7545454570072426, -2.074841640975647e-08]","{""K"": 500, ""c"": 6.0, ""exploration_rate"": 0.1, ""gamma"": 0.5, ""gp_rate"": 0.5, ""lm_iterations"": 10, ""max_constants"": 999, ""max_depth"": 6, ""max_evals"": 2000000, ""max_unary"": 999, ""mutation_rate"": 0.1, ""ops"": [""+"", ""-"", ""*"", ""/"", ""sin"", ""cos"", ""exp"", ""log"", ""R""], ""succ_error_tol"": 1e-06}","{""K"": 500, ""c"": 6.0, ""exploration_rate"": 0.1, ""gamma"": 0.5, ""gp_rate"": 0.5, ""lm_iterations"": 10, ""max_constants"": 999, ""max_depth"": 6, ""max_evals"": 2000000, ""max_unary"": 999, ""mutation_rate"": 0.1, ""ops"": [""+"", ""-"", ""*"", ""/"", ""sin"", ""cos"", ""exp"", ""log"", ""R""], ""succ_error_tol"": 1e-06}",0.5
imcts,Jin,6,Jin-6,expression,38,32304,200,100,100,2,"[""x0"", ""x1""]",1.35*x[0]*x[1] + 5.5*sin((x[0]-1) * (x[1]-1)),0.999999463558197,True,0.9999999999997374,0.9999999999997035,15.0,336458,34.35358484101016,0.0,0,1.35000001327 * x0 * x1 - sin((x1 - 0.999999995871) * (0.999999998141 - x0)) / (exp(-1.60595776976e-07 * x0) * 0.181818038737),1.35000001327 * x0 * x1 - sin((x1 - 0.999999995871) * (0.999999998141 - x0)) / (exp(-1.60595776976e-07 * x0) * 0.181818038737),1.35*x0*x1 + 5.5*sin((x0 - 1.0)*(x1 - 1.0)),"[1.350000013265823, 0.9999999958705844, 0.9999999981406449, -1.6059577697582063e-07, 0.1818180387369998]","{""K"": 500, ""c"": 6.0, ""exploration_rate"": 0.1, ""gamma"": 0.5, ""gp_rate"": 0.5, ""lm_iterations"": 10, ""max_constants"": 999, ""max_depth"": 6, ""max_evals"": 2000000, ""max_unary"": 999, ""mutation_rate"": 0.1, ""ops"": [""+"", ""-"", ""*"", ""/"", ""sin"", ""cos"", ""exp"", ""log"", ""R""], ""succ_error_tol"": 1e-06}","{""K"": 500, ""c"": 6.0, ""exploration_rate"": 0.1, ""gamma"": 0.5, ""gp_rate"": 0.5, ""lm_iterations"": 10, ""max_constants"": 999, ""max_depth"": 6, ""max_evals"": 2000000, ""max_unary"": 999, ""mutation_rate"": 0.1, ""ops"": [""+"", ""-"", ""*"", ""/"", ""sin"", ""cos"", ""exp"", ""log"", ""R""], ""succ_error_tol"": 1e-06}",0.5
imcts,Jin,6,Jin-6,expression,39,8666,200,100,100,2,"[""x0"", ""x1""]",1.35*x[0]*x[1] + 5.5*sin((x[0]-1) * (x[1]-1)),0.9999999403953552,True,0.9999999999999996,0.9999999999999993,15.0,928182,129.90276239300147,0.0,0,sin((1.0000000023 - x1) * (1.00000000178 - x0)) * (-6.90247606002e-08 * x1 + 5.50000002314) - -0.860438904263 * x1 * (6.79708212549e-08 + x0 * 1.30373414484 + 0.265232566141 * x0),sin((1.0000000023 - x1) * (1.00000000178 - x0)) * (-6.90247606002e-08 * x1 + 5.50000002314) - -0.860438904263 * x1 * (6.79708212549e-08 + x0 * 1.30373414484 + 0.265232566141 * x0),1.34928838853285*x0*x1 + 5.5*sin((x0 - 1.0)*(x1 - 1.0)),"[1.0000000022975033, 1.0000000017823276, -6.902476060020179e-08, 5.5000000231377, -0.8604389042632553, 1.5707962588240754, 1.303734144842023, 1.3037341448420232]","{""K"": 500, ""c"": 6.0, ""exploration_rate"": 0.1, ""gamma"": 0.5, ""gp_rate"": 0.5, ""lm_iterations"": 10, ""max_constants"": 999, ""max_depth"": 6, ""max_evals"": 2000000, ""max_unary"": 999, ""mutation_rate"": 0.1, ""ops"": [""+"", ""-"", ""*"", ""/"", ""sin"", ""cos"", ""exp"", ""log"", ""R""], ""succ_error_tol"": 1e-06}","{""K"": 500, ""c"": 6.0, ""exploration_rate"": 0.1, ""gamma"": 0.5, ""gp_rate"": 0.5, ""lm_iterations"": 10, ""max_constants"": 999, ""max_depth"": 6, ""max_evals"": 2000000, ""max_unary"": 999, ""mutation_rate"": 0.1, ""ops"": [""+"", ""-"", ""*"", ""/"", ""sin"", ""cos"", ""exp"", ""log"", ""R""], ""succ_error_tol"": 1e-06}",0.5
imcts,Jin,6,Jin-6,expression,40,25658,200,100,100,2,"[""x0"", ""x1""]",1.35*x[0]*x[1] + 5.5*sin((x[0]-1) * (x[1]-1)),0.9999999403953552,True,0.9999999999999973,0.999999999999997,15.0,115141,9.009677113965154,0.0,0,sin((1.00000000942 - x0) * (0.999999990929 - x1)) * 5.50000001575 + (x1 * 3.15913610479 - 2.30194257782e-08 * x0 + 1.42505732796e-07) * 0.427331987592 * x0,sin((1.00000000942 - x0) * (0.999999990929 - x1)) * 5.50000001575 + (x1 * 3.15913610479 - 2.30194257782e-08 * x0 + 1.42505732796e-07) * 0.427331987592 * x0,1.35*x0*x1 + 5.5*sin((x0 - 1.0)*(x1 - 1.0)),"[1.0000000094242334, 0.9999999909289089, 5.500000015746046, 3.1591361047941384, 2.301942577822767e-08, 1.4250573279623175e-07, 0.4273319875917586]","{""K"": 500, ""c"": 6.0, ""exploration_rate"": 0.1, ""gamma"": 0.5, ""gp_rate"": 0.5, ""lm_iterations"": 10, ""max_constants"": 999, ""max_depth"": 6, ""max_evals"": 2000000, ""max_unary"": 999, ""mutation_rate"": 0.1, ""ops"": [""+"", ""-"", ""*"", ""/"", ""sin"", ""cos"", ""exp"", ""log"", ""R""], ""succ_error_tol"": 1e-06}","{""K"": 500, ""c"": 6.0, ""exploration_rate"": 0.1, ""gamma"": 0.5, ""gp_rate"": 0.5, ""lm_iterations"": 10, ""max_constants"": 999, ""max_depth"": 6, ""max_evals"": 2000000, ""max_unary"": 999, ""mutation_rate"": 0.1, ""ops"": [""+"", ""-"", ""*"", ""/"", ""sin"", ""cos"", ""exp"", ""log"", ""R""], ""succ_error_tol"": 1e-06}",0.5
imcts,Jin,6,Jin-6,expression,41,18942,200,100,100,2,"[""x0"", ""x1""]",1.35*x[0]*x[1] + 5.5*sin((x[0]-1) * (x[1]-1)),0.9999999403953552,True,0.9999999999999994,0.9999999999999991,15.0,178208,17.841710873006377,0.0,0,(2.49585458389e-09 * x0 / 1.35929875279 + (x1 + 8.1498513606e-09) / 0.907938626245) * (0.498928891325 * x0 + x0) / 1.22289951761 - sin((0.999999992075 - x0) * (x1 - 0.999999984123)) * 5.50000007655,(2.49585458389e-09 * x0 / 1.35929875279 + (x1 + 8.1498513606e-09) / 0.907938626245) * (0.498928891325 * x0 + x0) / 1.22289951761 - sin((0.999999992075 - x0) * (x1 - 0.999999984123)) * 5.50000007655,1.35039327913686*x0*x1 + 5.5*sin((x0 - 1.0)*(x1 - 1.0)),"[2.49585458388636e-09, 1.3592987527893958, 8.149851360602536e-09, -0.09657849490679873, 0.4989288913245621, 1.2228995176111446, 0.9999999920748617, 0.9999999841232918, 5.500000076547816]","{""K"": 500, ""c"": 6.0, ""exploration_rate"": 0.1, ""gamma"": 0.5, ""gp_rate"": 0.5, ""lm_iterations"": 10, ""max_constants"": 999, ""max_depth"": 6, ""max_evals"": 2000000, ""max_unary"": 999, ""mutation_rate"": 0.1, ""ops"": [""+"", ""-"", ""*"", ""/"", ""sin"", ""cos"", ""exp"", ""log"", ""R""], ""succ_error_tol"": 1e-06}","{""K"": 500, ""c"": 6.0, ""exploration_rate"": 0.1, ""gamma"": 0.5, ""gp_rate"": 0.5, ""lm_iterations"": 10, ""max_constants"": 999, ""max_depth"": 6, ""max_evals"": 2000000, ""max_unary"": 999, ""mutation_rate"": 0.1, ""ops"": [""+"", ""-"", ""*"", ""/"", ""sin"", ""cos"", ""exp"", ""log"", ""R""], ""succ_error_tol"": 1e-06}",0.5
imcts,Jin,6,Jin-6,expression,42,24233,200,100,100,2,"[""x0"", ""x1""]",1.35*x[0]*x[1] + 5.5*sin((x[0]-1) * (x[1]-1)),0.9999999403953552,True,1.0,1.0,15.0,875052,111.35632829199312,0.0,0,x0 * x1 + x0 * x1 + x0 * x1 * -0.649999997453 - sin((x0 - 1.00000000005) * (0.999999999237 - x1)) * 5.50000002985,x0 * x1 + x0 * x1 + x0 * x1 * -0.649999997453 - sin((x0 - 1.00000000005) * (0.999999999237 - x1)) * 5.50000002985,1.35*x0*x1 + 5.5*sin((x0 - 1.0)*(x1 - 1.0)),"[-0.6499999974529117, 1.0, 1.0000000000484066, 0.9999999992368909, 5.500000029852935]","{""K"": 500, ""c"": 6.0, ""exploration_rate"": 0.1, ""gamma"": 0.5, ""gp_rate"": 0.5, ""lm_iterations"": 10, ""max_constants"": 999, ""max_depth"": 6, ""max_evals"": 2000000, ""max_unary"": 999, ""mutation_rate"": 0.1, ""ops"": [""+"", ""-"", ""*"", ""/"", ""sin"", ""cos"", ""exp"", ""log"", ""R""], ""succ_error_tol"": 1e-06}","{""K"": 500, ""c"": 6.0, ""exploration_rate"": 0.1, ""gamma"": 0.5, ""gp_rate"": 0.5, ""lm_iterations"": 10, ""max_constants"": 999, ""max_depth"": 6, ""max_evals"": 2000000, ""max_unary"": 999, ""mutation_rate"": 0.1, ""ops"": [""+"", ""-"", ""*"", ""/"", ""sin"", ""cos"", ""exp"", ""log"", ""R""], ""succ_error_tol"": 1e-06}",0.5
imcts,Jin,6,Jin-6,expression,43,18431,200,100,100,2,"[""x0"", ""x1""]",1.35*x[0]*x[1] + 5.5*sin((x[0]-1) * (x[1]-1)),0.9999999403953552,True,0.9999999999999997,0.9999999999999996,15.0,139444,14.263363496982493,0.0,0,(x0 * 3.00132222596e-08 + 3.68269642067) * -0.366579222752 * x0 * (-1.55370053288e-08 - x1) + sin((-0.999999994798 + x1) * (x0 - 1.00000000049)) * (7.93220704149e-08 * sin(x1) + 5.50000005582),(x0 * 3.00132222596e-08 + 3.68269642067) * -0.366579222752 * x0 * (-1.55370053288e-08 - x1) + sin((-0.999999994798 + x1) * (x0 - 1.00000000049)) * (7.93220704149e-08 * sin(x1) + 5.50000005582),1.35*x0*x1 + 5.5*sin((x0 - 1.0)*(x1 - 1.0)),"[3.001322225958357e-08, 3.6826964206737163, 0.6931012248209014, -1.5537005328780163e-08, -0.9999999947976363, 1.0000000004915073, 7.932207041487227e-08, -3.0880079305741406, -5.5079056507490955]","{""K"": 500, ""c"": 6.0, ""exploration_rate"": 0.1, ""gamma"": 0.5, ""gp_rate"": 0.5, ""lm_iterations"": 10, ""max_constants"": 999, ""max_depth"": 6, ""max_evals"": 2000000, ""max_unary"": 999, ""mutation_rate"": 0.1, ""ops"": [""+"", ""-"", ""*"", ""/"", ""sin"", ""cos"", ""exp"", ""log"", ""R""], ""succ_error_tol"": 1e-06}","{""K"": 500, ""c"": 6.0, ""exploration_rate"": 0.1, ""gamma"": 0.5, ""gp_rate"": 0.5, ""lm_iterations"": 10, ""max_constants"": 999, ""max_depth"": 6, ""max_evals"": 2000000, ""max_unary"": 999, ""mutation_rate"": 0.1, ""ops"": [""+"", ""-"", ""*"", ""/"", ""sin"", ""cos"", ""exp"", ""log"", ""R""], ""succ_error_tol"": 1e-06}",0.5
imcts,Jin,6,Jin-6,expression,44,32219,200,100,100,2,"[""x0"", ""x1""]",1.35*x[0]*x[1] + 5.5*sin((x[0]-1) * (x[1]-1)),0.9999999403953552,True,0.9999999999999976,0.9999999999999976,15.0,89331,6.66299419401912,0.0,0,(sin((x0 - 1.00000003901) * (x1 - 0.999999988134)) + 0.245454536206 * x0 * (x1 - -2.94159344567e-08)) * (5.50000006491 - x0 * 1.38240131245e-08),(sin((x0 - 1.00000003901) * (x1 - 0.999999988134)) + 0.245454536206 * x0 * (x1 - -2.94159344567e-08)) * (5.50000006491 - x0 * 1.38240131245e-08),1.349999949133*x0*x1 + 5.5*sin((x0 - 1.0)*(x1 - 1.0)),"[1.0000000390139367, 0.9999999881343431, 0.24545453620572188, -2.941593445674888e-08, 5.500000064910952, 1.3824013124547191e-08]","{""K"": 500, ""c"": 6.0, ""exploration_rate"": 0.1, ""gamma"": 0.5, ""gp_rate"": 0.5, ""lm_iterations"": 10, ""max_constants"": 999, ""max_depth"": 6, ""max_evals"": 2000000, ""max_unary"": 999, ""mutation_rate"": 0.1, ""ops"": [""+"", ""-"", ""*"", ""/"", ""sin"", ""cos"", ""exp"", ""log"", ""R""], ""succ_error_tol"": 1e-06}","{""K"": 500, ""c"": 6.0, ""exploration_rate"": 0.1, ""gamma"": 0.5, ""gp_rate"": 0.5, ""lm_iterations"": 10, ""max_constants"": 999, ""max_depth"": 6, ""max_evals"": 2000000, ""max_unary"": 999, ""mutation_rate"": 0.1, ""ops"": [""+"", ""-"", ""*"", ""/"", ""sin"", ""cos"", ""exp"", ""log"", ""R""], ""succ_error_tol"": 1e-06}",0.5
imcts,Jin,6,Jin-6,expression,45,2747,200,100,100,2,"[""x0"", ""x1""]",1.35*x[0]*x[1] + 5.5*sin((x[0]-1) * (x[1]-1)),0.7539291977882385,False,0.8934731622243514,-1.9124164095953424,49.0,2000002,325.4402938919957,0.0,0,((2.9320116118 - x1 * x1) * cos(x0 * x1) - (2.39957076671 * (x1 + -0.38861295688) + cos(1.14106895277 / x1))) * (-0.543045271724 * x0 + x1 * -0.0261641037929 + -0.0340701309844 / x1 / (1.23793636958 + x0) - sin(x0 * x1 - (0.701527491633 + x0))),((2.9320116118 - x1 * x1) * cos(x0 * x1) - (2.39957076671 * (x1 + -0.38861295688) + cos(1.14106895277 / x1))) * (-0.543045271724 * x0 + x1 * -0.0261641037929 + -0.0340701309844 / x1 / (1.23793636958 + x0) - sin(x0 * x1 - (0.701527491633 + x0))),(0.543*x0 + 0.026*x1 - sin(-x0*x1 + x0 + 0.702) + 0.034/(x1*(x0 + 1.24)))*(2.4*x1 + (x1**2 - 2.93)*cos(x0*x1) + cos(1.14/x1) - 0.933),"[2.0329867253456113, 1.4422187686955588, 2.399570766712563, -0.3886129568802208, 1.14106895277105, -0.5430452717241583, -0.02616410379286468, -0.034070130984356545, 1.2379363695828942, 0.7015274916333821]","{""K"": 500, ""c"": 6.0, ""exploration_rate"": 0.1, ""gamma"": 0.5, ""gp_rate"": 0.5, ""lm_iterations"": 10, ""max_constants"": 999, ""max_depth"": 6, ""max_evals"": 2000000, ""max_unary"": 999, ""mutation_rate"": 0.1, ""ops"": [""+"", ""-"", ""*"", ""/"", ""sin"", ""cos"", ""exp"", ""log"", ""R""], ""succ_error_tol"": 1e-06}","{""K"": 500, ""c"": 6.0, ""exploration_rate"": 0.1, ""gamma"": 0.5, ""gp_rate"": 0.5, ""lm_iterations"": 10, ""max_constants"": 999, ""max_depth"": 6, ""max_evals"": 2000000, ""max_unary"": 999, ""mutation_rate"": 0.1, ""ops"": [""+"", ""-"", ""*"", ""/"", ""sin"", ""cos"", ""exp"", ""log"", ""R""], ""succ_error_tol"": 1e-06}",0.5
imcts,Jin,6,Jin-6,expression,46,25551,200,100,100,2,"[""x0"", ""x1""]",1.35*x[0]*x[1] + 5.5*sin((x[0]-1) * (x[1]-1)),0.9999998807907104,True,0.999999999999996,0.9999999999999976,15.0,293381,30.11794765101513,0.0,0,sin((1.00000000059 - x0) * (1.00000003155 - x1)) * 5.5000000558 - (x0 * 0.733109574602 * (7.77038325876e-08 - x1) * 1.84147098481 + -5.75686814481e-08),sin((1.00000000059 - x0) * (1.00000003155 - x1)) * 5.5000000558 - (x0 * 0.733109574602 * (7.77038325876e-08 - x1) * 1.84147098481 + -5.75686814481e-08),1.35*x0*x1 + 5.5*sin((x0 - 1.0)*(x1 - 1.0)),"[1.00000000059161, 1.0000000315456299, 1.0, -4.500000055804557, 0.7331095746019602, 7.770383258756061e-08, 1.0, 1.0, -5.75686814481025e-08]","{""K"": 500, ""c"": 6.0, ""exploration_rate"": 0.1, ""gamma"": 0.5, ""gp_rate"": 0.5, ""lm_iterations"": 10, ""max_constants"": 999, ""max_depth"": 6, ""max_evals"": 2000000, ""max_unary"": 999, ""mutation_rate"": 0.1, ""ops"": [""+"", ""-"", ""*"", ""/"", ""sin"", ""cos"", ""exp"", ""log"", ""R""], ""succ_error_tol"": 1e-06}","{""K"": 500, ""c"": 6.0, ""exploration_rate"": 0.1, ""gamma"": 0.5, ""gp_rate"": 0.5, ""lm_iterations"": 10, ""max_constants"": 999, ""max_depth"": 6, ""max_evals"": 2000000, ""max_unary"": 999, ""mutation_rate"": 0.1, ""ops"": [""+"", ""-"", ""*"", ""/"", ""sin"", ""cos"", ""exp"", ""log"", ""R""], ""succ_error_tol"": 1e-06}",0.5
imcts,Jin,6,Jin-6,expression,47,26382,200,100,100,2,"[""x0"", ""x1""]",1.35*x[0]*x[1] + 5.5*sin((x[0]-1) * (x[1]-1)),0.7851182222366333,False,0.925091828012427,-16.65164763303795,53.0,2000004,340.6918185930117,0.0,0,((x1 - 9.1278202409) * sin(x1) + x1 - 9.13406673711 - x1 * x0) * cos(0.966088758367 + x1) * (x0 - 0.614614594197) * 0.326250514224 - (0.875186142878 + -1.1772849557 / x1) * cos(x0 * 1.65887792105) * ((x0 + x1) * (x1 + 1.51692123234) - (x0 + 2.18251103409 - 0.326451179633 / x1)),((x1 - 9.1278202409) * sin(x1) + x1 - 9.13406673711 - x1 * x0) * cos(0.966088758367 + x1) * (x0 - 0.614614594197) * 0.326250514224 - (0.875186142878 + -1.1772849557 / x1) * cos(x0 * 1.65887792105) * ((x0 + x1) * (x1 + 1.51692123234) - (x0 + 2.18251103409 - 0.326451179633 / x1)),(0.875 - 1.18/x1)*(x0 - (x0 + x1)*(x1 + 1.52) + 2.18 - 0.326/x1)*cos(1.66*x0) - 0.326*(x0 - 0.615)*(x0*x1 - x1 - (x1 - 9.13)*sin(x1) + 9.13)*cos(x1 + 0.966),"[9.127820240899906, 9.134066737113764, 0.9660887583667684, 0.6146145941972088, 0.3262505142243605, 0.8751861428779726, -1.1772849556970766, 1.6588779210474822, 1.5169212323430132, 2.1825110340933347, 0.32645117963307974]","{""K"": 500, ""c"": 6.0, ""exploration_rate"": 0.1, ""gamma"": 0.5, ""gp_rate"": 0.5, ""lm_iterations"": 10, ""max_constants"": 999, ""max_depth"": 6, ""max_evals"": 2000000, ""max_unary"": 999, ""mutation_rate"": 0.1, ""ops"": [""+"", ""-"", ""*"", ""/"", ""sin"", ""cos"", ""exp"", ""log"", ""R""], ""succ_error_tol"": 1e-06}","{""K"": 500, ""c"": 6.0, ""exploration_rate"": 0.1, ""gamma"": 0.5, ""gp_rate"": 0.5, ""lm_iterations"": 10, ""max_constants"": 999, ""max_depth"": 6, ""max_evals"": 2000000, ""max_unary"": 999, ""mutation_rate"": 0.1, ""ops"": [""+"", ""-"", ""*"", ""/"", ""sin"", ""cos"", ""exp"", ""log"", ""R""], ""succ_error_tol"": 1e-06}",0.5
imcts,Jin,6,Jin-6,expression,48,189,200,100,100,2,"[""x0"", ""x1""]",1.35*x[0]*x[1] + 5.5*sin((x[0]-1) * (x[1]-1)),0.9999998807907104,True,0.9999999999999977,0.9999999999999971,15.0,754455,105.3985192310065,0.0,0,sin((x1 - 1.00000000813) * (x0 - 1.00000002472)) * 5.49999990847 + (x0 + -3.14850050959e-09) * (x1 - 7.0214879159e-08) / 0.74074072656,sin((x1 - 1.00000000813) * (x0 - 1.00000002472)) * 5.49999990847 + (x0 + -3.14850050959e-09) * (x1 - 7.0214879159e-08) / 0.74074072656,1.35*x0*x1 + 5.5*sin((x0 - 1.0)*(x1 - 1.0)),"[1.0000000081334741, 1.000000024723361, 0.9809374328866656, 5.606881462653253, -3.1485005095901887e-09, 7.021487915904434e-08, 0.7407407265595936]","{""K"": 500, ""c"": 6.0, ""exploration_rate"": 0.1, ""gamma"": 0.5, ""gp_rate"": 0.5, ""lm_iterations"": 10, ""max_constants"": 999, ""max_depth"": 6, ""max_evals"": 2000000, ""max_unary"": 999, ""mutation_rate"": 0.1, ""ops"": [""+"", ""-"", ""*"", ""/"", ""sin"", ""cos"", ""exp"", ""log"", ""R""], ""succ_error_tol"": 1e-06}","{""K"": 500, ""c"": 6.0, ""exploration_rate"": 0.1, ""gamma"": 0.5, ""gp_rate"": 0.5, ""lm_iterations"": 10, ""max_constants"": 999, ""max_depth"": 6, ""max_evals"": 2000000, ""max_unary"": 999, ""mutation_rate"": 0.1, ""ops"": [""+"", ""-"", ""*"", ""/"", ""sin"", ""cos"", ""exp"", ""log"", ""R""], ""succ_error_tol"": 1e-06}",0.5
imcts,Jin,6,Jin-6,expression,49,31677,200,100,100,2,"[""x0"", ""x1""]",1.35*x[0]*x[1] + 5.5*sin((x[0]-1) * (x[1]-1)),0.7955352663993835,False,0.9339431341294974,0.8471416216946142,44.0,2000000,276.72674670501146,0.0,0,cos(x0 * x1 - (x0 + x1)) * (x1 + 35.8445389617) / (x0 + 1.35326012317) * (x0 + 1.41198845083) / 9.1814969719 + (1.24929716893 * x0 * x0 * x1 + -0.957423006947 - x0) * (sin(1.30536739737 / x0) - -0.18929769436 * sin(x1)),cos(x0 * x1 - (x0 + x1)) * (x1 + 35.8445389617) / (x0 + 1.35326012317) * (x0 + 1.41198845083) / 9.1814969719 + (1.24929716893 * x0 * x0 * x1 + -0.957423006947 - x0) * (sin(1.30536739737 / x0) - -0.18929769436 * sin(x1)),-(sin(1.3/x0) + 0.189*sin(x1))*(-1.25*x0**2*x1 + x0 + 0.957) + 0.109*(x0 + 1.41)*(x1 + 35.8)*cos(-x0*x1 + x0 + x1)/(x0 + 1.35),"[35.844538961729675, 1.3532601231712567, 1.411988450833744, 1.2630276817422792, 7.918469290160149, 1.2492971689312766, -0.9574230069473032, 1.3053673973729127, -0.1892976943596212]","{""K"": 500, ""c"": 6.0, ""exploration_rate"": 0.1, ""gamma"": 0.5, ""gp_rate"": 0.5, ""lm_iterations"": 10, ""max_constants"": 999, ""max_depth"": 6, ""max_evals"": 2000000, ""max_unary"": 999, ""mutation_rate"": 0.1, ""ops"": [""+"", ""-"", ""*"", ""/"", ""sin"", ""cos"", ""exp"", ""log"", ""R""], ""succ_error_tol"": 1e-06}","{""K"": 500, ""c"": 6.0, ""exploration_rate"": 0.1, ""gamma"": 0.5, ""gp_rate"": 0.5, ""lm_iterations"": 10, ""max_constants"": 999, ""max_depth"": 6, ""max_evals"": 2000000, ""max_unary"": 999, ""mutation_rate"": 0.1, ""ops"": [""+"", ""-"", ""*"", ""/"", ""sin"", ""cos"", ""exp"", ""log"", ""R""], ""succ_error_tol"": 1e-06}",0.5
imcts,Jin,6,Jin-6,expression,50,19118,200,100,100,2,"[""x0"", ""x1""]",1.35*x[0]*x[1] + 5.5*sin((x[0]-1) * (x[1]-1)),0.9999998807907104,True,0.9999999999999994,0.9999999999999994,15.0,1269853,154.4918537340127,0.0,0,(x0 / 1.48749193098 * (0.365111657121 * x1 + 2.02805589056e-09) + sin((x0 - 0.999999996595) * (x1 - 0.999999984718))) / 0.181818183078,(x0 / 1.48749193098 * (0.365111657121 * x1 + 2.02805589056e-09) + sin((x0 - 0.999999996595) * (x1 - 0.999999984718))) / 0.181818183078,1.34973650198393*x0*x1 + 5.5*sin((x0 - 1.0)*(x1 - 1.0)),"[1.4874919309757546, 0.3651116571207839, 2.028055890561317e-09, 0.9999999965954957, 0.9999999847180581, 0.6161624674967281, 1.3824534623521667, 1.4164886464063624, 1.4164886464063624]","{""K"": 500, ""c"": 6.0, ""exploration_rate"": 0.1, ""gamma"": 0.5, ""gp_rate"": 0.5, ""lm_iterations"": 10, ""max_constants"": 999, ""max_depth"": 6, ""max_evals"": 2000000, ""max_unary"": 999, ""mutation_rate"": 0.1, ""ops"": [""+"", ""-"", ""*"", ""/"", ""sin"", ""cos"", ""exp"", ""log"", ""R""], ""succ_error_tol"": 1e-06}","{""K"": 500, ""c"": 6.0, ""exploration_rate"": 0.1, ""gamma"": 0.5, ""gp_rate"": 0.5, ""lm_iterations"": 10, ""max_constants"": 999, ""max_depth"": 6, ""max_evals"": 2000000, ""max_unary"": 999, ""mutation_rate"": 0.1, ""ops"": [""+"", ""-"", ""*"", ""/"", ""sin"", ""cos"", ""exp"", ""log"", ""R""], ""succ_error_tol"": 1e-06}",0.5
imcts,Jin,6,Jin-6,expression,51,3005,200,100,100,2,"[""x0"", ""x1""]",1.35*x[0]*x[1] + 5.5*sin((x[0]-1) * (x[1]-1)),0.9999999403953552,True,0.9999999999999997,0.9999999999999994,15.0,215151,20.868847842968535,0.0,0,1.3499999643 * (1.75477976437e-08 + x0) * x1 - -8.94107474831e-09 + 5.50000001361 * sin((1.00000000477 - x0) * (1.00000000079 - x1)),1.3499999643 * (1.75477976437e-08 + x0) * x1 - -8.94107474831e-09 + 5.50000001361 * sin((1.00000000477 - x0) * (1.00000000079 - x1)),1.35*x0*x1 + 5.5*sin((x0 - 1.0)*(x1 - 1.0)),"[1.3499999642962748, 1.7547797643724444e-08, 1.0, -8.941074748314512e-09, 7.500000013612705, 0.9999999999999984, 1.0, 1.000000004765639, 1.0000000007885916]","{""K"": 500, ""c"": 6.0, ""exploration_rate"": 0.1, ""gamma"": 0.5, ""gp_rate"": 0.5, ""lm_iterations"": 10, ""max_constants"": 999, ""max_depth"": 6, ""max_evals"": 2000000, ""max_unary"": 999, ""mutation_rate"": 0.1, ""ops"": [""+"", ""-"", ""*"", ""/"", ""sin"", ""cos"", ""exp"", ""log"", ""R""], ""succ_error_tol"": 1e-06}","{""K"": 500, ""c"": 6.0, ""exploration_rate"": 0.1, ""gamma"": 0.5, ""gp_rate"": 0.5, ""lm_iterations"": 10, ""max_constants"": 999, ""max_depth"": 6, ""max_evals"": 2000000, ""max_unary"": 999, ""mutation_rate"": 0.1, ""ops"": [""+"", ""-"", ""*"", ""/"", ""sin"", ""cos"", ""exp"", ""log"", ""R""], ""succ_error_tol"": 1e-06}",0.5
imcts,Jin,6,Jin-6,expression,52,21042,200,100,100,2,"[""x0"", ""x1""]",1.35*x[0]*x[1] + 5.5*sin((x[0]-1) * (x[1]-1)),0.9999998807907104,True,0.9999999999999983,0.999999999999998,15.0,168462,14.833738144952804,0.0,0,sin((x1 - 0.999999976307) * (1.00000000699 - x0)) * -5.49999997676 - (x0 * -1.34999995488 * x1 + x1 * 1.03357381274e-08),sin((x1 - 0.999999976307) * (1.00000000699 - x0)) * -5.49999997676 - (x0 * -1.34999995488 * x1 + x1 * 1.03357381274e-08),1.35*x0*x1 + 5.5*sin((x0 - 1.0)*(x1 - 1.0)),"[0.9999999763066671, 1.0000000069911392, -4.499999976763236, 1.0, -1.3499999548771997, 1.0335738127399653e-08]","{""K"": 500, ""c"": 6.0, ""exploration_rate"": 0.1, ""gamma"": 0.5, ""gp_rate"": 0.5, ""lm_iterations"": 10, ""max_constants"": 999, ""max_depth"": 6, ""max_evals"": 2000000, ""max_unary"": 999, ""mutation_rate"": 0.1, ""ops"": [""+"", ""-"", ""*"", ""/"", ""sin"", ""cos"", ""exp"", ""log"", ""R""], ""succ_error_tol"": 1e-06}","{""K"": 500, ""c"": 6.0, ""exploration_rate"": 0.1, ""gamma"": 0.5, ""gp_rate"": 0.5, ""lm_iterations"": 10, ""max_constants"": 999, ""max_depth"": 6, ""max_evals"": 2000000, ""max_unary"": 999, ""mutation_rate"": 0.1, ""ops"": [""+"", ""-"", ""*"", ""/"", ""sin"", ""cos"", ""exp"", ""log"", ""R""], ""succ_error_tol"": 1e-06}",0.5
imcts,Jin,6,Jin-6,expression,53,1899,200,100,100,2,"[""x0"", ""x1""]",1.35*x[0]*x[1] + 5.5*sin((x[0]-1) * (x[1]-1)),0.9999999403953552,True,0.9999999999999986,0.9999999999999987,15.0,742072,97.02983164502075,0.0,0,0.671147077598 * (x1 * 1.37580270838 + -9.16644021148e-08 + x1) * (x0 * 1.84665349173 - (x0 - -6.75637393673e-09)) + -5.50000002441 * sin((1.00000001499 - x1) * (x0 - 0.999999982689)),0.671147077598 * (x1 * 1.37580270838 + -9.16644021148e-08 + x1) * (x0 * 1.84665349173 - (x0 - -6.75637393673e-09)) + -5.50000002441 * sin((1.00000001499 - x1) * (x0 - 0.999999982689)),1.35062573450014*x0*x1 + 5.5*sin((x0 - 1.0)*(x1 - 1.0)),"[0.6711470775975976, 1.375802708382223, -9.166440211480868e-08, 1.8466534917349848, -6.756373936731262e-09, -5.500000024414104, 1.0000000149865707, 0.9999999826888225]","{""K"": 500, ""c"": 6.0, ""exploration_rate"": 0.1, ""gamma"": 0.5, ""gp_rate"": 0.5, ""lm_iterations"": 10, ""max_constants"": 999, ""max_depth"": 6, ""max_evals"": 2000000, ""max_unary"": 999, ""mutation_rate"": 0.1, ""ops"": [""+"", ""-"", ""*"", ""/"", ""sin"", ""cos"", ""exp"", ""log"", ""R""], ""succ_error_tol"": 1e-06}","{""K"": 500, ""c"": 6.0, ""exploration_rate"": 0.1, ""gamma"": 0.5, ""gp_rate"": 0.5, ""lm_iterations"": 10, ""max_constants"": 999, ""max_depth"": 6, ""max_evals"": 2000000, ""max_unary"": 999, ""mutation_rate"": 0.1, ""ops"": [""+"", ""-"", ""*"", ""/"", ""sin"", ""cos"", ""exp"", ""log"", ""R""], ""succ_error_tol"": 1e-06}",0.5
imcts,Jin,6,Jin-6,expression,54,24118,200,100,100,2,"[""x0"", ""x1""]",1.35*x[0]*x[1] + 5.5*sin((x[0]-1) * (x[1]-1)),0.9999999403953552,True,0.9999999999999992,0.9999999999999993,15.0,358472,37.10441314801574,0.0,0,(5.49999993227 - x1 * -1.000792642e-08 - -9.47666281171e-08 * cos(x1)) * sin((1.00000000439 - x0) * (0.999999986248 - x1)) + x0 * (x1 - -2.3020230789e-09) / 0.740740757349 - -1.87174835995e-08,(5.49999993227 - x1 * -1.000792642e-08 - -9.47666281171e-08 * cos(x1)) * sin((1.00000000439 - x0) * (0.999999986248 - x1)) + x0 * (x1 - -2.3020230789e-09) / 0.740740757349 - -1.87174835995e-08,1.35*x0*x1 + 5.5*sin((x0 - 1.0)*(x1 - 1.0)),"[5.499999932274569, -1.0007926420023143e-08, -9.476662811709012e-08, 1.000000004387435, 0.9999999862477011, -2.302023078902992e-09, 0.7407407573488995, -1.8717483599489815e-08]","{""K"": 500, ""c"": 6.0, ""exploration_rate"": 0.1, ""gamma"": 0.5, ""gp_rate"": 0.5, ""lm_iterations"": 10, ""max_constants"": 999, ""max_depth"": 6, ""max_evals"": 2000000, ""max_unary"": 999, ""mutation_rate"": 0.1, ""ops"": [""+"", ""-"", ""*"", ""/"", ""sin"", ""cos"", ""exp"", ""log"", ""R""], ""succ_error_tol"": 1e-06}","{""K"": 500, ""c"": 6.0, ""exploration_rate"": 0.1, ""gamma"": 0.5, ""gp_rate"": 0.5, ""lm_iterations"": 10, ""max_constants"": 999, ""max_depth"": 6, ""max_evals"": 2000000, ""max_unary"": 999, ""mutation_rate"": 0.1, ""ops"": [""+"", ""-"", ""*"", ""/"", ""sin"", ""cos"", ""exp"", ""log"", ""R""], ""succ_error_tol"": 1e-06}",0.5
imcts,Jin,6,Jin-6,expression,55,1267,200,100,100,2,"[""x0"", ""x1""]",1.35*x[0]*x[1] + 5.5*sin((x[0]-1) * (x[1]-1)),0.9999998807907104,True,0.9999999999999997,0.9999999999999994,15.0,427313,55.68978761398466,0.0,0,(0.846016663805 + 4.65398342903 - cos(x1) + cos(6.64565678234e-08 + x1)) * (0.245454539795 * x0 * (x1 - -3.97457860462e-08) + sin((x0 - 0.9999999875) * (x1 - 0.999999998229))),(0.846016663805 + 4.65398342903 - cos(x1) + cos(6.64565678234e-08 + x1)) * (0.245454539795 * x0 * (x1 - -3.97457860462e-08) + sin((x0 - 0.9999999875) * (x1 - 0.999999998229))),1.35*x0*x1 + 5.5*sin((x0 - 1.0)*(x1 - 1.0)),"[1.377707828196479, 1.3777078281964787, 0.622292171803521, 1.2040764105190056, 3.4499070185078637, 6.645656782336911e-08, 0.24545453979515103, -3.974578604623871e-08, 0.9999999875003153, 0.9999999982292106]","{""K"": 500, ""c"": 6.0, ""exploration_rate"": 0.1, ""gamma"": 0.5, ""gp_rate"": 0.5, ""lm_iterations"": 10, ""max_constants"": 999, ""max_depth"": 6, ""max_evals"": 2000000, ""max_unary"": 999, ""mutation_rate"": 0.1, ""ops"": [""+"", ""-"", ""*"", ""/"", ""sin"", ""cos"", ""exp"", ""log"", ""R""], ""succ_error_tol"": 1e-06}","{""K"": 500, ""c"": 6.0, ""exploration_rate"": 0.1, ""gamma"": 0.5, ""gp_rate"": 0.5, ""lm_iterations"": 10, ""max_constants"": 999, ""max_depth"": 6, ""max_evals"": 2000000, ""max_unary"": 999, ""mutation_rate"": 0.1, ""ops"": [""+"", ""-"", ""*"", ""/"", ""sin"", ""cos"", ""exp"", ""log"", ""R""], ""succ_error_tol"": 1e-06}",0.5
imcts,Jin,6,Jin-6,expression,56,31551,200,100,100,2,"[""x0"", ""x1""]",1.35*x[0]*x[1] + 5.5*sin((x[0]-1) * (x[1]-1)),0.9999999403953552,True,0.9999999999999996,0.9999999999999996,19.0,541972,65.70175813598325,0.0,0,(x0 + 5.50000002544 + -1.98276809806 * x0 / 1.98276806194) * sin((1.00000000264 - x0) * (0.999999995446 - x1)) + (3.90046826669e-08 + x1) * (x0 + 0.3760096506) + (8.38825648363e-08 + x1) * (0.349999996109 * x0 + -0.376009653225),(x0 + 5.50000002544 + -1.98276809806 * x0 / 1.98276806194) * sin((1.00000000264 - x0) * (0.999999995446 - x1)) + (3.90046826669e-08 + x1) * (x0 + 0.3760096506) + (8.38825648363e-08 + x1) * (0.349999996109 * x0 + -0.376009653225),1.35*x0*x1 + 5.5*sin(x0*x1 - 1.0*x0 - 1.0*x1 + 1.0),"[5.500000025442795, -1.982768098064175, 1.9827680619448336, 1.0000000026383267, 0.9999999954463507, 3.9004682666883236e-08, 0.3760096505998653, 8.388256483632308e-08, 0.3499999961089287, -0.3854861476443521]","{""K"": 500, ""c"": 6.0, ""exploration_rate"": 0.1, ""gamma"": 0.5, ""gp_rate"": 0.5, ""lm_iterations"": 10, ""max_constants"": 999, ""max_depth"": 6, ""max_evals"": 2000000, ""max_unary"": 999, ""mutation_rate"": 0.1, ""ops"": [""+"", ""-"", ""*"", ""/"", ""sin"", ""cos"", ""exp"", ""log"", ""R""], ""succ_error_tol"": 1e-06}","{""K"": 500, ""c"": 6.0, ""exploration_rate"": 0.1, ""gamma"": 0.5, ""gp_rate"": 0.5, ""lm_iterations"": 10, ""max_constants"": 999, ""max_depth"": 6, ""max_evals"": 2000000, ""max_unary"": 999, ""mutation_rate"": 0.1, ""ops"": [""+"", ""-"", ""*"", ""/"", ""sin"", ""cos"", ""exp"", ""log"", ""R""], ""succ_error_tol"": 1e-06}",0.5
imcts,Jin,6,Jin-6,expression,57,17912,200,100,100,2,"[""x0"", ""x1""]",1.35*x[0]*x[1] + 5.5*sin((x[0]-1) * (x[1]-1)),0.9999999403953552,True,0.999999999999999,0.9999999999999991,15.0,153415,13.3183969570091,0.0,0,(x1 + -2.55566046596e-09) * x0 / 0.740740721414 + -3.92955998662e-08 - sin((1.00000001706 - x0) * (1.00000000057 - x1)) * (3.08332728935e-08 * x0 - (x1 + 5.49999997145 - x1 * 0.999999963386)),(x1 + -2.55566046596e-09) * x0 / 0.740740721414 + -3.92955998662e-08 - sin((1.00000001706 - x0) * (1.00000000057 - x1)) * (3.08332728935e-08 * x0 - (x1 + 5.49999997145 - x1 * 0.999999963386)),1.35*x0*x1 + 5.5*sin((x0 - 1.0)*(x1 - 1.0)),"[-2.555660465960392e-09, 0.7407407214144858, -3.9295599866220776e-08, 1.000000017064928, 1.0000000005687613, 3.0833272893479817e-08, 5.499999971452277, 0.9999999633858052]","{""K"": 500, ""c"": 6.0, ""exploration_rate"": 0.1, ""gamma"": 0.5, ""gp_rate"": 0.5, ""lm_iterations"": 10, ""max_constants"": 999, ""max_depth"": 6, ""max_evals"": 2000000, ""max_unary"": 999, ""mutation_rate"": 0.1, ""ops"": [""+"", ""-"", ""*"", ""/"", ""sin"", ""cos"", ""exp"", ""log"", ""R""], ""succ_error_tol"": 1e-06}","{""K"": 500, ""c"": 6.0, ""exploration_rate"": 0.1, ""gamma"": 0.5, ""gp_rate"": 0.5, ""lm_iterations"": 10, ""max_constants"": 999, ""max_depth"": 6, ""max_evals"": 2000000, ""max_unary"": 999, ""mutation_rate"": 0.1, ""ops"": [""+"", ""-"", ""*"", ""/"", ""sin"", ""cos"", ""exp"", ""log"", ""R""], ""succ_error_tol"": 1e-06}",0.5
imcts,Jin,6,Jin-6,expression,58,11394,200,100,100,2,"[""x0"", ""x1""]",1.35*x[0]*x[1] + 5.5*sin((x[0]-1) * (x[1]-1)),0.9999999403953552,True,0.9999999999999992,0.9999999999999993,15.0,1408890,189.8144819890149,0.0,0,(x0 * x1 + x0 * x1) * 0.674999973625 - -5.49999997633 * sin((x0 - 1.00000000134) * (x1 - 0.999999998009)),(x0 * x1 + x0 * x1) * 0.674999973625 - -5.49999997633 * sin((x0 - 1.00000000134) * (x1 - 0.999999998009)),1.35*x0*x1 + 5.5*sin((x0 - 1.0)*(x1 - 1.0)),"[0.6749999736252943, -5.499999976333111, 1.0000000013425414, 0.9999999980089025]","{""K"": 500, ""c"": 6.0, ""exploration_rate"": 0.1, ""gamma"": 0.5, ""gp_rate"": 0.5, ""lm_iterations"": 10, ""max_constants"": 999, ""max_depth"": 6, ""max_evals"": 2000000, ""max_unary"": 999, ""mutation_rate"": 0.1, ""ops"": [""+"", ""-"", ""*"", ""/"", ""sin"", ""cos"", ""exp"", ""log"", ""R""], ""succ_error_tol"": 1e-06}","{""K"": 500, ""c"": 6.0, ""exploration_rate"": 0.1, ""gamma"": 0.5, ""gp_rate"": 0.5, ""lm_iterations"": 10, ""max_constants"": 999, ""max_depth"": 6, ""max_evals"": 2000000, ""max_unary"": 999, ""mutation_rate"": 0.1, ""ops"": [""+"", ""-"", ""*"", ""/"", ""sin"", ""cos"", ""exp"", ""log"", ""R""], ""succ_error_tol"": 1e-06}",0.5
imcts,Jin,6,Jin-6,expression,59,3556,200,100,100,2,"[""x0"", ""x1""]",1.35*x[0]*x[1] + 5.5*sin((x[0]-1) * (x[1]-1)),0.9999999403953552,True,0.9999999999999996,0.9999999999999996,15.0,1541270,213.1262943460024,0.0,0,(x0 + 2.53858512383e-08 * x1 + 1.85245535046 + 3.64754472644 - x0) * ((x1 + x1) / (8.14814822222 / x0) - sin((1.00000001441 - x1) * (x0 - 0.999999994579))),(x0 + 2.53858512383e-08 * x1 + 1.85245535046 + 3.64754472644 - x0) * ((x1 + x1) / (8.14814822222 / x0) - sin((1.00000001441 - x1) * (x0 - 0.999999994579))),1.34999998772764*x0*x1 + 5.5*sin((x0 - 1.0)*(x1 - 1.0)),"[2.5385851238309238e-08, 1.852455350457558, 3.6475447264353384, 8.148148222215491, 1.0000000144147114, 0.999999994578866]","{""K"": 500, ""c"": 6.0, ""exploration_rate"": 0.1, ""gamma"": 0.5, ""gp_rate"": 0.5, ""lm_iterations"": 10, ""max_constants"": 999, ""max_depth"": 6, ""max_evals"": 2000000, ""max_unary"": 999, ""mutation_rate"": 0.1, ""ops"": [""+"", ""-"", ""*"", ""/"", ""sin"", ""cos"", ""exp"", ""log"", ""R""], ""succ_error_tol"": 1e-06}","{""K"": 500, ""c"": 6.0, ""exploration_rate"": 0.1, ""gamma"": 0.5, ""gp_rate"": 0.5, ""lm_iterations"": 10, ""max_constants"": 999, ""max_depth"": 6, ""max_evals"": 2000000, ""max_unary"": 999, ""mutation_rate"": 0.1, ""ops"": [""+"", ""-"", ""*"", ""/"", ""sin"", ""cos"", ""exp"", ""log"", ""R""], ""succ_error_tol"": 1e-06}",0.5
imcts,Jin,6,Jin-6,expression,60,3890,200,100,100,2,"[""x0"", ""x1""]",1.35*x[0]*x[1] + 5.5*sin((x[0]-1) * (x[1]-1)),0.7826864123344421,False,0.922909974818525,0.8724976417464247,45.0,2000000,283.9218234770233,0.0,0,((0.0452390298338 - x0 * 0.0378300311035) * (2.11719021985 / x1 - exp(x1)) - (-3.82408595605 + sin(x1 * x0))) * (cos(x1 * x0 - (x0 + x1)) + (0.162959333571 - x0 * 0.411477594049) * (0.161723754147 / x1 - x1)),((0.0452390298338 - x0 * 0.0378300311035) * (2.11719021985 / x1 - exp(x1)) - (-3.82408595605 + sin(x1 * x0))) * (cos(x1 * x0 - (x0 + x1)) + (0.162959333571 - x0 * 0.411477594049) * (0.161723754147 / x1 - x1)),((0.411*x0 - 0.163)*(x1 - 0.162/x1) + cos(-x0*x1 + x0 + x1))*((0.038*x0 - 0.045)*(exp(x1) - 2.12/x1) - sin(x0*x1) + 3.82),"[0.045239029833847505, 0.03783003110349588, 2.117190219848467, -3.8240859560461864, 0.16295933357144787, 0.41147759404851875, 0.1617237541469256]","{""K"": 500, ""c"": 6.0, ""exploration_rate"": 0.1, ""gamma"": 0.5, ""gp_rate"": 0.5, ""lm_iterations"": 10, ""max_constants"": 999, ""max_depth"": 6, ""max_evals"": 2000000, ""max_unary"": 999, ""mutation_rate"": 0.1, ""ops"": [""+"", ""-"", ""*"", ""/"", ""sin"", ""cos"", ""exp"", ""log"", ""R""], ""succ_error_tol"": 1e-06}","{""K"": 500, ""c"": 6.0, ""exploration_rate"": 0.1, ""gamma"": 0.5, ""gp_rate"": 0.5, ""lm_iterations"": 10, ""max_constants"": 999, ""max_depth"": 6, ""max_evals"": 2000000, ""max_unary"": 999, ""mutation_rate"": 0.1, ""ops"": [""+"", ""-"", ""*"", ""/"", ""sin"", ""cos"", ""exp"", ""log"", ""R""], ""succ_error_tol"": 1e-06}",0.5
imcts,Jin,6,Jin-6,expression,61,8838,200,100,100,2,"[""x0"", ""x1""]",1.35*x[0]*x[1] + 5.5*sin((x[0]-1) * (x[1]-1)),0.9999998807907104,True,0.9999999999999981,0.9999999999999984,16.0,273954,28.766237425035797,0.0,0,(x1 * x0 - -3.17997308412e-08) * (1.34999996191 - -4.11865728883e-09 * x0) + sin(1.77035279248 + x0) * -1.22664611332e-07 * (x1 - 0.537769953249) - (x0 * 0.941010402915 * -1.06268758142 - (5.50000000542 - x0)) * sin((x0 - 0.999999979763) * (x1 - 1.0000000051)),(x1 * x0 - -3.17997308412e-08) * (1.34999996191 - -4.11865728883e-09 * x0) + sin(1.77035279248 + x0) * -1.22664611332e-07 * (x1 - 0.537769953249) - (x0 * 0.941010402915 * -1.06268758142 - (5.50000000542 - x0)) * sin((x0 - 0.999999979763) * (x1 - 1.0000000051)),1.35*x0*x1 + 5.5*sin((x0 - 1.0)*(x1 - 1.0)) + 4.2932742078085e-8,"[-3.179973084117962e-08, 0.9999999999999992, 1.3499999619101972, -4.1186572888310735e-09, 1.7703527924756002, -1.22664611332124e-07, 0.5377699532487403, 0.9410104029148119, -0.06268757621730817, 1.0000000052050595, 5.500000005415935, 0.9999999797627568, 1.0000000051030853]","{""K"": 500, ""c"": 6.0, ""exploration_rate"": 0.1, ""gamma"": 0.5, ""gp_rate"": 0.5, ""lm_iterations"": 10, ""max_constants"": 999, ""max_depth"": 6, ""max_evals"": 2000000, ""max_unary"": 999, ""mutation_rate"": 0.1, ""ops"": [""+"", ""-"", ""*"", ""/"", ""sin"", ""cos"", ""exp"", ""log"", ""R""], ""succ_error_tol"": 1e-06}","{""K"": 500, ""c"": 6.0, ""exploration_rate"": 0.1, ""gamma"": 0.5, ""gp_rate"": 0.5, ""lm_iterations"": 10, ""max_constants"": 999, ""max_depth"": 6, ""max_evals"": 2000000, ""max_unary"": 999, ""mutation_rate"": 0.1, ""ops"": [""+"", ""-"", ""*"", ""/"", ""sin"", ""cos"", ""exp"", ""log"", ""R""], ""succ_error_tol"": 1e-06}",0.5
imcts,Jin,6,Jin-6,expression,62,30740,200,100,100,2,"[""x0"", ""x1""]",1.35*x[0]*x[1] + 5.5*sin((x[0]-1) * (x[1]-1)),0.8236256837844849,False,0.9541424400316045,0.827482605055518,46.0,2000003,233.18439406401012,0.0,0,cos(x1 + x0 - x1 * x0) * (0.185403915366 / (x1 - 0.930037697079) - (x1 - 34.9715220869) * 0.138037537469) - (sin(x1 + x0 - x1 * x0) - (1.20444625976 * x0 * (x1 - 0.105853723021) - x0 * -0.116974241861 / (x1 - 1.05231181902))),cos(x1 + x0 - x1 * x0) * (0.185403915366 / (x1 - 0.930037697079) - (x1 - 34.9715220869) * 0.138037537469) - (sin(x1 + x0 - x1 * x0) - (1.20444625976 * x0 * (x1 - 0.105853723021) - x0 * -0.116974241861 / (x1 - 1.05231181902))),1.2*x0*(x1 - 0.106) + 0.117*x0/(x1 - 1.05) + (-0.138*x1 + 4.83 + 0.185/(x1 - 0.93))*cos(-x0*x1 + x0 + x1) - sin(-x0*x1 + x0 + x1),"[0.1854039153657331, 0.930037697078901, 34.97152208689211, 0.1380375374691795, 1.2044462597630057, 0.10585372302088024, -0.11697424186131435, 1.052311819019709]","{""K"": 500, ""c"": 6.0, ""exploration_rate"": 0.1, ""gamma"": 0.5, ""gp_rate"": 0.5, ""lm_iterations"": 10, ""max_constants"": 999, ""max_depth"": 6, ""max_evals"": 2000000, ""max_unary"": 999, ""mutation_rate"": 0.1, ""ops"": [""+"", ""-"", ""*"", ""/"", ""sin"", ""cos"", ""exp"", ""log"", ""R""], ""succ_error_tol"": 1e-06}","{""K"": 500, ""c"": 6.0, ""exploration_rate"": 0.1, ""gamma"": 0.5, ""gp_rate"": 0.5, ""lm_iterations"": 10, ""max_constants"": 999, ""max_depth"": 6, ""max_evals"": 2000000, ""max_unary"": 999, ""mutation_rate"": 0.1, ""ops"": [""+"", ""-"", ""*"", ""/"", ""sin"", ""cos"", ""exp"", ""log"", ""R""], ""succ_error_tol"": 1e-06}",0.5
imcts,Jin,6,Jin-6,expression,63,27464,200,100,100,2,"[""x0"", ""x1""]",1.35*x[0]*x[1] + 5.5*sin((x[0]-1) * (x[1]-1)),0.9999999403953552,True,0.9999999999999993,0.9999999999999992,18.0,235859,20.817271367996,0.0,0,(sin((x0 - 1.00000000335) * (x1 - 0.999999987796)) - (x1 * -0.245454544919 * x0 - x1 * 7.44467525791e-09)) * (5.49999990854 + x1 * -1.29769795775e-09 + x1 - x1),(sin((x0 - 1.00000000335) * (x1 - 0.999999987796)) - (x1 * -0.245454544919 * x0 - x1 * 7.44467525791e-09)) * (5.49999990854 + x1 * -1.29769795775e-09 + x1 - x1),1.3499999970545*x0*x1 + 4.0945713918505e-8*x1 + 5.5*sin((x0 - 1.0)*(x1 - 1.0)),"[1.0000000033469751, 0.9999999877956798, -0.24545454491934726, 7.4446752579099664e-09, 5.499999908539723, -1.2976979577545487e-09]","{""K"": 500, ""c"": 6.0, ""exploration_rate"": 0.1, ""gamma"": 0.5, ""gp_rate"": 0.5, ""lm_iterations"": 10, ""max_constants"": 999, ""max_depth"": 6, ""max_evals"": 2000000, ""max_unary"": 999, ""mutation_rate"": 0.1, ""ops"": [""+"", ""-"", ""*"", ""/"", ""sin"", ""cos"", ""exp"", ""log"", ""R""], ""succ_error_tol"": 1e-06}","{""K"": 500, ""c"": 6.0, ""exploration_rate"": 0.1, ""gamma"": 0.5, ""gp_rate"": 0.5, ""lm_iterations"": 10, ""max_constants"": 999, ""max_depth"": 6, ""max_evals"": 2000000, ""max_unary"": 999, ""mutation_rate"": 0.1, ""ops"": [""+"", ""-"", ""*"", ""/"", ""sin"", ""cos"", ""exp"", ""log"", ""R""], ""succ_error_tol"": 1e-06}",0.5
imcts,Jin,6,Jin-6,expression,64,14502,200,100,100,2,"[""x0"", ""x1""]",1.35*x[0]*x[1] + 5.5*sin((x[0]-1) * (x[1]-1)),0.9999999403953552,True,0.9999999999999998,0.9999999999999998,15.0,149820,14.553276402002666,0.0,0,(sin((1.00000000459 - x1) * (x0 - 0.999999987887)) + 0.363663312839 * x0 / 1.48159128464 * (5.3587383276e-09 - x1)) * 0.712588514746 * (-7.7183394507 + (x0 + x0) * 3.6628049706e-09),(sin((1.00000000459 - x1) * (x0 - 0.999999987887)) + 0.363663312839 * x0 / 1.48159128464 * (5.3587383276e-09 - x1)) * 0.712588514746 * (-7.7183394507 + (x0 + x0) * 3.6628049706e-09),1.34990100166345*x0*x1 + 5.49959671097426*sin((x0 - 1.0)*(x1 - 1.0)),"[1.000000004586529, 0.9999999878868981, 0.36366331283855047, 1.481591284636679, 1.0000000052587383, 0.7776154577857696, -7.718339450697744, 5.7671524388186765e-09, 1.574518022421282]","{""K"": 500, ""c"": 6.0, ""exploration_rate"": 0.1, ""gamma"": 0.5, ""gp_rate"": 0.5, ""lm_iterations"": 10, ""max_constants"": 999, ""max_depth"": 6, ""max_evals"": 2000000, ""max_unary"": 999, ""mutation_rate"": 0.1, ""ops"": [""+"", ""-"", ""*"", ""/"", ""sin"", ""cos"", ""exp"", ""log"", ""R""], ""succ_error_tol"": 1e-06}","{""K"": 500, ""c"": 6.0, ""exploration_rate"": 0.1, ""gamma"": 0.5, ""gp_rate"": 0.5, ""lm_iterations"": 10, ""max_constants"": 999, ""max_depth"": 6, ""max_evals"": 2000000, ""max_unary"": 999, ""mutation_rate"": 0.1, ""ops"": [""+"", ""-"", ""*"", ""/"", ""sin"", ""cos"", ""exp"", ""log"", ""R""], ""succ_error_tol"": 1e-06}",0.5
imcts,Jin,6,Jin-6,expression,65,21777,200,100,100,2,"[""x0"", ""x1""]",1.35*x[0]*x[1] + 5.5*sin((x[0]-1) * (x[1]-1)),0.7451215386390686,False,0.8829929628061197,0.81625066111617,47.0,2000005,330.5508607790107,0.0,0,((-3.37756796744 - cos(x0)) * cos(1.6463335088 * x1) + (x1 - 0.504465140167 - cos(x0)) * (2.16200939977 - sin(x1))) * (x1 * 0.0296424488331 / sin(x1) + x0 + 0.00305218347158 - 0.375964969476 * x0 - cos(x0 - 0.603477482581 - x0 * x1)),((-3.37756796744 - cos(x0)) * cos(1.6463335088 * x1) + (x1 - 0.504465140167 - cos(x0)) * (2.16200939977 - sin(x1))) * (x1 * 0.0296424488331 / sin(x1) + x0 + 0.00305218347158 - 0.375964969476 * x0 - cos(x0 - 0.603477482581 - x0 * x1)),((sin(x1) - 2.16)*(-x1 + cos(x0) + 0.504) - (cos(x0) + 3.38)*cos(1.65*x1))*(0.624*x0 + 0.03*x1/sin(x1) - cos(x0*x1 - x0 + 0.603) + 0.00299),"[1.0, 4.377567967435623, 1.6463335088014954, 0.5044651401672916, 2.1620093997687015, 0.029642448833110138, 0.003052183471581479, 0.3759649694762924, 0.6034774825810715]","{""K"": 500, ""c"": 6.0, ""exploration_rate"": 0.1, ""gamma"": 0.5, ""gp_rate"": 0.5, ""lm_iterations"": 10, ""max_constants"": 999, ""max_depth"": 6, ""max_evals"": 2000000, ""max_unary"": 999, ""mutation_rate"": 0.1, ""ops"": [""+"", ""-"", ""*"", ""/"", ""sin"", ""cos"", ""exp"", ""log"", ""R""], ""succ_error_tol"": 1e-06}","{""K"": 500, ""c"": 6.0, ""exploration_rate"": 0.1, ""gamma"": 0.5, ""gp_rate"": 0.5, ""lm_iterations"": 10, ""max_constants"": 999, ""max_depth"": 6, ""max_evals"": 2000000, ""max_unary"": 999, ""mutation_rate"": 0.1, ""ops"": [""+"", ""-"", ""*"", ""/"", ""sin"", ""cos"", ""exp"", ""log"", ""R""], ""succ_error_tol"": 1e-06}",0.5
imcts,Jin,6,Jin-6,expression,66,10627,200,100,100,2,"[""x0"", ""x1""]",1.35*x[0]*x[1] + 5.5*sin((x[0]-1) * (x[1]-1)),0.8104374408721924,False,0.9452900595134976,0.8486912003157865,41.0,2000003,378.2886041729944,0.0,0,(cos(x0) * -0.543348792332 + (-0.876896221515 + x1) * 0.634006682107 + cos((1.6600466843 - x1) * (0.746994169951 - x0))) * (x0 / 0.567852352848 + -0.543248568951 - (x1 - x0) * x1 * -0.131050916371 + sin(0.970440878195 - x0) * (-1.84490250785 - x1 - cos(x0))),(cos(x0) * -0.543348792332 + (-0.876896221515 + x1) * 0.634006682107 + cos((1.6600466843 - x1) * (0.746994169951 - x0))) * (x0 / 0.567852352848 + -0.543248568951 - (x1 - x0) * x1 * -0.131050916371 + sin(0.970440878195 - x0) * (-1.84490250785 - x1 - cos(x0))),(1.76*x0 - 0.131*x1*(x0 - x1) + (x1 + cos(x0) + 1.84)*sin(x0 - 0.97) - 0.543)*(0.634*x1 - 0.543*cos(x0) + cos((x0 - 0.747)*(x1 - 1.66)) - 0.556),"[-0.5433487923318573, 1.0, -0.8768962215151173, 0.6340066821069809, 1.6600466843014425, 0.7469941699513637, 0.5678523528476895, -0.5432485689505646, -0.13105091637065053, 0.9704408781952114, -1.844902507850876]","{""K"": 500, ""c"": 6.0, ""exploration_rate"": 0.1, ""gamma"": 0.5, ""gp_rate"": 0.5, ""lm_iterations"": 10, ""max_constants"": 999, ""max_depth"": 6, ""max_evals"": 2000000, ""max_unary"": 999, ""mutation_rate"": 0.1, ""ops"": [""+"", ""-"", ""*"", ""/"", ""sin"", ""cos"", ""exp"", ""log"", ""R""], ""succ_error_tol"": 1e-06}","{""K"": 500, ""c"": 6.0, ""exploration_rate"": 0.1, ""gamma"": 0.5, ""gp_rate"": 0.5, ""lm_iterations"": 10, ""max_constants"": 999, ""max_depth"": 6, ""max_evals"": 2000000, ""max_unary"": 999, ""mutation_rate"": 0.1, ""ops"": [""+"", ""-"", ""*"", ""/"", ""sin"", ""cos"", ""exp"", ""log"", ""R""], ""succ_error_tol"": 1e-06}",0.5
imcts,Jin,6,Jin-6,expression,67,8792,200,100,100,2,"[""x0"", ""x1""]",1.35*x[0]*x[1] + 5.5*sin((x[0]-1) * (x[1]-1)),0.7511243224143982,False,0.8902154430790601,0.7905305910141127,51.0,2000002,374.7391656470136,0.0,0,((x0 - 0.789314563256) / 0.304132232277 - cos(x1 + -0.488231268659)) * (-0.0372272412676 / x0 + x1 * 0.491830951528 - cos(x1 / 0.815491124503)) * ((0.996753618214 + x0 - cos(x0)) * (-0.324206038301 + 1.84337814626 / x0) + cos(x1 / 2.45205044616) * cos(x1) * (x1 - 0.657826134155)),((x0 - 0.789314563256) / 0.304132232277 - cos(x1 + -0.488231268659)) * (-0.0372272412676 / x0 + x1 * 0.491830951528 - cos(x1 / 0.815491124503)) * ((0.996753618214 + x0 - cos(x0)) * (-0.324206038301 + 1.84337814626 / x0) + cos(x1 / 2.45205044616) * cos(x1) * (x1 - 0.657826134155)),-((0.324 - 1.84/x0)*(x0 - cos(x0) + 0.997) - (x1 - 0.658)*cos(0.408*x1)*cos(x1))*(-3.29*x0 + cos(x1 - 0.488) + 2.6)*(-0.492*x1 + cos(1.23*x1) + 0.037/x0),"[0.7893145632555931, 0.30413223227715885, -0.48823126865907956, -0.03722724126757103, 0.4918309515283277, 0.8154911245031407, 0.9967536182143775, -0.32420603830112144, 1.843378146258046, 2.4520504461555563, 0.6578261341545816]","{""K"": 500, ""c"": 6.0, ""exploration_rate"": 0.1, ""gamma"": 0.5, ""gp_rate"": 0.5, ""lm_iterations"": 10, ""max_constants"": 999, ""max_depth"": 6, ""max_evals"": 2000000, ""max_unary"": 999, ""mutation_rate"": 0.1, ""ops"": [""+"", ""-"", ""*"", ""/"", ""sin"", ""cos"", ""exp"", ""log"", ""R""], ""succ_error_tol"": 1e-06}","{""K"": 500, ""c"": 6.0, ""exploration_rate"": 0.1, ""gamma"": 0.5, ""gp_rate"": 0.5, ""lm_iterations"": 10, ""max_constants"": 999, ""max_depth"": 6, ""max_evals"": 2000000, ""max_unary"": 999, ""mutation_rate"": 0.1, ""ops"": [""+"", ""-"", ""*"", ""/"", ""sin"", ""cos"", ""exp"", ""log"", ""R""], ""succ_error_tol"": 1e-06}",0.5
imcts,Jin,6,Jin-6,expression,68,10555,200,100,100,2,"[""x0"", ""x1""]",1.35*x[0]*x[1] + 5.5*sin((x[0]-1) * (x[1]-1)),0.9999999403953552,True,0.9999999999432798,0.9999999999340436,15.0,184136,17.22108931298135,0.0,0,-5.50000006237 * sin((x0 - 0.99999998328) * (1.00000000515 - x1)) + 1.34999994729 * (x1 * -0.999999968428 + x1 + x1 * x0 - 3.19768361625e-05),-5.50000006237 * sin((x0 - 0.99999998328) * (1.00000000515 - x1)) + 1.34999994729 * (x1 * -0.999999968428 + x1 + x1 * x0 - 3.19768361625e-05),1.35*x0*x1 + 5.5*sin((x0 - 1.0)*(x1 - 1.0)),"[-5.500000062371875, 0.9999999832801059, 1.0000000051518239, 1.3499999472892912, -0.9999999684280287, 1.0, -10.350498787206755]","{""K"": 500, ""c"": 6.0, ""exploration_rate"": 0.1, ""gamma"": 0.5, ""gp_rate"": 0.5, ""lm_iterations"": 10, ""max_constants"": 999, ""max_depth"": 6, ""max_evals"": 2000000, ""max_unary"": 999, ""mutation_rate"": 0.1, ""ops"": [""+"", ""-"", ""*"", ""/"", ""sin"", ""cos"", ""exp"", ""log"", ""R""], ""succ_error_tol"": 1e-06}","{""K"": 500, ""c"": 6.0, ""exploration_rate"": 0.1, ""gamma"": 0.5, ""gp_rate"": 0.5, ""lm_iterations"": 10, ""max_constants"": 999, ""max_depth"": 6, ""max_evals"": 2000000, ""max_unary"": 999, ""mutation_rate"": 0.1, ""ops"": [""+"", ""-"", ""*"", ""/"", ""sin"", ""cos"", ""exp"", ""log"", ""R""], ""succ_error_tol"": 1e-06}",0.5
imcts,Jin,6,Jin-6,expression,69,10253,200,100,100,2,"[""x0"", ""x1""]",1.35*x[0]*x[1] + 5.5*sin((x[0]-1) * (x[1]-1)),0.9999999403953552,True,0.9999999999999997,0.9999999999999998,15.0,270327,32.583519729960244,0.0,0,(sin((x0 - 0.999999987857) * (x1 - 1.00000000209)) + 1.24545454469 * x0 * (x1 - 8.89319529494e-10) - x1 * x0) * 5.4999999654,(sin((x0 - 0.999999987857) * (x1 - 1.00000000209)) + 1.24545454469 * x0 * (x1 - 8.89319529494e-10) - x1 * x0) * 5.4999999654,1.35*x0*x1 + 5.5*sin((x0 - 1.0)*(x1 - 1.0)),"[0.9999999878572733, 1.0000000020924227, 1.245454544688154, 8.893195294940278e-10, 5.499999965400805]","{""K"": 500, ""c"": 6.0, ""exploration_rate"": 0.1, ""gamma"": 0.5, ""gp_rate"": 0.5, ""lm_iterations"": 10, ""max_constants"": 999, ""max_depth"": 6, ""max_evals"": 2000000, ""max_unary"": 999, ""mutation_rate"": 0.1, ""ops"": [""+"", ""-"", ""*"", ""/"", ""sin"", ""cos"", ""exp"", ""log"", ""R""], ""succ_error_tol"": 1e-06}","{""K"": 500, ""c"": 6.0, ""exploration_rate"": 0.1, ""gamma"": 0.5, ""gp_rate"": 0.5, ""lm_iterations"": 10, ""max_constants"": 999, ""max_depth"": 6, ""max_evals"": 2000000, ""max_unary"": 999, ""mutation_rate"": 0.1, ""ops"": [""+"", ""-"", ""*"", ""/"", ""sin"", ""cos"", ""exp"", ""log"", ""R""], ""succ_error_tol"": 1e-06}",0.5
imcts,Jin,6,Jin-6,expression,70,8433,200,100,100,2,"[""x0"", ""x1""]",1.35*x[0]*x[1] + 5.5*sin((x[0]-1) * (x[1]-1)),0.9999999403953552,True,0.9999999999999989,0.9999999999999981,15.0,974006,141.1508011490223,0.0,0,-5.49999997514 * sin((x0 - 0.999999998015) * (1.00000002219 - x1)) - (-1.54044301065e-08 * x1 + 1.23303984853e-08 - x0) * (3.52213965313e-08 - x1) * -1.35000002996,-5.49999997514 * sin((x0 - 0.999999998015) * (1.00000002219 - x1)) - (-1.54044301065e-08 * x1 + 1.23303984853e-08 - x0) * (3.52213965313e-08 - x1) * -1.35000002996,1.35*x0*x1 + 5.5*sin((x0 - 1.0)*(x1 - 1.0)),"[-5.4999999751424875, 0.9999999980148696, 1.000000022192993, -1.540443010645315e-08, 1.233039848530858e-08, 3.5221396531332044e-08, -1.3500000299566925]","{""K"": 500, ""c"": 6.0, ""exploration_rate"": 0.1, ""gamma"": 0.5, ""gp_rate"": 0.5, ""lm_iterations"": 10, ""max_constants"": 999, ""max_depth"": 6, ""max_evals"": 2000000, ""max_unary"": 999, ""mutation_rate"": 0.1, ""ops"": [""+"", ""-"", ""*"", ""/"", ""sin"", ""cos"", ""exp"", ""log"", ""R""], ""succ_error_tol"": 1e-06}","{""K"": 500, ""c"": 6.0, ""exploration_rate"": 0.1, ""gamma"": 0.5, ""gp_rate"": 0.5, ""lm_iterations"": 10, ""max_constants"": 999, ""max_depth"": 6, ""max_evals"": 2000000, ""max_unary"": 999, ""mutation_rate"": 0.1, ""ops"": [""+"", ""-"", ""*"", ""/"", ""sin"", ""cos"", ""exp"", ""log"", ""R""], ""succ_error_tol"": 1e-06}",0.5
imcts,Jin,6,Jin-6,expression,71,10233,200,100,100,2,"[""x0"", ""x1""]",1.35*x[0]*x[1] + 5.5*sin((x[0]-1) * (x[1]-1)),0.7470901012420654,False,0.8853997337394292,0.642330743375017,60.0,2000001,329.9190379889915,0.0,0,(cos(x1) - 0.120088484938 * x1 - (0.125856976586 / x1 + x0 - 1.01456016999) - (x1 * -0.617897201445 + 3.14090700792) * sin(x0 + -0.985027074847)) * (cos(x1) - x1 / 1.327968471 - (x0 + x1) * 0.140542692691 / x1 + (0.37295290008 / x0 + sin(x1)) * sin(x1 * x0)),(cos(x1) - 0.120088484938 * x1 - (0.125856976586 / x1 + x0 - 1.01456016999) - (x1 * -0.617897201445 + 3.14090700792) * sin(x0 + -0.985027074847)) * (cos(x1) - x1 / 1.327968471 - (x0 + x1) * 0.140542692691 / x1 + (0.37295290008 / x0 + sin(x1)) * sin(x1 * x0)),(0.753*x1 - (sin(x1) + 0.373/x0)*sin(x0*x1) - cos(x1) + (0.141*x0 + 0.141*x1)/x1)*(x0 + 0.12*x1 - (0.618*x1 - 3.14)*sin(x0 - 0.985) - cos(x1) - 1.01 + 0.126/x1),"[0.12008848493788271, 0.12585697658550446, 1.014560169991245, -0.617897201444972, 3.1409070079161974, -0.9850270748470549, 1.3279684709978656, 0.1405426926905781, 0.3729529000795352]","{""K"": 500, ""c"": 6.0, ""exploration_rate"": 0.1, ""gamma"": 0.5, ""gp_rate"": 0.5, ""lm_iterations"": 10, ""max_constants"": 999, ""max_depth"": 6, ""max_evals"": 2000000, ""max_unary"": 999, ""mutation_rate"": 0.1, ""ops"": [""+"", ""-"", ""*"", ""/"", ""sin"", ""cos"", ""exp"", ""log"", ""R""], ""succ_error_tol"": 1e-06}","{""K"": 500, ""c"": 6.0, ""exploration_rate"": 0.1, ""gamma"": 0.5, ""gp_rate"": 0.5, ""lm_iterations"": 10, ""max_constants"": 999, ""max_depth"": 6, ""max_evals"": 2000000, ""max_unary"": 999, ""mutation_rate"": 0.1, ""ops"": [""+"", ""-"", ""*"", ""/"", ""sin"", ""cos"", ""exp"", ""log"", ""R""], ""succ_error_tol"": 1e-06}",0.5
imcts,Jin,6,Jin-6,expression,72,11016,200,100,100,2,"[""x0"", ""x1""]",1.35*x[0]*x[1] + 5.5*sin((x[0]-1) * (x[1]-1)),0.9999998807907104,True,1.0,1.0,15.0,125665,10.659707081969827,0.0,0,(-2.64154545329e-09 + x0 * 2.34999999805 - x0) * x1 + sin((0.999999999237 - x0) * (x1 - 0.999999997779)) * -5.50000002795,(-2.64154545329e-09 + x0 * 2.34999999805 - x0) * x1 + sin((0.999999999237 - x0) * (x1 - 0.999999997779)) * -5.50000002795,1.35*x0*x1 + 5.5*sin((x0 - 1.0)*(x1 - 1.0)),"[-2.641545453291479e-09, 2.349999998049416, 0.9999999992371778, 0.999999997779064, -5.500000027947141]","{""K"": 500, ""c"": 6.0, ""exploration_rate"": 0.1, ""gamma"": 0.5, ""gp_rate"": 0.5, ""lm_iterations"": 10, ""max_constants"": 999, ""max_depth"": 6, ""max_evals"": 2000000, ""max_unary"": 999, ""mutation_rate"": 0.1, ""ops"": [""+"", ""-"", ""*"", ""/"", ""sin"", ""cos"", ""exp"", ""log"", ""R""], ""succ_error_tol"": 1e-06}","{""K"": 500, ""c"": 6.0, ""exploration_rate"": 0.1, ""gamma"": 0.5, ""gp_rate"": 0.5, ""lm_iterations"": 10, ""max_constants"": 999, ""max_depth"": 6, ""max_evals"": 2000000, ""max_unary"": 999, ""mutation_rate"": 0.1, ""ops"": [""+"", ""-"", ""*"", ""/"", ""sin"", ""cos"", ""exp"", ""log"", ""R""], ""succ_error_tol"": 1e-06}",0.5
imcts,Jin,6,Jin-6,expression,73,23897,200,100,100,2,"[""x0"", ""x1""]",1.35*x[0]*x[1] + 5.5*sin((x[0]-1) * (x[1]-1)),0.9999998807907104,True,0.9999999999999987,0.9999999999999994,20.0,837551,119.84409676701762,0.0,0,5.49999999894 * (sin((x1 - 0.999999981258) * (x0 - 0.999999993327)) - (x0 * 1.21825759424 - x0 * 0.906916739801 + x0 * -0.245454544197 * (1.26842568541 + x1))),5.49999999894 * (sin((x1 - 0.999999981258) * (x0 - 0.999999993327)) - (x0 * 1.21825759424 - x0 * 0.906916739801 + x0 * -0.245454544197 * (1.26842568541 + x1))),1.35*x0*(x1 + 1.27) - 1.71*x0 + 5.5*sin((x0 - 1.0)*(x1 - 1.0)),"[2.688163308557125, 2.811836690377904, 0.9999999812581223, 0.9999999933267079, 1.2182575942351082, 0.9069167398009144, -0.24545454419653218, 1.2684256854087965]","{""K"": 500, ""c"": 6.0, ""exploration_rate"": 0.1, ""gamma"": 0.5, ""gp_rate"": 0.5, ""lm_iterations"": 10, ""max_constants"": 999, ""max_depth"": 6, ""max_evals"": 2000000, ""max_unary"": 999, ""mutation_rate"": 0.1, ""ops"": [""+"", ""-"", ""*"", ""/"", ""sin"", ""cos"", ""exp"", ""log"", ""R""], ""succ_error_tol"": 1e-06}","{""K"": 500, ""c"": 6.0, ""exploration_rate"": 0.1, ""gamma"": 0.5, ""gp_rate"": 0.5, ""lm_iterations"": 10, ""max_constants"": 999, ""max_depth"": 6, ""max_evals"": 2000000, ""max_unary"": 999, ""mutation_rate"": 0.1, ""ops"": [""+"", ""-"", ""*"", ""/"", ""sin"", ""cos"", ""exp"", ""log"", ""R""], ""succ_error_tol"": 1e-06}",0.5
imcts,Jin,6,Jin-6,expression,74,2612,200,100,100,2,"[""x0"", ""x1""]",1.35*x[0]*x[1] + 5.5*sin((x[0]-1) * (x[1]-1)),0.9999999403953552,True,0.9999999999968872,0.9999999999966382,21.0,294246,31.839547829004005,0.0,0,(-1.96617743681 + 1.79601670971e-09 * x1) * (3.06974521137e-08 * x0 + 2.79730603606) * sin((1.00000000676 - x1) * (x0 - 0.999999994683)) + 1.3499999533 * x1 * x0 + -3.12420527159e-09 + sin(0.000762682757272 * x0) * -0.00765355098845,(-1.96617743681 + 1.79601670971e-09 * x1) * (3.06974521137e-08 * x0 + 2.79730603606) * sin((1.00000000676 - x1) * (x0 - 0.999999994683)) + 1.3499999533 * x1 * x0 + -3.12420527159e-09 + sin(0.000762682757272 * x0) * -0.00765355098845,1.35*x0*x1 - 0.00806*sin(0.00101*x0) + 5.5*sin((x0 - 1.0)*(x1 - 1.0)),"[-1.9661774368102936, 1.7960167097093935e-09, 3.06974521137182e-08, 2.7973060360623485, 1.0000000067635835, 0.9999999946827007, 1.3499999533014675, -3.124205271594882e-09, 0.000762682757272347, -0.3636324909355243, 0.3559789399470779]","{""K"": 500, ""c"": 6.0, ""exploration_rate"": 0.1, ""gamma"": 0.5, ""gp_rate"": 0.5, ""lm_iterations"": 10, ""max_constants"": 999, ""max_depth"": 6, ""max_evals"": 2000000, ""max_unary"": 999, ""mutation_rate"": 0.1, ""ops"": [""+"", ""-"", ""*"", ""/"", ""sin"", ""cos"", ""exp"", ""log"", ""R""], ""succ_error_tol"": 1e-06}","{""K"": 500, ""c"": 6.0, ""exploration_rate"": 0.1, ""gamma"": 0.5, ""gp_rate"": 0.5, ""lm_iterations"": 10, ""max_constants"": 999, ""max_depth"": 6, ""max_evals"": 2000000, ""max_unary"": 999, ""mutation_rate"": 0.1, ""ops"": [""+"", ""-"", ""*"", ""/"", ""sin"", ""cos"", ""exp"", ""log"", ""R""], ""succ_error_tol"": 1e-06}",0.5
imcts,Jin,6,Jin-6,expression,75,23425,200,100,100,2,"[""x0"", ""x1""]",1.35*x[0]*x[1] + 5.5*sin((x[0]-1) * (x[1]-1)),0.8164440989494324,False,0.949454347913349,0.939783337953473,35.0,2000004,325.69179773598444,0.0,0,sin(x0 * x1 - (x1 + x0)) + cos(x1 + 2.14635276546) + x0 / 0.767594004584 * x1 + cos(x0 * x1 - (x1 + x0)) * (4.66129196116 + 0.0331202871978 / x1),sin(x0 * x1 - (x1 + x0)) + cos(x1 + 2.14635276546) + x0 / 0.767594004584 * x1 + cos(x0 * x1 - (x1 + x0)) * (4.66129196116 + 0.0331202871978 / x1),1.3*x0*x1 + (4.66 + 0.033/x1)*cos(-x0*x1 + x0 + x1) - sin(-x0*x1 + x0 + x1) + cos(x1 + 2.15),"[2.1463527654561148, 0.7675940045844911, 4.6612919611562615, 0.033120287197848056]","{""K"": 500, ""c"": 6.0, ""exploration_rate"": 0.1, ""gamma"": 0.5, ""gp_rate"": 0.5, ""lm_iterations"": 10, ""max_constants"": 999, ""max_depth"": 6, ""max_evals"": 2000000, ""max_unary"": 999, ""mutation_rate"": 0.1, ""ops"": [""+"", ""-"", ""*"", ""/"", ""sin"", ""cos"", ""exp"", ""log"", ""R""], ""succ_error_tol"": 1e-06}","{""K"": 500, ""c"": 6.0, ""exploration_rate"": 0.1, ""gamma"": 0.5, ""gp_rate"": 0.5, ""lm_iterations"": 10, ""max_constants"": 999, ""max_depth"": 6, ""max_evals"": 2000000, ""max_unary"": 999, ""mutation_rate"": 0.1, ""ops"": [""+"", ""-"", ""*"", ""/"", ""sin"", ""cos"", ""exp"", ""log"", ""R""], ""succ_error_tol"": 1e-06}",0.5
imcts,Jin,6,Jin-6,expression,76,25939,200,100,100,2,"[""x0"", ""x1""]",1.35*x[0]*x[1] + 5.5*sin((x[0]-1) * (x[1]-1)),0.9999999403953552,True,0.9999999999999986,0.9999999999999978,15.0,430797,45.22651656501694,0.0,0,((x1 - 2.63921882568e-08) * x0 + 0.0312487581552 / x0 + -0.0312487571428 / x0) / 0.740740731236 + sin((x0 - 1.00000002923) * (x1 - 1.00000000186)) * 5.49999990462,((x1 - 2.63921882568e-08) * x0 + 0.0312487581552 / x0 + -0.0312487571428 / x0) / 0.740740731236 + sin((x0 - 1.00000002923) * (x1 - 1.00000000186)) * 5.49999990462,1.35*x0*x1 + 5.5*sin((x0 - 1.0)*(x1 - 1.0)),"[2.6392188256805887e-08, 0.031248758155181158, -0.031248757142779575, 0.14831412963039178, 1.565834227854502, 1.000000029228802, 1.0000000018587816, 2.371350281331682, 2.319353639115673]","{""K"": 500, ""c"": 6.0, ""exploration_rate"": 0.1, ""gamma"": 0.5, ""gp_rate"": 0.5, ""lm_iterations"": 10, ""max_constants"": 999, ""max_depth"": 6, ""max_evals"": 2000000, ""max_unary"": 999, ""mutation_rate"": 0.1, ""ops"": [""+"", ""-"", ""*"", ""/"", ""sin"", ""cos"", ""exp"", ""log"", ""R""], ""succ_error_tol"": 1e-06}","{""K"": 500, ""c"": 6.0, ""exploration_rate"": 0.1, ""gamma"": 0.5, ""gp_rate"": 0.5, ""lm_iterations"": 10, ""max_constants"": 999, ""max_depth"": 6, ""max_evals"": 2000000, ""max_unary"": 999, ""mutation_rate"": 0.1, ""ops"": [""+"", ""-"", ""*"", ""/"", ""sin"", ""cos"", ""exp"", ""log"", ""R""], ""succ_error_tol"": 1e-06}",0.5
imcts,Jin,6,Jin-6,expression,77,22619,200,100,100,2,"[""x0"", ""x1""]",1.35*x[0]*x[1] + 5.5*sin((x[0]-1) * (x[1]-1)),0.9999999403953552,True,0.9999999999999978,0.9999999999999982,15.0,117241,9.700739566003904,0.0,0,1.06167902586 * (x1 + 4.30891598646e-08) * (x0 / 0.786428865667 - 6.81531912163e-08) + 5.50000000015 * sin((1.00000000371 - x1) * (0.999999998582 - x0)),1.06167902586 * (x1 + 4.30891598646e-08) * (x0 / 0.786428865667 - 6.81531912163e-08) + 5.50000000015 * sin((1.00000000371 - x1) * (0.999999998582 - x0)),1.35042311531796*x0*x1 + 5.5*sin((x0 - 1.0)*(x1 - 1.0)),"[1.0616790258619866, 4.3089159864644976e-08, 0.7864288656671828, 6.815319121627989e-08, 5.500000000145094, 1.0000000037073118, 0.9999999985823791]","{""K"": 500, ""c"": 6.0, ""exploration_rate"": 0.1, ""gamma"": 0.5, ""gp_rate"": 0.5, ""lm_iterations"": 10, ""max_constants"": 999, ""max_depth"": 6, ""max_evals"": 2000000, ""max_unary"": 999, ""mutation_rate"": 0.1, ""ops"": [""+"", ""-"", ""*"", ""/"", ""sin"", ""cos"", ""exp"", ""log"", ""R""], ""succ_error_tol"": 1e-06}","{""K"": 500, ""c"": 6.0, ""exploration_rate"": 0.1, ""gamma"": 0.5, ""gp_rate"": 0.5, ""lm_iterations"": 10, ""max_constants"": 999, ""max_depth"": 6, ""max_evals"": 2000000, ""max_unary"": 999, ""mutation_rate"": 0.1, ""ops"": [""+"", ""-"", ""*"", ""/"", ""sin"", ""cos"", ""exp"", ""log"", ""R""], ""succ_error_tol"": 1e-06}",0.5
imcts,Jin,6,Jin-6,expression,78,21870,200,100,100,2,"[""x0"", ""x1""]",1.35*x[0]*x[1] + 5.5*sin((x[0]-1) * (x[1]-1)),0.7475243806838989,False,0.8859255654007154,0.7927731979634001,42.0,2000002,306.59479705401463,0.0,0,((x1 + 10.8804118355) * 0.0934787296231 * x1 - sin(x0 * 1.24811022703)) * (x1 * 0.139391900413 + x0 * 1.27901759529 - cos(x0 * x0)) - cos(1.13831313778 * x0 + x1 + 0.411617939428) * cos(x0 * x1) / -0.205473394619,((x1 + 10.8804118355) * 0.0934787296231 * x1 - sin(x0 * 1.24811022703)) * (x1 * 0.139391900413 + x0 * 1.27901759529 - cos(x0 * x0)) - cos(1.13831313778 * x0 + x1 + 0.411617939428) * cos(x0 * x1) / -0.205473394619,(x1*(0.093*x1 + 1.02) - sin(1.25*x0))*(1.28*x0 + 0.139*x1 - cos(x0**2)) + 4.87*cos(x0*x1)*cos(1.14*x0 + x1 + 0.412),"[10.88041183550504, 0.09347872962307005, 1.2481102270256557, 0.13939190041280827, 1.2790175952934337, 1.1383131377795115, 0.4116179394281259, 0.7777437253215995, 1.0]","{""K"": 500, ""c"": 6.0, ""exploration_rate"": 0.1, ""gamma"": 0.5, ""gp_rate"": 0.5, ""lm_iterations"": 10, ""max_constants"": 999, ""max_depth"": 6, ""max_evals"": 2000000, ""max_unary"": 999, ""mutation_rate"": 0.1, ""ops"": [""+"", ""-"", ""*"", ""/"", ""sin"", ""cos"", ""exp"", ""log"", ""R""], ""succ_error_tol"": 1e-06}","{""K"": 500, ""c"": 6.0, ""exploration_rate"": 0.1, ""gamma"": 0.5, ""gp_rate"": 0.5, ""lm_iterations"": 10, ""max_constants"": 999, ""max_depth"": 6, ""max_evals"": 2000000, ""max_unary"": 999, ""mutation_rate"": 0.1, ""ops"": [""+"", ""-"", ""*"", ""/"", ""sin"", ""cos"", ""exp"", ""log"", ""R""], ""succ_error_tol"": 1e-06}",0.5
imcts,Jin,6,Jin-6,expression,79,23483,200,100,100,2,"[""x0"", ""x1""]",1.35*x[0]*x[1] + 5.5*sin((x[0]-1) * (x[1]-1)),0.9999998807907104,True,0.9999999999999991,0.999999999999999,21.0,199771,18.34338164201472,0.0,0,x1 * 0.540302305868 - x1 * (x0 * -0.350000001495 + 0.540302350629 - x0) + 5.50000020115 * sin((0.99999999822 - x1) * (1.00000000375 - x0)),x1 * 0.540302305868 - x1 * (x0 * -0.350000001495 + 0.540302350629 - x0) + 5.50000020115 * sin((0.99999999822 - x1) * (1.00000000375 - x0)),x1*(1.35*x0 - 0.54) + 0.54*x1 + 5.5*sin((x0 - 1.0)*(x1 - 1.0)),"[1.0, -0.35000000149489746, 0.5403023506294026, 0.9999999999999994, 5.500000201151238, 0.9999999982195136, 1.0000000037523211]","{""K"": 500, ""c"": 6.0, ""exploration_rate"": 0.1, ""gamma"": 0.5, ""gp_rate"": 0.5, ""lm_iterations"": 10, ""max_constants"": 999, ""max_depth"": 6, ""max_evals"": 2000000, ""max_unary"": 999, ""mutation_rate"": 0.1, ""ops"": [""+"", ""-"", ""*"", ""/"", ""sin"", ""cos"", ""exp"", ""log"", ""R""], ""succ_error_tol"": 1e-06}","{""K"": 500, ""c"": 6.0, ""exploration_rate"": 0.1, ""gamma"": 0.5, ""gp_rate"": 0.5, ""lm_iterations"": 10, ""max_constants"": 999, ""max_depth"": 6, ""max_evals"": 2000000, ""max_unary"": 999, ""mutation_rate"": 0.1, ""ops"": [""+"", ""-"", ""*"", ""/"", ""sin"", ""cos"", ""exp"", ""log"", ""R""], ""succ_error_tol"": 1e-06}",0.5
imcts,Jin,6,Jin-6,expression,80,26054,200,100,100,2,"[""x0"", ""x1""]",1.35*x[0]*x[1] + 5.5*sin((x[0]-1) * (x[1]-1)),0.9999998807907104,True,0.9999999999999986,0.9999999999999989,15.0,168171,14.240955920016859,0.0,0,1.70416365402 * x0 * (0.792177431264 * x1 - 1.39452481468e-08) - sin((x0 - 0.999999981431) * (x1 - 1.00000001441)) * (-1.24020184703 * x1 - -1.26118062623e-08 * x0 + 1.24020176329 * (x1 - 4.43476225456)),1.70416365402 * x0 * (0.792177431264 * x1 - 1.39452481468e-08) - sin((x0 - 0.999999981431) * (x1 - 1.00000001441)) * (-1.24020184703 * x1 - -1.26118062623e-08 * x0 + 1.24020176329 * (x1 - 4.43476225456)),1.34995079839422*x0*x1 + 5.5*sin((x0 - 1.0)*(x1 - 1.0)),"[1.7041636540221285, 2.2081993975947465, 1.394524814681275e-08, 0.9999999814307984, 1.000000014410416, -1.2402018470311422, -1.2611806262256639e-08, 1.2402017632924918, 4.434762254562799]","{""K"": 500, ""c"": 6.0, ""exploration_rate"": 0.1, ""gamma"": 0.5, ""gp_rate"": 0.5, ""lm_iterations"": 10, ""max_constants"": 999, ""max_depth"": 6, ""max_evals"": 2000000, ""max_unary"": 999, ""mutation_rate"": 0.1, ""ops"": [""+"", ""-"", ""*"", ""/"", ""sin"", ""cos"", ""exp"", ""log"", ""R""], ""succ_error_tol"": 1e-06}","{""K"": 500, ""c"": 6.0, ""exploration_rate"": 0.1, ""gamma"": 0.5, ""gp_rate"": 0.5, ""lm_iterations"": 10, ""max_constants"": 999, ""max_depth"": 6, ""max_evals"": 2000000, ""max_unary"": 999, ""mutation_rate"": 0.1, ""ops"": [""+"", ""-"", ""*"", ""/"", ""sin"", ""cos"", ""exp"", ""log"", ""R""], ""succ_error_tol"": 1e-06}",0.5
imcts,Jin,6,Jin-6,expression,81,15787,200,100,100,2,"[""x0"", ""x1""]",1.35*x[0]*x[1] + 5.5*sin((x[0]-1) * (x[1]-1)),0.9999999403953552,True,0.9999999999999984,0.999999999999999,15.0,1208560,189.08607454702724,0.0,0,(-5.50000002515 - x1 - -2.23515822584e-09 / x0 + 0.999999967713 * x1) * sin((x1 - 1.00000001532) * (0.999999983867 - x0)) - x1 * (5.63711684991e-08 / x1 + -1.34999997462 * x0 + (x1 - -2.14086034848) * -7.04003865187e-09 * x1),(-5.50000002515 - x1 - -2.23515822584e-09 / x0 + 0.999999967713 * x1) * sin((x1 - 1.00000001532) * (0.999999983867 - x0)) - x1 * (5.63711684991e-08 / x1 + -1.34999997462 * x0 + (x1 - -2.14086034848) * -7.04003865187e-09 * x1),1.35*x0*x1 + 5.5*sin((x0 - 1.0)*(x1 - 1.0)),"[-5.500000025146006, -2.2351582258378254e-09, 0.9999999677132976, 1.0, 1.0000000153188517, 0.9999999838666493, 5.637116849913485e-08, -1.3499999746169655, -2.140860348482489, -7.04003865186733e-09]","{""K"": 500, ""c"": 6.0, ""exploration_rate"": 0.1, ""gamma"": 0.5, ""gp_rate"": 0.5, ""lm_iterations"": 10, ""max_constants"": 999, ""max_depth"": 6, ""max_evals"": 2000000, ""max_unary"": 999, ""mutation_rate"": 0.1, ""ops"": [""+"", ""-"", ""*"", ""/"", ""sin"", ""cos"", ""exp"", ""log"", ""R""], ""succ_error_tol"": 1e-06}","{""K"": 500, ""c"": 6.0, ""exploration_rate"": 0.1, ""gamma"": 0.5, ""gp_rate"": 0.5, ""lm_iterations"": 10, ""max_constants"": 999, ""max_depth"": 6, ""max_evals"": 2000000, ""max_unary"": 999, ""mutation_rate"": 0.1, ""ops"": [""+"", ""-"", ""*"", ""/"", ""sin"", ""cos"", ""exp"", ""log"", ""R""], ""succ_error_tol"": 1e-06}",0.5
imcts,Jin,6,Jin-6,expression,82,27132,200,100,100,2,"[""x0"", ""x1""]",1.35*x[0]*x[1] + 5.5*sin((x[0]-1) * (x[1]-1)),0.9999999403953552,True,0.999999999999998,0.9999999999999977,23.0,332387,32.7746641630074,0.0,0,((x0 + x1) * -1.09929693341e-07 + 5.50000004469) * sin((x1 - 0.999999985458) * (x0 - 1.00000001069)) - (sin(0.931600659274 + x1 - 0.931600487199) - (sin(x1 / 1.00000001732) - -1.35000005644 * x1 * x0)),((x0 + x1) * -1.09929693341e-07 + 5.50000004469) * sin((x1 - 0.999999985458) * (x0 - 1.00000001069)) - (sin(0.931600659274 + x1 - 0.931600487199) - (sin(x1 / 1.00000001732) - -1.35000005644 * x1 * x0)),1.35*x0*x1 - sin(x1) + sin(1.0*x1) + 5.5*sin((x0 - 1.0)*(x1 - 1.0)),"[-1.0992969334058511e-07, 5.500000044693431, 0.9999999854582671, 1.0000000106932674, 0.931600659273765, 0.9316004871988668, 1.000000017323684, 0.25924024591339884]","{""K"": 500, ""c"": 6.0, ""exploration_rate"": 0.1, ""gamma"": 0.5, ""gp_rate"": 0.5, ""lm_iterations"": 10, ""max_constants"": 999, ""max_depth"": 6, ""max_evals"": 2000000, ""max_unary"": 999, ""mutation_rate"": 0.1, ""ops"": [""+"", ""-"", ""*"", ""/"", ""sin"", ""cos"", ""exp"", ""log"", ""R""], ""succ_error_tol"": 1e-06}","{""K"": 500, ""c"": 6.0, ""exploration_rate"": 0.1, ""gamma"": 0.5, ""gp_rate"": 0.5, ""lm_iterations"": 10, ""max_constants"": 999, ""max_depth"": 6, ""max_evals"": 2000000, ""max_unary"": 999, ""mutation_rate"": 0.1, ""ops"": [""+"", ""-"", ""*"", ""/"", ""sin"", ""cos"", ""exp"", ""log"", ""R""], ""succ_error_tol"": 1e-06}",0.5
imcts,Jin,6,Jin-6,expression,83,17159,200,100,100,2,"[""x0"", ""x1""]",1.35*x[0]*x[1] + 5.5*sin((x[0]-1) * (x[1]-1)),0.7521719336509705,False,0.8914408064901007,0.31662423330986866,50.0,2000004,293.9392494779895,0.0,0,(sin(x0) + -0.69326786528 + x0) * (0.593345757936 + x1 / 0.777544008131) - exp(x1) * -0.0192517596914 / x1 / (sin(x0) + 1.00736230015) + (x1 + -1.57793042456) * sin(x0) * (sin(x0) + x1 + 1.77559032) * (-0.966286496301 / x0 - 0.190222750325 + x0 / 0.924373729533 + x1 * -0.223342170167),(sin(x0) + -0.69326786528 + x0) * (0.593345757936 + x1 / 0.777544008131) - exp(x1) * -0.0192517596914 / x1 / (sin(x0) + 1.00736230015) + (x1 + -1.57793042456) * sin(x0) * (sin(x0) + x1 + 1.77559032) * (-0.966286496301 / x0 - 0.190222750325 + x0 / 0.924373729533 + x1 * -0.223342170167),-(x1 - 1.58)*(x1 + sin(x0) + 1.78)*(-1.08*x0 + 0.223*x1 + 0.19 + 0.966/x0)*sin(x0) + (1.29*x1 + 0.593)*(x0 + sin(x0) - 0.693) + 0.019*exp(x1)/(x1*(sin(x0) + 1.01)),"[-0.6932678652800569, 0.5933457579359853, 0.7775440081308491, -0.019251759691379336, 1.0073623001456964, -1.5779304245550885, 1.7755903199995111, -0.9662864963009933, -0.9616299863335016, 1.151852736658367, 0.9243737295333191, -0.22334217016688063]","{""K"": 500, ""c"": 6.0, ""exploration_rate"": 0.1, ""gamma"": 0.5, ""gp_rate"": 0.5, ""lm_iterations"": 10, ""max_constants"": 999, ""max_depth"": 6, ""max_evals"": 2000000, ""max_unary"": 999, ""mutation_rate"": 0.1, ""ops"": [""+"", ""-"", ""*"", ""/"", ""sin"", ""cos"", ""exp"", ""log"", ""R""], ""succ_error_tol"": 1e-06}","{""K"": 500, ""c"": 6.0, ""exploration_rate"": 0.1, ""gamma"": 0.5, ""gp_rate"": 0.5, ""lm_iterations"": 10, ""max_constants"": 999, ""max_depth"": 6, ""max_evals"": 2000000, ""max_unary"": 999, ""mutation_rate"": 0.1, ""ops"": [""+"", ""-"", ""*"", ""/"", ""sin"", ""cos"", ""exp"", ""log"", ""R""], ""succ_error_tol"": 1e-06}",0.5
imcts,Jin,6,Jin-6,expression,84,12206,200,100,100,2,"[""x0"", ""x1""]",1.35*x[0]*x[1] + 5.5*sin((x[0]-1) * (x[1]-1)),0.9999999403953552,True,0.9999999999999991,0.9999999999999989,15.0,1174602,188.9813675240148,0.0,0,((x0 - 1.11325401939e-08) / 4.07407396287 * (0.999999982931 - (1 - x1)) + sin((x0 - 1.0000000004) * (x1 - 1.00000000604))) * 5.50000004825,((x0 - 1.11325401939e-08) / 4.07407396287 * (0.999999982931 - (1 - x1)) + sin((x0 - 1.0000000004) * (x1 - 1.00000000604))) * 5.50000004825,1.35000003684899*x0*x1 + 5.5*sin((x0 - 1.0)*(x1 - 1.0)),"[1.1132540193923244e-08, 4.074073962866078, 0.9999999829309748, 1.0, 1.0, 1.0000000004009921, 1.00000000603619, 5.500000048252441]","{""K"": 500, ""c"": 6.0, ""exploration_rate"": 0.1, ""gamma"": 0.5, ""gp_rate"": 0.5, ""lm_iterations"": 10, ""max_constants"": 999, ""max_depth"": 6, ""max_evals"": 2000000, ""max_unary"": 999, ""mutation_rate"": 0.1, ""ops"": [""+"", ""-"", ""*"", ""/"", ""sin"", ""cos"", ""exp"", ""log"", ""R""], ""succ_error_tol"": 1e-06}","{""K"": 500, ""c"": 6.0, ""exploration_rate"": 0.1, ""gamma"": 0.5, ""gp_rate"": 0.5, ""lm_iterations"": 10, ""max_constants"": 999, ""max_depth"": 6, ""max_evals"": 2000000, ""max_unary"": 999, ""mutation_rate"": 0.1, ""ops"": [""+"", ""-"", ""*"", ""/"", ""sin"", ""cos"", ""exp"", ""log"", ""R""], ""succ_error_tol"": 1e-06}",0.5
imcts,Jin,6,Jin-6,expression,85,8226,200,100,100,2,"[""x0"", ""x1""]",1.35*x[0]*x[1] + 5.5*sin((x[0]-1) * (x[1]-1)),0.8050441741943359,False,0.9413547467833253,0.9276419559180704,43.0,2000006,239.6707292359788,0.0,0,cos(x0 * x1 - (x1 + x0)) * (0.269755859536 * x0 + 4.6385832601 - x1 * -0.18556436892 * (x0 - -0.555449354442)) + sin(x0 * x1 - (x1 + x0)) - (cos(-0.871646074329 + x0) - x1 * 1.09127346217 * (-0.144983662843 + x0)),cos(x0 * x1 - (x1 + x0)) * (0.269755859536 * x0 + 4.6385832601 - x1 * -0.18556436892 * (x0 - -0.555449354442)) + sin(x0 * x1 - (x1 + x0)) - (cos(-0.871646074329 + x0) - x1 * 1.09127346217 * (-0.144983662843 + x0)),1.09*x1*(x0 - 0.145) + (0.27*x0 + 0.186*x1*(x0 + 0.555) + 4.64)*cos(-x0*x1 + x0 + x1) - sin(-x0*x1 + x0 + x1) - cos(x0 - 0.872),"[0.26975585953565945, 4.6385832600966, -0.18556436892044667, -0.5554493544420633, -0.8716460743293135, 1.0912734621748441, -0.14498366284300046]","{""K"": 500, ""c"": 6.0, ""exploration_rate"": 0.1, ""gamma"": 0.5, ""gp_rate"": 0.5, ""lm_iterations"": 10, ""max_constants"": 999, ""max_depth"": 6, ""max_evals"": 2000000, ""max_unary"": 999, ""mutation_rate"": 0.1, ""ops"": [""+"", ""-"", ""*"", ""/"", ""sin"", ""cos"", ""exp"", ""log"", ""R""], ""succ_error_tol"": 1e-06}","{""K"": 500, ""c"": 6.0, ""exploration_rate"": 0.1, ""gamma"": 0.5, ""gp_rate"": 0.5, ""lm_iterations"": 10, ""max_constants"": 999, ""max_depth"": 6, ""max_evals"": 2000000, ""max_unary"": 999, ""mutation_rate"": 0.1, ""ops"": [""+"", ""-"", ""*"", ""/"", ""sin"", ""cos"", ""exp"", ""log"", ""R""], ""succ_error_tol"": 1e-06}",0.5
imcts,Jin,6,Jin-6,expression,86,14541,200,100,100,2,"[""x0"", ""x1""]",1.35*x[0]*x[1] + 5.5*sin((x[0]-1) * (x[1]-1)),0.9999999403953552,True,0.9999999999999991,0.9999999999999986,15.0,315798,34.0989747789572,0.0,0,sin((0.999999981983 - x0) * (1.00000001365 - x1)) * (x1 * -6.26537044255e-08 + 6.4999999155) * 0.846153855657 - (-1.39983007145 * 0.964402769096 * x0 * x1 + x1 * 5.55744472088e-08 * sin(x0) * (0.302294237686 - x0)),sin((0.999999981983 - x0) * (1.00000001365 - x1)) * (x1 * -6.26537044255e-08 + 6.4999999155) * 0.846153855657 - (-1.39983007145 * 0.964402769096 * x0 * x1 + x1 * 5.55744472088e-08 * sin(x0) * (0.302294237686 - x0)),1.35*x0*x1 + 5.5*sin((x0 - 1.0)*(x1 - 1.0)),"[0.9999999819829671, 1.0000000136470903, -6.26537044255014e-08, 6.499999915502105, 0.8461538556572965, -1.3998300714504404, 0.9644027690964357, 5.5574447208781146e-08, 0.3022942376859252]","{""K"": 500, ""c"": 6.0, ""exploration_rate"": 0.1, ""gamma"": 0.5, ""gp_rate"": 0.5, ""lm_iterations"": 10, ""max_constants"": 999, ""max_depth"": 6, ""max_evals"": 2000000, ""max_unary"": 999, ""mutation_rate"": 0.1, ""ops"": [""+"", ""-"", ""*"", ""/"", ""sin"", ""cos"", ""exp"", ""log"", ""R""], ""succ_error_tol"": 1e-06}","{""K"": 500, ""c"": 6.0, ""exploration_rate"": 0.1, ""gamma"": 0.5, ""gp_rate"": 0.5, ""lm_iterations"": 10, ""max_constants"": 999, ""max_depth"": 6, ""max_evals"": 2000000, ""max_unary"": 999, ""mutation_rate"": 0.1, ""ops"": [""+"", ""-"", ""*"", ""/"", ""sin"", ""cos"", ""exp"", ""log"", ""R""], ""succ_error_tol"": 1e-06}",0.5
imcts,Jin,6,Jin-6,expression,87,3152,200,100,100,2,"[""x0"", ""x1""]",1.35*x[0]*x[1] + 5.5*sin((x[0]-1) * (x[1]-1)),0.9999999403953552,True,0.9999999999999996,0.9999999999999996,15.0,161557,14.510046367999166,0.0,0,sin((x1 - 0.999999993876) * (x0 - 1.0000000104)) * (5.50000007421 - -5.25520129439e-08 * (x1 - 1)) + 1.34999998534 * x0 * (x1 - -2.43083778061e-08) + 1.20168625373e-08,sin((x1 - 0.999999993876) * (x0 - 1.0000000104)) * (5.50000007421 - -5.25520129439e-08 * (x1 - 1)) + 1.34999998534 * x0 * (x1 - -2.43083778061e-08) + 1.20168625373e-08,1.35*x0*x1 + 5.5*sin((x0 - 1.0)*(x1 - 1.0)),"[0.9999999938758299, 1.0000000104024267, 5.500000074209878, -5.255201294393616e-08, 1.0, 2.349999985340215, 1.0, -2.4308377806110952e-08, 1.2016862537322563e-08]","{""K"": 500, ""c"": 6.0, ""exploration_rate"": 0.1, ""gamma"": 0.5, ""gp_rate"": 0.5, ""lm_iterations"": 10, ""max_constants"": 999, ""max_depth"": 6, ""max_evals"": 2000000, ""max_unary"": 999, ""mutation_rate"": 0.1, ""ops"": [""+"", ""-"", ""*"", ""/"", ""sin"", ""cos"", ""exp"", ""log"", ""R""], ""succ_error_tol"": 1e-06}","{""K"": 500, ""c"": 6.0, ""exploration_rate"": 0.1, ""gamma"": 0.5, ""gp_rate"": 0.5, ""lm_iterations"": 10, ""max_constants"": 999, ""max_depth"": 6, ""max_evals"": 2000000, ""max_unary"": 999, ""mutation_rate"": 0.1, ""ops"": [""+"", ""-"", ""*"", ""/"", ""sin"", ""cos"", ""exp"", ""log"", ""R""], ""succ_error_tol"": 1e-06}",0.5
imcts,Jin,6,Jin-6,expression,88,26531,200,100,100,2,"[""x0"", ""x1""]",1.35*x[0]*x[1] + 5.5*sin((x[0]-1) * (x[1]-1)),0.733410656452179,False,0.8678731272018129,0.6118384138497555,44.0,2000002,267.6858302790206,0.0,0,x1 * x1 * (x0 + -0.539445579836) * sin(x1 - -0.141495917896) + cos(x0 - x1) * exp(x0 + -0.782897101368) - ((x1 + 2.50037700692) * (x1 - 1.62067765468) * cos(x0 + x0) - 0.0983478111094 * (x1 + 1.05506984039) * (x0 * x1 + x0)),x1 * x1 * (x0 + -0.539445579836) * sin(x1 - -0.141495917896) + cos(x0 - x1) * exp(x0 + -0.782897101368) - ((x1 + 2.50037700692) * (x1 - 1.62067765468) * cos(x0 + x0) - 0.0983478111094 * (x1 + 1.05506984039) * (x0 * x1 + x0)),x0*(0.098*x1 + 0.104)*(x1 + 1) + x1**2*(x0 - 0.539)*sin(x1 + 0.141) - (x1 - 1.62)*(x1 + 2.5)*cos(2*x0) + 0.457*exp(x0)*cos(x0 - x1),"[-0.5394455798364722, -0.14149591789600321, -0.7828971013678413, 2.5003770069235576, 1.6206776546813442, 0.0983478111094473, 1.0550698403880774]","{""K"": 500, ""c"": 6.0, ""exploration_rate"": 0.1, ""gamma"": 0.5, ""gp_rate"": 0.5, ""lm_iterations"": 10, ""max_constants"": 999, ""max_depth"": 6, ""max_evals"": 2000000, ""max_unary"": 999, ""mutation_rate"": 0.1, ""ops"": [""+"", ""-"", ""*"", ""/"", ""sin"", ""cos"", ""exp"", ""log"", ""R""], ""succ_error_tol"": 1e-06}","{""K"": 500, ""c"": 6.0, ""exploration_rate"": 0.1, ""gamma"": 0.5, ""gp_rate"": 0.5, ""lm_iterations"": 10, ""max_constants"": 999, ""max_depth"": 6, ""max_evals"": 2000000, ""max_unary"": 999, ""mutation_rate"": 0.1, ""ops"": [""+"", ""-"", ""*"", ""/"", ""sin"", ""cos"", ""exp"", ""log"", ""R""], ""succ_error_tol"": 1e-06}",0.5
imcts,Jin,6,Jin-6,expression,89,1585,200,100,100,2,"[""x0"", ""x1""]",1.35*x[0]*x[1] + 5.5*sin((x[0]-1) * (x[1]-1)),0.9999999403953552,True,0.999999999999997,0.9999999999999973,15.0,532430,63.95952412299812,0.0,0,(0.920596193931 + x1 - 0.920596101138) * x0 / 0.740740704059 + 5.50000007735 * sin((1.00000000032 - x1) * (1.00000000401 - x0)),(0.920596193931 + x1 - 0.920596101138) * x0 / 0.740740704059 + 5.50000007735 * sin((1.00000000032 - x1) * (1.00000000401 - x0)),1.35*x0*x1 + 5.5*sin((x0 - 1.0)*(x1 - 1.0)),"[0.9205961939309255, 0.6790424041591554, 0.7407407040587464, 1.0, 4.500000077345504, 1.0000000003182408, 1.0000000040087655]","{""K"": 500, ""c"": 6.0, ""exploration_rate"": 0.1, ""gamma"": 0.5, ""gp_rate"": 0.5, ""lm_iterations"": 10, ""max_constants"": 999, ""max_depth"": 6, ""max_evals"": 2000000, ""max_unary"": 999, ""mutation_rate"": 0.1, ""ops"": [""+"", ""-"", ""*"", ""/"", ""sin"", ""cos"", ""exp"", ""log"", ""R""], ""succ_error_tol"": 1e-06}","{""K"": 500, ""c"": 6.0, ""exploration_rate"": 0.1, ""gamma"": 0.5, ""gp_rate"": 0.5, ""lm_iterations"": 10, ""max_constants"": 999, ""max_depth"": 6, ""max_evals"": 2000000, ""max_unary"": 999, ""mutation_rate"": 0.1, ""ops"": [""+"", ""-"", ""*"", ""/"", ""sin"", ""cos"", ""exp"", ""log"", ""R""], ""succ_error_tol"": 1e-06}",0.5
imcts,Jin,6,Jin-6,expression,90,3943,200,100,100,2,"[""x0"", ""x1""]",1.35*x[0]*x[1] + 5.5*sin((x[0]-1) * (x[1]-1)),0.9999999403953552,True,0.9999999999999994,0.9999999999999993,16.0,522269,68.9179606839898,0.0,0,(3.33892817932 - (x0 - 2.18853740326) * 6.80489716104e-09 - -2.16107166935) * (x1 * 0.245454554895 * (x0 - -1.31880361957e-08) - 1.80807091521e-08 + sin((x1 - 0.999999993578) * (x0 - 0.999999998278))),(3.33892817932 - (x0 - 2.18853740326) * 6.80489716104e-09 - -2.16107166935) * (x1 * 0.245454554895 * (x0 - -1.31880361957e-08) - 1.80807091521e-08 + sin((x1 - 0.999999993578) * (x0 - 0.999999998278))),1.3500000519225*x0*x1 + 5.5*sin((x0 - 1.0)*(x1 - 1.0)) - 9.944390033655e-8,"[3.338928179322662, 2.188537403263079, 6.804897161044375e-09, -2.161071669345728, 0.24545455489523177, -1.3188036195741211e-08, 1.175521511724585, 1.1755214936438758, 0.9999999935783782, 0.9999999982778346]","{""K"": 500, ""c"": 6.0, ""exploration_rate"": 0.1, ""gamma"": 0.5, ""gp_rate"": 0.5, ""lm_iterations"": 10, ""max_constants"": 999, ""max_depth"": 6, ""max_evals"": 2000000, ""max_unary"": 999, ""mutation_rate"": 0.1, ""ops"": [""+"", ""-"", ""*"", ""/"", ""sin"", ""cos"", ""exp"", ""log"", ""R""], ""succ_error_tol"": 1e-06}","{""K"": 500, ""c"": 6.0, ""exploration_rate"": 0.1, ""gamma"": 0.5, ""gp_rate"": 0.5, ""lm_iterations"": 10, ""max_constants"": 999, ""max_depth"": 6, ""max_evals"": 2000000, ""max_unary"": 999, ""mutation_rate"": 0.1, ""ops"": [""+"", ""-"", ""*"", ""/"", ""sin"", ""cos"", ""exp"", ""log"", ""R""], ""succ_error_tol"": 1e-06}",0.5
imcts,Jin,6,Jin-6,expression,91,23939,200,100,100,2,"[""x0"", ""x1""]",1.35*x[0]*x[1] + 5.5*sin((x[0]-1) * (x[1]-1)),0.9999998807907104,True,0.9999999999999994,0.9999999999999993,15.0,93768,7.9880296339979395,0.0,0,x1 / 0.740740734479 * (x0 + 4.9537018243e-08) + sin((x1 - 0.999999993841) * (x0 - 1.00000000076)) * 5.5000000401,x1 / 0.740740734479 * (x0 + 4.9537018243e-08) + sin((x1 - 0.999999993841) * (x0 - 1.00000000076)) * 5.5000000401,1.35*x0*x1 + 5.5*sin((x0 - 1.0)*(x1 - 1.0)),"[0.7407407344791068, 4.9537018242980746e-08, 0.9999999938405592, 1.0000000007601781, 5.500000040101372, 1.0000000000000002]","{""K"": 500, ""c"": 6.0, ""exploration_rate"": 0.1, ""gamma"": 0.5, ""gp_rate"": 0.5, ""lm_iterations"": 10, ""max_constants"": 999, ""max_depth"": 6, ""max_evals"": 2000000, ""max_unary"": 999, ""mutation_rate"": 0.1, ""ops"": [""+"", ""-"", ""*"", ""/"", ""sin"", ""cos"", ""exp"", ""log"", ""R""], ""succ_error_tol"": 1e-06}","{""K"": 500, ""c"": 6.0, ""exploration_rate"": 0.1, ""gamma"": 0.5, ""gp_rate"": 0.5, ""lm_iterations"": 10, ""max_constants"": 999, ""max_depth"": 6, ""max_evals"": 2000000, ""max_unary"": 999, ""mutation_rate"": 0.1, ""ops"": [""+"", ""-"", ""*"", ""/"", ""sin"", ""cos"", ""exp"", ""log"", ""R""], ""succ_error_tol"": 1e-06}",0.5
imcts,Jin,6,Jin-6,expression,92,19457,200,100,100,2,"[""x0"", ""x1""]",1.35*x[0]*x[1] + 5.5*sin((x[0]-1) * (x[1]-1)),0.9999998807907104,True,0.9999999999999989,0.999999999999999,15.0,622583,81.83883190498454,0.0,0,(sin((x1 - 1.00000000671) * (x0 - 0.999999979256)) + (7.20479359064e-09 - x0 + 1.54756928889 * x0) * x1 * 0.448262087087) * 5.49999995331,(sin((x1 - 1.00000000671) * (x0 - 0.999999979256)) + (7.20479359064e-09 - x0 + 1.54756928889 * x0) * x1 * 0.448262087087) * 5.49999995331,1.34967273941246*x0*x1 + 5.5*sin((x0 - 1.0)*(x1 - 1.0)),"[1.0000000067064003, 0.9999999792559907, 7.204793590639358e-09, 1.5475692888887855, 0.4482620870873908, 5.499999953311544]","{""K"": 500, ""c"": 6.0, ""exploration_rate"": 0.1, ""gamma"": 0.5, ""gp_rate"": 0.5, ""lm_iterations"": 10, ""max_constants"": 999, ""max_depth"": 6, ""max_evals"": 2000000, ""max_unary"": 999, ""mutation_rate"": 0.1, ""ops"": [""+"", ""-"", ""*"", ""/"", ""sin"", ""cos"", ""exp"", ""log"", ""R""], ""succ_error_tol"": 1e-06}","{""K"": 500, ""c"": 6.0, ""exploration_rate"": 0.1, ""gamma"": 0.5, ""gp_rate"": 0.5, ""lm_iterations"": 10, ""max_constants"": 999, ""max_depth"": 6, ""max_evals"": 2000000, ""max_unary"": 999, ""mutation_rate"": 0.1, ""ops"": [""+"", ""-"", ""*"", ""/"", ""sin"", ""cos"", ""exp"", ""log"", ""R""], ""succ_error_tol"": 1e-06}",0.5
imcts,Jin,6,Jin-6,expression,93,1021,200,100,100,2,"[""x0"", ""x1""]",1.35*x[0]*x[1] + 5.5*sin((x[0]-1) * (x[1]-1)),0.9999999403953552,True,0.9999999999999992,0.9999999999999994,21.0,178379,16.95973560202401,0.0,0,1.34999999105 * (-0.623311835011 + x0) * x1 + 0.841470984808 * x1 + -5.50000005132 * sin((0.999999989483 - x1) * (x0 - 1.00000001504)),1.34999999105 * (-0.623311835011 + x0) * x1 + 0.841470984808 * x1 + -5.50000005132 * sin((0.999999989483 - x1) * (x0 - 1.00000001504)),x1*(1.35*x0 - 0.841) + 0.841*x1 + 5.5*sin((x0 - 1.0)*(x1 - 1.0)),"[1.3499999910464648, -0.6233118350113925, 1.0, -2.750000025661956, 1.000000000000001, 1.0, 0.9999999894829075, 1.0000000150416632]","{""K"": 500, ""c"": 6.0, ""exploration_rate"": 0.1, ""gamma"": 0.5, ""gp_rate"": 0.5, ""lm_iterations"": 10, ""max_constants"": 999, ""max_depth"": 6, ""max_evals"": 2000000, ""max_unary"": 999, ""mutation_rate"": 0.1, ""ops"": [""+"", ""-"", ""*"", ""/"", ""sin"", ""cos"", ""exp"", ""log"", ""R""], ""succ_error_tol"": 1e-06}","{""K"": 500, ""c"": 6.0, ""exploration_rate"": 0.1, ""gamma"": 0.5, ""gp_rate"": 0.5, ""lm_iterations"": 10, ""max_constants"": 999, ""max_depth"": 6, ""max_evals"": 2000000, ""max_unary"": 999, ""mutation_rate"": 0.1, ""ops"": [""+"", ""-"", ""*"", ""/"", ""sin"", ""cos"", ""exp"", ""log"", ""R""], ""succ_error_tol"": 1e-06}",0.5
imcts,Jin,6,Jin-6,expression,94,11653,200,100,100,2,"[""x0"", ""x1""]",1.35*x[0]*x[1] + 5.5*sin((x[0]-1) * (x[1]-1)),0.9999999403953552,True,0.9999999999999999,0.9999999999999999,15.0,114407,8.801306867972016,0.0,0,(x0 + 1.15717641634e-08) * 1.94481459823 * x1 - x1 * x0 / 1.68119612097 - sin((1.00000000198 - x1) * (x0 - 0.999999996784)) / 0.18181818019,(x0 + 1.15717641634e-08) * 1.94481459823 * x1 - x1 * x0 / 1.68119612097 - sin((1.00000000198 - x1) * (x0 - 0.999999996784)) / 0.18181818019,1.34999999716904*x0*x1 + 5.5*sin((x0 - 1.0)*(x1 - 1.0)),"[1.1571764163351326e-08, 1.9448145982344887, 1.6811961209701667, 1.0000000019783455, 0.9999999967840549, 0.3960393049698846, 2.1782161968425595]","{""K"": 500, ""c"": 6.0, ""exploration_rate"": 0.1, ""gamma"": 0.5, ""gp_rate"": 0.5, ""lm_iterations"": 10, ""max_constants"": 999, ""max_depth"": 6, ""max_evals"": 2000000, ""max_unary"": 999, ""mutation_rate"": 0.1, ""ops"": [""+"", ""-"", ""*"", ""/"", ""sin"", ""cos"", ""exp"", ""log"", ""R""], ""succ_error_tol"": 1e-06}","{""K"": 500, ""c"": 6.0, ""exploration_rate"": 0.1, ""gamma"": 0.5, ""gp_rate"": 0.5, ""lm_iterations"": 10, ""max_constants"": 999, ""max_depth"": 6, ""max_evals"": 2000000, ""max_unary"": 999, ""mutation_rate"": 0.1, ""ops"": [""+"", ""-"", ""*"", ""/"", ""sin"", ""cos"", ""exp"", ""log"", ""R""], ""succ_error_tol"": 1e-06}",0.5
imcts,Jin,6,Jin-6,expression,95,10805,200,100,100,2,"[""x0"", ""x1""]",1.35*x[0]*x[1] + 5.5*sin((x[0]-1) * (x[1]-1)),0.7195194959640503,False,0.8480432068204405,0.6024987542604129,42.0,2000001,341.6754213210079,0.0,0,(exp(sin(x1) + 0.384420941477) + (x1 + 1.36745429558) * -0.357207810751 - sin(-0.62049661632 - x0)) * (-8.01645967587 * x1 * sin(x1) + x1 + x0 + x1 + 18.665084831) * (-0.162765629692 + x0 / 4.63567338774) * (x1 + -0.746405566544 + 0.0409949007465 / x0),(exp(sin(x1) + 0.384420941477) + (x1 + 1.36745429558) * -0.357207810751 - sin(-0.62049661632 - x0)) * (-8.01645967587 * x1 * sin(x1) + x1 + x0 + x1 + 18.665084831) * (-0.162765629692 + x0 / 4.63567338774) * (x1 + -0.746405566544 + 0.0409949007465 / x0),-(0.216*x0 - 0.163)*(x1 - 0.746 + 0.041/x0)*(x0 - 8.02*x1*sin(x1) + 2*x1 + 18.7)*(0.357*x1 - 1.47*exp(sin(x1)) - sin(x0 + 0.62) + 0.488),"[0.38442094147666384, 1.3674542955798534, -0.35720781075104907, -0.6204966163197468, -8.016459675868443, 18.665084831009608, 0.837234370308218, 1.0, 4.635673387742247, -0.7464055665439765, 0.040994900746532656]","{""K"": 500, ""c"": 6.0, ""exploration_rate"": 0.1, ""gamma"": 0.5, ""gp_rate"": 0.5, ""lm_iterations"": 10, ""max_constants"": 999, ""max_depth"": 6, ""max_evals"": 2000000, ""max_unary"": 999, ""mutation_rate"": 0.1, ""ops"": [""+"", ""-"", ""*"", ""/"", ""sin"", ""cos"", ""exp"", ""log"", ""R""], ""succ_error_tol"": 1e-06}","{""K"": 500, ""c"": 6.0, ""exploration_rate"": 0.1, ""gamma"": 0.5, ""gp_rate"": 0.5, ""lm_iterations"": 10, ""max_constants"": 999, ""max_depth"": 6, ""max_evals"": 2000000, ""max_unary"": 999, ""mutation_rate"": 0.1, ""ops"": [""+"", ""-"", ""*"", ""/"", ""sin"", ""cos"", ""exp"", ""log"", ""R""], ""succ_error_tol"": 1e-06}",0.5
imcts,Jin,6,Jin-6,expression,96,13417,200,100,100,2,"[""x0"", ""x1""]",1.35*x[0]*x[1] + 5.5*sin((x[0]-1) * (x[1]-1)),0.9999999403953552,True,0.9999999999999988,0.9999999999999987,15.0,271769,31.252759566996247,0.0,0,(0.829560754587 * x1 + 0.810740930646 * x1 - 1.5849940374 * (-3.35304162037 + x1) * 1.03489457083) * ((-2.79940897324e-09 + x0 * 0.829641276489) * (0.295856248678 * x1 - 2.56690376957e-09) + sin((x1 - 1.0000000143) * (x0 - 0.999999996992))),(0.829560754587 * x1 + 0.810740930646 * x1 - 1.5849940374 * (-3.35304162037 + x1) * 1.03489457083) * ((-2.79940897324e-09 + x0 * 0.829641276489) * (0.295856248678 * x1 - 2.56690376957e-09) + sin((x1 - 1.0000000143) * (x0 - 0.999999996992))),1.35000005695755*x0*x1 + 5.5*sin((x0 - 1.0)*(x1 - 1.0)),"[0.8295607545865328, 0.8107409306464759, 1.5849940373971731, -3.3530416203740554, 1.0348945708298753, -2.7994089732397663e-09, 0.8296412764889628, 0.2958562486783361, 2.56690376956807e-09, 1.000000014304057, 0.9999999969919259]","{""K"": 500, ""c"": 6.0, ""exploration_rate"": 0.1, ""gamma"": 0.5, ""gp_rate"": 0.5, ""lm_iterations"": 10, ""max_constants"": 999, ""max_depth"": 6, ""max_evals"": 2000000, ""max_unary"": 999, ""mutation_rate"": 0.1, ""ops"": [""+"", ""-"", ""*"", ""/"", ""sin"", ""cos"", ""exp"", ""log"", ""R""], ""succ_error_tol"": 1e-06}","{""K"": 500, ""c"": 6.0, ""exploration_rate"": 0.1, ""gamma"": 0.5, ""gp_rate"": 0.5, ""lm_iterations"": 10, ""max_constants"": 999, ""max_depth"": 6, ""max_evals"": 2000000, ""max_unary"": 999, ""mutation_rate"": 0.1, ""ops"": [""+"", ""-"", ""*"", ""/"", ""sin"", ""cos"", ""exp"", ""log"", ""R""], ""succ_error_tol"": 1e-06}",0.5
imcts,Jin,6,Jin-6,expression,97,20227,200,100,100,2,"[""x0"", ""x1""]",1.35*x[0]*x[1] + 5.5*sin((x[0]-1) * (x[1]-1)),0.7818178534507751,False,0.9221197700229781,0.4620716395176079,46.0,2000001,313.93626037595095,0.0,0,(x0 / 5.88702497322 + -0.1199814686 / x0) * (x1 + 8.79266568147) * (x1 + -0.60207314669) + sin(x0 * 3.19160222968) + x1 * sin(x0) + (1.90376912886 / x0 - 5.62640774027) * sin(x1 + -1.03943955537) * cos(x0 * 1.0339124052 - x1 * x0),(x0 / 5.88702497322 + -0.1199814686 / x0) * (x1 + 8.79266568147) * (x1 + -0.60207314669) + sin(x0 * 3.19160222968) + x1 * sin(x0) + (1.90376912886 / x0 - 5.62640774027) * sin(x1 + -1.03943955537) * cos(x0 * 1.0339124052 - x1 * x0),x1*sin(x0) - (5.63 - 1.9/x0)*sin(x1 - 1.04)*cos(x0*x1 - 1.03*x0) + (0.17*x0 - 0.12/x0)*(x1 - 0.602)*(x1 + 8.79) + sin(3.19*x0),"[5.8870249732238245, -0.11998146859983541, 8.792665681469586, -0.6020731466897815, 3.19160222968325, 1.9037691288626806, 5.6264077402694905, -1.0394395553665257, 1.0339124052007087]","{""K"": 500, ""c"": 6.0, ""exploration_rate"": 0.1, ""gamma"": 0.5, ""gp_rate"": 0.5, ""lm_iterations"": 10, ""max_constants"": 999, ""max_depth"": 6, ""max_evals"": 2000000, ""max_unary"": 999, ""mutation_rate"": 0.1, ""ops"": [""+"", ""-"", ""*"", ""/"", ""sin"", ""cos"", ""exp"", ""log"", ""R""], ""succ_error_tol"": 1e-06}","{""K"": 500, ""c"": 6.0, ""exploration_rate"": 0.1, ""gamma"": 0.5, ""gp_rate"": 0.5, ""lm_iterations"": 10, ""max_constants"": 999, ""max_depth"": 6, ""max_evals"": 2000000, ""max_unary"": 999, ""mutation_rate"": 0.1, ""ops"": [""+"", ""-"", ""*"", ""/"", ""sin"", ""cos"", ""exp"", ""log"", ""R""], ""succ_error_tol"": 1e-06}",0.5
imcts,Jin,6,Jin-6,expression,98,7989,200,100,100,2,"[""x0"", ""x1""]",1.35*x[0]*x[1] + 5.5*sin((x[0]-1) * (x[1]-1)),0.9999998807907104,True,0.9999999999999991,0.9999999999999993,15.0,237231,24.6635307649849,0.0,0,sin((x0 - 1.00000001304) * (0.999999987799 - x1)) * (0.520976162245 - x0 - (6.02097622064 - x0) + -1.90568689615e-08 * x0) + (-3.64987508493e-08 - (-0.350000002787 * x0 - x0)) * (x1 - -1.69660616683e-08),sin((x0 - 1.00000001304) * (0.999999987799 - x1)) * (0.520976162245 - x0 - (6.02097622064 - x0) + -1.90568689615e-08 * x0) + (-3.64987508493e-08 - (-0.350000002787 * x0 - x0)) * (x1 - -1.69660616683e-08),1.35*x0*x1 + 5.5*sin((x0 - 1.0)*(x1 - 1.0)),"[1.000000013036404, 0.9999999877986798, 0.5209761622451261, 6.0209762206402475, -1.905686896151635e-08, 1.5707963632936475, 1.0, -0.3500000027868426, -1.6966061668297068e-08]","{""K"": 500, ""c"": 6.0, ""exploration_rate"": 0.1, ""gamma"": 0.5, ""gp_rate"": 0.5, ""lm_iterations"": 10, ""max_constants"": 999, ""max_depth"": 6, ""max_evals"": 2000000, ""max_unary"": 999, ""mutation_rate"": 0.1, ""ops"": [""+"", ""-"", ""*"", ""/"", ""sin"", ""cos"", ""exp"", ""log"", ""R""], ""succ_error_tol"": 1e-06}","{""K"": 500, ""c"": 6.0, ""exploration_rate"": 0.1, ""gamma"": 0.5, ""gp_rate"": 0.5, ""lm_iterations"": 10, ""max_constants"": 999, ""max_depth"": 6, ""max_evals"": 2000000, ""max_unary"": 999, ""mutation_rate"": 0.1, ""ops"": [""+"", ""-"", ""*"", ""/"", ""sin"", ""cos"", ""exp"", ""log"", ""R""], ""succ_error_tol"": 1e-06}",0.5
imcts,Jin,6,Jin-6,expression,99,9692,200,100,100,2,"[""x0"", ""x1""]",1.35*x[0]*x[1] + 5.5*sin((x[0]-1) * (x[1]-1)),0.9999998807907104,True,0.9999999999897351,0.9999999999876533,15.0,1369037,252.92892532801488,0.0,0,1.77623590765e-06 + x0 * (x1 * 1.34999996137 + x0 * -2.27945482152e-07) - (2.78220855606 + x0 * 6.62566081065e-06) * -1.97683942751 * sin((-1.00000004112 + x0) * (x1 + -0.999999515711)),1.77623590765e-06 + x0 * (x1 * 1.34999996137 + x0 * -2.27945482152e-07) - (2.78220855606 + x0 * 6.62566081065e-06) * -1.97683942751 * sin((-1.00000004112 + x0) * (x1 + -0.999999515711)),1.35*x0*x1 + 5.5*sin((x0 - 1.0)*(x1 - 1.0)),"[0.022039867768484354, 1.0222827586133885, 1.0028217444963554, 1.3499999613656708, -2.279454821515651e-07, 2.7822085560606897, 6.6256608106513275e-06, -1.976839427505331, -1.0000000411225987, -0.9999995157107239]","{""K"": 500, ""c"": 6.0, ""exploration_rate"": 0.1, ""gamma"": 0.5, ""gp_rate"": 0.5, ""lm_iterations"": 10, ""max_constants"": 999, ""max_depth"": 6, ""max_evals"": 2000000, ""max_unary"": 999, ""mutation_rate"": 0.1, ""ops"": [""+"", ""-"", ""*"", ""/"", ""sin"", ""cos"", ""exp"", ""log"", ""R""], ""succ_error_tol"": 1e-06}","{""K"": 500, ""c"": 6.0, ""exploration_rate"": 0.1, ""gamma"": 0.5, ""gp_rate"": 0.5, ""lm_iterations"": 10, ""max_constants"": 999, ""max_depth"": 6, ""max_evals"": 2000000, ""max_unary"": 999, ""mutation_rate"": 0.1, ""ops"": [""+"", ""-"", ""*"", ""/"", ""sin"", ""cos"", ""exp"", ""log"", ""R""], ""succ_error_tol"": 1e-06}",0.5
