algorithm,group,case_id,case_name,source_type,run,seed,samples_total,samples_train,samples_test,variables,feature_names,target_expression,reward,success,train_r2,test_r2,complexity,evaluations,time_sec,tuning_time_sec,tuning_evaluations,expression,materialized_expression,simplified_expression,coefficients,algorithm_params,tuned_params,test_ratio
imcts,Jin,5,Jin-5,expression,0,23654,200,100,100,2,"[""x0"", ""x1""]",6.0*sin(x[0])*cos(x[1]),0.9999999403953552,True,1.0,1.0,6.0,1635,0.07368864200543612,0.0,0,cos(x1) / 0.16666666654 * sin(x0),cos(x1) / 0.16666666654 * sin(x0),6.0*sin(x0)*cos(x1),[0.16666666654008852],"{""K"": 500, ""c"": 6.0, ""exploration_rate"": 0.1, ""gamma"": 0.5, ""gp_rate"": 0.5, ""lm_iterations"": 10, ""max_constants"": 999, ""max_depth"": 6, ""max_evals"": 2000000, ""max_unary"": 999, ""mutation_rate"": 0.1, ""ops"": [""+"", ""-"", ""*"", ""/"", ""sin"", ""cos"", ""exp"", ""log"", ""R""], ""succ_error_tol"": 1e-06}","{""K"": 500, ""c"": 6.0, ""exploration_rate"": 0.1, ""gamma"": 0.5, ""gp_rate"": 0.5, ""lm_iterations"": 10, ""max_constants"": 999, ""max_depth"": 6, ""max_evals"": 2000000, ""max_unary"": 999, ""mutation_rate"": 0.1, ""ops"": [""+"", ""-"", ""*"", ""/"", ""sin"", ""cos"", ""exp"", ""log"", ""R""], ""succ_error_tol"": 1e-06}",0.5
imcts,Jin,5,Jin-5,expression,1,15795,200,100,100,2,"[""x0"", ""x1""]",6.0*sin(x[0])*cos(x[1]),0.9999999403953552,True,0.9999999999999998,0.9999999999999998,8.0,14386,0.8860311579774134,0.0,0,(1.91259161828 - (1.9125916209 - sin(x0))) * 6.00000000734 * sin(x1 - -1.5707963396),(1.91259161828 - (1.9125916209 - sin(x0))) * 6.00000000734 * sin(x1 - -1.5707963396),6.0*sin(x0)*sin(x1 + 1.57),"[1.912591618281703, 0.6484591919232053, 6.000000007337498, 0.20539803988434802, 1.77619437948189]","{""K"": 500, ""c"": 6.0, ""exploration_rate"": 0.1, ""gamma"": 0.5, ""gp_rate"": 0.5, ""lm_iterations"": 10, ""max_constants"": 999, ""max_depth"": 6, ""max_evals"": 2000000, ""max_unary"": 999, ""mutation_rate"": 0.1, ""ops"": [""+"", ""-"", ""*"", ""/"", ""sin"", ""cos"", ""exp"", ""log"", ""R""], ""succ_error_tol"": 1e-06}","{""K"": 500, ""c"": 6.0, ""exploration_rate"": 0.1, ""gamma"": 0.5, ""gp_rate"": 0.5, ""lm_iterations"": 10, ""max_constants"": 999, ""max_depth"": 6, ""max_evals"": 2000000, ""max_unary"": 999, ""mutation_rate"": 0.1, ""ops"": [""+"", ""-"", ""*"", ""/"", ""sin"", ""cos"", ""exp"", ""log"", ""R""], ""succ_error_tol"": 1e-06}",0.5
imcts,Jin,5,Jin-5,expression,2,860,200,100,100,2,"[""x0"", ""x1""]",6.0*sin(x[0])*cos(x[1]),0.9999999403953552,True,0.9999999999999998,0.9999999999999998,8.0,8897,0.5472235420020297,0.0,0,(3.41109895489e-08 - 4.40705098189 * cos(x1)) / (0.734508492989 / cos(1.57079633317 + x0)),(3.41109895489e-08 - 4.40705098189 * cos(x1)) / (0.734508492989 / cos(1.57079633317 + x0)),-5.9983665097746*cos(x1)*cos(x0 + 1.57),"[3.4110989548939944e-08, 4.407050981886805, 0.7345084929887163, 1.570796333174791]","{""K"": 500, ""c"": 6.0, ""exploration_rate"": 0.1, ""gamma"": 0.5, ""gp_rate"": 0.5, ""lm_iterations"": 10, ""max_constants"": 999, ""max_depth"": 6, ""max_evals"": 2000000, ""max_unary"": 999, ""mutation_rate"": 0.1, ""ops"": [""+"", ""-"", ""*"", ""/"", ""sin"", ""cos"", ""exp"", ""log"", ""R""], ""succ_error_tol"": 1e-06}","{""K"": 500, ""c"": 6.0, ""exploration_rate"": 0.1, ""gamma"": 0.5, ""gp_rate"": 0.5, ""lm_iterations"": 10, ""max_constants"": 999, ""max_depth"": 6, ""max_evals"": 2000000, ""max_unary"": 999, ""mutation_rate"": 0.1, ""ops"": [""+"", ""-"", ""*"", ""/"", ""sin"", ""cos"", ""exp"", ""log"", ""R""], ""succ_error_tol"": 1e-06}",0.5
imcts,Jin,5,Jin-5,expression,3,5390,200,100,100,2,"[""x0"", ""x1""]",6.0*sin(x[0])*cos(x[1]),0.9999999403953552,True,0.9999999999999998,1.0,6.0,18439,1.2212382500292733,0.0,0,-3.00983920002e-09 / (sin(x0) + 1.04061890461 + x1 - x0) + 3.49543445508 * cos(x1) * 1.71652482124 * sin(x0),-3.00983920002e-09 / (sin(x0) + 1.04061890461 + x1 - x0) + 3.49543445508 * cos(x1) * 1.71652482124 * sin(x0),6.0*sin(x0)*cos(x1),"[-3.009839200023624e-09, 1.0406189046142587, 3.4954344550754812, 1.0000006080744979]","{""K"": 500, ""c"": 6.0, ""exploration_rate"": 0.1, ""gamma"": 0.5, ""gp_rate"": 0.5, ""lm_iterations"": 10, ""max_constants"": 999, ""max_depth"": 6, ""max_evals"": 2000000, ""max_unary"": 999, ""mutation_rate"": 0.1, ""ops"": [""+"", ""-"", ""*"", ""/"", ""sin"", ""cos"", ""exp"", ""log"", ""R""], ""succ_error_tol"": 1e-06}","{""K"": 500, ""c"": 6.0, ""exploration_rate"": 0.1, ""gamma"": 0.5, ""gp_rate"": 0.5, ""lm_iterations"": 10, ""max_constants"": 999, ""max_depth"": 6, ""max_evals"": 2000000, ""max_unary"": 999, ""mutation_rate"": 0.1, ""ops"": [""+"", ""-"", ""*"", ""/"", ""sin"", ""cos"", ""exp"", ""log"", ""R""], ""succ_error_tol"": 1e-06}",0.5
imcts,Jin,5,Jin-5,expression,4,16850,200,100,100,2,"[""x0"", ""x1""]",6.0*sin(x[0])*cos(x[1]),0.9999999403953552,True,1.0,1.0,6.0,11125,0.6571944309980609,0.0,0,sin(x0) * 5.99999997431 * cos(x1),sin(x0) * 5.99999997431 * cos(x1),6.0*sin(x0)*cos(x1),[5.999999974310325],"{""K"": 500, ""c"": 6.0, ""exploration_rate"": 0.1, ""gamma"": 0.5, ""gp_rate"": 0.5, ""lm_iterations"": 10, ""max_constants"": 999, ""max_depth"": 6, ""max_evals"": 2000000, ""max_unary"": 999, ""mutation_rate"": 0.1, ""ops"": [""+"", ""-"", ""*"", ""/"", ""sin"", ""cos"", ""exp"", ""log"", ""R""], ""succ_error_tol"": 1e-06}","{""K"": 500, ""c"": 6.0, ""exploration_rate"": 0.1, ""gamma"": 0.5, ""gp_rate"": 0.5, ""lm_iterations"": 10, ""max_constants"": 999, ""max_depth"": 6, ""max_evals"": 2000000, ""max_unary"": 999, ""mutation_rate"": 0.1, ""ops"": [""+"", ""-"", ""*"", ""/"", ""sin"", ""cos"", ""exp"", ""log"", ""R""], ""succ_error_tol"": 1e-06}",0.5
imcts,Jin,5,Jin-5,expression,5,29910,200,100,100,2,"[""x0"", ""x1""]",6.0*sin(x[0])*cos(x[1]),0.9999999403953552,True,0.9999999999999998,0.9999999999999998,6.0,14003,0.8252332570264116,0.0,0,sin(x0) / (0.166666664326 / cos(x1)),sin(x0) / (0.166666664326 / cos(x1)),6.0*sin(x0)*cos(x1),"[0.09369800750683945, 0.07296865681945752]","{""K"": 500, ""c"": 6.0, ""exploration_rate"": 0.1, ""gamma"": 0.5, ""gp_rate"": 0.5, ""lm_iterations"": 10, ""max_constants"": 999, ""max_depth"": 6, ""max_evals"": 2000000, ""max_unary"": 999, ""mutation_rate"": 0.1, ""ops"": [""+"", ""-"", ""*"", ""/"", ""sin"", ""cos"", ""exp"", ""log"", ""R""], ""succ_error_tol"": 1e-06}","{""K"": 500, ""c"": 6.0, ""exploration_rate"": 0.1, ""gamma"": 0.5, ""gp_rate"": 0.5, ""lm_iterations"": 10, ""max_constants"": 999, ""max_depth"": 6, ""max_evals"": 2000000, ""max_unary"": 999, ""mutation_rate"": 0.1, ""ops"": [""+"", ""-"", ""*"", ""/"", ""sin"", ""cos"", ""exp"", ""log"", ""R""], ""succ_error_tol"": 1e-06}",0.5
imcts,Jin,5,Jin-5,expression,6,4426,200,100,100,2,"[""x0"", ""x1""]",6.0*sin(x[0])*cos(x[1]),0.9999999403953552,True,1.0,1.0,6.0,13051,0.8412416829960421,0.0,0,sin(x0) * cos(x1) * 5.99999999449,sin(x0) * cos(x1) * 5.99999999449,6.0*sin(x0)*cos(x1),"[1.793085306830945, 0.007960306999744815]","{""K"": 500, ""c"": 6.0, ""exploration_rate"": 0.1, ""gamma"": 0.5, ""gp_rate"": 0.5, ""lm_iterations"": 10, ""max_constants"": 999, ""max_depth"": 6, ""max_evals"": 2000000, ""max_unary"": 999, ""mutation_rate"": 0.1, ""ops"": [""+"", ""-"", ""*"", ""/"", ""sin"", ""cos"", ""exp"", ""log"", ""R""], ""succ_error_tol"": 1e-06}","{""K"": 500, ""c"": 6.0, ""exploration_rate"": 0.1, ""gamma"": 0.5, ""gp_rate"": 0.5, ""lm_iterations"": 10, ""max_constants"": 999, ""max_depth"": 6, ""max_evals"": 2000000, ""max_unary"": 999, ""mutation_rate"": 0.1, ""ops"": [""+"", ""-"", ""*"", ""/"", ""sin"", ""cos"", ""exp"", ""log"", ""R""], ""succ_error_tol"": 1e-06}",0.5
imcts,Jin,5,Jin-5,expression,7,21962,200,100,100,2,"[""x0"", ""x1""]",6.0*sin(x[0])*cos(x[1]),0.9999999403953552,True,1.0,1.0,6.0,10339,0.6152977739693597,0.0,0,5.05876964556e-09 + (-2.11714865025e-09 - cos(x1)) * -6.00000002369 * sin(x0 + -4.83738826773e-10),5.05876964556e-09 + (-2.11714865025e-09 - cos(x1)) * -6.00000002369 * sin(x0 + -4.83738826773e-10),6.0*sin(x0)*cos(x1),"[5.058769645561673e-09, -2.1171486502530447e-09, -6.00000002368619, 1.012823959290036, 1.012823959773775]","{""K"": 500, ""c"": 6.0, ""exploration_rate"": 0.1, ""gamma"": 0.5, ""gp_rate"": 0.5, ""lm_iterations"": 10, ""max_constants"": 999, ""max_depth"": 6, ""max_evals"": 2000000, ""max_unary"": 999, ""mutation_rate"": 0.1, ""ops"": [""+"", ""-"", ""*"", ""/"", ""sin"", ""cos"", ""exp"", ""log"", ""R""], ""succ_error_tol"": 1e-06}","{""K"": 500, ""c"": 6.0, ""exploration_rate"": 0.1, ""gamma"": 0.5, ""gp_rate"": 0.5, ""lm_iterations"": 10, ""max_constants"": 999, ""max_depth"": 6, ""max_evals"": 2000000, ""max_unary"": 999, ""mutation_rate"": 0.1, ""ops"": [""+"", ""-"", ""*"", ""/"", ""sin"", ""cos"", ""exp"", ""log"", ""R""], ""succ_error_tol"": 1e-06}",0.5
imcts,Jin,5,Jin-5,expression,8,14423,200,100,100,2,"[""x0"", ""x1""]",6.0*sin(x[0])*cos(x[1]),0.9999999403953552,True,0.9999999999953165,0.9999999999959266,10.0,7665,0.47226710501126945,0.0,0,(cos(x1) + -4.99791374547e-07) / (0.166666331621 / cos(x0 * 1.00000045156 - 1.57079653289)),(cos(x1) + -4.99791374547e-07) / (0.166666331621 / cos(x0 * 1.00000045156 - 1.57079653289)),6.0*cos(x1)*cos(1.0*x0 - 1.57),"[-4.997913745473782e-07, 0.16666633162124328, 1.0000004515575807, 0.4515828364927089]","{""K"": 500, ""c"": 6.0, ""exploration_rate"": 0.1, ""gamma"": 0.5, ""gp_rate"": 0.5, ""lm_iterations"": 10, ""max_constants"": 999, ""max_depth"": 6, ""max_evals"": 2000000, ""max_unary"": 999, ""mutation_rate"": 0.1, ""ops"": [""+"", ""-"", ""*"", ""/"", ""sin"", ""cos"", ""exp"", ""log"", ""R""], ""succ_error_tol"": 1e-06}","{""K"": 500, ""c"": 6.0, ""exploration_rate"": 0.1, ""gamma"": 0.5, ""gp_rate"": 0.5, ""lm_iterations"": 10, ""max_constants"": 999, ""max_depth"": 6, ""max_evals"": 2000000, ""max_unary"": 999, ""mutation_rate"": 0.1, ""ops"": [""+"", ""-"", ""*"", ""/"", ""sin"", ""cos"", ""exp"", ""log"", ""R""], ""succ_error_tol"": 1e-06}",0.5
imcts,Jin,5,Jin-5,expression,9,28020,200,100,100,2,"[""x0"", ""x1""]",6.0*sin(x[0])*cos(x[1]),0.9999999403953552,True,0.9999999999999998,0.9999999999999998,8.0,16127,0.9551978720119223,0.0,0,cos(x1 * 0.999999991825) * sin(x0) * 6.00000008185,cos(x1 * 0.999999991825) * sin(x0) * 6.00000008185,6.0*sin(x0)*cos(1.0*x1),"[0.9999999918247771, 6.000000081852986]","{""K"": 500, ""c"": 6.0, ""exploration_rate"": 0.1, ""gamma"": 0.5, ""gp_rate"": 0.5, ""lm_iterations"": 10, ""max_constants"": 999, ""max_depth"": 6, ""max_evals"": 2000000, ""max_unary"": 999, ""mutation_rate"": 0.1, ""ops"": [""+"", ""-"", ""*"", ""/"", ""sin"", ""cos"", ""exp"", ""log"", ""R""], ""succ_error_tol"": 1e-06}","{""K"": 500, ""c"": 6.0, ""exploration_rate"": 0.1, ""gamma"": 0.5, ""gp_rate"": 0.5, ""lm_iterations"": 10, ""max_constants"": 999, ""max_depth"": 6, ""max_evals"": 2000000, ""max_unary"": 999, ""mutation_rate"": 0.1, ""ops"": [""+"", ""-"", ""*"", ""/"", ""sin"", ""cos"", ""exp"", ""log"", ""R""], ""succ_error_tol"": 1e-06}",0.5
imcts,Jin,5,Jin-5,expression,10,29802,200,100,100,2,"[""x0"", ""x1""]",6.0*sin(x[0])*cos(x[1]),0.9999999403953552,True,0.9999999999999999,0.9999999999999999,8.0,5574,0.3161959230201319,0.0,0,cos(x1) * cos(1.57079633716 - x0) * 5.99999998062,cos(x1) * cos(1.57079633716 - x0) * 5.99999998062,6.0*cos(x1)*cos(x0 - 1.57),"[1.5707963371606142, 5.999999980620794]","{""K"": 500, ""c"": 6.0, ""exploration_rate"": 0.1, ""gamma"": 0.5, ""gp_rate"": 0.5, ""lm_iterations"": 10, ""max_constants"": 999, ""max_depth"": 6, ""max_evals"": 2000000, ""max_unary"": 999, ""mutation_rate"": 0.1, ""ops"": [""+"", ""-"", ""*"", ""/"", ""sin"", ""cos"", ""exp"", ""log"", ""R""], ""succ_error_tol"": 1e-06}","{""K"": 500, ""c"": 6.0, ""exploration_rate"": 0.1, ""gamma"": 0.5, ""gp_rate"": 0.5, ""lm_iterations"": 10, ""max_constants"": 999, ""max_depth"": 6, ""max_evals"": 2000000, ""max_unary"": 999, ""mutation_rate"": 0.1, ""ops"": [""+"", ""-"", ""*"", ""/"", ""sin"", ""cos"", ""exp"", ""log"", ""R""], ""succ_error_tol"": 1e-06}",0.5
imcts,Jin,5,Jin-5,expression,11,21575,200,100,100,2,"[""x0"", ""x1""]",6.0*sin(x[0])*cos(x[1]),0.9999999403953552,True,0.9999999999999999,0.9999999999999999,8.0,11566,0.6654769989545457,0.0,0,sin(x0) * 6.00000000703 * cos(1.00000000595 * x1),sin(x0) * 6.00000000703 * cos(1.00000000595 * x1),6.0*sin(x0)*cos(1.0*x1),"[6.000000007026029, 1.000000005948435]","{""K"": 500, ""c"": 6.0, ""exploration_rate"": 0.1, ""gamma"": 0.5, ""gp_rate"": 0.5, ""lm_iterations"": 10, ""max_constants"": 999, ""max_depth"": 6, ""max_evals"": 2000000, ""max_unary"": 999, ""mutation_rate"": 0.1, ""ops"": [""+"", ""-"", ""*"", ""/"", ""sin"", ""cos"", ""exp"", ""log"", ""R""], ""succ_error_tol"": 1e-06}","{""K"": 500, ""c"": 6.0, ""exploration_rate"": 0.1, ""gamma"": 0.5, ""gp_rate"": 0.5, ""lm_iterations"": 10, ""max_constants"": 999, ""max_depth"": 6, ""max_evals"": 2000000, ""max_unary"": 999, ""mutation_rate"": 0.1, ""ops"": [""+"", ""-"", ""*"", ""/"", ""sin"", ""cos"", ""exp"", ""log"", ""R""], ""succ_error_tol"": 1e-06}",0.5
imcts,Jin,5,Jin-5,expression,12,11964,200,100,100,2,"[""x0"", ""x1""]",6.0*sin(x[0])*cos(x[1]),0.9999999403953552,True,0.9999999999999997,0.9999999999999997,8.0,15235,0.9915581939858384,0.0,0,cos(5.08573962942e-09 / x0 - (x1 + 6.35038251326e-09)) * 6.00000009403 * sin(0.999999999083 * x0),cos(5.08573962942e-09 / x0 - (x1 + 6.35038251326e-09)) * 6.00000009403 * sin(0.999999999083 * x0),6.0*sin(1.0*x0)*cos(x1),"[5.085739629415854e-09, 6.3503825132647065e-09, 6.000000094027579, 0.9999999990827393]","{""K"": 500, ""c"": 6.0, ""exploration_rate"": 0.1, ""gamma"": 0.5, ""gp_rate"": 0.5, ""lm_iterations"": 10, ""max_constants"": 999, ""max_depth"": 6, ""max_evals"": 2000000, ""max_unary"": 999, ""mutation_rate"": 0.1, ""ops"": [""+"", ""-"", ""*"", ""/"", ""sin"", ""cos"", ""exp"", ""log"", ""R""], ""succ_error_tol"": 1e-06}","{""K"": 500, ""c"": 6.0, ""exploration_rate"": 0.1, ""gamma"": 0.5, ""gp_rate"": 0.5, ""lm_iterations"": 10, ""max_constants"": 999, ""max_depth"": 6, ""max_evals"": 2000000, ""max_unary"": 999, ""mutation_rate"": 0.1, ""ops"": [""+"", ""-"", ""*"", ""/"", ""sin"", ""cos"", ""exp"", ""log"", ""R""], ""succ_error_tol"": 1e-06}",0.5
imcts,Jin,5,Jin-5,expression,13,11284,200,100,100,2,"[""x0"", ""x1""]",6.0*sin(x[0])*cos(x[1]),0.9999999403953552,True,1.0,1.0,8.0,6933,0.4474089129944332,0.0,0,sin(1.5707963226 - x1) * 5.99999999427 * sin(x0),sin(1.5707963226 - x1) * 5.99999999427 * sin(x0),-6.0*sin(x0)*sin(x1 - 1.57),"[1.570796322604629, 6.999999994271512, 1.0]","{""K"": 500, ""c"": 6.0, ""exploration_rate"": 0.1, ""gamma"": 0.5, ""gp_rate"": 0.5, ""lm_iterations"": 10, ""max_constants"": 999, ""max_depth"": 6, ""max_evals"": 2000000, ""max_unary"": 999, ""mutation_rate"": 0.1, ""ops"": [""+"", ""-"", ""*"", ""/"", ""sin"", ""cos"", ""exp"", ""log"", ""R""], ""succ_error_tol"": 1e-06}","{""K"": 500, ""c"": 6.0, ""exploration_rate"": 0.1, ""gamma"": 0.5, ""gp_rate"": 0.5, ""lm_iterations"": 10, ""max_constants"": 999, ""max_depth"": 6, ""max_evals"": 2000000, ""max_unary"": 999, ""mutation_rate"": 0.1, ""ops"": [""+"", ""-"", ""*"", ""/"", ""sin"", ""cos"", ""exp"", ""log"", ""R""], ""succ_error_tol"": 1e-06}",0.5
imcts,Jin,5,Jin-5,expression,14,22118,200,100,100,2,"[""x0"", ""x1""]",6.0*sin(x[0])*cos(x[1]),0.9999999403953552,True,0.9999999999999996,0.9999999999999996,8.0,5938,0.34986551402835175,0.0,0,(-4.41818192837e-09 - cos(x0 + 1.57079634773)) * 6.00000002432 * cos(x1),(-4.41818192837e-09 - cos(x0 + 1.57079634773)) * 6.00000002432 * cos(x1),-6.0*cos(x1)*cos(x0 + 1.57),"[-4.418181928369665e-09, 0.4515827186188539, 6.000000024323065]","{""K"": 500, ""c"": 6.0, ""exploration_rate"": 0.1, ""gamma"": 0.5, ""gp_rate"": 0.5, ""lm_iterations"": 10, ""max_constants"": 999, ""max_depth"": 6, ""max_evals"": 2000000, ""max_unary"": 999, ""mutation_rate"": 0.1, ""ops"": [""+"", ""-"", ""*"", ""/"", ""sin"", ""cos"", ""exp"", ""log"", ""R""], ""succ_error_tol"": 1e-06}","{""K"": 500, ""c"": 6.0, ""exploration_rate"": 0.1, ""gamma"": 0.5, ""gp_rate"": 0.5, ""lm_iterations"": 10, ""max_constants"": 999, ""max_depth"": 6, ""max_evals"": 2000000, ""max_unary"": 999, ""mutation_rate"": 0.1, ""ops"": [""+"", ""-"", ""*"", ""/"", ""sin"", ""cos"", ""exp"", ""log"", ""R""], ""succ_error_tol"": 1e-06}",0.5
imcts,Jin,5,Jin-5,expression,15,6265,200,100,100,2,"[""x0"", ""x1""]",6.0*sin(x[0])*cos(x[1]),0.9999999403953552,True,0.9999999999999999,0.9999999999999999,6.0,4210,0.22305869200499728,0.0,0,sin(x0) * (6.30110926378e-09 + cos(x1)) / 0.166666666766,sin(x0) * (6.30110926378e-09 + cos(x1)) / 0.166666666766,6.0*sin(x0)*cos(x1),"[6.301109263778398e-09, -1.7917594686330558]","{""K"": 500, ""c"": 6.0, ""exploration_rate"": 0.1, ""gamma"": 0.5, ""gp_rate"": 0.5, ""lm_iterations"": 10, ""max_constants"": 999, ""max_depth"": 6, ""max_evals"": 2000000, ""max_unary"": 999, ""mutation_rate"": 0.1, ""ops"": [""+"", ""-"", ""*"", ""/"", ""sin"", ""cos"", ""exp"", ""log"", ""R""], ""succ_error_tol"": 1e-06}","{""K"": 500, ""c"": 6.0, ""exploration_rate"": 0.1, ""gamma"": 0.5, ""gp_rate"": 0.5, ""lm_iterations"": 10, ""max_constants"": 999, ""max_depth"": 6, ""max_evals"": 2000000, ""max_unary"": 999, ""mutation_rate"": 0.1, ""ops"": [""+"", ""-"", ""*"", ""/"", ""sin"", ""cos"", ""exp"", ""log"", ""R""], ""succ_error_tol"": 1e-06}",0.5
imcts,Jin,5,Jin-5,expression,16,11363,200,100,100,2,"[""x0"", ""x1""]",6.0*sin(x[0])*cos(x[1]),0.9999999403953552,True,1.0,1.0,8.0,6169,0.3408273050445132,0.0,0,cos(x1) * 6.00000001544 * cos(1.25603855634 - (x0 + 0.842621113069 - 1.15737888693)),cos(x1) * 6.00000001544 * cos(1.25603855634 - (x0 + 0.842621113069 - 1.15737888693)),6.0*cos(x1)*cos(x0 - 1.57),"[6.0000000154363775, 1.2560385563412697, 0.8426211130690768, 1.1573788869309234]","{""K"": 500, ""c"": 6.0, ""exploration_rate"": 0.1, ""gamma"": 0.5, ""gp_rate"": 0.5, ""lm_iterations"": 10, ""max_constants"": 999, ""max_depth"": 6, ""max_evals"": 2000000, ""max_unary"": 999, ""mutation_rate"": 0.1, ""ops"": [""+"", ""-"", ""*"", ""/"", ""sin"", ""cos"", ""exp"", ""log"", ""R""], ""succ_error_tol"": 1e-06}","{""K"": 500, ""c"": 6.0, ""exploration_rate"": 0.1, ""gamma"": 0.5, ""gp_rate"": 0.5, ""lm_iterations"": 10, ""max_constants"": 999, ""max_depth"": 6, ""max_evals"": 2000000, ""max_unary"": 999, ""mutation_rate"": 0.1, ""ops"": [""+"", ""-"", ""*"", ""/"", ""sin"", ""cos"", ""exp"", ""log"", ""R""], ""succ_error_tol"": 1e-06}",0.5
imcts,Jin,5,Jin-5,expression,17,27495,200,100,100,2,"[""x0"", ""x1""]",6.0*sin(x[0])*cos(x[1]),0.9999999403953552,True,0.9999999999999998,0.9999999999999998,8.0,13058,0.7504563009715639,0.0,0,6.0000000031 * sin(x1 + 1.57079632292) * sin(1.31755081348e-08 + x0),6.0000000031 * sin(x1 + 1.57079632292) * sin(1.31755081348e-08 + x0),6.0*sin(x0)*sin(x1 + 1.57),"[3.7413387545147465, 0.8147722698817029, 1.385361429155394, 1.1338530796824045, 1.3175508134843101e-08]","{""K"": 500, ""c"": 6.0, ""exploration_rate"": 0.1, ""gamma"": 0.5, ""gp_rate"": 0.5, ""lm_iterations"": 10, ""max_constants"": 999, ""max_depth"": 6, ""max_evals"": 2000000, ""max_unary"": 999, ""mutation_rate"": 0.1, ""ops"": [""+"", ""-"", ""*"", ""/"", ""sin"", ""cos"", ""exp"", ""log"", ""R""], ""succ_error_tol"": 1e-06}","{""K"": 500, ""c"": 6.0, ""exploration_rate"": 0.1, ""gamma"": 0.5, ""gp_rate"": 0.5, ""lm_iterations"": 10, ""max_constants"": 999, ""max_depth"": 6, ""max_evals"": 2000000, ""max_unary"": 999, ""mutation_rate"": 0.1, ""ops"": [""+"", ""-"", ""*"", ""/"", ""sin"", ""cos"", ""exp"", ""log"", ""R""], ""succ_error_tol"": 1e-06}",0.5
imcts,Jin,5,Jin-5,expression,18,16023,200,100,100,2,"[""x0"", ""x1""]",6.0*sin(x[0])*cos(x[1]),0.9999999403953552,True,1.0,1.0,6.0,10926,0.6786872890079394,0.0,0,2.65023227818 * cos(x1) * sin(x0) * 2.26395249292,2.65023227818 * cos(x1) * sin(x0) * 2.26395249292,6.0*sin(x0)*cos(x1),"[-0.22565712297358975, 0.3906917759051833, 0.2620272796291286]","{""K"": 500, ""c"": 6.0, ""exploration_rate"": 0.1, ""gamma"": 0.5, ""gp_rate"": 0.5, ""lm_iterations"": 10, ""max_constants"": 999, ""max_depth"": 6, ""max_evals"": 2000000, ""max_unary"": 999, ""mutation_rate"": 0.1, ""ops"": [""+"", ""-"", ""*"", ""/"", ""sin"", ""cos"", ""exp"", ""log"", ""R""], ""succ_error_tol"": 1e-06}","{""K"": 500, ""c"": 6.0, ""exploration_rate"": 0.1, ""gamma"": 0.5, ""gp_rate"": 0.5, ""lm_iterations"": 10, ""max_constants"": 999, ""max_depth"": 6, ""max_evals"": 2000000, ""max_unary"": 999, ""mutation_rate"": 0.1, ""ops"": [""+"", ""-"", ""*"", ""/"", ""sin"", ""cos"", ""exp"", ""log"", ""R""], ""succ_error_tol"": 1e-06}",0.5
imcts,Jin,5,Jin-5,expression,19,8322,200,100,100,2,"[""x0"", ""x1""]",6.0*sin(x[0])*cos(x[1]),0.9999999403953552,True,1.0,1.0,8.0,16930,1.0173277870053425,0.0,0,sin(-3.68688344248e-09 + x0) * cos(x1 / 1.00000000138) * 5.9999999806,sin(-3.68688344248e-09 + x0) * cos(x1 / 1.00000000138) * 5.9999999806,6.0*sin(x0)*cos(1.0*x1),"[-3.686883442476015e-09, 1.000000001380625, 5.9999999805994415]","{""K"": 500, ""c"": 6.0, ""exploration_rate"": 0.1, ""gamma"": 0.5, ""gp_rate"": 0.5, ""lm_iterations"": 10, ""max_constants"": 999, ""max_depth"": 6, ""max_evals"": 2000000, ""max_unary"": 999, ""mutation_rate"": 0.1, ""ops"": [""+"", ""-"", ""*"", ""/"", ""sin"", ""cos"", ""exp"", ""log"", ""R""], ""succ_error_tol"": 1e-06}","{""K"": 500, ""c"": 6.0, ""exploration_rate"": 0.1, ""gamma"": 0.5, ""gp_rate"": 0.5, ""lm_iterations"": 10, ""max_constants"": 999, ""max_depth"": 6, ""max_evals"": 2000000, ""max_unary"": 999, ""mutation_rate"": 0.1, ""ops"": [""+"", ""-"", ""*"", ""/"", ""sin"", ""cos"", ""exp"", ""log"", ""R""], ""succ_error_tol"": 1e-06}",0.5
imcts,Jin,5,Jin-5,expression,20,1685,200,100,100,2,"[""x0"", ""x1""]",6.0*sin(x[0])*cos(x[1]),0.9999999403953552,True,1.0,1.0,8.0,15131,0.9690995250130072,0.0,0,sin(x0) * cos(1.52815924808e-10 + x1 * 0.999999998902) * 6.00000002598,sin(x0) * cos(1.52815924808e-10 + x1 * 0.999999998902) * 6.00000002598,6.0*sin(x0)*cos(1.0*x1),"[1.528159248079133e-10, 0.9999999989019096, 1.791759473558691]","{""K"": 500, ""c"": 6.0, ""exploration_rate"": 0.1, ""gamma"": 0.5, ""gp_rate"": 0.5, ""lm_iterations"": 10, ""max_constants"": 999, ""max_depth"": 6, ""max_evals"": 2000000, ""max_unary"": 999, ""mutation_rate"": 0.1, ""ops"": [""+"", ""-"", ""*"", ""/"", ""sin"", ""cos"", ""exp"", ""log"", ""R""], ""succ_error_tol"": 1e-06}","{""K"": 500, ""c"": 6.0, ""exploration_rate"": 0.1, ""gamma"": 0.5, ""gp_rate"": 0.5, ""lm_iterations"": 10, ""max_constants"": 999, ""max_depth"": 6, ""max_evals"": 2000000, ""max_unary"": 999, ""mutation_rate"": 0.1, ""ops"": [""+"", ""-"", ""*"", ""/"", ""sin"", ""cos"", ""exp"", ""log"", ""R""], ""succ_error_tol"": 1e-06}",0.5
imcts,Jin,5,Jin-5,expression,21,32052,200,100,100,2,"[""x0"", ""x1""]",6.0*sin(x[0])*cos(x[1]),0.9999999403953552,True,1.0,1.0,6.0,15027,0.9140066489926539,0.0,0,sin(x0) * 6.0000000081 * cos(7.15428544084e-10 + x1),sin(x0) * 6.0000000081 * cos(7.15428544084e-10 + x1),6.0*sin(x0)*cos(x1),"[6.000000008098, 7.154285440838745e-10]","{""K"": 500, ""c"": 6.0, ""exploration_rate"": 0.1, ""gamma"": 0.5, ""gp_rate"": 0.5, ""lm_iterations"": 10, ""max_constants"": 999, ""max_depth"": 6, ""max_evals"": 2000000, ""max_unary"": 999, ""mutation_rate"": 0.1, ""ops"": [""+"", ""-"", ""*"", ""/"", ""sin"", ""cos"", ""exp"", ""log"", ""R""], ""succ_error_tol"": 1e-06}","{""K"": 500, ""c"": 6.0, ""exploration_rate"": 0.1, ""gamma"": 0.5, ""gp_rate"": 0.5, ""lm_iterations"": 10, ""max_constants"": 999, ""max_depth"": 6, ""max_evals"": 2000000, ""max_unary"": 999, ""mutation_rate"": 0.1, ""ops"": [""+"", ""-"", ""*"", ""/"", ""sin"", ""cos"", ""exp"", ""log"", ""R""], ""succ_error_tol"": 1e-06}",0.5
imcts,Jin,5,Jin-5,expression,22,769,200,100,100,2,"[""x0"", ""x1""]",6.0*sin(x[0])*cos(x[1]),0.9999999403953552,True,0.9999999999999999,0.9999999999999999,6.0,18116,1.154304055031389,0.0,0,sin(x0) * 6.00000005742 * cos(x1),sin(x0) * 6.00000005742 * cos(x1),6.0*sin(x0)*cos(x1),[1.791759478798743],"{""K"": 500, ""c"": 6.0, ""exploration_rate"": 0.1, ""gamma"": 0.5, ""gp_rate"": 0.5, ""lm_iterations"": 10, ""max_constants"": 999, ""max_depth"": 6, ""max_evals"": 2000000, ""max_unary"": 999, ""mutation_rate"": 0.1, ""ops"": [""+"", ""-"", ""*"", ""/"", ""sin"", ""cos"", ""exp"", ""log"", ""R""], ""succ_error_tol"": 1e-06}","{""K"": 500, ""c"": 6.0, ""exploration_rate"": 0.1, ""gamma"": 0.5, ""gp_rate"": 0.5, ""lm_iterations"": 10, ""max_constants"": 999, ""max_depth"": 6, ""max_evals"": 2000000, ""max_unary"": 999, ""mutation_rate"": 0.1, ""ops"": [""+"", ""-"", ""*"", ""/"", ""sin"", ""cos"", ""exp"", ""log"", ""R""], ""succ_error_tol"": 1e-06}",0.5
imcts,Jin,5,Jin-5,expression,23,26967,200,100,100,2,"[""x0"", ""x1""]",6.0*sin(x[0])*cos(x[1]),0.9999999403953552,True,1.0,1.0,6.0,2225,0.1027835130225867,0.0,0,5.99999997612 * cos(x1) * sin(x0) - x1 * 7.27768676581e-10 / (x0 - 0.906386896246),5.99999997612 * cos(x1) * sin(x0) - x1 * 7.27768676581e-10 / (x0 - 0.906386896246),6.0*sin(x0)*cos(x1),"[5.999999976121978, 7.277686765810718e-10, 0.9063868962458687]","{""K"": 500, ""c"": 6.0, ""exploration_rate"": 0.1, ""gamma"": 0.5, ""gp_rate"": 0.5, ""lm_iterations"": 10, ""max_constants"": 999, ""max_depth"": 6, ""max_evals"": 2000000, ""max_unary"": 999, ""mutation_rate"": 0.1, ""ops"": [""+"", ""-"", ""*"", ""/"", ""sin"", ""cos"", ""exp"", ""log"", ""R""], ""succ_error_tol"": 1e-06}","{""K"": 500, ""c"": 6.0, ""exploration_rate"": 0.1, ""gamma"": 0.5, ""gp_rate"": 0.5, ""lm_iterations"": 10, ""max_constants"": 999, ""max_depth"": 6, ""max_evals"": 2000000, ""max_unary"": 999, ""mutation_rate"": 0.1, ""ops"": [""+"", ""-"", ""*"", ""/"", ""sin"", ""cos"", ""exp"", ""log"", ""R""], ""succ_error_tol"": 1e-06}",0.5
imcts,Jin,5,Jin-5,expression,24,30187,200,100,100,2,"[""x0"", ""x1""]",6.0*sin(x[0])*cos(x[1]),0.9999999403953552,True,1.0,1.0,8.0,10530,0.6521032860036939,0.0,0,sin(1.57079632165 + x1) * 6.00000000809 * sin(x0),sin(1.57079632165 + x1) * 6.00000000809 * sin(x0),6.0*sin(x0)*sin(x1 + 1.57),"[4.810477356119978, 6.000000008092057]","{""K"": 500, ""c"": 6.0, ""exploration_rate"": 0.1, ""gamma"": 0.5, ""gp_rate"": 0.5, ""lm_iterations"": 10, ""max_constants"": 999, ""max_depth"": 6, ""max_evals"": 2000000, ""max_unary"": 999, ""mutation_rate"": 0.1, ""ops"": [""+"", ""-"", ""*"", ""/"", ""sin"", ""cos"", ""exp"", ""log"", ""R""], ""succ_error_tol"": 1e-06}","{""K"": 500, ""c"": 6.0, ""exploration_rate"": 0.1, ""gamma"": 0.5, ""gp_rate"": 0.5, ""lm_iterations"": 10, ""max_constants"": 999, ""max_depth"": 6, ""max_evals"": 2000000, ""max_unary"": 999, ""mutation_rate"": 0.1, ""ops"": [""+"", ""-"", ""*"", ""/"", ""sin"", ""cos"", ""exp"", ""log"", ""R""], ""succ_error_tol"": 1e-06}",0.5
imcts,Jin,5,Jin-5,expression,25,32157,200,100,100,2,"[""x0"", ""x1""]",6.0*sin(x[0])*cos(x[1]),0.9999999403953552,True,0.9999999999999999,0.9999999999999999,6.0,11569,0.6623776509659365,0.0,0,2.29635365466e-08 + sin(x0) * cos(x1) / 0.166666666215,2.29635365466e-08 + sin(x0) * cos(x1) / 0.166666666215,6.0*sin(x0)*cos(x1),"[2.296353654659389e-08, -6.115737228418363]","{""K"": 500, ""c"": 6.0, ""exploration_rate"": 0.1, ""gamma"": 0.5, ""gp_rate"": 0.5, ""lm_iterations"": 10, ""max_constants"": 999, ""max_depth"": 6, ""max_evals"": 2000000, ""max_unary"": 999, ""mutation_rate"": 0.1, ""ops"": [""+"", ""-"", ""*"", ""/"", ""sin"", ""cos"", ""exp"", ""log"", ""R""], ""succ_error_tol"": 1e-06}","{""K"": 500, ""c"": 6.0, ""exploration_rate"": 0.1, ""gamma"": 0.5, ""gp_rate"": 0.5, ""lm_iterations"": 10, ""max_constants"": 999, ""max_depth"": 6, ""max_evals"": 2000000, ""max_unary"": 999, ""mutation_rate"": 0.1, ""ops"": [""+"", ""-"", ""*"", ""/"", ""sin"", ""cos"", ""exp"", ""log"", ""R""], ""succ_error_tol"": 1e-06}",0.5
imcts,Jin,5,Jin-5,expression,26,23333,200,100,100,2,"[""x0"", ""x1""]",6.0*sin(x[0])*cos(x[1]),0.9999999403953552,True,0.9999999999999999,0.9999999999999999,8.0,8547,0.49523106700507924,0.0,0,cos(x1) * sin(x0 / 0.590558310861 - x0 / 1.44235021004) * 5.99999994508,cos(x1) * sin(x0 / 0.590558310861 - x0 / 1.44235021004) * 5.99999994508,6.0*sin(1.0*x0)*cos(x1),"[0.5905583108611978, 1.4423502100424694, 5.999999945076875]","{""K"": 500, ""c"": 6.0, ""exploration_rate"": 0.1, ""gamma"": 0.5, ""gp_rate"": 0.5, ""lm_iterations"": 10, ""max_constants"": 999, ""max_depth"": 6, ""max_evals"": 2000000, ""max_unary"": 999, ""mutation_rate"": 0.1, ""ops"": [""+"", ""-"", ""*"", ""/"", ""sin"", ""cos"", ""exp"", ""log"", ""R""], ""succ_error_tol"": 1e-06}","{""K"": 500, ""c"": 6.0, ""exploration_rate"": 0.1, ""gamma"": 0.5, ""gp_rate"": 0.5, ""lm_iterations"": 10, ""max_constants"": 999, ""max_depth"": 6, ""max_evals"": 2000000, ""max_unary"": 999, ""mutation_rate"": 0.1, ""ops"": [""+"", ""-"", ""*"", ""/"", ""sin"", ""cos"", ""exp"", ""log"", ""R""], ""succ_error_tol"": 1e-06}",0.5
imcts,Jin,5,Jin-5,expression,27,2433,200,100,100,2,"[""x0"", ""x1""]",6.0*sin(x[0])*cos(x[1]),0.9999999403953552,True,1.0,1.0,8.0,12752,0.8096710280515254,0.0,0,5.99999999891 * sin(x1 + 1.57079632714) * sin(x0),5.99999999891 * sin(x1 + 1.57079632714) * sin(x0),6.0*sin(x0)*sin(x1 + 1.57),"[5.9999999989069925, 1.5707963271435532]","{""K"": 500, ""c"": 6.0, ""exploration_rate"": 0.1, ""gamma"": 0.5, ""gp_rate"": 0.5, ""lm_iterations"": 10, ""max_constants"": 999, ""max_depth"": 6, ""max_evals"": 2000000, ""max_unary"": 999, ""mutation_rate"": 0.1, ""ops"": [""+"", ""-"", ""*"", ""/"", ""sin"", ""cos"", ""exp"", ""log"", ""R""], ""succ_error_tol"": 1e-06}","{""K"": 500, ""c"": 6.0, ""exploration_rate"": 0.1, ""gamma"": 0.5, ""gp_rate"": 0.5, ""lm_iterations"": 10, ""max_constants"": 999, ""max_depth"": 6, ""max_evals"": 2000000, ""max_unary"": 999, ""mutation_rate"": 0.1, ""ops"": [""+"", ""-"", ""*"", ""/"", ""sin"", ""cos"", ""exp"", ""log"", ""R""], ""succ_error_tol"": 1e-06}",0.5
imcts,Jin,5,Jin-5,expression,28,5311,200,100,100,2,"[""x0"", ""x1""]",6.0*sin(x[0])*cos(x[1]),0.9999999403953552,True,0.9999999999999998,0.9999999999999999,8.0,3216,0.15445393900154158,0.0,0,(6.00000000476 - x0 - -1.00000000972 * x0) * cos(x1) * sin(x0 / 1.0000000071),(6.00000000476 - x0 - -1.00000000972 * x0) * cos(x1) * sin(x0 / 1.0000000071),6.0*sin(1.0*x0)*cos(x1),"[6.000000004762377, -1.000000009723506, 1.0, 1.0000000070982649]","{""K"": 500, ""c"": 6.0, ""exploration_rate"": 0.1, ""gamma"": 0.5, ""gp_rate"": 0.5, ""lm_iterations"": 10, ""max_constants"": 999, ""max_depth"": 6, ""max_evals"": 2000000, ""max_unary"": 999, ""mutation_rate"": 0.1, ""ops"": [""+"", ""-"", ""*"", ""/"", ""sin"", ""cos"", ""exp"", ""log"", ""R""], ""succ_error_tol"": 1e-06}","{""K"": 500, ""c"": 6.0, ""exploration_rate"": 0.1, ""gamma"": 0.5, ""gp_rate"": 0.5, ""lm_iterations"": 10, ""max_constants"": 999, ""max_depth"": 6, ""max_evals"": 2000000, ""max_unary"": 999, ""mutation_rate"": 0.1, ""ops"": [""+"", ""-"", ""*"", ""/"", ""sin"", ""cos"", ""exp"", ""log"", ""R""], ""succ_error_tol"": 1e-06}",0.5
imcts,Jin,5,Jin-5,expression,29,5051,200,100,100,2,"[""x0"", ""x1""]",6.0*sin(x[0])*cos(x[1]),0.9999999403953552,True,0.9999999999999997,0.9999999999999997,8.0,3961,0.2004190129810013,0.0,0,sin(x0 * 1.00000000017) * (cos(x1) + 6.256953877e-09) / 0.166666669165,sin(x0 * 1.00000000017) * (cos(x1) + 6.256953877e-09) / 0.166666669165,6.0*sin(1.0*x0)*cos(x1),"[1.000000000171194, 6.2569538770046424e-09, 0.16666666916465953]","{""K"": 500, ""c"": 6.0, ""exploration_rate"": 0.1, ""gamma"": 0.5, ""gp_rate"": 0.5, ""lm_iterations"": 10, ""max_constants"": 999, ""max_depth"": 6, ""max_evals"": 2000000, ""max_unary"": 999, ""mutation_rate"": 0.1, ""ops"": [""+"", ""-"", ""*"", ""/"", ""sin"", ""cos"", ""exp"", ""log"", ""R""], ""succ_error_tol"": 1e-06}","{""K"": 500, ""c"": 6.0, ""exploration_rate"": 0.1, ""gamma"": 0.5, ""gp_rate"": 0.5, ""lm_iterations"": 10, ""max_constants"": 999, ""max_depth"": 6, ""max_evals"": 2000000, ""max_unary"": 999, ""mutation_rate"": 0.1, ""ops"": [""+"", ""-"", ""*"", ""/"", ""sin"", ""cos"", ""exp"", ""log"", ""R""], ""succ_error_tol"": 1e-06}",0.5
imcts,Jin,5,Jin-5,expression,30,6420,200,100,100,2,"[""x0"", ""x1""]",6.0*sin(x[0])*cos(x[1]),0.9999999403953552,True,0.9999999999999997,0.9999999999999998,10.0,11000,0.6703424740117043,0.0,0,cos(x0 / 0.999999997433 - (x1 + 0.347538606814) + -4.36485038917 + x1 * 0.999999996941) * cos(x1) * -6.00000002434,cos(x0 / 0.999999997433 - (x1 + 0.347538606814) + -4.36485038917 + x1 * 0.999999996941) * cos(x1) * -6.00000002434,-6.0*cos(x1)*cos(1.0*x0 - 4.71),"[0.9999999974330829, 0.34753860681430665, -4.364850389169499, 0.9999999969408264, -6.000000024336233]","{""K"": 500, ""c"": 6.0, ""exploration_rate"": 0.1, ""gamma"": 0.5, ""gp_rate"": 0.5, ""lm_iterations"": 10, ""max_constants"": 999, ""max_depth"": 6, ""max_evals"": 2000000, ""max_unary"": 999, ""mutation_rate"": 0.1, ""ops"": [""+"", ""-"", ""*"", ""/"", ""sin"", ""cos"", ""exp"", ""log"", ""R""], ""succ_error_tol"": 1e-06}","{""K"": 500, ""c"": 6.0, ""exploration_rate"": 0.1, ""gamma"": 0.5, ""gp_rate"": 0.5, ""lm_iterations"": 10, ""max_constants"": 999, ""max_depth"": 6, ""max_evals"": 2000000, ""max_unary"": 999, ""mutation_rate"": 0.1, ""ops"": [""+"", ""-"", ""*"", ""/"", ""sin"", ""cos"", ""exp"", ""log"", ""R""], ""succ_error_tol"": 1e-06}",0.5
imcts,Jin,5,Jin-5,expression,31,17568,200,100,100,2,"[""x0"", ""x1""]",6.0*sin(x[0])*cos(x[1]),0.9999999403953552,True,1.0,1.0,6.0,6911,0.40791495400480926,0.0,0,3.65445666222 / (0.609076111276 / ((sin(x0) + 3.42862809615e-10 / x0) * cos(x1))),3.65445666222 / (0.609076111276 / ((sin(x0) + 3.42862809615e-10 / x0) * cos(x1))),6.0*sin(x0)*cos(x1),"[1.2959474261241088, 0.6090761112758417, 3.4286280961542305e-10]","{""K"": 500, ""c"": 6.0, ""exploration_rate"": 0.1, ""gamma"": 0.5, ""gp_rate"": 0.5, ""lm_iterations"": 10, ""max_constants"": 999, ""max_depth"": 6, ""max_evals"": 2000000, ""max_unary"": 999, ""mutation_rate"": 0.1, ""ops"": [""+"", ""-"", ""*"", ""/"", ""sin"", ""cos"", ""exp"", ""log"", ""R""], ""succ_error_tol"": 1e-06}","{""K"": 500, ""c"": 6.0, ""exploration_rate"": 0.1, ""gamma"": 0.5, ""gp_rate"": 0.5, ""lm_iterations"": 10, ""max_constants"": 999, ""max_depth"": 6, ""max_evals"": 2000000, ""max_unary"": 999, ""mutation_rate"": 0.1, ""ops"": [""+"", ""-"", ""*"", ""/"", ""sin"", ""cos"", ""exp"", ""log"", ""R""], ""succ_error_tol"": 1e-06}",0.5
imcts,Jin,5,Jin-5,expression,32,20939,200,100,100,2,"[""x0"", ""x1""]",6.0*sin(x[0])*cos(x[1]),0.9999999403953552,True,1.0,1.0,6.0,6156,0.3333842210122384,0.0,0,cos(x1 + 4.83105378891e-10) * sin(x0) * 6.00000004209,cos(x1 + 4.83105378891e-10) * sin(x0) * 6.00000004209,6.0*sin(x0)*cos(x1),"[4.831053788908449e-10, 6.000000042090447]","{""K"": 500, ""c"": 6.0, ""exploration_rate"": 0.1, ""gamma"": 0.5, ""gp_rate"": 0.5, ""lm_iterations"": 10, ""max_constants"": 999, ""max_depth"": 6, ""max_evals"": 2000000, ""max_unary"": 999, ""mutation_rate"": 0.1, ""ops"": [""+"", ""-"", ""*"", ""/"", ""sin"", ""cos"", ""exp"", ""log"", ""R""], ""succ_error_tol"": 1e-06}","{""K"": 500, ""c"": 6.0, ""exploration_rate"": 0.1, ""gamma"": 0.5, ""gp_rate"": 0.5, ""lm_iterations"": 10, ""max_constants"": 999, ""max_depth"": 6, ""max_evals"": 2000000, ""max_unary"": 999, ""mutation_rate"": 0.1, ""ops"": [""+"", ""-"", ""*"", ""/"", ""sin"", ""cos"", ""exp"", ""log"", ""R""], ""succ_error_tol"": 1e-06}",0.5
imcts,Jin,5,Jin-5,expression,33,19769,200,100,100,2,"[""x0"", ""x1""]",6.0*sin(x[0])*cos(x[1]),0.9999999403953552,True,0.9999999999999999,0.9999999999999999,13.0,4303,0.2211422260152176,0.0,0,(cos(x1 - 3.14159266694) - cos(x1)) * sin(x0) * (x0 - (x0 + 2.99999998489 + exp(x0) * 2.5770569422e-09)),(cos(x1 - 3.14159266694) - cos(x1)) * sin(x0) * (x0 - (x0 + 2.99999998489 + exp(x0) * 2.5770569422e-09)),3.0*(cos(x1) - cos(x1 - 3.14))*sin(x0),"[3.1415926669390823, 2.9999999848881367, 2.577056942198644e-09]","{""K"": 500, ""c"": 6.0, ""exploration_rate"": 0.1, ""gamma"": 0.5, ""gp_rate"": 0.5, ""lm_iterations"": 10, ""max_constants"": 999, ""max_depth"": 6, ""max_evals"": 2000000, ""max_unary"": 999, ""mutation_rate"": 0.1, ""ops"": [""+"", ""-"", ""*"", ""/"", ""sin"", ""cos"", ""exp"", ""log"", ""R""], ""succ_error_tol"": 1e-06}","{""K"": 500, ""c"": 6.0, ""exploration_rate"": 0.1, ""gamma"": 0.5, ""gp_rate"": 0.5, ""lm_iterations"": 10, ""max_constants"": 999, ""max_depth"": 6, ""max_evals"": 2000000, ""max_unary"": 999, ""mutation_rate"": 0.1, ""ops"": [""+"", ""-"", ""*"", ""/"", ""sin"", ""cos"", ""exp"", ""log"", ""R""], ""succ_error_tol"": 1e-06}",0.5
imcts,Jin,5,Jin-5,expression,34,28693,200,100,100,2,"[""x0"", ""x1""]",6.0*sin(x[0])*cos(x[1]),0.9999999403953552,True,0.9999999999999999,0.9999999999999999,12.0,16732,1.0909009729512036,0.0,0,sin((-1.57079632132 - x1) / 0.999999996758) * sin(1.69430650934 + 1.44728613849 - x0) * -5.99999997563,sin((-1.57079632132 - x1) / 0.999999996758) * sin(1.69430650934 + 1.44728613849 - x0) * -5.99999997563,-6.0*sin(x0 - 3.14)*sin(1.0*x1 + 1.57),"[-1.5707963213168905, 0.9999999967580225, 5.442870076413565, 1.4472861384929043, -5.999999975632462]","{""K"": 500, ""c"": 6.0, ""exploration_rate"": 0.1, ""gamma"": 0.5, ""gp_rate"": 0.5, ""lm_iterations"": 10, ""max_constants"": 999, ""max_depth"": 6, ""max_evals"": 2000000, ""max_unary"": 999, ""mutation_rate"": 0.1, ""ops"": [""+"", ""-"", ""*"", ""/"", ""sin"", ""cos"", ""exp"", ""log"", ""R""], ""succ_error_tol"": 1e-06}","{""K"": 500, ""c"": 6.0, ""exploration_rate"": 0.1, ""gamma"": 0.5, ""gp_rate"": 0.5, ""lm_iterations"": 10, ""max_constants"": 999, ""max_depth"": 6, ""max_evals"": 2000000, ""max_unary"": 999, ""mutation_rate"": 0.1, ""ops"": [""+"", ""-"", ""*"", ""/"", ""sin"", ""cos"", ""exp"", ""log"", ""R""], ""succ_error_tol"": 1e-06}",0.5
imcts,Jin,5,Jin-5,expression,35,6396,200,100,100,2,"[""x0"", ""x1""]",6.0*sin(x[0])*cos(x[1]),0.9999999403953552,True,0.9999999999999999,0.9999999999999999,6.0,18194,1.1531346790143289,0.0,0,sin(x0) / (0.166666668049 / cos(x1)) + sin((x0 - 3.46225686081) / (x1 / 7.87289333791e-10)) * exp(x1) * x1,sin(x0) / (0.166666668049 / cos(x1)) + sin((x0 - 3.46225686081) / (x1 / 7.87289333791e-10)) * exp(x1) * x1,6.0*sin(x0)*cos(x1),"[4.87983706100641, 3.4622568608123743, 7.872893337911407e-10]","{""K"": 500, ""c"": 6.0, ""exploration_rate"": 0.1, ""gamma"": 0.5, ""gp_rate"": 0.5, ""lm_iterations"": 10, ""max_constants"": 999, ""max_depth"": 6, ""max_evals"": 2000000, ""max_unary"": 999, ""mutation_rate"": 0.1, ""ops"": [""+"", ""-"", ""*"", ""/"", ""sin"", ""cos"", ""exp"", ""log"", ""R""], ""succ_error_tol"": 1e-06}","{""K"": 500, ""c"": 6.0, ""exploration_rate"": 0.1, ""gamma"": 0.5, ""gp_rate"": 0.5, ""lm_iterations"": 10, ""max_constants"": 999, ""max_depth"": 6, ""max_evals"": 2000000, ""max_unary"": 999, ""mutation_rate"": 0.1, ""ops"": [""+"", ""-"", ""*"", ""/"", ""sin"", ""cos"", ""exp"", ""log"", ""R""], ""succ_error_tol"": 1e-06}",0.5
imcts,Jin,5,Jin-5,expression,36,29419,200,100,100,2,"[""x0"", ""x1""]",6.0*sin(x[0])*cos(x[1]),0.9999998807907104,True,0.9999999999999976,0.9999999999999973,6.0,12117,0.6804967659991235,0.0,0,6.00000001232 * (sin(x0 - x1) + -2.47348230515e-08 + sin(x1) * cos(x0) / exp(x0 * -4.68895533313e-10)),6.00000001232 * (sin(x0 - x1) + -2.47348230515e-08 + sin(x1) * cos(x0) / exp(x0 * -4.68895533313e-10)),6.0*sin(x0)*cos(x1),"[6.0000000123183, 1.5710191936739697, -4.688955333128256e-10]","{""K"": 500, ""c"": 6.0, ""exploration_rate"": 0.1, ""gamma"": 0.5, ""gp_rate"": 0.5, ""lm_iterations"": 10, ""max_constants"": 999, ""max_depth"": 6, ""max_evals"": 2000000, ""max_unary"": 999, ""mutation_rate"": 0.1, ""ops"": [""+"", ""-"", ""*"", ""/"", ""sin"", ""cos"", ""exp"", ""log"", ""R""], ""succ_error_tol"": 1e-06}","{""K"": 500, ""c"": 6.0, ""exploration_rate"": 0.1, ""gamma"": 0.5, ""gp_rate"": 0.5, ""lm_iterations"": 10, ""max_constants"": 999, ""max_depth"": 6, ""max_evals"": 2000000, ""max_unary"": 999, ""mutation_rate"": 0.1, ""ops"": [""+"", ""-"", ""*"", ""/"", ""sin"", ""cos"", ""exp"", ""log"", ""R""], ""succ_error_tol"": 1e-06}",0.5
imcts,Jin,5,Jin-5,expression,37,27480,200,100,100,2,"[""x0"", ""x1""]",6.0*sin(x[0])*cos(x[1]),0.9999998807907104,True,0.9999999999999998,0.9999999999999998,6.0,16590,0.9879829559940845,0.0,0,(6.00000000714 * cos(x1) + 9.60198644268e-09) * (sin(x0) + 1.07636962178e-08),(6.00000000714 * cos(x1) + 9.60198644268e-09) * (sin(x0) + 1.07636962178e-08),6.0*sin(x0)*cos(x1),"[1.6044218391571947, 6.003393631160468, 9.601986442680178e-09, 1.5707963160312004]","{""K"": 500, ""c"": 6.0, ""exploration_rate"": 0.1, ""gamma"": 0.5, ""gp_rate"": 0.5, ""lm_iterations"": 10, ""max_constants"": 999, ""max_depth"": 6, ""max_evals"": 2000000, ""max_unary"": 999, ""mutation_rate"": 0.1, ""ops"": [""+"", ""-"", ""*"", ""/"", ""sin"", ""cos"", ""exp"", ""log"", ""R""], ""succ_error_tol"": 1e-06}","{""K"": 500, ""c"": 6.0, ""exploration_rate"": 0.1, ""gamma"": 0.5, ""gp_rate"": 0.5, ""lm_iterations"": 10, ""max_constants"": 999, ""max_depth"": 6, ""max_evals"": 2000000, ""max_unary"": 999, ""mutation_rate"": 0.1, ""ops"": [""+"", ""-"", ""*"", ""/"", ""sin"", ""cos"", ""exp"", ""log"", ""R""], ""succ_error_tol"": 1e-06}",0.5
imcts,Jin,5,Jin-5,expression,38,32304,200,100,100,2,"[""x0"", ""x1""]",6.0*sin(x[0])*cos(x[1]),0.9999999403953552,True,0.9999999999999999,0.9999999999999999,8.0,4932,0.2634000009857118,0.0,0,cos(1.57079633566 - x0) / (0.508077945789 / (cos(x1) / 0.489400647126)) * 1.49192205421,cos(1.57079633566 - x0) / (0.508077945789 / (cos(x1) / 0.489400647126)) * 1.49192205421,6.0*cos(x1)*cos(x0 - 1.57),"[1.570796335660267, 0.5080779457893623, 0.48940064712630743, 1.4919220542106375]","{""K"": 500, ""c"": 6.0, ""exploration_rate"": 0.1, ""gamma"": 0.5, ""gp_rate"": 0.5, ""lm_iterations"": 10, ""max_constants"": 999, ""max_depth"": 6, ""max_evals"": 2000000, ""max_unary"": 999, ""mutation_rate"": 0.1, ""ops"": [""+"", ""-"", ""*"", ""/"", ""sin"", ""cos"", ""exp"", ""log"", ""R""], ""succ_error_tol"": 1e-06}","{""K"": 500, ""c"": 6.0, ""exploration_rate"": 0.1, ""gamma"": 0.5, ""gp_rate"": 0.5, ""lm_iterations"": 10, ""max_constants"": 999, ""max_depth"": 6, ""max_evals"": 2000000, ""max_unary"": 999, ""mutation_rate"": 0.1, ""ops"": [""+"", ""-"", ""*"", ""/"", ""sin"", ""cos"", ""exp"", ""log"", ""R""], ""succ_error_tol"": 1e-06}",0.5
imcts,Jin,5,Jin-5,expression,39,8666,200,100,100,2,"[""x0"", ""x1""]",6.0*sin(x[0])*cos(x[1]),0.9999999403953552,True,0.9999999999999998,0.9999999999999998,6.0,13494,0.8062801099731587,0.0,0,cos(x0 * -1.40949547781e-09 + x1) * (sin(6.65652767801e-09 + x0) * 6.0000000481 + -4.60142682839e-08),cos(x0 * -1.40949547781e-09 + x1) * (sin(6.65652767801e-09 + x0) * 6.0000000481 + -4.60142682839e-08),6.0*sin(x0)*cos(x1),"[-1.409495477805088e-09, 6.6565276780094204e-09, 6.000000048102368, -4.6014268283861675e-08]","{""K"": 500, ""c"": 6.0, ""exploration_rate"": 0.1, ""gamma"": 0.5, ""gp_rate"": 0.5, ""lm_iterations"": 10, ""max_constants"": 999, ""max_depth"": 6, ""max_evals"": 2000000, ""max_unary"": 999, ""mutation_rate"": 0.1, ""ops"": [""+"", ""-"", ""*"", ""/"", ""sin"", ""cos"", ""exp"", ""log"", ""R""], ""succ_error_tol"": 1e-06}","{""K"": 500, ""c"": 6.0, ""exploration_rate"": 0.1, ""gamma"": 0.5, ""gp_rate"": 0.5, ""lm_iterations"": 10, ""max_constants"": 999, ""max_depth"": 6, ""max_evals"": 2000000, ""max_unary"": 999, ""mutation_rate"": 0.1, ""ops"": [""+"", ""-"", ""*"", ""/"", ""sin"", ""cos"", ""exp"", ""log"", ""R""], ""succ_error_tol"": 1e-06}",0.5
imcts,Jin,5,Jin-5,expression,40,25658,200,100,100,2,"[""x0"", ""x1""]",6.0*sin(x[0])*cos(x[1]),0.9999999403953552,True,1.0,1.0,6.0,5622,0.3675227640196681,0.0,0,sin(x0 + 9.67043657465e-10) / 1.23095978435 * cos(x1) / 0.135395704937,sin(x0 + 9.67043657465e-10) / 1.23095978435 * cos(x1) / 0.135395704937,6.0*sin(x0)*cos(x1),"[9.670436574647296e-10, 0.20779417758206348, 0.13581283418962659]","{""K"": 500, ""c"": 6.0, ""exploration_rate"": 0.1, ""gamma"": 0.5, ""gp_rate"": 0.5, ""lm_iterations"": 10, ""max_constants"": 999, ""max_depth"": 6, ""max_evals"": 2000000, ""max_unary"": 999, ""mutation_rate"": 0.1, ""ops"": [""+"", ""-"", ""*"", ""/"", ""sin"", ""cos"", ""exp"", ""log"", ""R""], ""succ_error_tol"": 1e-06}","{""K"": 500, ""c"": 6.0, ""exploration_rate"": 0.1, ""gamma"": 0.5, ""gp_rate"": 0.5, ""lm_iterations"": 10, ""max_constants"": 999, ""max_depth"": 6, ""max_evals"": 2000000, ""max_unary"": 999, ""mutation_rate"": 0.1, ""ops"": [""+"", ""-"", ""*"", ""/"", ""sin"", ""cos"", ""exp"", ""log"", ""R""], ""succ_error_tol"": 1e-06}",0.5
imcts,Jin,5,Jin-5,expression,41,18942,200,100,100,2,"[""x0"", ""x1""]",6.0*sin(x[0])*cos(x[1]),0.9999999403953552,True,1.0,0.9999999999999999,6.0,1528,0.07909455301705748,0.0,0,sin(x0) * cos(x1) * 6.00000002365 - x1 - (1.70277741567e-08 - x1),sin(x0) * cos(x1) * 6.00000002365 - x1 - (1.70277741567e-08 - x1),6.0*sin(x0)*cos(x1),"[6.000000023650842, 1.0000000169277743]","{""K"": 500, ""c"": 6.0, ""exploration_rate"": 0.1, ""gamma"": 0.5, ""gp_rate"": 0.5, ""lm_iterations"": 10, ""max_constants"": 999, ""max_depth"": 6, ""max_evals"": 2000000, ""max_unary"": 999, ""mutation_rate"": 0.1, ""ops"": [""+"", ""-"", ""*"", ""/"", ""sin"", ""cos"", ""exp"", ""log"", ""R""], ""succ_error_tol"": 1e-06}","{""K"": 500, ""c"": 6.0, ""exploration_rate"": 0.1, ""gamma"": 0.5, ""gp_rate"": 0.5, ""lm_iterations"": 10, ""max_constants"": 999, ""max_depth"": 6, ""max_evals"": 2000000, ""max_unary"": 999, ""mutation_rate"": 0.1, ""ops"": [""+"", ""-"", ""*"", ""/"", ""sin"", ""cos"", ""exp"", ""log"", ""R""], ""succ_error_tol"": 1e-06}",0.5
imcts,Jin,5,Jin-5,expression,42,24233,200,100,100,2,"[""x0"", ""x1""]",6.0*sin(x[0])*cos(x[1]),0.9999999403953552,True,1.0,1.0,6.0,2238,0.09901102801086381,0.0,0,sin(x0) / 2 * 0.420735492404 * 28.5214825063 * cos(x1),sin(x0) / 2 * 0.420735492404 * 28.5214825063 * cos(x1),6.0*sin(x0)*cos(x1),"[1.0, 1.0, 0.9999999999999999, 1.0, 1.0, 28.521482506294568]","{""K"": 500, ""c"": 6.0, ""exploration_rate"": 0.1, ""gamma"": 0.5, ""gp_rate"": 0.5, ""lm_iterations"": 10, ""max_constants"": 999, ""max_depth"": 6, ""max_evals"": 2000000, ""max_unary"": 999, ""mutation_rate"": 0.1, ""ops"": [""+"", ""-"", ""*"", ""/"", ""sin"", ""cos"", ""exp"", ""log"", ""R""], ""succ_error_tol"": 1e-06}","{""K"": 500, ""c"": 6.0, ""exploration_rate"": 0.1, ""gamma"": 0.5, ""gp_rate"": 0.5, ""lm_iterations"": 10, ""max_constants"": 999, ""max_depth"": 6, ""max_evals"": 2000000, ""max_unary"": 999, ""mutation_rate"": 0.1, ""ops"": [""+"", ""-"", ""*"", ""/"", ""sin"", ""cos"", ""exp"", ""log"", ""R""], ""succ_error_tol"": 1e-06}",0.5
imcts,Jin,5,Jin-5,expression,43,18431,200,100,100,2,"[""x0"", ""x1""]",6.0*sin(x[0])*cos(x[1]),0.9999999403953552,True,0.9999999999999999,0.9999999999999999,6.0,14183,0.9114859570399858,0.0,0,6.00000006732 * sin(x0) * cos(x1),6.00000006732 * sin(x0) * cos(x1),6.0*sin(x0)*cos(x1),"[6.000000067316447, 1.0000000000000002, 1.0]","{""K"": 500, ""c"": 6.0, ""exploration_rate"": 0.1, ""gamma"": 0.5, ""gp_rate"": 0.5, ""lm_iterations"": 10, ""max_constants"": 999, ""max_depth"": 6, ""max_evals"": 2000000, ""max_unary"": 999, ""mutation_rate"": 0.1, ""ops"": [""+"", ""-"", ""*"", ""/"", ""sin"", ""cos"", ""exp"", ""log"", ""R""], ""succ_error_tol"": 1e-06}","{""K"": 500, ""c"": 6.0, ""exploration_rate"": 0.1, ""gamma"": 0.5, ""gp_rate"": 0.5, ""lm_iterations"": 10, ""max_constants"": 999, ""max_depth"": 6, ""max_evals"": 2000000, ""max_unary"": 999, ""mutation_rate"": 0.1, ""ops"": [""+"", ""-"", ""*"", ""/"", ""sin"", ""cos"", ""exp"", ""log"", ""R""], ""succ_error_tol"": 1e-06}",0.5
imcts,Jin,5,Jin-5,expression,44,32219,200,100,100,2,"[""x0"", ""x1""]",6.0*sin(x[0])*cos(x[1]),0.9999999403953552,True,0.9999999999999998,0.9999999999999998,6.0,8926,0.5102145900018513,0.0,0,cos(x1) * 6.00000008326 * sin(x0),cos(x1) * 6.00000008326 * sin(x0),6.0*sin(x0)*cos(x1),[6.000000083256352],"{""K"": 500, ""c"": 6.0, ""exploration_rate"": 0.1, ""gamma"": 0.5, ""gp_rate"": 0.5, ""lm_iterations"": 10, ""max_constants"": 999, ""max_depth"": 6, ""max_evals"": 2000000, ""max_unary"": 999, ""mutation_rate"": 0.1, ""ops"": [""+"", ""-"", ""*"", ""/"", ""sin"", ""cos"", ""exp"", ""log"", ""R""], ""succ_error_tol"": 1e-06}","{""K"": 500, ""c"": 6.0, ""exploration_rate"": 0.1, ""gamma"": 0.5, ""gp_rate"": 0.5, ""lm_iterations"": 10, ""max_constants"": 999, ""max_depth"": 6, ""max_evals"": 2000000, ""max_unary"": 999, ""mutation_rate"": 0.1, ""ops"": [""+"", ""-"", ""*"", ""/"", ""sin"", ""cos"", ""exp"", ""log"", ""R""], ""succ_error_tol"": 1e-06}",0.5
imcts,Jin,5,Jin-5,expression,45,2747,200,100,100,2,"[""x0"", ""x1""]",6.0*sin(x[0])*cos(x[1]),0.9999999403953552,True,0.9999999999999994,0.9999999999999993,8.0,15406,0.9612152360496111,0.0,0,6.0000000606 * (-6.72516903921e-09 + cos(1.57079630292 - x0)) * cos(x1),6.0000000606 * (-6.72516903921e-09 + cos(1.57079630292 - x0)) * cos(x1),6.0*cos(x1)*cos(x0 - 1.57),"[6.000000060601788, -6.725169039211278e-09, 1.5707963029161414]","{""K"": 500, ""c"": 6.0, ""exploration_rate"": 0.1, ""gamma"": 0.5, ""gp_rate"": 0.5, ""lm_iterations"": 10, ""max_constants"": 999, ""max_depth"": 6, ""max_evals"": 2000000, ""max_unary"": 999, ""mutation_rate"": 0.1, ""ops"": [""+"", ""-"", ""*"", ""/"", ""sin"", ""cos"", ""exp"", ""log"", ""R""], ""succ_error_tol"": 1e-06}","{""K"": 500, ""c"": 6.0, ""exploration_rate"": 0.1, ""gamma"": 0.5, ""gp_rate"": 0.5, ""lm_iterations"": 10, ""max_constants"": 999, ""max_depth"": 6, ""max_evals"": 2000000, ""max_unary"": 999, ""mutation_rate"": 0.1, ""ops"": [""+"", ""-"", ""*"", ""/"", ""sin"", ""cos"", ""exp"", ""log"", ""R""], ""succ_error_tol"": 1e-06}",0.5
imcts,Jin,5,Jin-5,expression,46,25551,200,100,100,2,"[""x0"", ""x1""]",6.0*sin(x[0])*cos(x[1]),0.9999999403953552,True,0.9999999999999999,0.9999999999999999,6.0,9736,0.5690350889926776,0.0,0,5.99999994619 * cos(x0 / x0 + x1 - 1.00000000778) * (-1.73289294176e-09 + sin(x0)),5.99999994619 * cos(x0 / x0 + x1 - 1.00000000778) * (-1.73289294176e-09 + sin(x0)),6.0*sin(x0)*cos(x1),"[5.999999946188541, 1.0000000077789066, 0.999999998167107, 1.0, 1.0]","{""K"": 500, ""c"": 6.0, ""exploration_rate"": 0.1, ""gamma"": 0.5, ""gp_rate"": 0.5, ""lm_iterations"": 10, ""max_constants"": 999, ""max_depth"": 6, ""max_evals"": 2000000, ""max_unary"": 999, ""mutation_rate"": 0.1, ""ops"": [""+"", ""-"", ""*"", ""/"", ""sin"", ""cos"", ""exp"", ""log"", ""R""], ""succ_error_tol"": 1e-06}","{""K"": 500, ""c"": 6.0, ""exploration_rate"": 0.1, ""gamma"": 0.5, ""gp_rate"": 0.5, ""lm_iterations"": 10, ""max_constants"": 999, ""max_depth"": 6, ""max_evals"": 2000000, ""max_unary"": 999, ""mutation_rate"": 0.1, ""ops"": [""+"", ""-"", ""*"", ""/"", ""sin"", ""cos"", ""exp"", ""log"", ""R""], ""succ_error_tol"": 1e-06}",0.5
imcts,Jin,5,Jin-5,expression,47,26382,200,100,100,2,"[""x0"", ""x1""]",6.0*sin(x[0])*cos(x[1]),0.9999999403953552,True,1.0,1.0,8.0,13857,0.8579922379576601,0.0,0,5.99999996807 * sin(x0) * sin(1.57079633026 + x1),5.99999996807 * sin(x0) * sin(1.57079633026 + x1),6.0*sin(x0)*sin(x1 + 1.57),"[5.999999968070699, 1.5707963302596832]","{""K"": 500, ""c"": 6.0, ""exploration_rate"": 0.1, ""gamma"": 0.5, ""gp_rate"": 0.5, ""lm_iterations"": 10, ""max_constants"": 999, ""max_depth"": 6, ""max_evals"": 2000000, ""max_unary"": 999, ""mutation_rate"": 0.1, ""ops"": [""+"", ""-"", ""*"", ""/"", ""sin"", ""cos"", ""exp"", ""log"", ""R""], ""succ_error_tol"": 1e-06}","{""K"": 500, ""c"": 6.0, ""exploration_rate"": 0.1, ""gamma"": 0.5, ""gp_rate"": 0.5, ""lm_iterations"": 10, ""max_constants"": 999, ""max_depth"": 6, ""max_evals"": 2000000, ""max_unary"": 999, ""mutation_rate"": 0.1, ""ops"": [""+"", ""-"", ""*"", ""/"", ""sin"", ""cos"", ""exp"", ""log"", ""R""], ""succ_error_tol"": 1e-06}",0.5
imcts,Jin,5,Jin-5,expression,48,189,200,100,100,2,"[""x0"", ""x1""]",6.0*sin(x[0])*cos(x[1]),0.9999999403953552,True,0.9999999999999999,0.9999999999999999,6.0,10355,0.6461824430152774,0.0,0,cos(x1) * sin(9.85572845226e-09 - x0) * (-7.00000002517 + exp(-9.85569458755e-09 * x1)),cos(x1) * sin(9.85572845226e-09 - x0) * (-7.00000002517 + exp(-9.85569458755e-09 * x1)),6.0*sin(x0)*cos(x1),"[9.855728452260894e-09, -7.000000025172448, -9.855694587551667e-09]","{""K"": 500, ""c"": 6.0, ""exploration_rate"": 0.1, ""gamma"": 0.5, ""gp_rate"": 0.5, ""lm_iterations"": 10, ""max_constants"": 999, ""max_depth"": 6, ""max_evals"": 2000000, ""max_unary"": 999, ""mutation_rate"": 0.1, ""ops"": [""+"", ""-"", ""*"", ""/"", ""sin"", ""cos"", ""exp"", ""log"", ""R""], ""succ_error_tol"": 1e-06}","{""K"": 500, ""c"": 6.0, ""exploration_rate"": 0.1, ""gamma"": 0.5, ""gp_rate"": 0.5, ""lm_iterations"": 10, ""max_constants"": 999, ""max_depth"": 6, ""max_evals"": 2000000, ""max_unary"": 999, ""mutation_rate"": 0.1, ""ops"": [""+"", ""-"", ""*"", ""/"", ""sin"", ""cos"", ""exp"", ""log"", ""R""], ""succ_error_tol"": 1e-06}",0.5
imcts,Jin,5,Jin-5,expression,49,31677,200,100,100,2,"[""x0"", ""x1""]",6.0*sin(x[0])*cos(x[1]),0.9999999403953552,True,0.9999999999999998,0.9999999999999998,6.0,10812,0.6272118780179881,0.0,0,sin(x0) * cos(x1) * 6.00000008449,sin(x0) * cos(x1) * 6.00000008449,6.0*sin(x0)*cos(x1),[6.000000084493017],"{""K"": 500, ""c"": 6.0, ""exploration_rate"": 0.1, ""gamma"": 0.5, ""gp_rate"": 0.5, ""lm_iterations"": 10, ""max_constants"": 999, ""max_depth"": 6, ""max_evals"": 2000000, ""max_unary"": 999, ""mutation_rate"": 0.1, ""ops"": [""+"", ""-"", ""*"", ""/"", ""sin"", ""cos"", ""exp"", ""log"", ""R""], ""succ_error_tol"": 1e-06}","{""K"": 500, ""c"": 6.0, ""exploration_rate"": 0.1, ""gamma"": 0.5, ""gp_rate"": 0.5, ""lm_iterations"": 10, ""max_constants"": 999, ""max_depth"": 6, ""max_evals"": 2000000, ""max_unary"": 999, ""mutation_rate"": 0.1, ""ops"": [""+"", ""-"", ""*"", ""/"", ""sin"", ""cos"", ""exp"", ""log"", ""R""], ""succ_error_tol"": 1e-06}",0.5
imcts,Jin,5,Jin-5,expression,50,19118,200,100,100,2,"[""x0"", ""x1""]",6.0*sin(x[0])*cos(x[1]),0.9999999403953552,True,0.9999999999999997,0.9999999999999998,8.0,2740,0.14868995401775464,0.0,0,3.07149439921 * sin(x0 - 2.99337705145e-09) * 1.95344651454 * cos(2.69972709905 / (2.69972709325 / (1.2439666165e-08 + x1))),3.07149439921 * sin(x0 - 2.99337705145e-09) * 1.95344651454 * cos(2.69972709905 / (2.69972709325 / (1.2439666165e-08 + x1))),6.0*sin(x0)*cos(1.0*x1),"[3.0714943992126775, 2.9933770514492363e-09, 1.9534465145384716, 1.020486543133459, 1.0277129018353837, 0.9931506913267375, 1.2439666165004677e-08]","{""K"": 500, ""c"": 6.0, ""exploration_rate"": 0.1, ""gamma"": 0.5, ""gp_rate"": 0.5, ""lm_iterations"": 10, ""max_constants"": 999, ""max_depth"": 6, ""max_evals"": 2000000, ""max_unary"": 999, ""mutation_rate"": 0.1, ""ops"": [""+"", ""-"", ""*"", ""/"", ""sin"", ""cos"", ""exp"", ""log"", ""R""], ""succ_error_tol"": 1e-06}","{""K"": 500, ""c"": 6.0, ""exploration_rate"": 0.1, ""gamma"": 0.5, ""gp_rate"": 0.5, ""lm_iterations"": 10, ""max_constants"": 999, ""max_depth"": 6, ""max_evals"": 2000000, ""max_unary"": 999, ""mutation_rate"": 0.1, ""ops"": [""+"", ""-"", ""*"", ""/"", ""sin"", ""cos"", ""exp"", ""log"", ""R""], ""succ_error_tol"": 1e-06}",0.5
imcts,Jin,5,Jin-5,expression,51,3005,200,100,100,2,"[""x0"", ""x1""]",6.0*sin(x[0])*cos(x[1]),0.9999999403953552,True,1.0,1.0,6.0,16616,1.063439967983868,0.0,0,1.25188911714 * (4.79275673899 * sin(x0) * cos(x1) + 1.63749797627e-09),1.25188911714 * (4.79275673899 * sin(x0) * cos(x1) + 1.63749797627e-09),6.0*sin(x0)*cos(x1),"[3.4969428560937854, 3.7927567389901315, 1.0, 1.5707963251573986, 1.0]","{""K"": 500, ""c"": 6.0, ""exploration_rate"": 0.1, ""gamma"": 0.5, ""gp_rate"": 0.5, ""lm_iterations"": 10, ""max_constants"": 999, ""max_depth"": 6, ""max_evals"": 2000000, ""max_unary"": 999, ""mutation_rate"": 0.1, ""ops"": [""+"", ""-"", ""*"", ""/"", ""sin"", ""cos"", ""exp"", ""log"", ""R""], ""succ_error_tol"": 1e-06}","{""K"": 500, ""c"": 6.0, ""exploration_rate"": 0.1, ""gamma"": 0.5, ""gp_rate"": 0.5, ""lm_iterations"": 10, ""max_constants"": 999, ""max_depth"": 6, ""max_evals"": 2000000, ""max_unary"": 999, ""mutation_rate"": 0.1, ""ops"": [""+"", ""-"", ""*"", ""/"", ""sin"", ""cos"", ""exp"", ""log"", ""R""], ""succ_error_tol"": 1e-06}",0.5
imcts,Jin,5,Jin-5,expression,52,21042,200,100,100,2,"[""x0"", ""x1""]",6.0*sin(x[0])*cos(x[1]),0.9999999403953552,True,1.0,1.0,8.0,19340,1.2384830570081249,0.0,0,(x0 + 6.22079818695e-09) * cos(x1) / (x0 / 3.70084392053) * 1.62125183061 * sin(1.00000000087 * x0),(x0 + 6.22079818695e-09) * cos(x1) / (x0 / 3.70084392053) * 1.62125183061 * sin(1.00000000087 * x0),6.0*sin(1.0*x0)*cos(x1),"[6.2207981869542485e-09, 1.6212518306108652, 0.4380762510993791, 1.6212518306108652, 1.0000000008733265]","{""K"": 500, ""c"": 6.0, ""exploration_rate"": 0.1, ""gamma"": 0.5, ""gp_rate"": 0.5, ""lm_iterations"": 10, ""max_constants"": 999, ""max_depth"": 6, ""max_evals"": 2000000, ""max_unary"": 999, ""mutation_rate"": 0.1, ""ops"": [""+"", ""-"", ""*"", ""/"", ""sin"", ""cos"", ""exp"", ""log"", ""R""], ""succ_error_tol"": 1e-06}","{""K"": 500, ""c"": 6.0, ""exploration_rate"": 0.1, ""gamma"": 0.5, ""gp_rate"": 0.5, ""lm_iterations"": 10, ""max_constants"": 999, ""max_depth"": 6, ""max_evals"": 2000000, ""max_unary"": 999, ""mutation_rate"": 0.1, ""ops"": [""+"", ""-"", ""*"", ""/"", ""sin"", ""cos"", ""exp"", ""log"", ""R""], ""succ_error_tol"": 1e-06}",0.5
imcts,Jin,5,Jin-5,expression,53,1899,200,100,100,2,"[""x0"", ""x1""]",6.0*sin(x[0])*cos(x[1]),0.9999999403953552,True,1.0,1.0,8.0,7369,0.43322594702476636,0.0,0,sin(x0) / (-0.371168640678 / cos(x1 + -3.14159264866)) * 2.22701183883,sin(x0) / (-0.371168640678 / cos(x1 + -3.14159264866)) * 2.22701183883,-6.0*sin(x0)*cos(x1 - 3.14),"[-0.3711686406779324, -3.1415926486592842, 2.227011838827017]","{""K"": 500, ""c"": 6.0, ""exploration_rate"": 0.1, ""gamma"": 0.5, ""gp_rate"": 0.5, ""lm_iterations"": 10, ""max_constants"": 999, ""max_depth"": 6, ""max_evals"": 2000000, ""max_unary"": 999, ""mutation_rate"": 0.1, ""ops"": [""+"", ""-"", ""*"", ""/"", ""sin"", ""cos"", ""exp"", ""log"", ""R""], ""succ_error_tol"": 1e-06}","{""K"": 500, ""c"": 6.0, ""exploration_rate"": 0.1, ""gamma"": 0.5, ""gp_rate"": 0.5, ""lm_iterations"": 10, ""max_constants"": 999, ""max_depth"": 6, ""max_evals"": 2000000, ""max_unary"": 999, ""mutation_rate"": 0.1, ""ops"": [""+"", ""-"", ""*"", ""/"", ""sin"", ""cos"", ""exp"", ""log"", ""R""], ""succ_error_tol"": 1e-06}",0.5
imcts,Jin,5,Jin-5,expression,54,24118,200,100,100,2,"[""x0"", ""x1""]",6.0*sin(x[0])*cos(x[1]),0.9999999403953552,True,0.9999999999999999,0.9999999999999999,6.0,13635,0.7934201490134001,0.0,0,6.00000006176 / x0 * sin(x0) * cos(x1) * x0,6.00000006176 / x0 * sin(x0) * cos(x1) * x0,6.0*sin(x0)*cos(x1),[6.000000061762294],"{""K"": 500, ""c"": 6.0, ""exploration_rate"": 0.1, ""gamma"": 0.5, ""gp_rate"": 0.5, ""lm_iterations"": 10, ""max_constants"": 999, ""max_depth"": 6, ""max_evals"": 2000000, ""max_unary"": 999, ""mutation_rate"": 0.1, ""ops"": [""+"", ""-"", ""*"", ""/"", ""sin"", ""cos"", ""exp"", ""log"", ""R""], ""succ_error_tol"": 1e-06}","{""K"": 500, ""c"": 6.0, ""exploration_rate"": 0.1, ""gamma"": 0.5, ""gp_rate"": 0.5, ""lm_iterations"": 10, ""max_constants"": 999, ""max_depth"": 6, ""max_evals"": 2000000, ""max_unary"": 999, ""mutation_rate"": 0.1, ""ops"": [""+"", ""-"", ""*"", ""/"", ""sin"", ""cos"", ""exp"", ""log"", ""R""], ""succ_error_tol"": 1e-06}",0.5
imcts,Jin,5,Jin-5,expression,55,1267,200,100,100,2,"[""x0"", ""x1""]",6.0*sin(x[0])*cos(x[1]),0.9999999403953552,True,0.9999999999999999,0.9999999999999999,8.0,4678,0.2948351760278456,0.0,0,sin(x1 - 1.57079632491) * 5.9999999783 * sin(-6.88646107459e-09 - x0),sin(x1 - 1.57079632491) * 5.9999999783 * sin(-6.88646107459e-09 - x0),-6.0*sin(x0)*sin(x1 - 1.57),"[0.4515827040903832, 5.999999978300084, -6.8864610745940435e-09]","{""K"": 500, ""c"": 6.0, ""exploration_rate"": 0.1, ""gamma"": 0.5, ""gp_rate"": 0.5, ""lm_iterations"": 10, ""max_constants"": 999, ""max_depth"": 6, ""max_evals"": 2000000, ""max_unary"": 999, ""mutation_rate"": 0.1, ""ops"": [""+"", ""-"", ""*"", ""/"", ""sin"", ""cos"", ""exp"", ""log"", ""R""], ""succ_error_tol"": 1e-06}","{""K"": 500, ""c"": 6.0, ""exploration_rate"": 0.1, ""gamma"": 0.5, ""gp_rate"": 0.5, ""lm_iterations"": 10, ""max_constants"": 999, ""max_depth"": 6, ""max_evals"": 2000000, ""max_unary"": 999, ""mutation_rate"": 0.1, ""ops"": [""+"", ""-"", ""*"", ""/"", ""sin"", ""cos"", ""exp"", ""log"", ""R""], ""succ_error_tol"": 1e-06}",0.5
imcts,Jin,5,Jin-5,expression,56,31551,200,100,100,2,"[""x0"", ""x1""]",6.0*sin(x[0])*cos(x[1]),0.9999999403953552,True,0.9999999999999999,0.9999999999999999,6.0,11356,0.6712464999873191,0.0,0,6.00000007272 * cos(x1) * sin(x0),6.00000007272 * cos(x1) * sin(x0),6.0*sin(x0)*cos(x1),[6.00000007271674],"{""K"": 500, ""c"": 6.0, ""exploration_rate"": 0.1, ""gamma"": 0.5, ""gp_rate"": 0.5, ""lm_iterations"": 10, ""max_constants"": 999, ""max_depth"": 6, ""max_evals"": 2000000, ""max_unary"": 999, ""mutation_rate"": 0.1, ""ops"": [""+"", ""-"", ""*"", ""/"", ""sin"", ""cos"", ""exp"", ""log"", ""R""], ""succ_error_tol"": 1e-06}","{""K"": 500, ""c"": 6.0, ""exploration_rate"": 0.1, ""gamma"": 0.5, ""gp_rate"": 0.5, ""lm_iterations"": 10, ""max_constants"": 999, ""max_depth"": 6, ""max_evals"": 2000000, ""max_unary"": 999, ""mutation_rate"": 0.1, ""ops"": [""+"", ""-"", ""*"", ""/"", ""sin"", ""cos"", ""exp"", ""log"", ""R""], ""succ_error_tol"": 1e-06}",0.5
imcts,Jin,5,Jin-5,expression,57,17912,200,100,100,2,"[""x0"", ""x1""]",6.0*sin(x[0])*cos(x[1]),0.9999999403953552,True,1.0,1.0,7.0,5547,0.30440012499457225,0.0,0,(-7.32491197885e-11 / x0 + cos(x1) * sin(x0) / 0.453046973065) * exp(exp(2.71828182846 * (x1 - x1))),(-7.32491197885e-11 / x0 + cos(x1) * sin(x0) / 0.453046973065) * exp(exp(2.71828182846 * (x1 - x1))),2.21*E*sin(x0)*cos(x1),"[-7.324911978847697e-11, 0.7246101900251614, 0.625228542603733, 1.0]","{""K"": 500, ""c"": 6.0, ""exploration_rate"": 0.1, ""gamma"": 0.5, ""gp_rate"": 0.5, ""lm_iterations"": 10, ""max_constants"": 999, ""max_depth"": 6, ""max_evals"": 2000000, ""max_unary"": 999, ""mutation_rate"": 0.1, ""ops"": [""+"", ""-"", ""*"", ""/"", ""sin"", ""cos"", ""exp"", ""log"", ""R""], ""succ_error_tol"": 1e-06}","{""K"": 500, ""c"": 6.0, ""exploration_rate"": 0.1, ""gamma"": 0.5, ""gp_rate"": 0.5, ""lm_iterations"": 10, ""max_constants"": 999, ""max_depth"": 6, ""max_evals"": 2000000, ""max_unary"": 999, ""mutation_rate"": 0.1, ""ops"": [""+"", ""-"", ""*"", ""/"", ""sin"", ""cos"", ""exp"", ""log"", ""R""], ""succ_error_tol"": 1e-06}",0.5
imcts,Jin,5,Jin-5,expression,58,11394,200,100,100,2,"[""x0"", ""x1""]",6.0*sin(x[0])*cos(x[1]),0.9999999403953552,True,1.0,1.0,6.0,14391,0.8607318220310844,0.0,0,sin(x0) * 5.99999998488 * cos(-5.8445893247e-09 - x1),sin(x0) * 5.99999998488 * cos(-5.8445893247e-09 - x1),6.0*sin(x0)*cos(x1),"[5.99999998488007, -5.8445893246968314e-09]","{""K"": 500, ""c"": 6.0, ""exploration_rate"": 0.1, ""gamma"": 0.5, ""gp_rate"": 0.5, ""lm_iterations"": 10, ""max_constants"": 999, ""max_depth"": 6, ""max_evals"": 2000000, ""max_unary"": 999, ""mutation_rate"": 0.1, ""ops"": [""+"", ""-"", ""*"", ""/"", ""sin"", ""cos"", ""exp"", ""log"", ""R""], ""succ_error_tol"": 1e-06}","{""K"": 500, ""c"": 6.0, ""exploration_rate"": 0.1, ""gamma"": 0.5, ""gp_rate"": 0.5, ""lm_iterations"": 10, ""max_constants"": 999, ""max_depth"": 6, ""max_evals"": 2000000, ""max_unary"": 999, ""mutation_rate"": 0.1, ""ops"": [""+"", ""-"", ""*"", ""/"", ""sin"", ""cos"", ""exp"", ""log"", ""R""], ""succ_error_tol"": 1e-06}",0.5
imcts,Jin,5,Jin-5,expression,59,3556,200,100,100,2,"[""x0"", ""x1""]",6.0*sin(x[0])*cos(x[1]),0.9999999403953552,True,0.9999999999999998,0.9999999999999998,8.0,569,0.02732532098889351,0.0,0,sin(x0 / 0.999999994272) * cos(x1) * 5.99999996038 + 1.45462082859e-08,sin(x0 / 0.999999994272) * cos(x1) * 5.99999996038 + 1.45462082859e-08,6.0*sin(1.0*x0)*cos(x1),"[0.9999999942720168, 5.999999960377048, 1.4546208285938944e-08]","{""K"": 500, ""c"": 6.0, ""exploration_rate"": 0.1, ""gamma"": 0.5, ""gp_rate"": 0.5, ""lm_iterations"": 10, ""max_constants"": 999, ""max_depth"": 6, ""max_evals"": 2000000, ""max_unary"": 999, ""mutation_rate"": 0.1, ""ops"": [""+"", ""-"", ""*"", ""/"", ""sin"", ""cos"", ""exp"", ""log"", ""R""], ""succ_error_tol"": 1e-06}","{""K"": 500, ""c"": 6.0, ""exploration_rate"": 0.1, ""gamma"": 0.5, ""gp_rate"": 0.5, ""lm_iterations"": 10, ""max_constants"": 999, ""max_depth"": 6, ""max_evals"": 2000000, ""max_unary"": 999, ""mutation_rate"": 0.1, ""ops"": [""+"", ""-"", ""*"", ""/"", ""sin"", ""cos"", ""exp"", ""log"", ""R""], ""succ_error_tol"": 1e-06}",0.5
imcts,Jin,5,Jin-5,expression,60,3890,200,100,100,2,"[""x0"", ""x1""]",6.0*sin(x[0])*cos(x[1]),0.9999999403953552,True,0.9999999999999996,0.9999999999999994,8.0,12685,0.7723762809764594,0.0,0,6.0000000434 * cos(-1.09194936275e-08 + x1 * 1.00000000847) * sin(x0),6.0000000434 * cos(-1.09194936275e-08 + x1 * 1.00000000847) * sin(x0),6.0*sin(x0)*cos(1.0*x1),"[6.0000000433990275, -1.0919493627468106e-08, 1.0000000084719887]","{""K"": 500, ""c"": 6.0, ""exploration_rate"": 0.1, ""gamma"": 0.5, ""gp_rate"": 0.5, ""lm_iterations"": 10, ""max_constants"": 999, ""max_depth"": 6, ""max_evals"": 2000000, ""max_unary"": 999, ""mutation_rate"": 0.1, ""ops"": [""+"", ""-"", ""*"", ""/"", ""sin"", ""cos"", ""exp"", ""log"", ""R""], ""succ_error_tol"": 1e-06}","{""K"": 500, ""c"": 6.0, ""exploration_rate"": 0.1, ""gamma"": 0.5, ""gp_rate"": 0.5, ""lm_iterations"": 10, ""max_constants"": 999, ""max_depth"": 6, ""max_evals"": 2000000, ""max_unary"": 999, ""mutation_rate"": 0.1, ""ops"": [""+"", ""-"", ""*"", ""/"", ""sin"", ""cos"", ""exp"", ""log"", ""R""], ""succ_error_tol"": 1e-06}",0.5
imcts,Jin,5,Jin-5,expression,61,8838,200,100,100,2,"[""x0"", ""x1""]",6.0*sin(x[0])*cos(x[1]),0.9999999403953552,True,0.9999999999999999,0.9999999999999999,10.0,10018,0.5953300560358912,0.0,0,(-2.37131414786e-09 + sin(12.5663706245 - x0)) * cos(1.00000000628 * x1 * 0.999999990267) * -5.99999999957,(-2.37131414786e-09 + sin(12.5663706245 - x0)) * cos(1.00000000628 * x1 * 0.999999990267) * -5.99999999957,6.0*sin(x0 - 12.6)*cos(1.0*x1),"[0.9999999975286858, 12.566370624492821, 1.0000000062766448, 0.9999999902670731, -5.459697693706108, 1.0]","{""K"": 500, ""c"": 6.0, ""exploration_rate"": 0.1, ""gamma"": 0.5, ""gp_rate"": 0.5, ""lm_iterations"": 10, ""max_constants"": 999, ""max_depth"": 6, ""max_evals"": 2000000, ""max_unary"": 999, ""mutation_rate"": 0.1, ""ops"": [""+"", ""-"", ""*"", ""/"", ""sin"", ""cos"", ""exp"", ""log"", ""R""], ""succ_error_tol"": 1e-06}","{""K"": 500, ""c"": 6.0, ""exploration_rate"": 0.1, ""gamma"": 0.5, ""gp_rate"": 0.5, ""lm_iterations"": 10, ""max_constants"": 999, ""max_depth"": 6, ""max_evals"": 2000000, ""max_unary"": 999, ""mutation_rate"": 0.1, ""ops"": [""+"", ""-"", ""*"", ""/"", ""sin"", ""cos"", ""exp"", ""log"", ""R""], ""succ_error_tol"": 1e-06}",0.5
imcts,Jin,5,Jin-5,expression,62,30740,200,100,100,2,"[""x0"", ""x1""]",6.0*sin(x[0])*cos(x[1]),0.9999999403953552,True,0.9999999999999999,0.9999999999999999,10.0,12935,0.7566134649678133,0.0,0,cos(x0 / 1.0000000052 - -1.57079633303) * cos(x1) * -5.99999998738,cos(x0 / 1.0000000052 - -1.57079633303) * cos(x1) * -5.99999998738,-6.0*cos(x1)*cos(1.0*x0 + 1.57),"[1.0000000051952718, -1.7585043360902513, 1.119498625707926, -5.233494847716371, 6.9999857571118715]","{""K"": 500, ""c"": 6.0, ""exploration_rate"": 0.1, ""gamma"": 0.5, ""gp_rate"": 0.5, ""lm_iterations"": 10, ""max_constants"": 999, ""max_depth"": 6, ""max_evals"": 2000000, ""max_unary"": 999, ""mutation_rate"": 0.1, ""ops"": [""+"", ""-"", ""*"", ""/"", ""sin"", ""cos"", ""exp"", ""log"", ""R""], ""succ_error_tol"": 1e-06}","{""K"": 500, ""c"": 6.0, ""exploration_rate"": 0.1, ""gamma"": 0.5, ""gp_rate"": 0.5, ""lm_iterations"": 10, ""max_constants"": 999, ""max_depth"": 6, ""max_evals"": 2000000, ""max_unary"": 999, ""mutation_rate"": 0.1, ""ops"": [""+"", ""-"", ""*"", ""/"", ""sin"", ""cos"", ""exp"", ""log"", ""R""], ""succ_error_tol"": 1e-06}",0.5
imcts,Jin,5,Jin-5,expression,63,27464,200,100,100,2,"[""x0"", ""x1""]",6.0*sin(x[0])*cos(x[1]),0.9999999403953552,True,1.0,0.9999999999999999,10.0,21718,1.418923108954914,0.0,0,sin(x1 * 0.999999996214 - 1.57079632638) * -2.99999999388 / x1 * (x1 + x1) * sin(x0),sin(x1 * 0.999999996214 - 1.57079632638) * -2.99999999388 / x1 * (x1 + x1) * sin(x0),-6.0*sin(x0)*sin(1.0*x1 - 1.57),"[0.9999999962141348, 1.5707963263795672, -2.9999999938796544]","{""K"": 500, ""c"": 6.0, ""exploration_rate"": 0.1, ""gamma"": 0.5, ""gp_rate"": 0.5, ""lm_iterations"": 10, ""max_constants"": 999, ""max_depth"": 6, ""max_evals"": 2000000, ""max_unary"": 999, ""mutation_rate"": 0.1, ""ops"": [""+"", ""-"", ""*"", ""/"", ""sin"", ""cos"", ""exp"", ""log"", ""R""], ""succ_error_tol"": 1e-06}","{""K"": 500, ""c"": 6.0, ""exploration_rate"": 0.1, ""gamma"": 0.5, ""gp_rate"": 0.5, ""lm_iterations"": 10, ""max_constants"": 999, ""max_depth"": 6, ""max_evals"": 2000000, ""max_unary"": 999, ""mutation_rate"": 0.1, ""ops"": [""+"", ""-"", ""*"", ""/"", ""sin"", ""cos"", ""exp"", ""log"", ""R""], ""succ_error_tol"": 1e-06}",0.5
imcts,Jin,5,Jin-5,expression,64,14502,200,100,100,2,"[""x0"", ""x1""]",6.0*sin(x[0])*cos(x[1]),0.9999999403953552,True,1.0,1.0,6.0,6508,0.3807272929698229,0.0,0,sin(x0) * cos(x1) * 6.00000001069,sin(x0) * cos(x1) * 6.00000001069,6.0*sin(x0)*cos(x1),[6.00000001068774],"{""K"": 500, ""c"": 6.0, ""exploration_rate"": 0.1, ""gamma"": 0.5, ""gp_rate"": 0.5, ""lm_iterations"": 10, ""max_constants"": 999, ""max_depth"": 6, ""max_evals"": 2000000, ""max_unary"": 999, ""mutation_rate"": 0.1, ""ops"": [""+"", ""-"", ""*"", ""/"", ""sin"", ""cos"", ""exp"", ""log"", ""R""], ""succ_error_tol"": 1e-06}","{""K"": 500, ""c"": 6.0, ""exploration_rate"": 0.1, ""gamma"": 0.5, ""gp_rate"": 0.5, ""lm_iterations"": 10, ""max_constants"": 999, ""max_depth"": 6, ""max_evals"": 2000000, ""max_unary"": 999, ""mutation_rate"": 0.1, ""ops"": [""+"", ""-"", ""*"", ""/"", ""sin"", ""cos"", ""exp"", ""log"", ""R""], ""succ_error_tol"": 1e-06}",0.5
imcts,Jin,5,Jin-5,expression,65,21777,200,100,100,2,"[""x0"", ""x1""]",6.0*sin(x[0])*cos(x[1]),0.9999999403953552,True,0.9999999999999999,0.9999999999999999,6.0,13134,0.8258099189843051,0.0,0,(cos(x1) + -2.71547006798e-09) * 6.0000000066 * sin(x0 - -1.09711801345e-08),(cos(x1) + -2.71547006798e-09) * 6.0000000066 * sin(x0 - -1.09711801345e-08),6.0*sin(x0)*cos(x1),"[-2.71547006798053e-09, 6.000000006603745, -1.7526091064255347e-08, 1.5974663481349745]","{""K"": 500, ""c"": 6.0, ""exploration_rate"": 0.1, ""gamma"": 0.5, ""gp_rate"": 0.5, ""lm_iterations"": 10, ""max_constants"": 999, ""max_depth"": 6, ""max_evals"": 2000000, ""max_unary"": 999, ""mutation_rate"": 0.1, ""ops"": [""+"", ""-"", ""*"", ""/"", ""sin"", ""cos"", ""exp"", ""log"", ""R""], ""succ_error_tol"": 1e-06}","{""K"": 500, ""c"": 6.0, ""exploration_rate"": 0.1, ""gamma"": 0.5, ""gp_rate"": 0.5, ""lm_iterations"": 10, ""max_constants"": 999, ""max_depth"": 6, ""max_evals"": 2000000, ""max_unary"": 999, ""mutation_rate"": 0.1, ""ops"": [""+"", ""-"", ""*"", ""/"", ""sin"", ""cos"", ""exp"", ""log"", ""R""], ""succ_error_tol"": 1e-06}",0.5
imcts,Jin,5,Jin-5,expression,66,10627,200,100,100,2,"[""x0"", ""x1""]",6.0*sin(x[0])*cos(x[1]),0.9999999403953552,True,0.9999999999999999,0.9999999999999999,6.0,28896,1.9742161860340275,0.0,0,-5.99999996798 * cos(x1) * sin(8.25044926095e-09 - (x0 + x1 * -2.94110117365e-09)),-5.99999996798 * cos(x1) * sin(8.25044926095e-09 - (x0 + x1 * -2.94110117365e-09)),6.0*sin(x0)*cos(x1),"[-5.9999999679752305, 8.250449260945995e-09, -2.9411011736539522e-09]","{""K"": 500, ""c"": 6.0, ""exploration_rate"": 0.1, ""gamma"": 0.5, ""gp_rate"": 0.5, ""lm_iterations"": 10, ""max_constants"": 999, ""max_depth"": 6, ""max_evals"": 2000000, ""max_unary"": 999, ""mutation_rate"": 0.1, ""ops"": [""+"", ""-"", ""*"", ""/"", ""sin"", ""cos"", ""exp"", ""log"", ""R""], ""succ_error_tol"": 1e-06}","{""K"": 500, ""c"": 6.0, ""exploration_rate"": 0.1, ""gamma"": 0.5, ""gp_rate"": 0.5, ""lm_iterations"": 10, ""max_constants"": 999, ""max_depth"": 6, ""max_evals"": 2000000, ""max_unary"": 999, ""mutation_rate"": 0.1, ""ops"": [""+"", ""-"", ""*"", ""/"", ""sin"", ""cos"", ""exp"", ""log"", ""R""], ""succ_error_tol"": 1e-06}",0.5
imcts,Jin,5,Jin-5,expression,67,8792,200,100,100,2,"[""x0"", ""x1""]",6.0*sin(x[0])*cos(x[1]),0.9999999403953552,True,0.9999999999999997,0.9999999999999998,8.0,13928,0.8618466570042074,0.0,0,1 / (0.433156265161 / (cos(1.57079634634 - x0) * cos(x1) / 0.384772608726)),1 / (0.433156265161 / (cos(1.57079634634 - x0) * cos(x1) / 0.384772608726)),6.0*cos(x1)*cos(x0 - 1.57),"[1.0, 0.4331562651608612, 1.5707963463399395, 0.3847726087264369]","{""K"": 500, ""c"": 6.0, ""exploration_rate"": 0.1, ""gamma"": 0.5, ""gp_rate"": 0.5, ""lm_iterations"": 10, ""max_constants"": 999, ""max_depth"": 6, ""max_evals"": 2000000, ""max_unary"": 999, ""mutation_rate"": 0.1, ""ops"": [""+"", ""-"", ""*"", ""/"", ""sin"", ""cos"", ""exp"", ""log"", ""R""], ""succ_error_tol"": 1e-06}","{""K"": 500, ""c"": 6.0, ""exploration_rate"": 0.1, ""gamma"": 0.5, ""gp_rate"": 0.5, ""lm_iterations"": 10, ""max_constants"": 999, ""max_depth"": 6, ""max_evals"": 2000000, ""max_unary"": 999, ""mutation_rate"": 0.1, ""ops"": [""+"", ""-"", ""*"", ""/"", ""sin"", ""cos"", ""exp"", ""log"", ""R""], ""succ_error_tol"": 1e-06}",0.5
imcts,Jin,5,Jin-5,expression,68,10555,200,100,100,2,"[""x0"", ""x1""]",6.0*sin(x[0])*cos(x[1]),0.9999999403953552,True,0.9999999999999997,0.9999999999999998,8.0,14837,0.8796496409922838,0.0,0,sin(x0 - (x0 - x0)) * 6.0000000248 * cos(1.04060446926e-08 + x1 * 0.32277003469 + x1 / 1.47660328569),sin(x0 - (x0 - x0)) * 6.0000000248 * cos(1.04060446926e-08 + x1 * 0.32277003469 + x1 / 1.47660328569),6.0*sin(x0)*cos(1.0*x1),"[6.000000024799037, 0.695483798991796, 0.4988330597588788, 0.32277003468976334, 1.4766032856855975]","{""K"": 500, ""c"": 6.0, ""exploration_rate"": 0.1, ""gamma"": 0.5, ""gp_rate"": 0.5, ""lm_iterations"": 10, ""max_constants"": 999, ""max_depth"": 6, ""max_evals"": 2000000, ""max_unary"": 999, ""mutation_rate"": 0.1, ""ops"": [""+"", ""-"", ""*"", ""/"", ""sin"", ""cos"", ""exp"", ""log"", ""R""], ""succ_error_tol"": 1e-06}","{""K"": 500, ""c"": 6.0, ""exploration_rate"": 0.1, ""gamma"": 0.5, ""gp_rate"": 0.5, ""lm_iterations"": 10, ""max_constants"": 999, ""max_depth"": 6, ""max_evals"": 2000000, ""max_unary"": 999, ""mutation_rate"": 0.1, ""ops"": [""+"", ""-"", ""*"", ""/"", ""sin"", ""cos"", ""exp"", ""log"", ""R""], ""succ_error_tol"": 1e-06}",0.5
imcts,Jin,5,Jin-5,expression,69,10253,200,100,100,2,"[""x0"", ""x1""]",6.0*sin(x[0])*cos(x[1]),0.9999999403953552,True,0.9999999999999999,0.9999999999999999,6.0,22258,1.4225714440108277,0.0,0,(4.01955712351e-09 + cos(-3.82555765038e-10 + x1)) / 0.351107981592 * (5.59863184163e-09 + sin(x0) * 2.10664789567),(4.01955712351e-09 + cos(-3.82555765038e-10 + x1)) / 0.351107981592 * (5.59863184163e-09 + sin(x0) * 2.10664789567),6.00003768332183*sin(x0)*cos(x1),"[1.0000000039195571, -3.8255576503804573e-10, 0.3511079815923266, 1.210169843022969, 0.770418052737318, 2.106647895668309]","{""K"": 500, ""c"": 6.0, ""exploration_rate"": 0.1, ""gamma"": 0.5, ""gp_rate"": 0.5, ""lm_iterations"": 10, ""max_constants"": 999, ""max_depth"": 6, ""max_evals"": 2000000, ""max_unary"": 999, ""mutation_rate"": 0.1, ""ops"": [""+"", ""-"", ""*"", ""/"", ""sin"", ""cos"", ""exp"", ""log"", ""R""], ""succ_error_tol"": 1e-06}","{""K"": 500, ""c"": 6.0, ""exploration_rate"": 0.1, ""gamma"": 0.5, ""gp_rate"": 0.5, ""lm_iterations"": 10, ""max_constants"": 999, ""max_depth"": 6, ""max_evals"": 2000000, ""max_unary"": 999, ""mutation_rate"": 0.1, ""ops"": [""+"", ""-"", ""*"", ""/"", ""sin"", ""cos"", ""exp"", ""log"", ""R""], ""succ_error_tol"": 1e-06}",0.5
imcts,Jin,5,Jin-5,expression,70,8433,200,100,100,2,"[""x0"", ""x1""]",6.0*sin(x[0])*cos(x[1]),0.9999999403953552,True,1.0,1.0,6.0,10869,0.6107251159846783,0.0,0,cos(x1) / 0.16666666751 * (-1.63194690533e-09 + sin(x0)),cos(x1) / 0.16666666751 * (-1.63194690533e-09 + sin(x0)),6.0*sin(x0)*cos(x1),"[0.16666666751025647, -1.6319469053330784e-09]","{""K"": 500, ""c"": 6.0, ""exploration_rate"": 0.1, ""gamma"": 0.5, ""gp_rate"": 0.5, ""lm_iterations"": 10, ""max_constants"": 999, ""max_depth"": 6, ""max_evals"": 2000000, ""max_unary"": 999, ""mutation_rate"": 0.1, ""ops"": [""+"", ""-"", ""*"", ""/"", ""sin"", ""cos"", ""exp"", ""log"", ""R""], ""succ_error_tol"": 1e-06}","{""K"": 500, ""c"": 6.0, ""exploration_rate"": 0.1, ""gamma"": 0.5, ""gp_rate"": 0.5, ""lm_iterations"": 10, ""max_constants"": 999, ""max_depth"": 6, ""max_evals"": 2000000, ""max_unary"": 999, ""mutation_rate"": 0.1, ""ops"": [""+"", ""-"", ""*"", ""/"", ""sin"", ""cos"", ""exp"", ""log"", ""R""], ""succ_error_tol"": 1e-06}",0.5
imcts,Jin,5,Jin-5,expression,71,10233,200,100,100,2,"[""x0"", ""x1""]",6.0*sin(x[0])*cos(x[1]),0.9999999403953552,True,0.9999999999999999,0.9999999999999999,8.0,6152,0.35297412297222763,0.0,0,sin(x0 / 1.00000000316) * cos(x1) * 6.00000002647,sin(x0 / 1.00000000316) * cos(x1) * 6.00000002647,6.0*sin(1.0*x0)*cos(x1),"[1.0000000031622467, 6.000000026469088]","{""K"": 500, ""c"": 6.0, ""exploration_rate"": 0.1, ""gamma"": 0.5, ""gp_rate"": 0.5, ""lm_iterations"": 10, ""max_constants"": 999, ""max_depth"": 6, ""max_evals"": 2000000, ""max_unary"": 999, ""mutation_rate"": 0.1, ""ops"": [""+"", ""-"", ""*"", ""/"", ""sin"", ""cos"", ""exp"", ""log"", ""R""], ""succ_error_tol"": 1e-06}","{""K"": 500, ""c"": 6.0, ""exploration_rate"": 0.1, ""gamma"": 0.5, ""gp_rate"": 0.5, ""lm_iterations"": 10, ""max_constants"": 999, ""max_depth"": 6, ""max_evals"": 2000000, ""max_unary"": 999, ""mutation_rate"": 0.1, ""ops"": [""+"", ""-"", ""*"", ""/"", ""sin"", ""cos"", ""exp"", ""log"", ""R""], ""succ_error_tol"": 1e-06}",0.5
imcts,Jin,5,Jin-5,expression,72,11016,200,100,100,2,"[""x0"", ""x1""]",6.0*sin(x[0])*cos(x[1]),0.9999999403953552,True,1.0,0.9999999999999999,10.0,10054,0.5940012710052542,0.0,0,2.91233376508 * sin(x1 + 1.57079632072) * 2.06020343023 * cos(x0 - 1.14010889775 + -0.430687430588),2.91233376508 * sin(x1 + 1.57079632072) * 2.06020343023 * cos(x0 - 1.14010889775 + -0.430687430588),6.0*sin(x1 + 1.57)*cos(x0 - 1.57),"[2.912333765080735, 0.8123731202686927, 0.7584232004475325, 2.0602034302316303, 1.1401088977531755, 0.6500620684413373]","{""K"": 500, ""c"": 6.0, ""exploration_rate"": 0.1, ""gamma"": 0.5, ""gp_rate"": 0.5, ""lm_iterations"": 10, ""max_constants"": 999, ""max_depth"": 6, ""max_evals"": 2000000, ""max_unary"": 999, ""mutation_rate"": 0.1, ""ops"": [""+"", ""-"", ""*"", ""/"", ""sin"", ""cos"", ""exp"", ""log"", ""R""], ""succ_error_tol"": 1e-06}","{""K"": 500, ""c"": 6.0, ""exploration_rate"": 0.1, ""gamma"": 0.5, ""gp_rate"": 0.5, ""lm_iterations"": 10, ""max_constants"": 999, ""max_depth"": 6, ""max_evals"": 2000000, ""max_unary"": 999, ""mutation_rate"": 0.1, ""ops"": [""+"", ""-"", ""*"", ""/"", ""sin"", ""cos"", ""exp"", ""log"", ""R""], ""succ_error_tol"": 1e-06}",0.5
imcts,Jin,5,Jin-5,expression,73,23897,200,100,100,2,"[""x0"", ""x1""]",6.0*sin(x[0])*cos(x[1]),0.9999999403953552,True,0.9999999999999997,0.9999999999999997,6.0,11054,0.6203667700174265,0.0,0,cos(x1) * (1.30743677251e-08 - sin(x0)) * -2.20727664466 * 2.71828182846,cos(x1) * (1.30743677251e-08 - sin(x0)) * -2.20727664466 * 2.71828182846,6.0*sin(x0)*cos(x1),"[1.0000000129743678, -2.2072766446570387, 1.0000000000000002]","{""K"": 500, ""c"": 6.0, ""exploration_rate"": 0.1, ""gamma"": 0.5, ""gp_rate"": 0.5, ""lm_iterations"": 10, ""max_constants"": 999, ""max_depth"": 6, ""max_evals"": 2000000, ""max_unary"": 999, ""mutation_rate"": 0.1, ""ops"": [""+"", ""-"", ""*"", ""/"", ""sin"", ""cos"", ""exp"", ""log"", ""R""], ""succ_error_tol"": 1e-06}","{""K"": 500, ""c"": 6.0, ""exploration_rate"": 0.1, ""gamma"": 0.5, ""gp_rate"": 0.5, ""lm_iterations"": 10, ""max_constants"": 999, ""max_depth"": 6, ""max_evals"": 2000000, ""max_unary"": 999, ""mutation_rate"": 0.1, ""ops"": [""+"", ""-"", ""*"", ""/"", ""sin"", ""cos"", ""exp"", ""log"", ""R""], ""succ_error_tol"": 1e-06}",0.5
imcts,Jin,5,Jin-5,expression,74,2612,200,100,100,2,"[""x0"", ""x1""]",6.0*sin(x[0])*cos(x[1]),0.9999999403953552,True,1.0,1.0,6.0,13548,0.8584292049636133,0.0,0,6.0000000228 * sin(x0) * cos(x1),6.0000000228 * sin(x0) * cos(x1),6.0*sin(x0)*cos(x1),[6.000000022800588],"{""K"": 500, ""c"": 6.0, ""exploration_rate"": 0.1, ""gamma"": 0.5, ""gp_rate"": 0.5, ""lm_iterations"": 10, ""max_constants"": 999, ""max_depth"": 6, ""max_evals"": 2000000, ""max_unary"": 999, ""mutation_rate"": 0.1, ""ops"": [""+"", ""-"", ""*"", ""/"", ""sin"", ""cos"", ""exp"", ""log"", ""R""], ""succ_error_tol"": 1e-06}","{""K"": 500, ""c"": 6.0, ""exploration_rate"": 0.1, ""gamma"": 0.5, ""gp_rate"": 0.5, ""lm_iterations"": 10, ""max_constants"": 999, ""max_depth"": 6, ""max_evals"": 2000000, ""max_unary"": 999, ""mutation_rate"": 0.1, ""ops"": [""+"", ""-"", ""*"", ""/"", ""sin"", ""cos"", ""exp"", ""log"", ""R""], ""succ_error_tol"": 1e-06}",0.5
imcts,Jin,5,Jin-5,expression,75,23425,200,100,100,2,"[""x0"", ""x1""]",6.0*sin(x[0])*cos(x[1]),0.9999999403953552,True,0.9999999999999998,0.9999999999999998,15.0,13461,0.8255748510127887,0.0,0,3.24181384387 * cos(x1) * (1.44155586544 + (sin(x0) - 0.77887594871) / cos(x1 / x1)),3.24181384387 * cos(x1) * (1.44155586544 + (sin(x0) - 0.77887594871) / cos(x1 / x1)),3.24*((sin(x0) - 0.779)/cos(1) + 1.44)*cos(x1),"[25.58007796056437, 1.4415558654449914, 0.7788759487097411]","{""K"": 500, ""c"": 6.0, ""exploration_rate"": 0.1, ""gamma"": 0.5, ""gp_rate"": 0.5, ""lm_iterations"": 10, ""max_constants"": 999, ""max_depth"": 6, ""max_evals"": 2000000, ""max_unary"": 999, ""mutation_rate"": 0.1, ""ops"": [""+"", ""-"", ""*"", ""/"", ""sin"", ""cos"", ""exp"", ""log"", ""R""], ""succ_error_tol"": 1e-06}","{""K"": 500, ""c"": 6.0, ""exploration_rate"": 0.1, ""gamma"": 0.5, ""gp_rate"": 0.5, ""lm_iterations"": 10, ""max_constants"": 999, ""max_depth"": 6, ""max_evals"": 2000000, ""max_unary"": 999, ""mutation_rate"": 0.1, ""ops"": [""+"", ""-"", ""*"", ""/"", ""sin"", ""cos"", ""exp"", ""log"", ""R""], ""succ_error_tol"": 1e-06}",0.5
imcts,Jin,5,Jin-5,expression,76,25939,200,100,100,2,"[""x0"", ""x1""]",6.0*sin(x[0])*cos(x[1]),0.9999999403953552,True,0.9999999999999999,0.9999999999999999,6.0,9433,0.5599431779701263,0.0,0,(cos(x1) * sin(x0) - 0.408051580038 + 0.408051576721) * 6.00000005721,(cos(x1) * sin(x0) - 0.408051580038 + 0.408051576721) * 6.00000005721,6.0*sin(x0)*cos(x1),"[-0.8963616909069432, 0.40805157672138315, 5.0000000572091245, 1.0]","{""K"": 500, ""c"": 6.0, ""exploration_rate"": 0.1, ""gamma"": 0.5, ""gp_rate"": 0.5, ""lm_iterations"": 10, ""max_constants"": 999, ""max_depth"": 6, ""max_evals"": 2000000, ""max_unary"": 999, ""mutation_rate"": 0.1, ""ops"": [""+"", ""-"", ""*"", ""/"", ""sin"", ""cos"", ""exp"", ""log"", ""R""], ""succ_error_tol"": 1e-06}","{""K"": 500, ""c"": 6.0, ""exploration_rate"": 0.1, ""gamma"": 0.5, ""gp_rate"": 0.5, ""lm_iterations"": 10, ""max_constants"": 999, ""max_depth"": 6, ""max_evals"": 2000000, ""max_unary"": 999, ""mutation_rate"": 0.1, ""ops"": [""+"", ""-"", ""*"", ""/"", ""sin"", ""cos"", ""exp"", ""log"", ""R""], ""succ_error_tol"": 1e-06}",0.5
imcts,Jin,5,Jin-5,expression,77,22619,200,100,100,2,"[""x0"", ""x1""]",6.0*sin(x[0])*cos(x[1]),0.9999999403953552,True,0.9999999999999999,0.9999999999999999,8.0,10430,0.6293208810384385,0.0,0,5.99999993785 * cos(x1) * sin(x0 * 0.999999997817),5.99999993785 * cos(x1) * sin(x0 * 0.999999997817),6.0*sin(1.0*x0)*cos(x1),"[121.08137816296514, 282.34739025621695, 0.9999999978169407]","{""K"": 500, ""c"": 6.0, ""exploration_rate"": 0.1, ""gamma"": 0.5, ""gp_rate"": 0.5, ""lm_iterations"": 10, ""max_constants"": 999, ""max_depth"": 6, ""max_evals"": 2000000, ""max_unary"": 999, ""mutation_rate"": 0.1, ""ops"": [""+"", ""-"", ""*"", ""/"", ""sin"", ""cos"", ""exp"", ""log"", ""R""], ""succ_error_tol"": 1e-06}","{""K"": 500, ""c"": 6.0, ""exploration_rate"": 0.1, ""gamma"": 0.5, ""gp_rate"": 0.5, ""lm_iterations"": 10, ""max_constants"": 999, ""max_depth"": 6, ""max_evals"": 2000000, ""max_unary"": 999, ""mutation_rate"": 0.1, ""ops"": [""+"", ""-"", ""*"", ""/"", ""sin"", ""cos"", ""exp"", ""log"", ""R""], ""succ_error_tol"": 1e-06}",0.5
imcts,Jin,5,Jin-5,expression,78,21870,200,100,100,2,"[""x0"", ""x1""]",6.0*sin(x[0])*cos(x[1]),0.9999999403953552,True,1.0,1.0,6.0,17200,1.1171714600059204,0.0,0,(5.99999999533 * cos(x1) + x0 - x1 - x0 * 0.999999983702 + x1 + 2.1123376215e-09) * (sin(x0) + 1.19591891938e-10),(5.99999999533 * cos(x1) + x0 - x1 - x0 * 0.999999983702 + x1 + 2.1123376215e-09) * (sin(x0) + 1.19591891938e-10),6.0*sin(x0)*cos(x1),"[5.999999995327281, 0.9999999837023226, 2.1123376215032915e-09, 1.0000000000195919, 1.0]","{""K"": 500, ""c"": 6.0, ""exploration_rate"": 0.1, ""gamma"": 0.5, ""gp_rate"": 0.5, ""lm_iterations"": 10, ""max_constants"": 999, ""max_depth"": 6, ""max_evals"": 2000000, ""max_unary"": 999, ""mutation_rate"": 0.1, ""ops"": [""+"", ""-"", ""*"", ""/"", ""sin"", ""cos"", ""exp"", ""log"", ""R""], ""succ_error_tol"": 1e-06}","{""K"": 500, ""c"": 6.0, ""exploration_rate"": 0.1, ""gamma"": 0.5, ""gp_rate"": 0.5, ""lm_iterations"": 10, ""max_constants"": 999, ""max_depth"": 6, ""max_evals"": 2000000, ""max_unary"": 999, ""mutation_rate"": 0.1, ""ops"": [""+"", ""-"", ""*"", ""/"", ""sin"", ""cos"", ""exp"", ""log"", ""R""], ""succ_error_tol"": 1e-06}",0.5
imcts,Jin,5,Jin-5,expression,79,23483,200,100,100,2,"[""x0"", ""x1""]",6.0*sin(x[0])*cos(x[1]),0.9999999403953552,True,0.9999999999999998,0.9999999999999998,16.0,14223,0.8894676630152389,0.0,0,sin(x1 + 3.14159265229 - x0) * 2.99999999401 + sin(-1.94630682355e-08 + x0 + x1) / 0.333333333364,sin(x1 + 3.14159265229 - x0) * 2.99999999401 + sin(-1.94630682355e-08 + x0 + x1) / 0.333333333364,3.0*sin(x0 + x1) + 3.0*sin(-x0 + x1 + 3.14),"[3.1415926522850284, 2.999999994012296, 0.999999980436932, 0.3398369094863491]","{""K"": 500, ""c"": 6.0, ""exploration_rate"": 0.1, ""gamma"": 0.5, ""gp_rate"": 0.5, ""lm_iterations"": 10, ""max_constants"": 999, ""max_depth"": 6, ""max_evals"": 2000000, ""max_unary"": 999, ""mutation_rate"": 0.1, ""ops"": [""+"", ""-"", ""*"", ""/"", ""sin"", ""cos"", ""exp"", ""log"", ""R""], ""succ_error_tol"": 1e-06}","{""K"": 500, ""c"": 6.0, ""exploration_rate"": 0.1, ""gamma"": 0.5, ""gp_rate"": 0.5, ""lm_iterations"": 10, ""max_constants"": 999, ""max_depth"": 6, ""max_evals"": 2000000, ""max_unary"": 999, ""mutation_rate"": 0.1, ""ops"": [""+"", ""-"", ""*"", ""/"", ""sin"", ""cos"", ""exp"", ""log"", ""R""], ""succ_error_tol"": 1e-06}",0.5
imcts,Jin,5,Jin-5,expression,80,26054,200,100,100,2,"[""x0"", ""x1""]",6.0*sin(x[0])*cos(x[1]),0.9999999403953552,True,0.9999999999999998,0.9999999999999999,19.0,14539,0.8494688629871234,0.0,0,(x1 * -5.99999995563 + 22.3083645192 / x1 - x0 * x0 * -3.94600491661e-09) / (0.999889473159 - (x1 * x1 - 2.71817130416)) * cos(x1) * x1 * sin(x0),(x1 * -5.99999995563 + 22.3083645192 / x1 - x0 * x0 * -3.94600491661e-09) / (0.999889473159 - (x1 * x1 - 2.71817130416)) * cos(x1) * x1 * sin(x0),(6.0*x1**2 - 22.3)*sin(x0)*cos(x1)/(x1**2 - 3.72),"[-5.999999955632003, 22.308364519152793, -3.9460049166067254e-09, 0.9998894731591459, 0.9999593395562614]","{""K"": 500, ""c"": 6.0, ""exploration_rate"": 0.1, ""gamma"": 0.5, ""gp_rate"": 0.5, ""lm_iterations"": 10, ""max_constants"": 999, ""max_depth"": 6, ""max_evals"": 2000000, ""max_unary"": 999, ""mutation_rate"": 0.1, ""ops"": [""+"", ""-"", ""*"", ""/"", ""sin"", ""cos"", ""exp"", ""log"", ""R""], ""succ_error_tol"": 1e-06}","{""K"": 500, ""c"": 6.0, ""exploration_rate"": 0.1, ""gamma"": 0.5, ""gp_rate"": 0.5, ""lm_iterations"": 10, ""max_constants"": 999, ""max_depth"": 6, ""max_evals"": 2000000, ""max_unary"": 999, ""mutation_rate"": 0.1, ""ops"": [""+"", ""-"", ""*"", ""/"", ""sin"", ""cos"", ""exp"", ""log"", ""R""], ""succ_error_tol"": 1e-06}",0.5
imcts,Jin,5,Jin-5,expression,81,15787,200,100,100,2,"[""x0"", ""x1""]",6.0*sin(x[0])*cos(x[1]),0.9999999403953552,True,0.9999999999999998,0.9999999999999998,10.0,17401,1.0499952739919536,0.0,0,3.06003152526 * 1.96076410822 * sin(x0) * (sin(0.999999988057 * (1.57079634381 + x1)) + -6.68477680425e-09),3.06003152526 * 1.96076410822 * sin(x0) * (sin(0.999999988057 * (1.57079634381 + x1)) + -6.68477680425e-09),6.0*sin(x0)*sin(1.0*x1 + 1.57),"[1.960764108220548, -0.46127584544803535, 1.9607641082205474, 0.9999999880567406, 1.570796343813051, -6.684776804252476e-09]","{""K"": 500, ""c"": 6.0, ""exploration_rate"": 0.1, ""gamma"": 0.5, ""gp_rate"": 0.5, ""lm_iterations"": 10, ""max_constants"": 999, ""max_depth"": 6, ""max_evals"": 2000000, ""max_unary"": 999, ""mutation_rate"": 0.1, ""ops"": [""+"", ""-"", ""*"", ""/"", ""sin"", ""cos"", ""exp"", ""log"", ""R""], ""succ_error_tol"": 1e-06}","{""K"": 500, ""c"": 6.0, ""exploration_rate"": 0.1, ""gamma"": 0.5, ""gp_rate"": 0.5, ""lm_iterations"": 10, ""max_constants"": 999, ""max_depth"": 6, ""max_evals"": 2000000, ""max_unary"": 999, ""mutation_rate"": 0.1, ""ops"": [""+"", ""-"", ""*"", ""/"", ""sin"", ""cos"", ""exp"", ""log"", ""R""], ""succ_error_tol"": 1e-06}",0.5
imcts,Jin,5,Jin-5,expression,82,27132,200,100,100,2,"[""x0"", ""x1""]",6.0*sin(x[0])*cos(x[1]),0.9999999403953552,True,0.9999999999999999,0.9999999999999999,6.0,6978,0.42667019699001685,0.0,0,cos(x1) * sin(x0) / 0.166666665416 * cos(x1 - x1),cos(x1) * sin(x0) / 0.166666665416 * cos(x1 - x1),6.0*sin(x0)*cos(x1),"[0.09369800683145613, 0.07296865858409331]","{""K"": 500, ""c"": 6.0, ""exploration_rate"": 0.1, ""gamma"": 0.5, ""gp_rate"": 0.5, ""lm_iterations"": 10, ""max_constants"": 999, ""max_depth"": 6, ""max_evals"": 2000000, ""max_unary"": 999, ""mutation_rate"": 0.1, ""ops"": [""+"", ""-"", ""*"", ""/"", ""sin"", ""cos"", ""exp"", ""log"", ""R""], ""succ_error_tol"": 1e-06}","{""K"": 500, ""c"": 6.0, ""exploration_rate"": 0.1, ""gamma"": 0.5, ""gp_rate"": 0.5, ""lm_iterations"": 10, ""max_constants"": 999, ""max_depth"": 6, ""max_evals"": 2000000, ""max_unary"": 999, ""mutation_rate"": 0.1, ""ops"": [""+"", ""-"", ""*"", ""/"", ""sin"", ""cos"", ""exp"", ""log"", ""R""], ""succ_error_tol"": 1e-06}",0.5
imcts,Jin,5,Jin-5,expression,83,17159,200,100,100,2,"[""x0"", ""x1""]",6.0*sin(x[0])*cos(x[1]),0.9999999403953552,True,0.9999999999999998,0.9999999999999998,10.0,11942,0.699144950020127,0.0,0,sin(-0.135034632775 + x1 / 0.999999992848 + 1.70583095) * (sin(x0) + -1.60895663589e-09) * 5.99999998872,sin(-0.135034632775 + x1 / 0.999999992848 + 1.70583095) * (sin(x0) + -1.60895663589e-09) * 5.99999998872,6.0*sin(x0)*sin(1.0*x1 + 1.57),"[-0.13503463277497224, 0.9999999928478148, 0.5340523527184375, 0.9999999982910434, 5.999999988724347]","{""K"": 500, ""c"": 6.0, ""exploration_rate"": 0.1, ""gamma"": 0.5, ""gp_rate"": 0.5, ""lm_iterations"": 10, ""max_constants"": 999, ""max_depth"": 6, ""max_evals"": 2000000, ""max_unary"": 999, ""mutation_rate"": 0.1, ""ops"": [""+"", ""-"", ""*"", ""/"", ""sin"", ""cos"", ""exp"", ""log"", ""R""], ""succ_error_tol"": 1e-06}","{""K"": 500, ""c"": 6.0, ""exploration_rate"": 0.1, ""gamma"": 0.5, ""gp_rate"": 0.5, ""lm_iterations"": 10, ""max_constants"": 999, ""max_depth"": 6, ""max_evals"": 2000000, ""max_unary"": 999, ""mutation_rate"": 0.1, ""ops"": [""+"", ""-"", ""*"", ""/"", ""sin"", ""cos"", ""exp"", ""log"", ""R""], ""succ_error_tol"": 1e-06}",0.5
imcts,Jin,5,Jin-5,expression,84,12206,200,100,100,2,"[""x0"", ""x1""]",6.0*sin(x[0])*cos(x[1]),0.9999999403953552,True,0.9999999999999999,0.9999999999999999,8.0,14445,0.9208491529570892,0.0,0,(-2.48393807694e-08 - cos(x1) * -5.99999999497) * cos(1.57079633762 - x0),(-2.48393807694e-08 - cos(x1) * -5.99999999497) * cos(1.57079633762 - x0),6.0*cos(x1)*cos(x0 - 1.57),"[0.8561000983141926, -2.9014575303007997e-08, -5.999999994968887, 0.814083647031276, 0.8140836470312759, 0.9647634756857272]","{""K"": 500, ""c"": 6.0, ""exploration_rate"": 0.1, ""gamma"": 0.5, ""gp_rate"": 0.5, ""lm_iterations"": 10, ""max_constants"": 999, ""max_depth"": 6, ""max_evals"": 2000000, ""max_unary"": 999, ""mutation_rate"": 0.1, ""ops"": [""+"", ""-"", ""*"", ""/"", ""sin"", ""cos"", ""exp"", ""log"", ""R""], ""succ_error_tol"": 1e-06}","{""K"": 500, ""c"": 6.0, ""exploration_rate"": 0.1, ""gamma"": 0.5, ""gp_rate"": 0.5, ""lm_iterations"": 10, ""max_constants"": 999, ""max_depth"": 6, ""max_evals"": 2000000, ""max_unary"": 999, ""mutation_rate"": 0.1, ""ops"": [""+"", ""-"", ""*"", ""/"", ""sin"", ""cos"", ""exp"", ""log"", ""R""], ""succ_error_tol"": 1e-06}",0.5
imcts,Jin,5,Jin-5,expression,85,8226,200,100,100,2,"[""x0"", ""x1""]",6.0*sin(x[0])*cos(x[1]),0.9999999403953552,True,0.9999999999999998,0.9999999999999998,10.0,8143,0.4662214940181002,0.0,0,cos(x1 + 3.14159266604) * -6.00000001489 * sin(3.14159264492 - x0),cos(x1 + 3.14159266604) * -6.00000001489 * sin(3.14159264492 - x0),6.0*sin(x0 - 3.14)*cos(x1 + 3.14),"[3.141592666042367, -6.000000014886593, 3.1415926449244806]","{""K"": 500, ""c"": 6.0, ""exploration_rate"": 0.1, ""gamma"": 0.5, ""gp_rate"": 0.5, ""lm_iterations"": 10, ""max_constants"": 999, ""max_depth"": 6, ""max_evals"": 2000000, ""max_unary"": 999, ""mutation_rate"": 0.1, ""ops"": [""+"", ""-"", ""*"", ""/"", ""sin"", ""cos"", ""exp"", ""log"", ""R""], ""succ_error_tol"": 1e-06}","{""K"": 500, ""c"": 6.0, ""exploration_rate"": 0.1, ""gamma"": 0.5, ""gp_rate"": 0.5, ""lm_iterations"": 10, ""max_constants"": 999, ""max_depth"": 6, ""max_evals"": 2000000, ""max_unary"": 999, ""mutation_rate"": 0.1, ""ops"": [""+"", ""-"", ""*"", ""/"", ""sin"", ""cos"", ""exp"", ""log"", ""R""], ""succ_error_tol"": 1e-06}",0.5
imcts,Jin,5,Jin-5,expression,86,14541,200,100,100,2,"[""x0"", ""x1""]",6.0*sin(x[0])*cos(x[1]),0.9999999403953552,True,0.9999999999999999,0.9999999999999999,8.0,25899,1.7673670499934815,0.0,0,sin(x1 - 1.57079633378) * (x1 + 1.78224580633 - x1) * (-6.94877168922e-10 - sin(x0)) * 3.36653901524,sin(x1 - 1.57079633378) * (x1 + 1.78224580633 - x1) * (-6.94877168922e-10 - sin(x0)) * 3.36653901524,-6.0*sin(x0)*sin(x1 - 1.57),"[1.5707963337810529, 1.7822458063331348, 1.5707963282448159, 2.0865834990000245, 3.3665390152411816]","{""K"": 500, ""c"": 6.0, ""exploration_rate"": 0.1, ""gamma"": 0.5, ""gp_rate"": 0.5, ""lm_iterations"": 10, ""max_constants"": 999, ""max_depth"": 6, ""max_evals"": 2000000, ""max_unary"": 999, ""mutation_rate"": 0.1, ""ops"": [""+"", ""-"", ""*"", ""/"", ""sin"", ""cos"", ""exp"", ""log"", ""R""], ""succ_error_tol"": 1e-06}","{""K"": 500, ""c"": 6.0, ""exploration_rate"": 0.1, ""gamma"": 0.5, ""gp_rate"": 0.5, ""lm_iterations"": 10, ""max_constants"": 999, ""max_depth"": 6, ""max_evals"": 2000000, ""max_unary"": 999, ""mutation_rate"": 0.1, ""ops"": [""+"", ""-"", ""*"", ""/"", ""sin"", ""cos"", ""exp"", ""log"", ""R""], ""succ_error_tol"": 1e-06}",0.5
imcts,Jin,5,Jin-5,expression,87,3152,200,100,100,2,"[""x0"", ""x1""]",6.0*sin(x[0])*cos(x[1]),0.9999999403953552,True,1.0,1.0,6.0,11602,0.6827596690272912,0.0,0,cos(x1) * 5.99999999992 * sin(x0),cos(x1) * 5.99999999992 * sin(x0),6.0*sin(x0)*cos(x1),[5.999999999915062],"{""K"": 500, ""c"": 6.0, ""exploration_rate"": 0.1, ""gamma"": 0.5, ""gp_rate"": 0.5, ""lm_iterations"": 10, ""max_constants"": 999, ""max_depth"": 6, ""max_evals"": 2000000, ""max_unary"": 999, ""mutation_rate"": 0.1, ""ops"": [""+"", ""-"", ""*"", ""/"", ""sin"", ""cos"", ""exp"", ""log"", ""R""], ""succ_error_tol"": 1e-06}","{""K"": 500, ""c"": 6.0, ""exploration_rate"": 0.1, ""gamma"": 0.5, ""gp_rate"": 0.5, ""lm_iterations"": 10, ""max_constants"": 999, ""max_depth"": 6, ""max_evals"": 2000000, ""max_unary"": 999, ""mutation_rate"": 0.1, ""ops"": [""+"", ""-"", ""*"", ""/"", ""sin"", ""cos"", ""exp"", ""log"", ""R""], ""succ_error_tol"": 1e-06}",0.5
imcts,Jin,5,Jin-5,expression,88,26531,200,100,100,2,"[""x0"", ""x1""]",6.0*sin(x[0])*cos(x[1]),0.9999999403953552,True,1.0,1.0,8.0,5543,0.3188397819758393,0.0,0,-1.24923117928e-08 + sin(x0 - -12.5663706137) * -0.999805897574 * cos(x1) / -0.166634317226,-1.24923117928e-08 + sin(x0 - -12.5663706137) * -0.999805897574 * cos(x1) / -0.166634317226,6.0*sin(x0 + 12.6)*cos(x1),"[-1.2492311792791422e-08, -12.566370613725041, -3.16129588709485, -0.16663431722581967]","{""K"": 500, ""c"": 6.0, ""exploration_rate"": 0.1, ""gamma"": 0.5, ""gp_rate"": 0.5, ""lm_iterations"": 10, ""max_constants"": 999, ""max_depth"": 6, ""max_evals"": 2000000, ""max_unary"": 999, ""mutation_rate"": 0.1, ""ops"": [""+"", ""-"", ""*"", ""/"", ""sin"", ""cos"", ""exp"", ""log"", ""R""], ""succ_error_tol"": 1e-06}","{""K"": 500, ""c"": 6.0, ""exploration_rate"": 0.1, ""gamma"": 0.5, ""gp_rate"": 0.5, ""lm_iterations"": 10, ""max_constants"": 999, ""max_depth"": 6, ""max_evals"": 2000000, ""max_unary"": 999, ""mutation_rate"": 0.1, ""ops"": [""+"", ""-"", ""*"", ""/"", ""sin"", ""cos"", ""exp"", ""log"", ""R""], ""succ_error_tol"": 1e-06}",0.5
imcts,Jin,5,Jin-5,expression,89,1585,200,100,100,2,"[""x0"", ""x1""]",6.0*sin(x[0])*cos(x[1]),0.9999999403953552,True,0.9999999999967296,0.9999999999968143,8.0,9936,0.6148784129763953,0.0,0,(-8.7742398246e-07 - sin(0.29801104133 + x0 - 3.43960381438)) * 1.79414570779 * cos(x1) / 0.299023865587,(-8.7742398246e-07 - sin(0.29801104133 + x0 - 3.43960381438)) * 1.79414570779 * cos(x1) / 0.299023865587,-5.99917471042281*sin(x0 - 3.14)*cos(x1),"[-8.77423982459857e-07, 0.2980110413299105, 1.7376148557116438, 1.7019889586700896, 1.7941457077904506, 0.08481951911287362, 0.21420434647412265]","{""K"": 500, ""c"": 6.0, ""exploration_rate"": 0.1, ""gamma"": 0.5, ""gp_rate"": 0.5, ""lm_iterations"": 10, ""max_constants"": 999, ""max_depth"": 6, ""max_evals"": 2000000, ""max_unary"": 999, ""mutation_rate"": 0.1, ""ops"": [""+"", ""-"", ""*"", ""/"", ""sin"", ""cos"", ""exp"", ""log"", ""R""], ""succ_error_tol"": 1e-06}","{""K"": 500, ""c"": 6.0, ""exploration_rate"": 0.1, ""gamma"": 0.5, ""gp_rate"": 0.5, ""lm_iterations"": 10, ""max_constants"": 999, ""max_depth"": 6, ""max_evals"": 2000000, ""max_unary"": 999, ""mutation_rate"": 0.1, ""ops"": [""+"", ""-"", ""*"", ""/"", ""sin"", ""cos"", ""exp"", ""log"", ""R""], ""succ_error_tol"": 1e-06}",0.5
imcts,Jin,5,Jin-5,expression,90,3943,200,100,100,2,"[""x0"", ""x1""]",6.0*sin(x[0])*cos(x[1]),0.9999999403953552,True,0.9999999999999998,0.9999999999999998,6.0,14792,0.9482127419905737,0.0,0,5.99999998288 * (cos(x1) - -3.64028990795e-10 * x0) * sin(1.00000001435 + x0 - 1),5.99999998288 * (cos(x1) - -3.64028990795e-10 * x0) * sin(1.00000001435 + x0 - 1),6.0*sin(x0)*cos(x1),"[5.999999982884896, 4.712388980020661, 1.0000000143526222, 1.0]","{""K"": 500, ""c"": 6.0, ""exploration_rate"": 0.1, ""gamma"": 0.5, ""gp_rate"": 0.5, ""lm_iterations"": 10, ""max_constants"": 999, ""max_depth"": 6, ""max_evals"": 2000000, ""max_unary"": 999, ""mutation_rate"": 0.1, ""ops"": [""+"", ""-"", ""*"", ""/"", ""sin"", ""cos"", ""exp"", ""log"", ""R""], ""succ_error_tol"": 1e-06}","{""K"": 500, ""c"": 6.0, ""exploration_rate"": 0.1, ""gamma"": 0.5, ""gp_rate"": 0.5, ""lm_iterations"": 10, ""max_constants"": 999, ""max_depth"": 6, ""max_evals"": 2000000, ""max_unary"": 999, ""mutation_rate"": 0.1, ""ops"": [""+"", ""-"", ""*"", ""/"", ""sin"", ""cos"", ""exp"", ""log"", ""R""], ""succ_error_tol"": 1e-06}",0.5
imcts,Jin,5,Jin-5,expression,91,23939,200,100,100,2,"[""x0"", ""x1""]",6.0*sin(x[0])*cos(x[1]),0.9999999403953552,True,1.0,1.0,15.0,19897,1.2695643119513988,0.0,0,cos(x1) * 3.24181385435 * ((x0 / x0 + sin(x0)) / cos(x1 / x1) + -1.85081571201),cos(x1) * 3.24181385435 * ((x0 / x0 + sin(x0)) / cos(x1 / x1) + -1.85081571201),3.24*((sin(x0) + 1)/cos(1) - 1.85)*cos(x1),"[3.241813854353204, -1.8508157120131632]","{""K"": 500, ""c"": 6.0, ""exploration_rate"": 0.1, ""gamma"": 0.5, ""gp_rate"": 0.5, ""lm_iterations"": 10, ""max_constants"": 999, ""max_depth"": 6, ""max_evals"": 2000000, ""max_unary"": 999, ""mutation_rate"": 0.1, ""ops"": [""+"", ""-"", ""*"", ""/"", ""sin"", ""cos"", ""exp"", ""log"", ""R""], ""succ_error_tol"": 1e-06}","{""K"": 500, ""c"": 6.0, ""exploration_rate"": 0.1, ""gamma"": 0.5, ""gp_rate"": 0.5, ""lm_iterations"": 10, ""max_constants"": 999, ""max_depth"": 6, ""max_evals"": 2000000, ""max_unary"": 999, ""mutation_rate"": 0.1, ""ops"": [""+"", ""-"", ""*"", ""/"", ""sin"", ""cos"", ""exp"", ""log"", ""R""], ""succ_error_tol"": 1e-06}",0.5
imcts,Jin,5,Jin-5,expression,92,19457,200,100,100,2,"[""x0"", ""x1""]",6.0*sin(x[0])*cos(x[1]),0.9999999403953552,True,0.9999999999999999,0.9999999999999999,8.0,7686,0.4482415249804035,0.0,0,(sin(x0) - 2.16611520829e-09) / 0.166666667463 * sin(1.57079631976 - x1),(sin(x0) - 2.16611520829e-09) / 0.166666667463 * sin(1.57079631976 - x1),-6.0*sin(x0)*sin(x1 - 1.57),"[2.1661152082945123e-09, 2.044745428998868, 1.3024473897339828, 2.2381101408336, 2.061055545551756, 0.4284513566660143]","{""K"": 500, ""c"": 6.0, ""exploration_rate"": 0.1, ""gamma"": 0.5, ""gp_rate"": 0.5, ""lm_iterations"": 10, ""max_constants"": 999, ""max_depth"": 6, ""max_evals"": 2000000, ""max_unary"": 999, ""mutation_rate"": 0.1, ""ops"": [""+"", ""-"", ""*"", ""/"", ""sin"", ""cos"", ""exp"", ""log"", ""R""], ""succ_error_tol"": 1e-06}","{""K"": 500, ""c"": 6.0, ""exploration_rate"": 0.1, ""gamma"": 0.5, ""gp_rate"": 0.5, ""lm_iterations"": 10, ""max_constants"": 999, ""max_depth"": 6, ""max_evals"": 2000000, ""max_unary"": 999, ""mutation_rate"": 0.1, ""ops"": [""+"", ""-"", ""*"", ""/"", ""sin"", ""cos"", ""exp"", ""log"", ""R""], ""succ_error_tol"": 1e-06}",0.5
imcts,Jin,5,Jin-5,expression,93,1021,200,100,100,2,"[""x0"", ""x1""]",6.0*sin(x[0])*cos(x[1]),0.9999999403953552,True,0.9999999999999999,0.9999999999999999,6.0,2575,0.13699349999660626,0.0,0,cos(x1) / 0.166666668326 * sin(x0),cos(x1) / 0.166666668326 * sin(x0),6.0*sin(x0)*cos(x1),[0.1666666683262487],"{""K"": 500, ""c"": 6.0, ""exploration_rate"": 0.1, ""gamma"": 0.5, ""gp_rate"": 0.5, ""lm_iterations"": 10, ""max_constants"": 999, ""max_depth"": 6, ""max_evals"": 2000000, ""max_unary"": 999, ""mutation_rate"": 0.1, ""ops"": [""+"", ""-"", ""*"", ""/"", ""sin"", ""cos"", ""exp"", ""log"", ""R""], ""succ_error_tol"": 1e-06}","{""K"": 500, ""c"": 6.0, ""exploration_rate"": 0.1, ""gamma"": 0.5, ""gp_rate"": 0.5, ""lm_iterations"": 10, ""max_constants"": 999, ""max_depth"": 6, ""max_evals"": 2000000, ""max_unary"": 999, ""mutation_rate"": 0.1, ""ops"": [""+"", ""-"", ""*"", ""/"", ""sin"", ""cos"", ""exp"", ""log"", ""R""], ""succ_error_tol"": 1e-06}",0.5
imcts,Jin,5,Jin-5,expression,94,11653,200,100,100,2,"[""x0"", ""x1""]",6.0*sin(x[0])*cos(x[1]),0.9999999403953552,True,0.9999999999999997,0.9999999999999997,6.0,8140,0.5146538410335779,0.0,0,cos(x1) * x0 * sin(x0) / (x0 * 0.166666669452),cos(x1) * x0 * sin(x0) / (x0 * 0.166666669452),6.0*sin(x0)*cos(x1),[0.16666666945200756],"{""K"": 500, ""c"": 6.0, ""exploration_rate"": 0.1, ""gamma"": 0.5, ""gp_rate"": 0.5, ""lm_iterations"": 10, ""max_constants"": 999, ""max_depth"": 6, ""max_evals"": 2000000, ""max_unary"": 999, ""mutation_rate"": 0.1, ""ops"": [""+"", ""-"", ""*"", ""/"", ""sin"", ""cos"", ""exp"", ""log"", ""R""], ""succ_error_tol"": 1e-06}","{""K"": 500, ""c"": 6.0, ""exploration_rate"": 0.1, ""gamma"": 0.5, ""gp_rate"": 0.5, ""lm_iterations"": 10, ""max_constants"": 999, ""max_depth"": 6, ""max_evals"": 2000000, ""max_unary"": 999, ""mutation_rate"": 0.1, ""ops"": [""+"", ""-"", ""*"", ""/"", ""sin"", ""cos"", ""exp"", ""log"", ""R""], ""succ_error_tol"": 1e-06}",0.5
imcts,Jin,5,Jin-5,expression,95,10805,200,100,100,2,"[""x0"", ""x1""]",6.0*sin(x[0])*cos(x[1]),0.9999999403953552,True,0.9999999999999996,0.9999999999999996,11.0,6973,0.40506856801221147,0.0,0,(sin(x0) + 2.28826347904e-09) * cos(x1) * (cos(x0 + 1.57079649546) - (-6.00000010115 - sin(x0))),(sin(x0) + 2.28826347904e-09) * cos(x1) * (cos(x0 + 1.57079649546) - (-6.00000010115 - sin(x0))),(6.0 - 0.000249*cos(x0))*sin(x0)*cos(x1),"[1.1447298851210232, 1.5707964954576932, -6.000000101148898]","{""K"": 500, ""c"": 6.0, ""exploration_rate"": 0.1, ""gamma"": 0.5, ""gp_rate"": 0.5, ""lm_iterations"": 10, ""max_constants"": 999, ""max_depth"": 6, ""max_evals"": 2000000, ""max_unary"": 999, ""mutation_rate"": 0.1, ""ops"": [""+"", ""-"", ""*"", ""/"", ""sin"", ""cos"", ""exp"", ""log"", ""R""], ""succ_error_tol"": 1e-06}","{""K"": 500, ""c"": 6.0, ""exploration_rate"": 0.1, ""gamma"": 0.5, ""gp_rate"": 0.5, ""lm_iterations"": 10, ""max_constants"": 999, ""max_depth"": 6, ""max_evals"": 2000000, ""max_unary"": 999, ""mutation_rate"": 0.1, ""ops"": [""+"", ""-"", ""*"", ""/"", ""sin"", ""cos"", ""exp"", ""log"", ""R""], ""succ_error_tol"": 1e-06}",0.5
imcts,Jin,5,Jin-5,expression,96,13417,200,100,100,2,"[""x0"", ""x1""]",6.0*sin(x[0])*cos(x[1]),0.9999999403953552,True,0.9999999999999999,0.9999999999999999,6.0,18388,1.1802221770049073,0.0,0,sin(x0) / 0.166666667949 * cos(x1 - -3.2286168603e-09),sin(x0) / 0.166666667949 * cos(x1 - -3.2286168603e-09),6.0*sin(x0)*cos(x1),"[0.1666666679491549, -3.22861686030268e-09]","{""K"": 500, ""c"": 6.0, ""exploration_rate"": 0.1, ""gamma"": 0.5, ""gp_rate"": 0.5, ""lm_iterations"": 10, ""max_constants"": 999, ""max_depth"": 6, ""max_evals"": 2000000, ""max_unary"": 999, ""mutation_rate"": 0.1, ""ops"": [""+"", ""-"", ""*"", ""/"", ""sin"", ""cos"", ""exp"", ""log"", ""R""], ""succ_error_tol"": 1e-06}","{""K"": 500, ""c"": 6.0, ""exploration_rate"": 0.1, ""gamma"": 0.5, ""gp_rate"": 0.5, ""lm_iterations"": 10, ""max_constants"": 999, ""max_depth"": 6, ""max_evals"": 2000000, ""max_unary"": 999, ""mutation_rate"": 0.1, ""ops"": [""+"", ""-"", ""*"", ""/"", ""sin"", ""cos"", ""exp"", ""log"", ""R""], ""succ_error_tol"": 1e-06}",0.5
imcts,Jin,5,Jin-5,expression,97,20227,200,100,100,2,"[""x0"", ""x1""]",6.0*sin(x[0])*cos(x[1]),0.9999999403953552,True,0.9999999999999998,0.9999999999999998,8.0,8971,0.5332803549827076,0.0,0,cos(x1 / 1.00000000725) * sin(x0) * 5.99999996685,cos(x1 / 1.00000000725) * sin(x0) * 5.99999996685,6.0*sin(x0)*cos(1.0*x1),"[0.48910805395718515, 0.5108919532959939, 5.999999966848304]","{""K"": 500, ""c"": 6.0, ""exploration_rate"": 0.1, ""gamma"": 0.5, ""gp_rate"": 0.5, ""lm_iterations"": 10, ""max_constants"": 999, ""max_depth"": 6, ""max_evals"": 2000000, ""max_unary"": 999, ""mutation_rate"": 0.1, ""ops"": [""+"", ""-"", ""*"", ""/"", ""sin"", ""cos"", ""exp"", ""log"", ""R""], ""succ_error_tol"": 1e-06}","{""K"": 500, ""c"": 6.0, ""exploration_rate"": 0.1, ""gamma"": 0.5, ""gp_rate"": 0.5, ""lm_iterations"": 10, ""max_constants"": 999, ""max_depth"": 6, ""max_evals"": 2000000, ""max_unary"": 999, ""mutation_rate"": 0.1, ""ops"": [""+"", ""-"", ""*"", ""/"", ""sin"", ""cos"", ""exp"", ""log"", ""R""], ""succ_error_tol"": 1e-06}",0.5
imcts,Jin,5,Jin-5,expression,98,7989,200,100,100,2,"[""x0"", ""x1""]",6.0*sin(x[0])*cos(x[1]),0.9999999403953552,True,0.9999999999999998,0.9999999999999998,1.0,7785,0.41307499998947605,0.0,0,-4.32804218317e-07 * sin(x0 * 1.00000000076) * ((x0 + x1) / -79.9999958257 - cos(x1) / 7.21340373668e-08),-4.32804218317e-07 * sin(x0 * 1.00000000076) * ((x0 + x1) / -79.9999958257 - cos(x1) / 7.21340373668e-08),0,"[-4.328042183168751e-07, 1.000000000761952, -9.999999661447488, 7.999999853412051, 7.213403736682918e-08]","{""K"": 500, ""c"": 6.0, ""exploration_rate"": 0.1, ""gamma"": 0.5, ""gp_rate"": 0.5, ""lm_iterations"": 10, ""max_constants"": 999, ""max_depth"": 6, ""max_evals"": 2000000, ""max_unary"": 999, ""mutation_rate"": 0.1, ""ops"": [""+"", ""-"", ""*"", ""/"", ""sin"", ""cos"", ""exp"", ""log"", ""R""], ""succ_error_tol"": 1e-06}","{""K"": 500, ""c"": 6.0, ""exploration_rate"": 0.1, ""gamma"": 0.5, ""gp_rate"": 0.5, ""lm_iterations"": 10, ""max_constants"": 999, ""max_depth"": 6, ""max_evals"": 2000000, ""max_unary"": 999, ""mutation_rate"": 0.1, ""ops"": [""+"", ""-"", ""*"", ""/"", ""sin"", ""cos"", ""exp"", ""log"", ""R""], ""succ_error_tol"": 1e-06}",0.5
imcts,Jin,5,Jin-5,expression,99,9692,200,100,100,2,"[""x0"", ""x1""]",6.0*sin(x[0])*cos(x[1]),0.9999999403953552,True,0.9999999999999996,0.9999999999999996,10.0,7636,0.4200887429760769,0.0,0,cos(1.00000000756 * (x0 - 1.57079631363)) * 5.99999989755 * cos(x1),cos(1.00000000756 * (x0 - 1.57079631363)) * 5.99999989755 * cos(x1),6.0*cos(x1)*cos(1.0*x0 - 1.57),"[7.558954863344512e-09, 1.5707963136327734, 5.999999897552503]","{""K"": 500, ""c"": 6.0, ""exploration_rate"": 0.1, ""gamma"": 0.5, ""gp_rate"": 0.5, ""lm_iterations"": 10, ""max_constants"": 999, ""max_depth"": 6, ""max_evals"": 2000000, ""max_unary"": 999, ""mutation_rate"": 0.1, ""ops"": [""+"", ""-"", ""*"", ""/"", ""sin"", ""cos"", ""exp"", ""log"", ""R""], ""succ_error_tol"": 1e-06}","{""K"": 500, ""c"": 6.0, ""exploration_rate"": 0.1, ""gamma"": 0.5, ""gp_rate"": 0.5, ""lm_iterations"": 10, ""max_constants"": 999, ""max_depth"": 6, ""max_evals"": 2000000, ""max_unary"": 999, ""mutation_rate"": 0.1, ""ops"": [""+"", ""-"", ""*"", ""/"", ""sin"", ""cos"", ""exp"", ""log"", ""R""], ""succ_error_tol"": 1e-06}",0.5
