algorithm,group,case_id,case_name,source_type,run,seed,samples_total,samples_train,samples_test,variables,feature_names,target_expression,reward,success,train_r2,test_r2,complexity,evaluations,time_sec,tuning_time_sec,tuning_evaluations,expression,materialized_expression,simplified_expression,coefficients,algorithm_params,tuned_params,test_ratio
imcts,Jin,2,Jin-2,expression,0,23654,200,100,100,2,"[""x0"", ""x1""]",8.0*x[0]**2 + 8.0*x[1]**3 - 15.0,0.9999999403953552,True,0.9999999999999991,0.9999999999999991,12.0,45145,3.3498981039738283,0.0,0,-28.633238916 * x1 * 1.09546663143 / (x1 * 1.09111730056 + x1) + (x0 * x0 + -1.13433462199e-07 * x1 + x1 * 1.00000004525 * x1 * x1) * 8.00000000661,-28.633238916 * x1 * 1.09546663143 / (x1 * 1.09111730056 + x1) + (x0 * x0 + -1.13433462199e-07 * x1 + x1 * 1.00000004525 * x1 * x1) * 8.00000000661,8.0*x0**2 + 8.0*x1**3 - 15.0,"[-28.63323891602699, 1.0954666314348052, 1.0911173005598642, -1.1343346219932133e-07, 1.0000000452514022, 0.5864368587229061, 1.2655458392366281, 7.823756910291857]","{""K"": 500, ""c"": 6.0, ""exploration_rate"": 0.1, ""gamma"": 0.5, ""gp_rate"": 0.5, ""lm_iterations"": 10, ""max_constants"": 999, ""max_depth"": 6, ""max_evals"": 2000000, ""max_unary"": 999, ""mutation_rate"": 0.1, ""ops"": [""+"", ""-"", ""*"", ""/"", ""sin"", ""cos"", ""exp"", ""log"", ""R""], ""succ_error_tol"": 1e-06}","{""K"": 500, ""c"": 6.0, ""exploration_rate"": 0.1, ""gamma"": 0.5, ""gp_rate"": 0.5, ""lm_iterations"": 10, ""max_constants"": 999, ""max_depth"": 6, ""max_evals"": 2000000, ""max_unary"": 999, ""mutation_rate"": 0.1, ""ops"": [""+"", ""-"", ""*"", ""/"", ""sin"", ""cos"", ""exp"", ""log"", ""R""], ""succ_error_tol"": 1e-06}",0.5
imcts,Jin,2,Jin-2,expression,1,15795,200,100,100,2,"[""x0"", ""x1""]",8.0*x[0]**2 + 8.0*x[1]**3 - 15.0,0.9999998807907104,True,1.0,1.0,22.0,41375,2.9745167269720696,0.0,0,(x1 - 1.23310603967) * 7.99999995587 * ((x1 - -2.64849614247) * 0.574118454857 + (x1 + 0.658987573638) * x1) + x0 * 8.00000008889 * x0,(x1 - 1.23310603967) * 7.99999995587 * ((x1 - -2.64849614247) * 0.574118454857 + (x1 + 0.658987573638) * x1) + x0 * 8.00000008889 * x0,8.0*x0**2 + (8.0*x1 - 9.87)*(x1*(x1 + 0.659) + 0.574*x1 + 1.52),"[1.2331060396684685, 7.999999955866944, -2.6484961424721325, 0.574118454857066, 0.6589875736382829, 8.000000088893266]","{""K"": 500, ""c"": 6.0, ""exploration_rate"": 0.1, ""gamma"": 0.5, ""gp_rate"": 0.5, ""lm_iterations"": 10, ""max_constants"": 999, ""max_depth"": 6, ""max_evals"": 2000000, ""max_unary"": 999, ""mutation_rate"": 0.1, ""ops"": [""+"", ""-"", ""*"", ""/"", ""sin"", ""cos"", ""exp"", ""log"", ""R""], ""succ_error_tol"": 1e-06}","{""K"": 500, ""c"": 6.0, ""exploration_rate"": 0.1, ""gamma"": 0.5, ""gp_rate"": 0.5, ""lm_iterations"": 10, ""max_constants"": 999, ""max_depth"": 6, ""max_evals"": 2000000, ""max_unary"": 999, ""mutation_rate"": 0.1, ""ops"": [""+"", ""-"", ""*"", ""/"", ""sin"", ""cos"", ""exp"", ""log"", ""R""], ""succ_error_tol"": 1e-06}",0.5
imcts,Jin,2,Jin-2,expression,2,860,200,100,100,2,"[""x0"", ""x1""]",8.0*x[0]**2 + 8.0*x[1]**3 - 15.0,0.9999998807907104,True,0.9999999999999991,0.9999999999999991,12.0,61539,4.881146776024252,0.0,0,(x1 - x1 * -7.00000012882) * x1 * x1 - -7.99999949288 * (x0 * x0 + -1.87500017222),(x1 - x1 * -7.00000012882) * x1 * x1 - -7.99999949288 * (x0 * x0 + -1.87500017222),8.0*x0**2 + 8.0*x1**3 - 15.0,"[-7.000000128817159, -7.9999994928769835, -1.8750001722207523]","{""K"": 500, ""c"": 6.0, ""exploration_rate"": 0.1, ""gamma"": 0.5, ""gp_rate"": 0.5, ""lm_iterations"": 10, ""max_constants"": 999, ""max_depth"": 6, ""max_evals"": 2000000, ""max_unary"": 999, ""mutation_rate"": 0.1, ""ops"": [""+"", ""-"", ""*"", ""/"", ""sin"", ""cos"", ""exp"", ""log"", ""R""], ""succ_error_tol"": 1e-06}","{""K"": 500, ""c"": 6.0, ""exploration_rate"": 0.1, ""gamma"": 0.5, ""gp_rate"": 0.5, ""lm_iterations"": 10, ""max_constants"": 999, ""max_depth"": 6, ""max_evals"": 2000000, ""max_unary"": 999, ""mutation_rate"": 0.1, ""ops"": [""+"", ""-"", ""*"", ""/"", ""sin"", ""cos"", ""exp"", ""log"", ""R""], ""succ_error_tol"": 1e-06}",0.5
imcts,Jin,2,Jin-2,expression,3,5390,200,100,100,2,"[""x0"", ""x1""]",8.0*x[0]**2 + 8.0*x[1]**3 - 15.0,0.9999999403953552,True,0.999999999999999,0.999999999999999,15.0,86944,7.230919124966022,0.0,0,x0 * x0 * 8.00000002707 - 14.9523205756 + cos(x0) * x0 * -7.65762128637e-07 * (x1 + -0.53555199047) - (0.0328724993953 / x1 - x0 / x0 + 1.1813075901 + x1) * (-8.99999992868 * x1 + x1) * (x1 + -0.181307520084),x0 * x0 * 8.00000002707 - 14.9523205756 + cos(x0) * x0 * -7.65762128637e-07 * (x1 + -0.53555199047) - (0.0328724993953 / x1 - x0 / x0 + 1.1813075901 + x1) * (-8.99999992868 * x1 + x1) * (x1 + -0.181307520084),8.0*x0**2 + 8.0*x1**3 + 0.00208*x1 - 15.0,"[8.000000027070373, 14.952320575550118, -7.65762128636576e-07, -0.5355519904695039, 0.03287249939528573, 1.181307590098702, -8.999999928677136, 3.3239084978552342]","{""K"": 500, ""c"": 6.0, ""exploration_rate"": 0.1, ""gamma"": 0.5, ""gp_rate"": 0.5, ""lm_iterations"": 10, ""max_constants"": 999, ""max_depth"": 6, ""max_evals"": 2000000, ""max_unary"": 999, ""mutation_rate"": 0.1, ""ops"": [""+"", ""-"", ""*"", ""/"", ""sin"", ""cos"", ""exp"", ""log"", ""R""], ""succ_error_tol"": 1e-06}","{""K"": 500, ""c"": 6.0, ""exploration_rate"": 0.1, ""gamma"": 0.5, ""gp_rate"": 0.5, ""lm_iterations"": 10, ""max_constants"": 999, ""max_depth"": 6, ""max_evals"": 2000000, ""max_unary"": 999, ""mutation_rate"": 0.1, ""ops"": [""+"", ""-"", ""*"", ""/"", ""sin"", ""cos"", ""exp"", ""log"", ""R""], ""succ_error_tol"": 1e-06}",0.5
imcts,Jin,2,Jin-2,expression,4,16850,200,100,100,2,"[""x0"", ""x1""]",8.0*x[0]**2 + 8.0*x[1]**3 - 15.0,0.9999999403953552,True,0.9999999999999996,0.9999999999999994,12.0,31330,2.084726999979466,0.0,0,(x1 + x0 * x0) * 7.99999969565 + 7.99999967156 * x1 * x1 * x1 - 14.9999986296 + -7.99999852528 * x1,(x1 + x0 * x0) * 7.99999969565 + 7.99999967156 * x1 * x1 * x1 - 14.9999986296 + -7.99999852528 * x1,8.0*x0**2 + 8.0*x1**3 - 15.0,"[7.999999695647088, 7.999999671560892, 14.99999862960478, -8.999998525275611, 1.0]","{""K"": 500, ""c"": 6.0, ""exploration_rate"": 0.1, ""gamma"": 0.5, ""gp_rate"": 0.5, ""lm_iterations"": 10, ""max_constants"": 999, ""max_depth"": 6, ""max_evals"": 2000000, ""max_unary"": 999, ""mutation_rate"": 0.1, ""ops"": [""+"", ""-"", ""*"", ""/"", ""sin"", ""cos"", ""exp"", ""log"", ""R""], ""succ_error_tol"": 1e-06}","{""K"": 500, ""c"": 6.0, ""exploration_rate"": 0.1, ""gamma"": 0.5, ""gp_rate"": 0.5, ""lm_iterations"": 10, ""max_constants"": 999, ""max_depth"": 6, ""max_evals"": 2000000, ""max_unary"": 999, ""mutation_rate"": 0.1, ""ops"": [""+"", ""-"", ""*"", ""/"", ""sin"", ""cos"", ""exp"", ""log"", ""R""], ""succ_error_tol"": 1e-06}",0.5
imcts,Jin,2,Jin-2,expression,5,29910,200,100,100,2,"[""x0"", ""x1""]",8.0*x[0]**2 + 8.0*x[1]**3 - 15.0,0.9999998807907104,True,0.9999999999999998,0.9999999999999998,12.0,45695,3.4337804969982244,0.0,0,x1 / 0.124999998373 * x1 * x1 - ((x1 - 10.1646491654 - 4.83535264505) * -0.999999873066 + (x0 + x0) * x0 * -3.99999985769 + x1),x1 / 0.124999998373 * x1 * x1 - ((x1 - 10.1646491654 - 4.83535264505) * -0.999999873066 + (x0 + x0) * x0 * -3.99999985769 + x1),8.0*x0**2 + 8.0*x1**3 - 15.0,"[-2.079441554699694, 10.164649165412358, 4.835352645050734, -0.9999998730660626, -3.9999998576944638]","{""K"": 500, ""c"": 6.0, ""exploration_rate"": 0.1, ""gamma"": 0.5, ""gp_rate"": 0.5, ""lm_iterations"": 10, ""max_constants"": 999, ""max_depth"": 6, ""max_evals"": 2000000, ""max_unary"": 999, ""mutation_rate"": 0.1, ""ops"": [""+"", ""-"", ""*"", ""/"", ""sin"", ""cos"", ""exp"", ""log"", ""R""], ""succ_error_tol"": 1e-06}","{""K"": 500, ""c"": 6.0, ""exploration_rate"": 0.1, ""gamma"": 0.5, ""gp_rate"": 0.5, ""lm_iterations"": 10, ""max_constants"": 999, ""max_depth"": 6, ""max_evals"": 2000000, ""max_unary"": 999, ""mutation_rate"": 0.1, ""ops"": [""+"", ""-"", ""*"", ""/"", ""sin"", ""cos"", ""exp"", ""log"", ""R""], ""succ_error_tol"": 1e-06}",0.5
imcts,Jin,2,Jin-2,expression,6,4426,200,100,100,2,"[""x0"", ""x1""]",8.0*x[0]**2 + 8.0*x[1]**3 - 15.0,0.9999999403953552,True,0.9999999999974374,0.9999999999983129,15.0,64776,5.796443956030998,0.0,0,(x1 * 0.755455649084 * 7.75012158933 + -1.20144006106e-07) * x1 * 1.36638314501 * x1 - (7.99999995869 * (x0 + 1.36930636375) * (0.369306357196 - x0 + 1) - exp(-10.8498748438 - x0)),(x1 * 0.755455649084 * 7.75012158933 + -1.20144006106e-07) * x1 * 1.36638314501 * x1 - (7.99999995869 * (x0 + 1.36930636375) * (0.369306357196 - x0 + 1) - exp(-10.8498748438 - x0)),7.99756230334611*x1**3 + (x0 - 1.37)*(8.0*x0 + 11.0),"[0.7554556490836722, 7.750121589334022, -1.2014400610560882e-07, 1.3663831450111548, 1.0, 8.99999995868915, 1.0, 1.3693063637520875, 0.3693063571957118, 1.0, -10.84987484382691]","{""K"": 500, ""c"": 6.0, ""exploration_rate"": 0.1, ""gamma"": 0.5, ""gp_rate"": 0.5, ""lm_iterations"": 10, ""max_constants"": 999, ""max_depth"": 6, ""max_evals"": 2000000, ""max_unary"": 999, ""mutation_rate"": 0.1, ""ops"": [""+"", ""-"", ""*"", ""/"", ""sin"", ""cos"", ""exp"", ""log"", ""R""], ""succ_error_tol"": 1e-06}","{""K"": 500, ""c"": 6.0, ""exploration_rate"": 0.1, ""gamma"": 0.5, ""gp_rate"": 0.5, ""lm_iterations"": 10, ""max_constants"": 999, ""max_depth"": 6, ""max_evals"": 2000000, ""max_unary"": 999, ""mutation_rate"": 0.1, ""ops"": [""+"", ""-"", ""*"", ""/"", ""sin"", ""cos"", ""exp"", ""log"", ""R""], ""succ_error_tol"": 1e-06}",0.5
imcts,Jin,2,Jin-2,expression,7,21962,200,100,100,2,"[""x0"", ""x1""]",8.0*x[0]**2 + 8.0*x[1]**3 - 15.0,0.9999998211860657,True,0.999999999980517,0.9999999999793392,15.0,51841,3.757083148986567,0.0,0,-4.08488570908 * (2.68166791694 + 1.95843901735 * x0) * (1.36928837156 - x0) - (0.0797299999883 - (x1 + 1.92027000001) + x1 - 1.92027000001) * x1 * x1 / (0.47010125556 / x1),-4.08488570908 * (2.68166791694 + 1.95843901735 * x0) * (1.36928837156 - x0) - (0.0797299999883 - (x1 + 1.92027000001) + x1 - 1.92027000001) * x1 * x1 / (0.47010125556 / x1),8.0*x1**3 + (x0 - 1.37)*(8.0*x0 + 11.0),"[-4.084885709078014, 2.681667916938418, 1.9584390173539852, 1.3692883715574748, 0.07972999998833157, 1.9202700000116686, 1.9202700000116688, 0.4701012555601696]","{""K"": 500, ""c"": 6.0, ""exploration_rate"": 0.1, ""gamma"": 0.5, ""gp_rate"": 0.5, ""lm_iterations"": 10, ""max_constants"": 999, ""max_depth"": 6, ""max_evals"": 2000000, ""max_unary"": 999, ""mutation_rate"": 0.1, ""ops"": [""+"", ""-"", ""*"", ""/"", ""sin"", ""cos"", ""exp"", ""log"", ""R""], ""succ_error_tol"": 1e-06}","{""K"": 500, ""c"": 6.0, ""exploration_rate"": 0.1, ""gamma"": 0.5, ""gp_rate"": 0.5, ""lm_iterations"": 10, ""max_constants"": 999, ""max_depth"": 6, ""max_evals"": 2000000, ""max_unary"": 999, ""mutation_rate"": 0.1, ""ops"": [""+"", ""-"", ""*"", ""/"", ""sin"", ""cos"", ""exp"", ""log"", ""R""], ""succ_error_tol"": 1e-06}",0.5
imcts,Jin,2,Jin-2,expression,8,14423,200,100,100,2,"[""x0"", ""x1""]",8.0*x[0]**2 + 8.0*x[1]**3 - 15.0,0.9999999403953552,True,0.9999999999999994,0.9999999999999992,12.0,57536,4.433701813046355,0.0,0,(-1.77315654577e-07 + x1 - -7.00000019799 * x1) * x1 * x1 + -15.0040133848 + 0.00401309817792 + x0 * x0 + x1 - x0 * -7.00000005819 * x0 - x1,(-1.77315654577e-07 + x1 - -7.00000019799 * x1) * x1 * x1 + -15.0040133848 + 0.00401309817792 + x0 * x0 + x1 - x0 * -7.00000005819 * x0 - x1,8.0*x0**2 + 8.0*x1**3 - 15.0,"[-1.7731565457728717e-07, -7.000000197985248, 1.0, 16.004013384839045, -5.5181917230283695, -7.000000058188083]","{""K"": 500, ""c"": 6.0, ""exploration_rate"": 0.1, ""gamma"": 0.5, ""gp_rate"": 0.5, ""lm_iterations"": 10, ""max_constants"": 999, ""max_depth"": 6, ""max_evals"": 2000000, ""max_unary"": 999, ""mutation_rate"": 0.1, ""ops"": [""+"", ""-"", ""*"", ""/"", ""sin"", ""cos"", ""exp"", ""log"", ""R""], ""succ_error_tol"": 1e-06}","{""K"": 500, ""c"": 6.0, ""exploration_rate"": 0.1, ""gamma"": 0.5, ""gp_rate"": 0.5, ""lm_iterations"": 10, ""max_constants"": 999, ""max_depth"": 6, ""max_evals"": 2000000, ""max_unary"": 999, ""mutation_rate"": 0.1, ""ops"": [""+"", ""-"", ""*"", ""/"", ""sin"", ""cos"", ""exp"", ""log"", ""R""], ""succ_error_tol"": 1e-06}",0.5
imcts,Jin,2,Jin-2,expression,9,28020,200,100,100,2,"[""x0"", ""x1""]",8.0*x[0]**2 + 8.0*x[1]**3 - 15.0,0.9999999403953552,True,0.9999999999535231,0.999999999956464,12.0,50330,3.7293679150170647,0.0,0,(x1 * x1 * -2.17365079679 * x1 - x0 * x0 * 2.17364237038 + 4.07554853825) * (-2.76059765012e-06 / x1 + x1 - 3.68046776545 - x1),(x1 * x1 * -2.17365079679 * x1 - x0 * x0 * 2.17364237038 + 4.07554853825) * (-2.76059765012e-06 / x1 + x1 - 3.68046776545 - x1),7.99938600857132*x0**2 + 7.99941701924132*x1**3 - 14.9987350257765,"[-2.1736507967909655, 2.1736423703816046, 4.075548538245161, -2.760597650124357e-06, 3.6804677654499596]","{""K"": 500, ""c"": 6.0, ""exploration_rate"": 0.1, ""gamma"": 0.5, ""gp_rate"": 0.5, ""lm_iterations"": 10, ""max_constants"": 999, ""max_depth"": 6, ""max_evals"": 2000000, ""max_unary"": 999, ""mutation_rate"": 0.1, ""ops"": [""+"", ""-"", ""*"", ""/"", ""sin"", ""cos"", ""exp"", ""log"", ""R""], ""succ_error_tol"": 1e-06}","{""K"": 500, ""c"": 6.0, ""exploration_rate"": 0.1, ""gamma"": 0.5, ""gp_rate"": 0.5, ""lm_iterations"": 10, ""max_constants"": 999, ""max_depth"": 6, ""max_evals"": 2000000, ""max_unary"": 999, ""mutation_rate"": 0.1, ""ops"": [""+"", ""-"", ""*"", ""/"", ""sin"", ""cos"", ""exp"", ""log"", ""R""], ""succ_error_tol"": 1e-06}",0.5
imcts,Jin,2,Jin-2,expression,10,29802,200,100,100,2,"[""x0"", ""x1""]",8.0*x[0]**2 + 8.0*x[1]**3 - 15.0,0.9999999403953552,True,0.9999999999999994,0.9999999999999996,12.0,50660,3.509979429014493,0.0,0,(x1 * x1 * x1 + -1.87500024292 + x0 * x0) * 8.00000002016,(x1 * x1 * x1 + -1.87500024292 + x0 * x0) * 8.00000002016,8.0*x0**2 + 8.0*x1**3 - 15.0,"[-0.450371356575223, -1.4246288863476975, 2.0004487955337176, 0.2500560988116684]","{""K"": 500, ""c"": 6.0, ""exploration_rate"": 0.1, ""gamma"": 0.5, ""gp_rate"": 0.5, ""lm_iterations"": 10, ""max_constants"": 999, ""max_depth"": 6, ""max_evals"": 2000000, ""max_unary"": 999, ""mutation_rate"": 0.1, ""ops"": [""+"", ""-"", ""*"", ""/"", ""sin"", ""cos"", ""exp"", ""log"", ""R""], ""succ_error_tol"": 1e-06}","{""K"": 500, ""c"": 6.0, ""exploration_rate"": 0.1, ""gamma"": 0.5, ""gp_rate"": 0.5, ""lm_iterations"": 10, ""max_constants"": 999, ""max_depth"": 6, ""max_evals"": 2000000, ""max_unary"": 999, ""mutation_rate"": 0.1, ""ops"": [""+"", ""-"", ""*"", ""/"", ""sin"", ""cos"", ""exp"", ""log"", ""R""], ""succ_error_tol"": 1e-06}",0.5
imcts,Jin,2,Jin-2,expression,11,21575,200,100,100,2,"[""x0"", ""x1""]",8.0*x[0]**2 + 8.0*x[1]**3 - 15.0,0.9999999403953552,True,0.9999999999999998,0.9999999999999997,12.0,48471,3.4641717429622076,0.0,0,x1 * 7.9999999573 * x1 * x1 + 5.6030253226e-07 * x0 + -15.0000011713 + x0 * (x0 + 7.00000016265 * x0 + 1.75098491817e-07 * x1),x1 * 7.9999999573 * x1 * x1 + 5.6030253226e-07 * x0 + -15.0000011713 + x0 * (x0 + 7.00000016265 * x0 + 1.75098491817e-07 * x1),8.0*x0**2 + 8.0*x1**3 - 15.0,"[7.999999957296115, 5.603025322598043e-07, 1.0, -15.000001171255985, 7.000000162648805, 1.750984918169607e-07]","{""K"": 500, ""c"": 6.0, ""exploration_rate"": 0.1, ""gamma"": 0.5, ""gp_rate"": 0.5, ""lm_iterations"": 10, ""max_constants"": 999, ""max_depth"": 6, ""max_evals"": 2000000, ""max_unary"": 999, ""mutation_rate"": 0.1, ""ops"": [""+"", ""-"", ""*"", ""/"", ""sin"", ""cos"", ""exp"", ""log"", ""R""], ""succ_error_tol"": 1e-06}","{""K"": 500, ""c"": 6.0, ""exploration_rate"": 0.1, ""gamma"": 0.5, ""gp_rate"": 0.5, ""lm_iterations"": 10, ""max_constants"": 999, ""max_depth"": 6, ""max_evals"": 2000000, ""max_unary"": 999, ""mutation_rate"": 0.1, ""ops"": [""+"", ""-"", ""*"", ""/"", ""sin"", ""cos"", ""exp"", ""log"", ""R""], ""succ_error_tol"": 1e-06}",0.5
imcts,Jin,2,Jin-2,expression,12,11964,200,100,100,2,"[""x0"", ""x1""]",8.0*x[0]**2 + 8.0*x[1]**3 - 15.0,0.9999999403953552,True,0.9999999999999994,0.9999999999999994,12.0,48397,3.9650659820181318,0.0,0,-14.9999993968 + x0 * 7.99999981823 * x0 + x1 * (x1 - 4.24353173807e-07) - x1 * (-0.125000010909 + x1) * (x1 + x1 * -5.14091269626 + -3.85908754733 * x1),-14.9999993968 + x0 * 7.99999981823 * x0 + x1 * (x1 - 4.24353173807e-07) - x1 * (-0.125000010909 + x1) * (x1 + x1 * -5.14091269626 + -3.85908754733 * x1),8.0*x0**2 + 8.0*x1**3 - 15.0,"[-14.999999396825284, 7.999999818233022, 4.243531738066292e-07, -0.12500001090863264, -5.140912696256361, -3.8590875473333397]","{""K"": 500, ""c"": 6.0, ""exploration_rate"": 0.1, ""gamma"": 0.5, ""gp_rate"": 0.5, ""lm_iterations"": 10, ""max_constants"": 999, ""max_depth"": 6, ""max_evals"": 2000000, ""max_unary"": 999, ""mutation_rate"": 0.1, ""ops"": [""+"", ""-"", ""*"", ""/"", ""sin"", ""cos"", ""exp"", ""log"", ""R""], ""succ_error_tol"": 1e-06}","{""K"": 500, ""c"": 6.0, ""exploration_rate"": 0.1, ""gamma"": 0.5, ""gp_rate"": 0.5, ""lm_iterations"": 10, ""max_constants"": 999, ""max_depth"": 6, ""max_evals"": 2000000, ""max_unary"": 999, ""mutation_rate"": 0.1, ""ops"": [""+"", ""-"", ""*"", ""/"", ""sin"", ""cos"", ""exp"", ""log"", ""R""], ""succ_error_tol"": 1e-06}",0.5
imcts,Jin,2,Jin-2,expression,13,11284,200,100,100,2,"[""x0"", ""x1""]",8.0*x[0]**2 + 8.0*x[1]**3 - 15.0,0.9999999403953552,True,1.0,1.0,12.0,47545,3.7051314120180905,0.0,0,-15.0000200187 + (x0 * x0 + 2.53308913517e-06) * 8.00000002974 + x1 * x1 * x1 * 7.99999995858,-15.0000200187 + (x0 * x0 + 2.53308913517e-06) * 8.00000002974 + x1 * x1 * x1 * 7.99999995858,8.0*x0**2 + 8.0*x1**3 - 15.0,"[-15.00002001873515, -12.886070997997457, 8.000000029744628, 7.999999958578221]","{""K"": 500, ""c"": 6.0, ""exploration_rate"": 0.1, ""gamma"": 0.5, ""gp_rate"": 0.5, ""lm_iterations"": 10, ""max_constants"": 999, ""max_depth"": 6, ""max_evals"": 2000000, ""max_unary"": 999, ""mutation_rate"": 0.1, ""ops"": [""+"", ""-"", ""*"", ""/"", ""sin"", ""cos"", ""exp"", ""log"", ""R""], ""succ_error_tol"": 1e-06}","{""K"": 500, ""c"": 6.0, ""exploration_rate"": 0.1, ""gamma"": 0.5, ""gp_rate"": 0.5, ""lm_iterations"": 10, ""max_constants"": 999, ""max_depth"": 6, ""max_evals"": 2000000, ""max_unary"": 999, ""mutation_rate"": 0.1, ""ops"": [""+"", ""-"", ""*"", ""/"", ""sin"", ""cos"", ""exp"", ""log"", ""R""], ""succ_error_tol"": 1e-06}",0.5
imcts,Jin,2,Jin-2,expression,14,22118,200,100,100,2,"[""x0"", ""x1""]",8.0*x[0]**2 + 8.0*x[1]**3 - 15.0,0.9999999403953552,True,0.999999999999999,0.999999999999999,12.0,145191,13.60603634401923,0.0,0,(1.61784550195 + -1.61784555113 + x1) * (1.46610065881e-07 + 7.9999997544 * x1 * x1) - (8.0000003142 * x0 * (-0.125000004967 - x0) - (-15.0000007229 - x0)),(1.61784550195 + -1.61784555113 + x1) * (1.46610065881e-07 + 7.9999997544 * x1 * x1) - (8.0000003142 * x0 * (-0.125000004967 - x0) - (-15.0000007229 - x0)),8.0*x0**2 + 8.0*x1**3 - 15.0,"[0.48109532702320273, -1.6178455511328274, -10.995574434174342, 7.99999975439884, 8.000000314197676, 0.3883761170443852, -0.3218529654151471, -15.000000722890572]","{""K"": 500, ""c"": 6.0, ""exploration_rate"": 0.1, ""gamma"": 0.5, ""gp_rate"": 0.5, ""lm_iterations"": 10, ""max_constants"": 999, ""max_depth"": 6, ""max_evals"": 2000000, ""max_unary"": 999, ""mutation_rate"": 0.1, ""ops"": [""+"", ""-"", ""*"", ""/"", ""sin"", ""cos"", ""exp"", ""log"", ""R""], ""succ_error_tol"": 1e-06}","{""K"": 500, ""c"": 6.0, ""exploration_rate"": 0.1, ""gamma"": 0.5, ""gp_rate"": 0.5, ""lm_iterations"": 10, ""max_constants"": 999, ""max_depth"": 6, ""max_evals"": 2000000, ""max_unary"": 999, ""mutation_rate"": 0.1, ""ops"": [""+"", ""-"", ""*"", ""/"", ""sin"", ""cos"", ""exp"", ""log"", ""R""], ""succ_error_tol"": 1e-06}",0.5
imcts,Jin,2,Jin-2,expression,15,6265,200,100,100,2,"[""x0"", ""x1""]",8.0*x[0]**2 + 8.0*x[1]**3 - 15.0,0.9999999403953552,True,0.9999999999999998,0.9999999999999998,12.0,47036,3.363687154953368,0.0,0,-8.00000004147 * (x0 - x1 * x1 * x1) + x0 - 14.9999995002 - (x0 * -7.99999972002 * x0 + x0 * -6.99999959952),-8.00000004147 * (x0 - x1 * x1 * x1) + x0 - 14.9999995002 - (x0 * -7.99999972002 * x0 + x0 * -6.99999959952),8.0*x0**2 + 8.0*x1**3 - 15.0,"[-8.00000004146572, 14.99999950019505, -7.999999720016508, -6.999999599522922]","{""K"": 500, ""c"": 6.0, ""exploration_rate"": 0.1, ""gamma"": 0.5, ""gp_rate"": 0.5, ""lm_iterations"": 10, ""max_constants"": 999, ""max_depth"": 6, ""max_evals"": 2000000, ""max_unary"": 999, ""mutation_rate"": 0.1, ""ops"": [""+"", ""-"", ""*"", ""/"", ""sin"", ""cos"", ""exp"", ""log"", ""R""], ""succ_error_tol"": 1e-06}","{""K"": 500, ""c"": 6.0, ""exploration_rate"": 0.1, ""gamma"": 0.5, ""gp_rate"": 0.5, ""lm_iterations"": 10, ""max_constants"": 999, ""max_depth"": 6, ""max_evals"": 2000000, ""max_unary"": 999, ""mutation_rate"": 0.1, ""ops"": [""+"", ""-"", ""*"", ""/"", ""sin"", ""cos"", ""exp"", ""log"", ""R""], ""succ_error_tol"": 1e-06}",0.5
imcts,Jin,2,Jin-2,expression,16,11363,200,100,100,2,"[""x0"", ""x1""]",8.0*x[0]**2 + 8.0*x[1]**3 - 15.0,0.9999999403953552,True,0.9999999999999998,0.9999999999999997,12.0,21019,1.3874441349762492,0.0,0,((x0 - 1.36492636331) * (x0 + 1.3649263927) - 0.0119760869412 + 1.00000002094 * x1 * x1 * x1) * 7.99999978461,((x0 - 1.36492636331) * (x0 + 1.3649263927) - 0.0119760869412 + 1.00000002094 * x1 * x1 * x1) * 7.99999978461,8.0*x0**2 + 8.0*x1**3 - 15.0,"[1.364926363310005, 1.3649263926969089, -4.424843372268373, 1.0000000209375928, 7.999999784610968]","{""K"": 500, ""c"": 6.0, ""exploration_rate"": 0.1, ""gamma"": 0.5, ""gp_rate"": 0.5, ""lm_iterations"": 10, ""max_constants"": 999, ""max_depth"": 6, ""max_evals"": 2000000, ""max_unary"": 999, ""mutation_rate"": 0.1, ""ops"": [""+"", ""-"", ""*"", ""/"", ""sin"", ""cos"", ""exp"", ""log"", ""R""], ""succ_error_tol"": 1e-06}","{""K"": 500, ""c"": 6.0, ""exploration_rate"": 0.1, ""gamma"": 0.5, ""gp_rate"": 0.5, ""lm_iterations"": 10, ""max_constants"": 999, ""max_depth"": 6, ""max_evals"": 2000000, ""max_unary"": 999, ""mutation_rate"": 0.1, ""ops"": [""+"", ""-"", ""*"", ""/"", ""sin"", ""cos"", ""exp"", ""log"", ""R""], ""succ_error_tol"": 1e-06}",0.5
imcts,Jin,2,Jin-2,expression,17,27495,200,100,100,2,"[""x0"", ""x1""]",8.0*x[0]**2 + 8.0*x[1]**3 - 15.0,0.9999999403953552,True,0.9999999999999996,0.9999999999999996,15.0,45556,3.1982069989899173,0.0,0,(7.9999999339 * x0 - 7.48331377559) * (0.935414209284 + x0) + (-7.99999999398 - x1 * -7.99999970065) * (1.00000015879 + x1 * x1 + x1),(7.9999999339 * x0 - 7.48331377559) * (0.935414209284 + x0) + (-7.99999999398 - x1 * -7.99999970065) * (1.00000015879 + x1 * x1 + x1),8.0*x0**2 - 0.00293*x0 + 8.0*x1**3 - 15.0,"[0.9999999999999998, 7.999999933899133, 7.48331377559438, 0.9354142092835253, -7.999999993978675, -7.99999970064805, 1.0000001587879537]","{""K"": 500, ""c"": 6.0, ""exploration_rate"": 0.1, ""gamma"": 0.5, ""gp_rate"": 0.5, ""lm_iterations"": 10, ""max_constants"": 999, ""max_depth"": 6, ""max_evals"": 2000000, ""max_unary"": 999, ""mutation_rate"": 0.1, ""ops"": [""+"", ""-"", ""*"", ""/"", ""sin"", ""cos"", ""exp"", ""log"", ""R""], ""succ_error_tol"": 1e-06}","{""K"": 500, ""c"": 6.0, ""exploration_rate"": 0.1, ""gamma"": 0.5, ""gp_rate"": 0.5, ""lm_iterations"": 10, ""max_constants"": 999, ""max_depth"": 6, ""max_evals"": 2000000, ""max_unary"": 999, ""mutation_rate"": 0.1, ""ops"": [""+"", ""-"", ""*"", ""/"", ""sin"", ""cos"", ""exp"", ""log"", ""R""], ""succ_error_tol"": 1e-06}",0.5
imcts,Jin,2,Jin-2,expression,18,16023,200,100,100,2,"[""x0"", ""x1""]",8.0*x[0]**2 + 8.0*x[1]**3 - 15.0,0.9999999403953552,True,0.9999999999999997,0.9999999999999998,12.0,69112,5.486108751036227,0.0,0,(1.50172024491e-08 + x1) * 1.76448202904 * x1 * x1 * 1.76448202904 / 0.389174610194 + x0 * 8.00000007555 * x0 - 15.0000008222,(1.50172024491e-08 + x1) * 1.76448202904 * x1 * x1 * 1.76448202904 / 0.389174610194 + x0 * 8.00000007555 * x0 - 15.0000008222,8.0*x0**2 + 8.00047857503195*x1**3 - 15.0,"[1.501720244909407e-08, 1.764482029043636, 1.7644820290436358, 0.3891746101937771, 8.000000075548153, 3.6811293602549986, 4.074836647725754]","{""K"": 500, ""c"": 6.0, ""exploration_rate"": 0.1, ""gamma"": 0.5, ""gp_rate"": 0.5, ""lm_iterations"": 10, ""max_constants"": 999, ""max_depth"": 6, ""max_evals"": 2000000, ""max_unary"": 999, ""mutation_rate"": 0.1, ""ops"": [""+"", ""-"", ""*"", ""/"", ""sin"", ""cos"", ""exp"", ""log"", ""R""], ""succ_error_tol"": 1e-06}","{""K"": 500, ""c"": 6.0, ""exploration_rate"": 0.1, ""gamma"": 0.5, ""gp_rate"": 0.5, ""lm_iterations"": 10, ""max_constants"": 999, ""max_depth"": 6, ""max_evals"": 2000000, ""max_unary"": 999, ""mutation_rate"": 0.1, ""ops"": [""+"", ""-"", ""*"", ""/"", ""sin"", ""cos"", ""exp"", ""log"", ""R""], ""succ_error_tol"": 1e-06}",0.5
imcts,Jin,2,Jin-2,expression,19,8322,200,100,100,2,"[""x0"", ""x1""]",8.0*x[0]**2 + 8.0*x[1]**3 - 15.0,0.9999999403953552,True,0.9999999999921906,0.9999999999930469,14.0,50311,3.670747769996524,0.0,0,(1.3693164275 + x0) * (1.36931641292 - x0) * -8.00000040625 + x1 * 7.99999993144 * (x1 + -6.10731048484e-08) * x1,(1.3693164275 + x0) * (1.36931641292 - x0) * -8.00000040625 + x1 * 7.99999993144 * (x1 + -6.10731048484e-08) * x1,8.0*x1**3 + 8.0*(x0 - 1.37)*(x0 + 1.37),"[1.369316427503613, 1.3693164129156834, -8.000000406246352, 7.999999931441718, -6.107310484835854e-08]","{""K"": 500, ""c"": 6.0, ""exploration_rate"": 0.1, ""gamma"": 0.5, ""gp_rate"": 0.5, ""lm_iterations"": 10, ""max_constants"": 999, ""max_depth"": 6, ""max_evals"": 2000000, ""max_unary"": 999, ""mutation_rate"": 0.1, ""ops"": [""+"", ""-"", ""*"", ""/"", ""sin"", ""cos"", ""exp"", ""log"", ""R""], ""succ_error_tol"": 1e-06}","{""K"": 500, ""c"": 6.0, ""exploration_rate"": 0.1, ""gamma"": 0.5, ""gp_rate"": 0.5, ""lm_iterations"": 10, ""max_constants"": 999, ""max_depth"": 6, ""max_evals"": 2000000, ""max_unary"": 999, ""mutation_rate"": 0.1, ""ops"": [""+"", ""-"", ""*"", ""/"", ""sin"", ""cos"", ""exp"", ""log"", ""R""], ""succ_error_tol"": 1e-06}",0.5
imcts,Jin,2,Jin-2,expression,20,1685,200,100,100,2,"[""x0"", ""x1""]",8.0*x[0]**2 + 8.0*x[1]**3 - 15.0,0.9999999403953552,True,1.0,1.0,15.0,112105,9.991400111990515,0.0,0,1.65670865947 * ((x1 - -3.01305660539) * 1.5670948478e-09 + 4.82885139244) * (-1.87499969572 - -7.27685320092e-08 * (-3.87695245447 + x1) + x0 * x0 + x1 * x1 * x1),1.65670865947 * ((x1 - -3.01305660539) * 1.5670948478e-09 + 4.82885139244) * (-1.87499969572 - -7.27685320092e-08 * (-3.87695245447 + x1) + x0 * x0 + x1 * x1 * x1),8.0*x0**2 + 8.0*x1**3 + 5.821482560736e-7*x1 - 14.9999998227211,"[1.6567086594685962, -3.0130566053868506, 1.5670948477990756e-09, 4.828851392436518, -1.8749996957188402, -7.276853200922059e-08, -3.876952454474959]","{""K"": 500, ""c"": 6.0, ""exploration_rate"": 0.1, ""gamma"": 0.5, ""gp_rate"": 0.5, ""lm_iterations"": 10, ""max_constants"": 999, ""max_depth"": 6, ""max_evals"": 2000000, ""max_unary"": 999, ""mutation_rate"": 0.1, ""ops"": [""+"", ""-"", ""*"", ""/"", ""sin"", ""cos"", ""exp"", ""log"", ""R""], ""succ_error_tol"": 1e-06}","{""K"": 500, ""c"": 6.0, ""exploration_rate"": 0.1, ""gamma"": 0.5, ""gp_rate"": 0.5, ""lm_iterations"": 10, ""max_constants"": 999, ""max_depth"": 6, ""max_evals"": 2000000, ""max_unary"": 999, ""mutation_rate"": 0.1, ""ops"": [""+"", ""-"", ""*"", ""/"", ""sin"", ""cos"", ""exp"", ""log"", ""R""], ""succ_error_tol"": 1e-06}",0.5
imcts,Jin,2,Jin-2,expression,21,32052,200,100,100,2,"[""x0"", ""x1""]",8.0*x[0]**2 + 8.0*x[1]**3 - 15.0,0.9999999403953552,True,1.0,1.0,12.0,48381,3.4010370910400525,0.0,0,-14.9999999353 + x0 * 8.00000001695 * x0 + x1 * x1 * (1.42437697193e-08 - x1) * -8.00000004101,-14.9999999353 + x0 * 8.00000001695 * x0 + x1 * x1 * (1.42437697193e-08 - x1) * -8.00000004101,8.0*x0**2 + 8.0*x1**3 - 15.0,"[-14.999999935266816, 8.000000016952264, 1.424376971925767e-08, -8.00000004101271]","{""K"": 500, ""c"": 6.0, ""exploration_rate"": 0.1, ""gamma"": 0.5, ""gp_rate"": 0.5, ""lm_iterations"": 10, ""max_constants"": 999, ""max_depth"": 6, ""max_evals"": 2000000, ""max_unary"": 999, ""mutation_rate"": 0.1, ""ops"": [""+"", ""-"", ""*"", ""/"", ""sin"", ""cos"", ""exp"", ""log"", ""R""], ""succ_error_tol"": 1e-06}","{""K"": 500, ""c"": 6.0, ""exploration_rate"": 0.1, ""gamma"": 0.5, ""gp_rate"": 0.5, ""lm_iterations"": 10, ""max_constants"": 999, ""max_depth"": 6, ""max_evals"": 2000000, ""max_unary"": 999, ""mutation_rate"": 0.1, ""ops"": [""+"", ""-"", ""*"", ""/"", ""sin"", ""cos"", ""exp"", ""log"", ""R""], ""succ_error_tol"": 1e-06}",0.5
imcts,Jin,2,Jin-2,expression,22,769,200,100,100,2,"[""x0"", ""x1""]",8.0*x[0]**2 + 8.0*x[1]**3 - 15.0,0.9999999403953552,True,0.9999999999813975,0.9999999999867886,20.0,65121,5.029004727955908,0.0,0,(x0 + 0.00318883110107) * 8.00025020557 * x0 - exp(x0 * 0.0255094519557) + -13.9999985706 - x1 * x1 * -8.00000012227 * x1,(x0 + 0.00318883110107) * 8.00025020557 * x0 - exp(x0 * 0.0255094519557) + -13.9999985706 - x1 * x1 * -8.00000012227 * x1,x0*(8.0*x0 + 0.026) + 8.0*x1**3 - exp(0.026*x0) - 14.0,"[0.0031888311010679587, 8.000250205574185, 0.025509451955741898, -14.952887315126725, -1.262621421835454, -8.00000012226539]","{""K"": 500, ""c"": 6.0, ""exploration_rate"": 0.1, ""gamma"": 0.5, ""gp_rate"": 0.5, ""lm_iterations"": 10, ""max_constants"": 999, ""max_depth"": 6, ""max_evals"": 2000000, ""max_unary"": 999, ""mutation_rate"": 0.1, ""ops"": [""+"", ""-"", ""*"", ""/"", ""sin"", ""cos"", ""exp"", ""log"", ""R""], ""succ_error_tol"": 1e-06}","{""K"": 500, ""c"": 6.0, ""exploration_rate"": 0.1, ""gamma"": 0.5, ""gp_rate"": 0.5, ""lm_iterations"": 10, ""max_constants"": 999, ""max_depth"": 6, ""max_evals"": 2000000, ""max_unary"": 999, ""mutation_rate"": 0.1, ""ops"": [""+"", ""-"", ""*"", ""/"", ""sin"", ""cos"", ""exp"", ""log"", ""R""], ""succ_error_tol"": 1e-06}",0.5
imcts,Jin,2,Jin-2,expression,23,26967,200,100,100,2,"[""x0"", ""x1""]",8.0*x[0]**2 + 8.0*x[1]**3 - 15.0,0.9999999403953552,True,0.9999999999999997,0.9999999999999997,12.0,34945,2.5468045639572665,0.0,0,x1 * (x1 * x1 - 7.01962552315e-08) / 0.125000000197 + -15.0000017117 + x0 / (0.44379594718 / x0) / 0.281660964772,x1 * (x1 * x1 - 7.01962552315e-08) / 0.125000000197 + -15.0000017117 + x0 / (0.44379594718 / x0) / 0.281660964772,8.0*x0**2 + 8.0*x1**3 - 15.0,"[7.019625523147224e-08, 0.12500000019657678, -15.000001711709391, 0.4437959471798, 1.285271608313014]","{""K"": 500, ""c"": 6.0, ""exploration_rate"": 0.1, ""gamma"": 0.5, ""gp_rate"": 0.5, ""lm_iterations"": 10, ""max_constants"": 999, ""max_depth"": 6, ""max_evals"": 2000000, ""max_unary"": 999, ""mutation_rate"": 0.1, ""ops"": [""+"", ""-"", ""*"", ""/"", ""sin"", ""cos"", ""exp"", ""log"", ""R""], ""succ_error_tol"": 1e-06}","{""K"": 500, ""c"": 6.0, ""exploration_rate"": 0.1, ""gamma"": 0.5, ""gp_rate"": 0.5, ""lm_iterations"": 10, ""max_constants"": 999, ""max_depth"": 6, ""max_evals"": 2000000, ""max_unary"": 999, ""mutation_rate"": 0.1, ""ops"": [""+"", ""-"", ""*"", ""/"", ""sin"", ""cos"", ""exp"", ""log"", ""R""], ""succ_error_tol"": 1e-06}",0.5
imcts,Jin,2,Jin-2,expression,24,30187,200,100,100,2,"[""x0"", ""x1""]",8.0*x[0]**2 + 8.0*x[1]**3 - 15.0,0.9999999403953552,True,0.9999999999999994,0.9999999999999994,12.0,78617,5.532290185976308,0.0,0,7.99999982423 * (x1 * x1 * x1 + (-4.72874056849e-08 + x0) * x0) - 14.9999990647,7.99999982423 * (x1 * x1 * x1 + (-4.72874056849e-08 + x0) * x0) - 14.9999990647,8.0*x0**2 + 8.0*x1**3 - 15.0,"[7.999999824228246, -4.7287405684938276e-08, 14.99999906471342]","{""K"": 500, ""c"": 6.0, ""exploration_rate"": 0.1, ""gamma"": 0.5, ""gp_rate"": 0.5, ""lm_iterations"": 10, ""max_constants"": 999, ""max_depth"": 6, ""max_evals"": 2000000, ""max_unary"": 999, ""mutation_rate"": 0.1, ""ops"": [""+"", ""-"", ""*"", ""/"", ""sin"", ""cos"", ""exp"", ""log"", ""R""], ""succ_error_tol"": 1e-06}","{""K"": 500, ""c"": 6.0, ""exploration_rate"": 0.1, ""gamma"": 0.5, ""gp_rate"": 0.5, ""lm_iterations"": 10, ""max_constants"": 999, ""max_depth"": 6, ""max_evals"": 2000000, ""max_unary"": 999, ""mutation_rate"": 0.1, ""ops"": [""+"", ""-"", ""*"", ""/"", ""sin"", ""cos"", ""exp"", ""log"", ""R""], ""succ_error_tol"": 1e-06}",0.5
imcts,Jin,2,Jin-2,expression,25,32157,200,100,100,2,"[""x0"", ""x1""]",8.0*x[0]**2 + 8.0*x[1]**3 - 15.0,0.9999999403953552,True,0.9999999999999979,0.9999999999999978,12.0,43990,3.090631778992247,0.0,0,-15.841471809 + 8.0000003304 * x1 * x1 * x1 + 0.841470984808 - (-8.00000012943 + exp(x1) * -3.50071114319e-08) * (x0 + -1.3601897325e-08) * x0,-15.841471809 + 8.0000003304 * x1 * x1 * x1 + 0.841470984808 - (-8.00000012943 + exp(x1) * -3.50071114319e-08) * (x0 + -1.3601897325e-08) * x0,8.0*x0**2 + 8.0*x1**3 - 15.0,"[-15.841471808981982, 8.0000003303995, 1.0, -8.000000129430761, -1.0000000350071114, 1.0, 1.570796340396794]","{""K"": 500, ""c"": 6.0, ""exploration_rate"": 0.1, ""gamma"": 0.5, ""gp_rate"": 0.5, ""lm_iterations"": 10, ""max_constants"": 999, ""max_depth"": 6, ""max_evals"": 2000000, ""max_unary"": 999, ""mutation_rate"": 0.1, ""ops"": [""+"", ""-"", ""*"", ""/"", ""sin"", ""cos"", ""exp"", ""log"", ""R""], ""succ_error_tol"": 1e-06}","{""K"": 500, ""c"": 6.0, ""exploration_rate"": 0.1, ""gamma"": 0.5, ""gp_rate"": 0.5, ""lm_iterations"": 10, ""max_constants"": 999, ""max_depth"": 6, ""max_evals"": 2000000, ""max_unary"": 999, ""mutation_rate"": 0.1, ""ops"": [""+"", ""-"", ""*"", ""/"", ""sin"", ""cos"", ""exp"", ""log"", ""R""], ""succ_error_tol"": 1e-06}",0.5
imcts,Jin,2,Jin-2,expression,26,23333,200,100,100,2,"[""x0"", ""x1""]",8.0*x[0]**2 + 8.0*x[1]**3 - 15.0,0.9999999403953552,True,0.9999999999692669,0.9999999999672086,12.0,34799,2.4389007560093887,0.0,0,x0 / 0.124998051865 * x0 + -14.999999011 + x1 * x1 * x1 / 0.124999998372,x0 / 0.124998051865 * x0 + -14.999999011 + x1 * x1 * x1 / 0.124999998372,8.0*x0**2 + 8.0*x1**3 - 15.0,"[0.12499805186469504, -14.999999010991836, 0.12499999837154256]","{""K"": 500, ""c"": 6.0, ""exploration_rate"": 0.1, ""gamma"": 0.5, ""gp_rate"": 0.5, ""lm_iterations"": 10, ""max_constants"": 999, ""max_depth"": 6, ""max_evals"": 2000000, ""max_unary"": 999, ""mutation_rate"": 0.1, ""ops"": [""+"", ""-"", ""*"", ""/"", ""sin"", ""cos"", ""exp"", ""log"", ""R""], ""succ_error_tol"": 1e-06}","{""K"": 500, ""c"": 6.0, ""exploration_rate"": 0.1, ""gamma"": 0.5, ""gp_rate"": 0.5, ""lm_iterations"": 10, ""max_constants"": 999, ""max_depth"": 6, ""max_evals"": 2000000, ""max_unary"": 999, ""mutation_rate"": 0.1, ""ops"": [""+"", ""-"", ""*"", ""/"", ""sin"", ""cos"", ""exp"", ""log"", ""R""], ""succ_error_tol"": 1e-06}",0.5
imcts,Jin,2,Jin-2,expression,27,2433,200,100,100,2,"[""x0"", ""x1""]",8.0*x[0]**2 + 8.0*x[1]**3 - 15.0,0.9999999403953552,True,0.9999999999999997,0.9999999999999996,12.0,39031,2.4959343359805644,0.0,0,x1 * (x1 * 7.99999983485 * x1 + 7.70005222823e-08) + 4.69646485781 * (-3.19389180379 + 1.70340892494 * x0 * x0),x1 * (x1 * 7.99999983485 * x1 + 7.70005222823e-08) + 4.69646485781 * (-3.19389180379 + 1.70340892494 * x0 * x0),8.0*x0**2 + 8.0*x1**3 - 15.0,"[7.999999834848745, 7.700052228233792e-08, 4.696464857813218, -3.1938918037870887, 1.7034089249406907]","{""K"": 500, ""c"": 6.0, ""exploration_rate"": 0.1, ""gamma"": 0.5, ""gp_rate"": 0.5, ""lm_iterations"": 10, ""max_constants"": 999, ""max_depth"": 6, ""max_evals"": 2000000, ""max_unary"": 999, ""mutation_rate"": 0.1, ""ops"": [""+"", ""-"", ""*"", ""/"", ""sin"", ""cos"", ""exp"", ""log"", ""R""], ""succ_error_tol"": 1e-06}","{""K"": 500, ""c"": 6.0, ""exploration_rate"": 0.1, ""gamma"": 0.5, ""gp_rate"": 0.5, ""lm_iterations"": 10, ""max_constants"": 999, ""max_depth"": 6, ""max_evals"": 2000000, ""max_unary"": 999, ""mutation_rate"": 0.1, ""ops"": [""+"", ""-"", ""*"", ""/"", ""sin"", ""cos"", ""exp"", ""log"", ""R""], ""succ_error_tol"": 1e-06}",0.5
imcts,Jin,2,Jin-2,expression,28,5311,200,100,100,2,"[""x0"", ""x1""]",8.0*x[0]**2 + 8.0*x[1]**3 - 15.0,0.9999991655349731,True,0.9999999999992853,0.9999999999994015,12.0,56551,4.513487244024873,0.0,0,-7.9999995842 * x0 * (0.125004984675 - (x1 + x0) + x1) + (x1 + -7.51781197207e-08) * x1 * x1 / 0.124999998565 + x0 + -14.9999979695,-7.9999995842 * x0 * (0.125004984675 - (x1 + x0) + x1) + (x1 + -7.51781197207e-08) * x1 * x1 / 0.124999998565 + x0 + -14.9999979695,8.0*x0**2 + 8.0*x1**3 - 15.0,"[-7.999999584199731, -2.0794016650757, -7.51781197207366e-08, 0.12499999856464891, -14.999997969522157]","{""K"": 500, ""c"": 6.0, ""exploration_rate"": 0.1, ""gamma"": 0.5, ""gp_rate"": 0.5, ""lm_iterations"": 10, ""max_constants"": 999, ""max_depth"": 6, ""max_evals"": 2000000, ""max_unary"": 999, ""mutation_rate"": 0.1, ""ops"": [""+"", ""-"", ""*"", ""/"", ""sin"", ""cos"", ""exp"", ""log"", ""R""], ""succ_error_tol"": 1e-06}","{""K"": 500, ""c"": 6.0, ""exploration_rate"": 0.1, ""gamma"": 0.5, ""gp_rate"": 0.5, ""lm_iterations"": 10, ""max_constants"": 999, ""max_depth"": 6, ""max_evals"": 2000000, ""max_unary"": 999, ""mutation_rate"": 0.1, ""ops"": [""+"", ""-"", ""*"", ""/"", ""sin"", ""cos"", ""exp"", ""log"", ""R""], ""succ_error_tol"": 1e-06}",0.5
imcts,Jin,2,Jin-2,expression,29,5051,200,100,100,2,"[""x0"", ""x1""]",8.0*x[0]**2 + 8.0*x[1]**3 - 15.0,0.9999999403953552,True,0.9999999999999993,0.9999999999999993,12.0,35200,2.3434269489953294,0.0,0,x1 * x1 / x1 * 7.99999986022 * x1 * (6.17017002743e-08 + x1) - ((x0 + -9.0000002778 * x0) * x0 + 15.0000016768),x1 * x1 / x1 * 7.99999986022 * x1 * (6.17017002743e-08 + x1) - ((x0 + -9.0000002778 * x0) * x0 + 15.0000016768),8.0*x0**2 + 8.0*x1**3 - 15.0,"[7.999999860219255, 6.170170027427726e-08, -9.000000277795714, 15.000001676792685]","{""K"": 500, ""c"": 6.0, ""exploration_rate"": 0.1, ""gamma"": 0.5, ""gp_rate"": 0.5, ""lm_iterations"": 10, ""max_constants"": 999, ""max_depth"": 6, ""max_evals"": 2000000, ""max_unary"": 999, ""mutation_rate"": 0.1, ""ops"": [""+"", ""-"", ""*"", ""/"", ""sin"", ""cos"", ""exp"", ""log"", ""R""], ""succ_error_tol"": 1e-06}","{""K"": 500, ""c"": 6.0, ""exploration_rate"": 0.1, ""gamma"": 0.5, ""gp_rate"": 0.5, ""lm_iterations"": 10, ""max_constants"": 999, ""max_depth"": 6, ""max_evals"": 2000000, ""max_unary"": 999, ""mutation_rate"": 0.1, ""ops"": [""+"", ""-"", ""*"", ""/"", ""sin"", ""cos"", ""exp"", ""log"", ""R""], ""succ_error_tol"": 1e-06}",0.5
imcts,Jin,2,Jin-2,expression,30,6420,200,100,100,2,"[""x0"", ""x1""]",8.0*x[0]**2 + 8.0*x[1]**3 - 15.0,0.9999999403953552,True,0.9999999999999996,0.9999999999999997,18.0,42037,3.0911332779796794,0.0,0,(x1 * 1.15858386225e-07 + 8.00000035199) * (x0 * x0 - (x0 - x0)) + x1 - 15.0000011359 + (x1 * 8.00000006514 - -2.82842812347) * (x1 - 0.353553544149) * x1,(x1 * 1.15858386225e-07 + 8.00000035199) * (x0 * x0 - (x0 - x0)) + x1 - 15.0000011359 + (x1 * 8.00000006514 - -2.82842812347) * (x1 - 0.353553544149) * x1,8.0*x0**2 + x1*(x1 - 0.354)*(8.0*x1 + 2.83) + x1 - 15.0,"[1.158583862246786e-07, 8.000000351987785, 15.000001135873116, 8.000000065144343, -2.82842812347058, 0.35355354414888424]","{""K"": 500, ""c"": 6.0, ""exploration_rate"": 0.1, ""gamma"": 0.5, ""gp_rate"": 0.5, ""lm_iterations"": 10, ""max_constants"": 999, ""max_depth"": 6, ""max_evals"": 2000000, ""max_unary"": 999, ""mutation_rate"": 0.1, ""ops"": [""+"", ""-"", ""*"", ""/"", ""sin"", ""cos"", ""exp"", ""log"", ""R""], ""succ_error_tol"": 1e-06}","{""K"": 500, ""c"": 6.0, ""exploration_rate"": 0.1, ""gamma"": 0.5, ""gp_rate"": 0.5, ""lm_iterations"": 10, ""max_constants"": 999, ""max_depth"": 6, ""max_evals"": 2000000, ""max_unary"": 999, ""mutation_rate"": 0.1, ""ops"": [""+"", ""-"", ""*"", ""/"", ""sin"", ""cos"", ""exp"", ""log"", ""R""], ""succ_error_tol"": 1e-06}",0.5
imcts,Jin,2,Jin-2,expression,31,17568,200,100,100,2,"[""x0"", ""x1""]",8.0*x[0]**2 + 8.0*x[1]**3 - 15.0,0.9999999403953552,True,0.9999999999999991,0.9999999999999988,12.0,52526,4.0644206430297345,0.0,0,(x0 - 8.95206449298e-08 * x1) * x0 / 0.12499999772 - (exp(1.44098357906e-06 * x1) + 14.0000005297) + (x1 + -4.94919873888e-09) * 8.00000026964 * x1 * x1,(x0 - 8.95206449298e-08 * x1) * x0 / 0.12499999772 - (exp(1.44098357906e-06 * x1) + 14.0000005297) + (x1 + -4.94919873888e-09) * 8.00000026964 * x1 * x1,8.0*x0**2 + 8.0*x1**3 - 15.0,"[8.952064492977838e-08, 0.12499999771993069, 1.4409835790642933e-06, 14.000000529733098, -4.949198738878394e-09, 5.3183590842362225, -2.681641185405551]","{""K"": 500, ""c"": 6.0, ""exploration_rate"": 0.1, ""gamma"": 0.5, ""gp_rate"": 0.5, ""lm_iterations"": 10, ""max_constants"": 999, ""max_depth"": 6, ""max_evals"": 2000000, ""max_unary"": 999, ""mutation_rate"": 0.1, ""ops"": [""+"", ""-"", ""*"", ""/"", ""sin"", ""cos"", ""exp"", ""log"", ""R""], ""succ_error_tol"": 1e-06}","{""K"": 500, ""c"": 6.0, ""exploration_rate"": 0.1, ""gamma"": 0.5, ""gp_rate"": 0.5, ""lm_iterations"": 10, ""max_constants"": 999, ""max_depth"": 6, ""max_evals"": 2000000, ""max_unary"": 999, ""mutation_rate"": 0.1, ""ops"": [""+"", ""-"", ""*"", ""/"", ""sin"", ""cos"", ""exp"", ""log"", ""R""], ""succ_error_tol"": 1e-06}",0.5
imcts,Jin,2,Jin-2,expression,32,20939,200,100,100,2,"[""x0"", ""x1""]",8.0*x[0]**2 + 8.0*x[1]**3 - 15.0,0.9999999403953552,True,0.9999999999999997,0.9999999999999997,12.0,44374,3.21064521902008,0.0,0,x0 * 0.841470984808 * 9.50716077615 * x0 + x1 * x1 * 8.00000024426 * x1 - (x1 * 8.9445578117e-07 - -15.0000006168),x0 * 0.841470984808 * 9.50716077615 * x0 + x1 * x1 * 8.00000024426 * x1 - (x1 * 8.9445578117e-07 - -15.0000006168),8.0*x0**2 + 8.0*x1**3 - 15.0,"[1.0, 9.507160776149801, 8.000000244258858, 8.944557811700427e-07, -15.000000616789041]","{""K"": 500, ""c"": 6.0, ""exploration_rate"": 0.1, ""gamma"": 0.5, ""gp_rate"": 0.5, ""lm_iterations"": 10, ""max_constants"": 999, ""max_depth"": 6, ""max_evals"": 2000000, ""max_unary"": 999, ""mutation_rate"": 0.1, ""ops"": [""+"", ""-"", ""*"", ""/"", ""sin"", ""cos"", ""exp"", ""log"", ""R""], ""succ_error_tol"": 1e-06}","{""K"": 500, ""c"": 6.0, ""exploration_rate"": 0.1, ""gamma"": 0.5, ""gp_rate"": 0.5, ""lm_iterations"": 10, ""max_constants"": 999, ""max_depth"": 6, ""max_evals"": 2000000, ""max_unary"": 999, ""mutation_rate"": 0.1, ""ops"": [""+"", ""-"", ""*"", ""/"", ""sin"", ""cos"", ""exp"", ""log"", ""R""], ""succ_error_tol"": 1e-06}",0.5
imcts,Jin,2,Jin-2,expression,33,19769,200,100,100,2,"[""x0"", ""x1""]",8.0*x[0]**2 + 8.0*x[1]**3 - 15.0,0.9999999403953552,True,0.999999999952737,0.9999999999514723,15.0,34685,2.2154984059743583,0.0,0,(0.0064588545827 + x1) * (x1 + -0.00645883245772) * x1 / 0.124999998791 + (x0 * x0 - 1.91536399765) * 7.99999991417 - -0.322911812129,(0.0064588545827 + x1) * (x1 + -0.00645883245772) * x1 / 0.124999998791 + (x0 * x0 - 1.91536399765) * 7.99999991417 - -0.322911812129,8.0*x0**2 + 8.0*x1**3 - 0.000286*x1 - 15.0,"[0.006458854582700632, -0.006458832457719725, 0.12499999879079714, 1.9153639976475583, 7.999999914172317, -0.32291181212860387]","{""K"": 500, ""c"": 6.0, ""exploration_rate"": 0.1, ""gamma"": 0.5, ""gp_rate"": 0.5, ""lm_iterations"": 10, ""max_constants"": 999, ""max_depth"": 6, ""max_evals"": 2000000, ""max_unary"": 999, ""mutation_rate"": 0.1, ""ops"": [""+"", ""-"", ""*"", ""/"", ""sin"", ""cos"", ""exp"", ""log"", ""R""], ""succ_error_tol"": 1e-06}","{""K"": 500, ""c"": 6.0, ""exploration_rate"": 0.1, ""gamma"": 0.5, ""gp_rate"": 0.5, ""lm_iterations"": 10, ""max_constants"": 999, ""max_depth"": 6, ""max_evals"": 2000000, ""max_unary"": 999, ""mutation_rate"": 0.1, ""ops"": [""+"", ""-"", ""*"", ""/"", ""sin"", ""cos"", ""exp"", ""log"", ""R""], ""succ_error_tol"": 1e-06}",0.5
imcts,Jin,2,Jin-2,expression,34,28693,200,100,100,2,"[""x0"", ""x1""]",8.0*x[0]**2 + 8.0*x[1]**3 - 15.0,0.9999999403953552,True,0.9999999999999994,0.9999999999999993,16.0,64261,4.760365716996603,0.0,0,(x0 + x0 - 2.73861269822) / x1 * x1 * (x0 - -1.36930639557) * 4.00000014478 + (x1 * 8.00000012756 * x1 + 2.30863451598e-07) * (x1 + -9.10784675936e-08 - x1 * -6.25137069642e-09 * x1),(x0 + x0 - 2.73861269822) / x1 * x1 * (x0 - -1.36930639557) * 4.00000014478 + (x1 * 8.00000012756 * x1 + 2.30863451598e-07) * (x1 + -9.10784675936e-08 - x1 * -6.25137069642e-09 * x1),8.0*x1**3 + 4.0*(x0 + 1.37)*(2*x0 - 2.74),"[2.7386126982158907, -1.3693063955658642, 4.000000144777123, 8.000000127562787, 2.30863451598316e-07, -9.107846759361076e-08, -6.251370696424899e-09]","{""K"": 500, ""c"": 6.0, ""exploration_rate"": 0.1, ""gamma"": 0.5, ""gp_rate"": 0.5, ""lm_iterations"": 10, ""max_constants"": 999, ""max_depth"": 6, ""max_evals"": 2000000, ""max_unary"": 999, ""mutation_rate"": 0.1, ""ops"": [""+"", ""-"", ""*"", ""/"", ""sin"", ""cos"", ""exp"", ""log"", ""R""], ""succ_error_tol"": 1e-06}","{""K"": 500, ""c"": 6.0, ""exploration_rate"": 0.1, ""gamma"": 0.5, ""gp_rate"": 0.5, ""lm_iterations"": 10, ""max_constants"": 999, ""max_depth"": 6, ""max_evals"": 2000000, ""max_unary"": 999, ""mutation_rate"": 0.1, ""ops"": [""+"", ""-"", ""*"", ""/"", ""sin"", ""cos"", ""exp"", ""log"", ""R""], ""succ_error_tol"": 1e-06}",0.5
imcts,Jin,2,Jin-2,expression,35,6396,200,100,100,2,"[""x0"", ""x1""]",8.0*x[0]**2 + 8.0*x[1]**3 - 15.0,0.9999999403953552,True,0.9999999999999996,0.9999999999999997,18.0,131869,10.970778906019405,0.0,0,-15.0000043405 - -5.26568663539e-06 * cos(x0) + x1 * x1 * (8.00000006917 * x1 + -3.52205683749e-07) + (8.00000166617 * x0 - 0.00903102809993) * x0 + sin(0.00903151418965 * x0),-15.0000043405 - -5.26568663539e-06 * cos(x0) + x1 * x1 * (8.00000006917 * x1 + -3.52205683749e-07) + (8.00000166617 * x0 - 0.00903102809993) * x0 + sin(0.00903151418965 * x0),x0*(8.0*x0 - 0.00903) + 8.0*x1**3 + sin(0.00903*x0) - 15.0,"[-15.000004340481235, -5.265686635393525e-06, 8.00000006916727, -3.522056837492887e-07, 8.00000166617427, 0.009031028099925936, 0.009031514189649103, 1.0]","{""K"": 500, ""c"": 6.0, ""exploration_rate"": 0.1, ""gamma"": 0.5, ""gp_rate"": 0.5, ""lm_iterations"": 10, ""max_constants"": 999, ""max_depth"": 6, ""max_evals"": 2000000, ""max_unary"": 999, ""mutation_rate"": 0.1, ""ops"": [""+"", ""-"", ""*"", ""/"", ""sin"", ""cos"", ""exp"", ""log"", ""R""], ""succ_error_tol"": 1e-06}","{""K"": 500, ""c"": 6.0, ""exploration_rate"": 0.1, ""gamma"": 0.5, ""gp_rate"": 0.5, ""lm_iterations"": 10, ""max_constants"": 999, ""max_depth"": 6, ""max_evals"": 2000000, ""max_unary"": 999, ""mutation_rate"": 0.1, ""ops"": [""+"", ""-"", ""*"", ""/"", ""sin"", ""cos"", ""exp"", ""log"", ""R""], ""succ_error_tol"": 1e-06}",0.5
imcts,Jin,2,Jin-2,expression,36,29419,200,100,100,2,"[""x0"", ""x1""]",8.0*x[0]**2 + 8.0*x[1]**3 - 15.0,0.9999999403953552,True,0.9999999999999994,0.9999999999999994,15.0,61164,5.457138189987745,0.0,0,-7.99999987571 * x1 * (3.58951417239e-08 - x1) * x1 - (x0 * -9.38219261526 / 1.17277411703 - 10.9544507317) * (x0 - 1.36930637944),-7.99999987571 * x1 * (3.58951417239e-08 - x1) * x1 - (x0 * -9.38219261526 / 1.17277411703 - 10.9544507317) * (x0 - 1.36930637944),8.0*x1**3 + (x0 - 1.37)*(8.0*x0 + 11.0),"[-6.027531146295318, 0.8610758933311158, 1.0, 3.589514172386532e-08, -9.382192615263131, 1.1727741170292079, 10.954450731689288, 1.369306379439108]","{""K"": 500, ""c"": 6.0, ""exploration_rate"": 0.1, ""gamma"": 0.5, ""gp_rate"": 0.5, ""lm_iterations"": 10, ""max_constants"": 999, ""max_depth"": 6, ""max_evals"": 2000000, ""max_unary"": 999, ""mutation_rate"": 0.1, ""ops"": [""+"", ""-"", ""*"", ""/"", ""sin"", ""cos"", ""exp"", ""log"", ""R""], ""succ_error_tol"": 1e-06}","{""K"": 500, ""c"": 6.0, ""exploration_rate"": 0.1, ""gamma"": 0.5, ""gp_rate"": 0.5, ""lm_iterations"": 10, ""max_constants"": 999, ""max_depth"": 6, ""max_evals"": 2000000, ""max_unary"": 999, ""mutation_rate"": 0.1, ""ops"": [""+"", ""-"", ""*"", ""/"", ""sin"", ""cos"", ""exp"", ""log"", ""R""], ""succ_error_tol"": 1e-06}",0.5
imcts,Jin,2,Jin-2,expression,37,27480,200,100,100,2,"[""x0"", ""x1""]",8.0*x[0]**2 + 8.0*x[1]**3 - 15.0,0.9999999403953552,True,0.9999999999999998,0.9999999999999998,12.0,38094,2.5445453469874337,0.0,0,(x1 * x1 * x1 + x0 * x0) * 7.99999977072 - (x1 - (x1 * 1.00000007591 - 0.999999970374)) * 15.0000003728,(x1 * x1 * x1 + x0 * x0) * 7.99999977072 - (x1 - (x1 * 1.00000007591 - 0.999999970374)) * 15.0000003728,8.0*x0**2 + 8.0*x1**3 - 15.0,"[7.999999770721697, 1.0000000759112593, 0.9999999703744399, 1.0, 16.000000372772796, 1.0, 1.0]","{""K"": 500, ""c"": 6.0, ""exploration_rate"": 0.1, ""gamma"": 0.5, ""gp_rate"": 0.5, ""lm_iterations"": 10, ""max_constants"": 999, ""max_depth"": 6, ""max_evals"": 2000000, ""max_unary"": 999, ""mutation_rate"": 0.1, ""ops"": [""+"", ""-"", ""*"", ""/"", ""sin"", ""cos"", ""exp"", ""log"", ""R""], ""succ_error_tol"": 1e-06}","{""K"": 500, ""c"": 6.0, ""exploration_rate"": 0.1, ""gamma"": 0.5, ""gp_rate"": 0.5, ""lm_iterations"": 10, ""max_constants"": 999, ""max_depth"": 6, ""max_evals"": 2000000, ""max_unary"": 999, ""mutation_rate"": 0.1, ""ops"": [""+"", ""-"", ""*"", ""/"", ""sin"", ""cos"", ""exp"", ""log"", ""R""], ""succ_error_tol"": 1e-06}",0.5
imcts,Jin,2,Jin-2,expression,38,32304,200,100,100,2,"[""x0"", ""x1""]",8.0*x[0]**2 + 8.0*x[1]**3 - 15.0,0.9999999403953552,True,0.9999999999999999,0.9999999999999999,12.0,73183,6.180159652023576,0.0,0,x1 * 2.82716482792 * (x1 + -6.7616934297e-09) * x1 * 2.82969001328 + 0.864584771361 * exp(x0) * -3.96942114121e-08 + -8.00000006631 * (1.87499994732 - x0 * x0),x1 * 2.82716482792 * (x1 + -6.7616934297e-09) * x1 * 2.82969001328 + 0.864584771361 * exp(x0) * -3.96942114121e-08 + -8.00000006631 * (1.87499994732 - x0 * x0),8.0*x0**2 + 8.0*x1**3 - 15.0,"[2.827164827923472, -6.761693429699029e-09, 2.8296900132841483, 0.8645847713614044, 1.570796366489108, -8.000000066307718, 1.8749999473194623]","{""K"": 500, ""c"": 6.0, ""exploration_rate"": 0.1, ""gamma"": 0.5, ""gp_rate"": 0.5, ""lm_iterations"": 10, ""max_constants"": 999, ""max_depth"": 6, ""max_evals"": 2000000, ""max_unary"": 999, ""mutation_rate"": 0.1, ""ops"": [""+"", ""-"", ""*"", ""/"", ""sin"", ""cos"", ""exp"", ""log"", ""R""], ""succ_error_tol"": 1e-06}","{""K"": 500, ""c"": 6.0, ""exploration_rate"": 0.1, ""gamma"": 0.5, ""gp_rate"": 0.5, ""lm_iterations"": 10, ""max_constants"": 999, ""max_depth"": 6, ""max_evals"": 2000000, ""max_unary"": 999, ""mutation_rate"": 0.1, ""ops"": [""+"", ""-"", ""*"", ""/"", ""sin"", ""cos"", ""exp"", ""log"", ""R""], ""succ_error_tol"": 1e-06}",0.5
imcts,Jin,2,Jin-2,expression,39,8666,200,100,100,2,"[""x0"", ""x1""]",8.0*x[0]**2 + 8.0*x[1]**3 - 15.0,0.9999999403953552,True,0.9999999998999909,0.9999999998854551,12.0,72302,5.864921067957766,0.0,0,7.99999997785 * (-1.87500000474 + x1 + x0 * x0) - (1.00000002107 - x1) * 8.00000023205 * x1 * (x1 + 0.999973596509),7.99999997785 * (-1.87500000474 + x1 + x0 * x0) - (1.00000002107 - x1) * 8.00000023205 * x1 * (x1 + 0.999973596509),8.0*x0**2 + 8.0*x1**3 - 15.0,"[7.999999977848529, -1.8750000047382327, 1.0000000210664575, 8.000000232054743, 0.007266857259868868]","{""K"": 500, ""c"": 6.0, ""exploration_rate"": 0.1, ""gamma"": 0.5, ""gp_rate"": 0.5, ""lm_iterations"": 10, ""max_constants"": 999, ""max_depth"": 6, ""max_evals"": 2000000, ""max_unary"": 999, ""mutation_rate"": 0.1, ""ops"": [""+"", ""-"", ""*"", ""/"", ""sin"", ""cos"", ""exp"", ""log"", ""R""], ""succ_error_tol"": 1e-06}","{""K"": 500, ""c"": 6.0, ""exploration_rate"": 0.1, ""gamma"": 0.5, ""gp_rate"": 0.5, ""lm_iterations"": 10, ""max_constants"": 999, ""max_depth"": 6, ""max_evals"": 2000000, ""max_unary"": 999, ""mutation_rate"": 0.1, ""ops"": [""+"", ""-"", ""*"", ""/"", ""sin"", ""cos"", ""exp"", ""log"", ""R""], ""succ_error_tol"": 1e-06}",0.5
imcts,Jin,2,Jin-2,expression,40,25658,200,100,100,2,"[""x0"", ""x1""]",8.0*x[0]**2 + 8.0*x[1]**3 - 15.0,0.9999999403953552,True,0.9999999999999998,0.9999999999999998,12.0,48567,3.3880230559734628,0.0,0,8.00000014705 * x1 * x1 * x1 + -15.0000004201 - (-5.50657831278e-08 * x1 + x0 * x0) * -8.00000033442,8.00000014705 * x1 * x1 * x1 + -15.0000004201 - (-5.50657831278e-08 * x1 + x0 * x0) * -8.00000033442,8.0*x0**2 + 8.0*x1**3 - 15.0,"[8.000000147050244, -15.000000420120347, -5.506578312775012e-08, -8.000000334423683]","{""K"": 500, ""c"": 6.0, ""exploration_rate"": 0.1, ""gamma"": 0.5, ""gp_rate"": 0.5, ""lm_iterations"": 10, ""max_constants"": 999, ""max_depth"": 6, ""max_evals"": 2000000, ""max_unary"": 999, ""mutation_rate"": 0.1, ""ops"": [""+"", ""-"", ""*"", ""/"", ""sin"", ""cos"", ""exp"", ""log"", ""R""], ""succ_error_tol"": 1e-06}","{""K"": 500, ""c"": 6.0, ""exploration_rate"": 0.1, ""gamma"": 0.5, ""gp_rate"": 0.5, ""lm_iterations"": 10, ""max_constants"": 999, ""max_depth"": 6, ""max_evals"": 2000000, ""max_unary"": 999, ""mutation_rate"": 0.1, ""ops"": [""+"", ""-"", ""*"", ""/"", ""sin"", ""cos"", ""exp"", ""log"", ""R""], ""succ_error_tol"": 1e-06}",0.5
imcts,Jin,2,Jin-2,expression,41,18942,200,100,100,2,"[""x0"", ""x1""]",8.0*x[0]**2 + 8.0*x[1]**3 - 15.0,0.9999999403953552,True,0.9999999999999998,0.9999999999999998,12.0,55135,4.80520365195116,0.0,0,x1 * x1 * (x1 - -1.62359463001e-08) * 7.99999999977 - ((-7.99999975385 * x0 - 3.4503603809e-07 * x1) * x0 - -14.9999993742),x1 * x1 * (x1 - -1.62359463001e-08) * 7.99999999977 - ((-7.99999975385 * x0 - 3.4503603809e-07 * x1) * x0 - -14.9999993742),8.0*x0**2 + 8.0*x1**3 - 15.0,"[-1.6235946300076354e-08, 7.999999999765683, -7.999999753851423, 3.450360380896238e-07, -14.999999374236026]","{""K"": 500, ""c"": 6.0, ""exploration_rate"": 0.1, ""gamma"": 0.5, ""gp_rate"": 0.5, ""lm_iterations"": 10, ""max_constants"": 999, ""max_depth"": 6, ""max_evals"": 2000000, ""max_unary"": 999, ""mutation_rate"": 0.1, ""ops"": [""+"", ""-"", ""*"", ""/"", ""sin"", ""cos"", ""exp"", ""log"", ""R""], ""succ_error_tol"": 1e-06}","{""K"": 500, ""c"": 6.0, ""exploration_rate"": 0.1, ""gamma"": 0.5, ""gp_rate"": 0.5, ""lm_iterations"": 10, ""max_constants"": 999, ""max_depth"": 6, ""max_evals"": 2000000, ""max_unary"": 999, ""mutation_rate"": 0.1, ""ops"": [""+"", ""-"", ""*"", ""/"", ""sin"", ""cos"", ""exp"", ""log"", ""R""], ""succ_error_tol"": 1e-06}",0.5
imcts,Jin,2,Jin-2,expression,42,24233,200,100,100,2,"[""x0"", ""x1""]",8.0*x[0]**2 + 8.0*x[1]**3 - 15.0,0.9999999403953552,True,0.9999999999999999,0.9999999999999999,12.0,31684,2.152422523999121,0.0,0,x1 / x1 * -14.9999992157 + x0 * x0 * 7.99999991361 + x1 * x1 * 7.99999993168 * x1,x1 / x1 * -14.9999992157 + x0 * x0 * 7.99999991361 + x1 * x1 * 7.99999993168 * x1,8.0*x0**2 + 8.0*x1**3 - 15.0,"[1.0, -15.999999215705529, 7.999999913608062, 7.999999931683166]","{""K"": 500, ""c"": 6.0, ""exploration_rate"": 0.1, ""gamma"": 0.5, ""gp_rate"": 0.5, ""lm_iterations"": 10, ""max_constants"": 999, ""max_depth"": 6, ""max_evals"": 2000000, ""max_unary"": 999, ""mutation_rate"": 0.1, ""ops"": [""+"", ""-"", ""*"", ""/"", ""sin"", ""cos"", ""exp"", ""log"", ""R""], ""succ_error_tol"": 1e-06}","{""K"": 500, ""c"": 6.0, ""exploration_rate"": 0.1, ""gamma"": 0.5, ""gp_rate"": 0.5, ""lm_iterations"": 10, ""max_constants"": 999, ""max_depth"": 6, ""max_evals"": 2000000, ""max_unary"": 999, ""mutation_rate"": 0.1, ""ops"": [""+"", ""-"", ""*"", ""/"", ""sin"", ""cos"", ""exp"", ""log"", ""R""], ""succ_error_tol"": 1e-06}",0.5
imcts,Jin,2,Jin-2,expression,43,18431,200,100,100,2,"[""x0"", ""x1""]",8.0*x[0]**2 + 8.0*x[1]**3 - 15.0,0.9999999403953552,True,0.9999999999999999,0.9999999999999999,15.0,29313,1.9319790250156075,0.0,0,7.97669781893 * x1 * 1.00292129193 * x1 * x1 + (x0 * 8.00000006471 + -10.9544511472) * (1.36930639996 + x0),7.97669781893 * x1 * 1.00292129193 * x1 * x1 + (x0 * 8.00000006471 + -10.9544511472) * (1.36930639996 + x0),8.0*x1**3 + (x0 + 1.37)*(8.0*x0 - 11.0),"[7.976697818934527, 1.0029212919258463, 8.000000064707251, -10.95445114719684, 1.369306399962189]","{""K"": 500, ""c"": 6.0, ""exploration_rate"": 0.1, ""gamma"": 0.5, ""gp_rate"": 0.5, ""lm_iterations"": 10, ""max_constants"": 999, ""max_depth"": 6, ""max_evals"": 2000000, ""max_unary"": 999, ""mutation_rate"": 0.1, ""ops"": [""+"", ""-"", ""*"", ""/"", ""sin"", ""cos"", ""exp"", ""log"", ""R""], ""succ_error_tol"": 1e-06}","{""K"": 500, ""c"": 6.0, ""exploration_rate"": 0.1, ""gamma"": 0.5, ""gp_rate"": 0.5, ""lm_iterations"": 10, ""max_constants"": 999, ""max_depth"": 6, ""max_evals"": 2000000, ""max_unary"": 999, ""mutation_rate"": 0.1, ""ops"": [""+"", ""-"", ""*"", ""/"", ""sin"", ""cos"", ""exp"", ""log"", ""R""], ""succ_error_tol"": 1e-06}",0.5
imcts,Jin,2,Jin-2,expression,44,32219,200,100,100,2,"[""x0"", ""x1""]",8.0*x[0]**2 + 8.0*x[1]**3 - 15.0,0.9999999403953552,True,0.9999999999999996,0.9999999999999996,12.0,49768,3.3911250720266253,0.0,0,-15.000001898 - x0 * -8.00000023964 * x0 - x1 * -7.99999993426 * x1 * x1,-15.000001898 - x0 * -8.00000023964 * x0 - x1 * -7.99999993426 * x1 * x1,8.0*x0**2 + 8.0*x1**3 - 15.0,"[-15.000001897951464, -8.000000239636703, -7.999999934258079]","{""K"": 500, ""c"": 6.0, ""exploration_rate"": 0.1, ""gamma"": 0.5, ""gp_rate"": 0.5, ""lm_iterations"": 10, ""max_constants"": 999, ""max_depth"": 6, ""max_evals"": 2000000, ""max_unary"": 999, ""mutation_rate"": 0.1, ""ops"": [""+"", ""-"", ""*"", ""/"", ""sin"", ""cos"", ""exp"", ""log"", ""R""], ""succ_error_tol"": 1e-06}","{""K"": 500, ""c"": 6.0, ""exploration_rate"": 0.1, ""gamma"": 0.5, ""gp_rate"": 0.5, ""lm_iterations"": 10, ""max_constants"": 999, ""max_depth"": 6, ""max_evals"": 2000000, ""max_unary"": 999, ""mutation_rate"": 0.1, ""ops"": [""+"", ""-"", ""*"", ""/"", ""sin"", ""cos"", ""exp"", ""log"", ""R""], ""succ_error_tol"": 1e-06}",0.5
imcts,Jin,2,Jin-2,expression,45,2747,200,100,100,2,"[""x0"", ""x1""]",8.0*x[0]**2 + 8.0*x[1]**3 - 15.0,0.9999999403953552,True,0.9999999999999994,0.9999999999999992,12.0,61331,4.60031817399431,0.0,0,(x0 * x0 - 1.87500002827) * 7.99999954792 - (x1 - -7.06676949907e-08) * (-7.1212344073e-07 + x1 * -7.99999979944 * x1),(x0 * x0 - 1.87500002827) * 7.99999954792 - (x1 - -7.06676949907e-08) * (-7.1212344073e-07 + x1 * -7.99999979944 * x1),8.0*x0**2 + 8.0*x1**3 - 15.0,"[1.8750000282721253, 1.0, 2.079441485170049, 1.0, -4.712388909716995, -7.121234407300069e-07, -7.999999799439904]","{""K"": 500, ""c"": 6.0, ""exploration_rate"": 0.1, ""gamma"": 0.5, ""gp_rate"": 0.5, ""lm_iterations"": 10, ""max_constants"": 999, ""max_depth"": 6, ""max_evals"": 2000000, ""max_unary"": 999, ""mutation_rate"": 0.1, ""ops"": [""+"", ""-"", ""*"", ""/"", ""sin"", ""cos"", ""exp"", ""log"", ""R""], ""succ_error_tol"": 1e-06}","{""K"": 500, ""c"": 6.0, ""exploration_rate"": 0.1, ""gamma"": 0.5, ""gp_rate"": 0.5, ""lm_iterations"": 10, ""max_constants"": 999, ""max_depth"": 6, ""max_evals"": 2000000, ""max_unary"": 999, ""mutation_rate"": 0.1, ""ops"": [""+"", ""-"", ""*"", ""/"", ""sin"", ""cos"", ""exp"", ""log"", ""R""], ""succ_error_tol"": 1e-06}",0.5
imcts,Jin,2,Jin-2,expression,46,25551,200,100,100,2,"[""x0"", ""x1""]",8.0*x[0]**2 + 8.0*x[1]**3 - 15.0,0.9999999403953552,True,1.0,1.0,12.0,46877,3.7369344389881007,0.0,0,x1 * x1 / (0.35458829916 * x1) * x1 * x1 / 0.352521503022 - 15.0000008293 + x0 * 8.00000019765 * x0,x1 * x1 / (0.35458829916 * x1) * x1 * x1 / 0.352521503022 - 15.0000008293 + x0 * 8.00000019765 * x0,8.0*x0**2 + 8.0*x1**3 - 15.0,"[0.354588299160317, 0.35252150302238355, 2.708050256389376, 8.000000197650873]","{""K"": 500, ""c"": 6.0, ""exploration_rate"": 0.1, ""gamma"": 0.5, ""gp_rate"": 0.5, ""lm_iterations"": 10, ""max_constants"": 999, ""max_depth"": 6, ""max_evals"": 2000000, ""max_unary"": 999, ""mutation_rate"": 0.1, ""ops"": [""+"", ""-"", ""*"", ""/"", ""sin"", ""cos"", ""exp"", ""log"", ""R""], ""succ_error_tol"": 1e-06}","{""K"": 500, ""c"": 6.0, ""exploration_rate"": 0.1, ""gamma"": 0.5, ""gp_rate"": 0.5, ""lm_iterations"": 10, ""max_constants"": 999, ""max_depth"": 6, ""max_evals"": 2000000, ""max_unary"": 999, ""mutation_rate"": 0.1, ""ops"": [""+"", ""-"", ""*"", ""/"", ""sin"", ""cos"", ""exp"", ""log"", ""R""], ""succ_error_tol"": 1e-06}",0.5
imcts,Jin,2,Jin-2,expression,47,26382,200,100,100,2,"[""x0"", ""x1""]",8.0*x[0]**2 + 8.0*x[1]**3 - 15.0,0.9999999403953552,True,0.9999999999999999,0.9999999999999999,12.0,62952,4.5929496479802765,0.0,0,-15.000000549 + (x0 * x0 + x1 * x1 * x1) * 8.00000005795,-15.000000549 + (x0 * x0 + x1 * x1 * x1) * 8.00000005795,8.0*x0**2 + 8.0*x1**3 - 15.0,"[0.9999999999999999, -15.000000549001665, 8.000000057948462]","{""K"": 500, ""c"": 6.0, ""exploration_rate"": 0.1, ""gamma"": 0.5, ""gp_rate"": 0.5, ""lm_iterations"": 10, ""max_constants"": 999, ""max_depth"": 6, ""max_evals"": 2000000, ""max_unary"": 999, ""mutation_rate"": 0.1, ""ops"": [""+"", ""-"", ""*"", ""/"", ""sin"", ""cos"", ""exp"", ""log"", ""R""], ""succ_error_tol"": 1e-06}","{""K"": 500, ""c"": 6.0, ""exploration_rate"": 0.1, ""gamma"": 0.5, ""gp_rate"": 0.5, ""lm_iterations"": 10, ""max_constants"": 999, ""max_depth"": 6, ""max_evals"": 2000000, ""max_unary"": 999, ""mutation_rate"": 0.1, ""ops"": [""+"", ""-"", ""*"", ""/"", ""sin"", ""cos"", ""exp"", ""log"", ""R""], ""succ_error_tol"": 1e-06}",0.5
imcts,Jin,2,Jin-2,expression,48,189,200,100,100,2,"[""x0"", ""x1""]",8.0*x[0]**2 + 8.0*x[1]**3 - 15.0,0.9999999403953552,True,0.9999999999224921,0.9999999998737492,12.0,71683,5.710884701053146,0.0,0,(-0.000137082299859 + x1 * x1) * (x1 - 7.73529401055e-06) / 0.124997639652 - -7.99999965084 * (x0 * x0 - 1.8749441434) + -2.94883278453e-05 * sin(x1) + (2.15179829374 - cos(x0)) * 2.74870588916e-06,(-0.000137082299859 + x1 * x1) * (x1 - 7.73529401055e-06) / 0.124997639652 - -7.99999965084 * (x0 * x0 - 1.8749441434) + -2.94883278453e-05 * sin(x1) + (2.15179829374 - cos(x0)) * 2.74870588916e-06,8.0*x0**2 + 8.0*x1**3 - 15.0,"[-0.0001370822998593424, 7.735294010548796e-06, 0.12499763965196908, -7.9999996508376645, 1.8749441434016347, -12.515153597584348, 12.515124109256503, 2.151798293738367, 2.7487058891644435e-06]","{""K"": 500, ""c"": 6.0, ""exploration_rate"": 0.1, ""gamma"": 0.5, ""gp_rate"": 0.5, ""lm_iterations"": 10, ""max_constants"": 999, ""max_depth"": 6, ""max_evals"": 2000000, ""max_unary"": 999, ""mutation_rate"": 0.1, ""ops"": [""+"", ""-"", ""*"", ""/"", ""sin"", ""cos"", ""exp"", ""log"", ""R""], ""succ_error_tol"": 1e-06}","{""K"": 500, ""c"": 6.0, ""exploration_rate"": 0.1, ""gamma"": 0.5, ""gp_rate"": 0.5, ""lm_iterations"": 10, ""max_constants"": 999, ""max_depth"": 6, ""max_evals"": 2000000, ""max_unary"": 999, ""mutation_rate"": 0.1, ""ops"": [""+"", ""-"", ""*"", ""/"", ""sin"", ""cos"", ""exp"", ""log"", ""R""], ""succ_error_tol"": 1e-06}",0.5
imcts,Jin,2,Jin-2,expression,49,31677,200,100,100,2,"[""x0"", ""x1""]",8.0*x[0]**2 + 8.0*x[1]**3 - 15.0,0.9999999403953552,True,0.9999999999999992,0.9999999999999993,15.0,59372,4.295461109955795,0.0,0,x1 * (x1 * 8.00000006823 * x1 - x1 * 8.87608490125e-08) + (1.36930640502 - x0 - -2.26149188454e-08 * x1) * (x1 * 8.31016175682e-08 * x1 - (x0 - -1.36930641806) * 8.00000086012),x1 * (x1 * 8.00000006823 * x1 - x1 * 8.87608490125e-08) + (1.36930640502 - x0 - -2.26149188454e-08 * x1) * (x1 * 8.31016175682e-08 * x1 - (x0 - -1.36930641806) * 8.00000086012),8.0*x1**3 + (x0 - 1.37)*(8.0*x0 + 11.0),"[8.000000068230227, 8.876084901248534e-08, 0.8334203077537776, 0.6086441315836041, -2.2614918845381565e-08, 8.310161756823114e-08, -1.3693064180637824, 8.000000860120059]","{""K"": 500, ""c"": 6.0, ""exploration_rate"": 0.1, ""gamma"": 0.5, ""gp_rate"": 0.5, ""lm_iterations"": 10, ""max_constants"": 999, ""max_depth"": 6, ""max_evals"": 2000000, ""max_unary"": 999, ""mutation_rate"": 0.1, ""ops"": [""+"", ""-"", ""*"", ""/"", ""sin"", ""cos"", ""exp"", ""log"", ""R""], ""succ_error_tol"": 1e-06}","{""K"": 500, ""c"": 6.0, ""exploration_rate"": 0.1, ""gamma"": 0.5, ""gp_rate"": 0.5, ""lm_iterations"": 10, ""max_constants"": 999, ""max_depth"": 6, ""max_evals"": 2000000, ""max_unary"": 999, ""mutation_rate"": 0.1, ""ops"": [""+"", ""-"", ""*"", ""/"", ""sin"", ""cos"", ""exp"", ""log"", ""R""], ""succ_error_tol"": 1e-06}",0.5
imcts,Jin,2,Jin-2,expression,50,19118,200,100,100,2,"[""x0"", ""x1""]",8.0*x[0]**2 + 8.0*x[1]**3 - 15.0,0.9999999403953552,True,0.9999999999999997,0.9999999999999998,12.0,34589,2.4443238110397942,0.0,0,(x1 * -1.80892263538e-08 * x1 + 10.7847925975) * 0.741785252478 * x1 * x1 * x1 - (x0 * (2.87220626224e-08 - x0) * 8.00000000333 - ((14.9999934839 + x1) * -1.00000035898 + x1)),(x1 * -1.80892263538e-08 * x1 + 10.7847925975) * 0.741785252478 * x1 * x1 * x1 - (x0 * (2.87220626224e-08 - x0) * 8.00000000333 - ((14.9999934839 + x1) * -1.00000035898 + x1)),8.0*x0**2 + 8.0*x1**3 - 15.0,"[-1.8089226353802668e-08, 10.784792597513093, 0.7417852524779541, 2.8722062622378022e-08, 4.999987612688246, -3.000012390641338, 14.99999348392807, -0.5018603547927131, -0.49814000418669346]","{""K"": 500, ""c"": 6.0, ""exploration_rate"": 0.1, ""gamma"": 0.5, ""gp_rate"": 0.5, ""lm_iterations"": 10, ""max_constants"": 999, ""max_depth"": 6, ""max_evals"": 2000000, ""max_unary"": 999, ""mutation_rate"": 0.1, ""ops"": [""+"", ""-"", ""*"", ""/"", ""sin"", ""cos"", ""exp"", ""log"", ""R""], ""succ_error_tol"": 1e-06}","{""K"": 500, ""c"": 6.0, ""exploration_rate"": 0.1, ""gamma"": 0.5, ""gp_rate"": 0.5, ""lm_iterations"": 10, ""max_constants"": 999, ""max_depth"": 6, ""max_evals"": 2000000, ""max_unary"": 999, ""mutation_rate"": 0.1, ""ops"": [""+"", ""-"", ""*"", ""/"", ""sin"", ""cos"", ""exp"", ""log"", ""R""], ""succ_error_tol"": 1e-06}",0.5
imcts,Jin,2,Jin-2,expression,51,3005,200,100,100,2,"[""x0"", ""x1""]",8.0*x[0]**2 + 8.0*x[1]**3 - 15.0,0.9999999403953552,True,0.9999999999999999,0.9999999999999999,12.0,18114,1.2008216879912652,0.0,0,x1 * x1 * 3.98596064482 / 0.498245078569 * x1 - (1.87499997193 + 8.21884869212e-08 * x1 - x0 * x0) * 7.9999999108,x1 * x1 * 3.98596064482 / 0.498245078569 * x1 - (1.87499997193 + 8.21884869212e-08 * x1 - x0 * x0) * 7.9999999108,8.0*x0**2 + 8.0*x1**3 - 15.0,"[3.985960644822006, -0.6966631973709371, 1.8749999719293915, 8.218848692118627e-08, 7.999999910796541]","{""K"": 500, ""c"": 6.0, ""exploration_rate"": 0.1, ""gamma"": 0.5, ""gp_rate"": 0.5, ""lm_iterations"": 10, ""max_constants"": 999, ""max_depth"": 6, ""max_evals"": 2000000, ""max_unary"": 999, ""mutation_rate"": 0.1, ""ops"": [""+"", ""-"", ""*"", ""/"", ""sin"", ""cos"", ""exp"", ""log"", ""R""], ""succ_error_tol"": 1e-06}","{""K"": 500, ""c"": 6.0, ""exploration_rate"": 0.1, ""gamma"": 0.5, ""gp_rate"": 0.5, ""lm_iterations"": 10, ""max_constants"": 999, ""max_depth"": 6, ""max_evals"": 2000000, ""max_unary"": 999, ""mutation_rate"": 0.1, ""ops"": [""+"", ""-"", ""*"", ""/"", ""sin"", ""cos"", ""exp"", ""log"", ""R""], ""succ_error_tol"": 1e-06}",0.5
imcts,Jin,2,Jin-2,expression,52,21042,200,100,100,2,"[""x0"", ""x1""]",8.0*x[0]**2 + 8.0*x[1]**3 - 15.0,0.9999999403953552,True,0.9999999999999997,0.9999999999999998,15.0,28680,2.0732370120240375,0.0,0,(x1 + 4.13347013015e-08) * x1 * x1 * 7.99999992718 + (8.00000001776 - (9.97361559158e-09 * x1 + -10.954451738 / x0)) * (x0 - 1.36930640317) * x0,(x1 + 4.13347013015e-08) * x1 * x1 * 7.99999992718 + (8.00000001776 - (9.97361559158e-09 * x1 + -10.954451738 / x0)) * (x0 - 1.36930640317) * x0,8.0*x1**3 + (x0 - 1.37)*(8.0*x0 + 11.0),"[7.853981592639782, 7.999999927182077, 8.000000017763467, 9.973615591580579e-09, -10.954451737993905, 1.36930640316556]","{""K"": 500, ""c"": 6.0, ""exploration_rate"": 0.1, ""gamma"": 0.5, ""gp_rate"": 0.5, ""lm_iterations"": 10, ""max_constants"": 999, ""max_depth"": 6, ""max_evals"": 2000000, ""max_unary"": 999, ""mutation_rate"": 0.1, ""ops"": [""+"", ""-"", ""*"", ""/"", ""sin"", ""cos"", ""exp"", ""log"", ""R""], ""succ_error_tol"": 1e-06}","{""K"": 500, ""c"": 6.0, ""exploration_rate"": 0.1, ""gamma"": 0.5, ""gp_rate"": 0.5, ""lm_iterations"": 10, ""max_constants"": 999, ""max_depth"": 6, ""max_evals"": 2000000, ""max_unary"": 999, ""mutation_rate"": 0.1, ""ops"": [""+"", ""-"", ""*"", ""/"", ""sin"", ""cos"", ""exp"", ""log"", ""R""], ""succ_error_tol"": 1e-06}",0.5
imcts,Jin,2,Jin-2,expression,53,1899,200,100,100,2,"[""x0"", ""x1""]",8.0*x[0]**2 + 8.0*x[1]**3 - 15.0,0.9999999403953552,True,0.9999999999813594,0.9999999999808747,17.0,53015,3.7027257549925707,0.0,0,x1 * (x1 * 0.467139182465 + 1.85736905043e-08 / x0) + -14.999999893 + x0 * 7.99999998201 * x0 + x1 * (x1 + 0.000432667654187) * (x1 - 0.0588250401997) * 7.99999979314,x1 * (x1 * 0.467139182465 + 1.85736905043e-08 / x0) + -14.999999893 + x0 * 7.99999998201 * x0 + x1 * (x1 + 0.000432667654187) * (x1 - 0.0588250401997) * 7.99999979314,8.0*x0**2 + 8.0*x1**3 - 0.00519*x1**2 - 15.0,"[0.4671391824652693, 1.857369050430623e-08, -14.999999893013468, 7.99999998201288, 0.00043266765418674587, 0.05882504019973036, 2.552943749544056, 0.31911797694454186]","{""K"": 500, ""c"": 6.0, ""exploration_rate"": 0.1, ""gamma"": 0.5, ""gp_rate"": 0.5, ""lm_iterations"": 10, ""max_constants"": 999, ""max_depth"": 6, ""max_evals"": 2000000, ""max_unary"": 999, ""mutation_rate"": 0.1, ""ops"": [""+"", ""-"", ""*"", ""/"", ""sin"", ""cos"", ""exp"", ""log"", ""R""], ""succ_error_tol"": 1e-06}","{""K"": 500, ""c"": 6.0, ""exploration_rate"": 0.1, ""gamma"": 0.5, ""gp_rate"": 0.5, ""lm_iterations"": 10, ""max_constants"": 999, ""max_depth"": 6, ""max_evals"": 2000000, ""max_unary"": 999, ""mutation_rate"": 0.1, ""ops"": [""+"", ""-"", ""*"", ""/"", ""sin"", ""cos"", ""exp"", ""log"", ""R""], ""succ_error_tol"": 1e-06}",0.5
imcts,Jin,2,Jin-2,expression,54,24118,200,100,100,2,"[""x0"", ""x1""]",8.0*x[0]**2 + 8.0*x[1]**3 - 15.0,0.9999999403953552,True,0.9999999999999998,0.9999999999999998,15.0,73006,6.069684941030573,0.0,0,x1 * 8.00000010562 * x1 * (-2.49102344849e-08 + x1) + (-5.22329609159 - -8.00000005282 * x0 + -5.73115468955) * (1.3693063893 + x0),x1 * 8.00000010562 * x1 * (-2.49102344849e-08 + x1) + (-5.22329609159 - -8.00000005282 * x0 + -5.73115468955) * (1.3693063893 + x0),8.0*x1**3 + (x0 + 1.37)*(8.0*x0 - 11.0),"[8.000000105621588, -2.491023448492432e-08, -5.223296091587876, -8.000000052815723, -5.731154689549878, 1.3693063893004378]","{""K"": 500, ""c"": 6.0, ""exploration_rate"": 0.1, ""gamma"": 0.5, ""gp_rate"": 0.5, ""lm_iterations"": 10, ""max_constants"": 999, ""max_depth"": 6, ""max_evals"": 2000000, ""max_unary"": 999, ""mutation_rate"": 0.1, ""ops"": [""+"", ""-"", ""*"", ""/"", ""sin"", ""cos"", ""exp"", ""log"", ""R""], ""succ_error_tol"": 1e-06}","{""K"": 500, ""c"": 6.0, ""exploration_rate"": 0.1, ""gamma"": 0.5, ""gp_rate"": 0.5, ""lm_iterations"": 10, ""max_constants"": 999, ""max_depth"": 6, ""max_evals"": 2000000, ""max_unary"": 999, ""mutation_rate"": 0.1, ""ops"": [""+"", ""-"", ""*"", ""/"", ""sin"", ""cos"", ""exp"", ""log"", ""R""], ""succ_error_tol"": 1e-06}",0.5
imcts,Jin,2,Jin-2,expression,55,1267,200,100,100,2,"[""x0"", ""x1""]",8.0*x[0]**2 + 8.0*x[1]**3 - 15.0,0.9999999403953552,True,0.9999999999999999,0.9999999999999999,12.0,68089,5.535613412037492,0.0,0,7.99999998881 * (x1 * x1 * x1 + x0 * x0) - exp(1.65878732125e-08 * x1) * (x1 * -1.54902381274e-07 * x1 + 14.9999997789),7.99999998881 * (x1 * x1 * x1 + x0 * x0) - exp(1.65878732125e-08 * x1) * (x1 * -1.54902381274e-07 * x1 + 14.9999997789),8.0*x0**2 + 8.0*x1**3 - 15.0,"[1.9448048697463503, 1.944804869746365, 0.472783248335183, 1.6587873212468062e-08, -1.5490238127422384e-07, 4.694982880790214, 3.1948997812718063]","{""K"": 500, ""c"": 6.0, ""exploration_rate"": 0.1, ""gamma"": 0.5, ""gp_rate"": 0.5, ""lm_iterations"": 10, ""max_constants"": 999, ""max_depth"": 6, ""max_evals"": 2000000, ""max_unary"": 999, ""mutation_rate"": 0.1, ""ops"": [""+"", ""-"", ""*"", ""/"", ""sin"", ""cos"", ""exp"", ""log"", ""R""], ""succ_error_tol"": 1e-06}","{""K"": 500, ""c"": 6.0, ""exploration_rate"": 0.1, ""gamma"": 0.5, ""gp_rate"": 0.5, ""lm_iterations"": 10, ""max_constants"": 999, ""max_depth"": 6, ""max_evals"": 2000000, ""max_unary"": 999, ""mutation_rate"": 0.1, ""ops"": [""+"", ""-"", ""*"", ""/"", ""sin"", ""cos"", ""exp"", ""log"", ""R""], ""succ_error_tol"": 1e-06}",0.5
imcts,Jin,2,Jin-2,expression,56,31551,200,100,100,2,"[""x0"", ""x1""]",8.0*x[0]**2 + 8.0*x[1]**3 - 15.0,0.9999999403953552,True,0.9999999999999998,0.9999999999999998,16.0,45257,3.6079001809703186,0.0,0,x1 * (x1 / 0.124999999047 + 2.30898830027e-07) * x1 + -14.9678327488 + (x0 + 0.0634114902165) * (-0.507291689772 - x0 * -8.00000020997),x1 * (x1 / 0.124999999047 + 2.30898830027e-07) * x1 + -14.9678327488 + (x0 + 0.0634114902165) * (-0.507291689772 - x0 * -8.00000020997),8.0*x1**3 + (x0 + 0.063)*(8.0*x0 - 0.507) - 15.0,"[0.12499999904667464, 2.3089883002654162e-07, -14.967832748802598, 0.06341149021649609, -0.8136751927666639, 1.6039592391767274, -8.000000209973892]","{""K"": 500, ""c"": 6.0, ""exploration_rate"": 0.1, ""gamma"": 0.5, ""gp_rate"": 0.5, ""lm_iterations"": 10, ""max_constants"": 999, ""max_depth"": 6, ""max_evals"": 2000000, ""max_unary"": 999, ""mutation_rate"": 0.1, ""ops"": [""+"", ""-"", ""*"", ""/"", ""sin"", ""cos"", ""exp"", ""log"", ""R""], ""succ_error_tol"": 1e-06}","{""K"": 500, ""c"": 6.0, ""exploration_rate"": 0.1, ""gamma"": 0.5, ""gp_rate"": 0.5, ""lm_iterations"": 10, ""max_constants"": 999, ""max_depth"": 6, ""max_evals"": 2000000, ""max_unary"": 999, ""mutation_rate"": 0.1, ""ops"": [""+"", ""-"", ""*"", ""/"", ""sin"", ""cos"", ""exp"", ""log"", ""R""], ""succ_error_tol"": 1e-06}",0.5
imcts,Jin,2,Jin-2,expression,57,17912,200,100,100,2,"[""x0"", ""x1""]",8.0*x[0]**2 + 8.0*x[1]**3 - 15.0,0.9999999403953552,True,0.9999999999999999,0.9999999999999999,12.0,47345,3.266182525025215,0.0,0,-14.9999997449 + x0 * x0 * 7.99999994739 - x1 * -8.00000006426 * x1 * (7.3874683398e-09 + x1),-14.9999997449 + x0 * x0 * 7.99999994739 - x1 * -8.00000006426 * x1 * (7.3874683398e-09 + x1),8.0*x0**2 + 8.0*x1**3 - 15.0,"[-14.999999744862189, 7.999999947394529, -8.000000064264373, 7.3874683397964e-09]","{""K"": 500, ""c"": 6.0, ""exploration_rate"": 0.1, ""gamma"": 0.5, ""gp_rate"": 0.5, ""lm_iterations"": 10, ""max_constants"": 999, ""max_depth"": 6, ""max_evals"": 2000000, ""max_unary"": 999, ""mutation_rate"": 0.1, ""ops"": [""+"", ""-"", ""*"", ""/"", ""sin"", ""cos"", ""exp"", ""log"", ""R""], ""succ_error_tol"": 1e-06}","{""K"": 500, ""c"": 6.0, ""exploration_rate"": 0.1, ""gamma"": 0.5, ""gp_rate"": 0.5, ""lm_iterations"": 10, ""max_constants"": 999, ""max_depth"": 6, ""max_evals"": 2000000, ""max_unary"": 999, ""mutation_rate"": 0.1, ""ops"": [""+"", ""-"", ""*"", ""/"", ""sin"", ""cos"", ""exp"", ""log"", ""R""], ""succ_error_tol"": 1e-06}",0.5
imcts,Jin,2,Jin-2,expression,58,11394,200,100,100,2,"[""x0"", ""x1""]",8.0*x[0]**2 + 8.0*x[1]**3 - 15.0,0.9999999403953552,True,0.9999999999999998,0.9999999999999998,12.0,56087,4.0393249280168675,0.0,0,-15.0000005896 + x0 - x1 * x1 * x1 * -8.00000001668 - -8.00000030976 * x0 * (x0 - 0.12499995433),-15.0000005896 + x0 - x1 * x1 * x1 * -8.00000001668 - -8.00000030976 * x0 * (x0 - 0.12499995433),8.0*x0**2 + 8.0*x1**3 - 15.0,"[-15.000000589580345, -8.0000000166754, -8.000000309758963, 0.12499995433025562]","{""K"": 500, ""c"": 6.0, ""exploration_rate"": 0.1, ""gamma"": 0.5, ""gp_rate"": 0.5, ""lm_iterations"": 10, ""max_constants"": 999, ""max_depth"": 6, ""max_evals"": 2000000, ""max_unary"": 999, ""mutation_rate"": 0.1, ""ops"": [""+"", ""-"", ""*"", ""/"", ""sin"", ""cos"", ""exp"", ""log"", ""R""], ""succ_error_tol"": 1e-06}","{""K"": 500, ""c"": 6.0, ""exploration_rate"": 0.1, ""gamma"": 0.5, ""gp_rate"": 0.5, ""lm_iterations"": 10, ""max_constants"": 999, ""max_depth"": 6, ""max_evals"": 2000000, ""max_unary"": 999, ""mutation_rate"": 0.1, ""ops"": [""+"", ""-"", ""*"", ""/"", ""sin"", ""cos"", ""exp"", ""log"", ""R""], ""succ_error_tol"": 1e-06}",0.5
imcts,Jin,2,Jin-2,expression,59,3556,200,100,100,2,"[""x0"", ""x1""]",8.0*x[0]**2 + 8.0*x[1]**3 - 15.0,0.9999999403953552,True,0.9999999999999994,0.9999999999999996,15.0,41971,2.9636625159764662,0.0,0,(1.45393974628e-07 - x1) * x1 * x1 * -7.99999954305 + 8.00000001292 * (-1.36930633272 + x0) * (x0 + 1.36930637264) - exp(x1) * -5.00719578466e-07 * x1,(1.45393974628e-07 - x1) * x1 * x1 * -7.99999954305 + 8.00000001292 * (-1.36930633272 + x0) * (x0 + 1.36930637264) - exp(x1) * -5.00719578466e-07 * x1,8.0*x1**3 + (x0 + 1.37)*(8.0*x0 - 11.0),"[1.4539397462797688e-07, -7.999999543045218, 3.030447316132718, 4.969552696784971, -1.3693063327155757, 1.369306372636677, -5.007195784661401e-07]","{""K"": 500, ""c"": 6.0, ""exploration_rate"": 0.1, ""gamma"": 0.5, ""gp_rate"": 0.5, ""lm_iterations"": 10, ""max_constants"": 999, ""max_depth"": 6, ""max_evals"": 2000000, ""max_unary"": 999, ""mutation_rate"": 0.1, ""ops"": [""+"", ""-"", ""*"", ""/"", ""sin"", ""cos"", ""exp"", ""log"", ""R""], ""succ_error_tol"": 1e-06}","{""K"": 500, ""c"": 6.0, ""exploration_rate"": 0.1, ""gamma"": 0.5, ""gp_rate"": 0.5, ""lm_iterations"": 10, ""max_constants"": 999, ""max_depth"": 6, ""max_evals"": 2000000, ""max_unary"": 999, ""mutation_rate"": 0.1, ""ops"": [""+"", ""-"", ""*"", ""/"", ""sin"", ""cos"", ""exp"", ""log"", ""R""], ""succ_error_tol"": 1e-06}",0.5
imcts,Jin,2,Jin-2,expression,60,3890,200,100,100,2,"[""x0"", ""x1""]",8.0*x[0]**2 + 8.0*x[1]**3 - 15.0,0.9999999403953552,True,0.9999999999999989,0.9999999999999988,12.0,99000,8.878413925995119,0.0,0,2 * x1 * 4.00000057308 * x1 * x1 - (sin(x1) * -7.25036438404e-06 - (-15.0000000612 + x1) + 1.00000746037 * x1 - x0 * x0 * 7.9999997286),2 * x1 * 4.00000057308 * x1 * x1 - (sin(x1) * -7.25036438404e-06 - (-15.0000000612 + x1) + 1.00000746037 * x1 - x0 * x0 * 7.9999997286),8.0*x0**2 + 8.0*x1**3 - 15.0,"[0.9999999999999998, 1.0, 4.000000573075545, -7.2503643840403785e-06, -15.000000061217035, 1.000007460374286, 7.999999728603965]","{""K"": 500, ""c"": 6.0, ""exploration_rate"": 0.1, ""gamma"": 0.5, ""gp_rate"": 0.5, ""lm_iterations"": 10, ""max_constants"": 999, ""max_depth"": 6, ""max_evals"": 2000000, ""max_unary"": 999, ""mutation_rate"": 0.1, ""ops"": [""+"", ""-"", ""*"", ""/"", ""sin"", ""cos"", ""exp"", ""log"", ""R""], ""succ_error_tol"": 1e-06}","{""K"": 500, ""c"": 6.0, ""exploration_rate"": 0.1, ""gamma"": 0.5, ""gp_rate"": 0.5, ""lm_iterations"": 10, ""max_constants"": 999, ""max_depth"": 6, ""max_evals"": 2000000, ""max_unary"": 999, ""mutation_rate"": 0.1, ""ops"": [""+"", ""-"", ""*"", ""/"", ""sin"", ""cos"", ""exp"", ""log"", ""R""], ""succ_error_tol"": 1e-06}",0.5
imcts,Jin,2,Jin-2,expression,61,8838,200,100,100,2,"[""x0"", ""x1""]",8.0*x[0]**2 + 8.0*x[1]**3 - 15.0,0.9999999403953552,True,0.9999999999999994,0.9999999999999996,12.0,31721,2.0891675019520335,0.0,0,(3.7362273038e-08 + x0) * 8.00000036003 * x0 + -15.0000012289 + 7.99999981441 * x1 * (2.99275987834e-08 + x1 * x1),(3.7362273038e-08 + x0) * 8.00000036003 * x0 + -15.0000012289 + 7.99999981441 * x1 * (2.99275987834e-08 + x1 * x1),8.0*x0**2 + 8.0*x1**3 - 15.0,"[3.736227303799758e-08, 8.00000036003476, -15.000001228932605, 7.9999998144124636, 1.0291177841971413, 2.9080829466732183e-08]","{""K"": 500, ""c"": 6.0, ""exploration_rate"": 0.1, ""gamma"": 0.5, ""gp_rate"": 0.5, ""lm_iterations"": 10, ""max_constants"": 999, ""max_depth"": 6, ""max_evals"": 2000000, ""max_unary"": 999, ""mutation_rate"": 0.1, ""ops"": [""+"", ""-"", ""*"", ""/"", ""sin"", ""cos"", ""exp"", ""log"", ""R""], ""succ_error_tol"": 1e-06}","{""K"": 500, ""c"": 6.0, ""exploration_rate"": 0.1, ""gamma"": 0.5, ""gp_rate"": 0.5, ""lm_iterations"": 10, ""max_constants"": 999, ""max_depth"": 6, ""max_evals"": 2000000, ""max_unary"": 999, ""mutation_rate"": 0.1, ""ops"": [""+"", ""-"", ""*"", ""/"", ""sin"", ""cos"", ""exp"", ""log"", ""R""], ""succ_error_tol"": 1e-06}",0.5
imcts,Jin,2,Jin-2,expression,62,30740,200,100,100,2,"[""x0"", ""x1""]",8.0*x[0]**2 + 8.0*x[1]**3 - 15.0,0.9999995827674866,True,0.9999999999998543,0.9999999999998795,16.0,92706,7.37358066503657,0.0,0,x1 * (x1 + -0.000747084660921) * 7.99999855357 * (x1 - -0.000747111091412) + -1.40314237251e-05 * sin(x1) + -15.0000001104 - -7.99999980742 * x0 * x0,x1 * (x1 + -0.000747084660921) * 7.99999855357 * (x1 - -0.000747111091412) + -1.40314237251e-05 * sin(x1) + -15.0000001104 - -7.99999980742 * x0 * x0,8.0*x0**2 + 8.0*x1*(x1 - 0.000977)*(x1 + 0.00101) - 15.0,"[-0.0007470846609209047, 7.999998553571989, -0.0007471110914122195, -7.322645894550486, -7.322631863126761, -9.87247850176097, 3.563760804307301, -1.5637608043072997, -7.999999807418309]","{""K"": 500, ""c"": 6.0, ""exploration_rate"": 0.1, ""gamma"": 0.5, ""gp_rate"": 0.5, ""lm_iterations"": 10, ""max_constants"": 999, ""max_depth"": 6, ""max_evals"": 2000000, ""max_unary"": 999, ""mutation_rate"": 0.1, ""ops"": [""+"", ""-"", ""*"", ""/"", ""sin"", ""cos"", ""exp"", ""log"", ""R""], ""succ_error_tol"": 1e-06}","{""K"": 500, ""c"": 6.0, ""exploration_rate"": 0.1, ""gamma"": 0.5, ""gp_rate"": 0.5, ""lm_iterations"": 10, ""max_constants"": 999, ""max_depth"": 6, ""max_evals"": 2000000, ""max_unary"": 999, ""mutation_rate"": 0.1, ""ops"": [""+"", ""-"", ""*"", ""/"", ""sin"", ""cos"", ""exp"", ""log"", ""R""], ""succ_error_tol"": 1e-06}",0.5
imcts,Jin,2,Jin-2,expression,63,27464,200,100,100,2,"[""x0"", ""x1""]",8.0*x[0]**2 + 8.0*x[1]**3 - 15.0,0.9999998211860657,True,0.9999999999999702,0.9999999999999712,12.0,27297,1.9219395449617878,0.0,0,x0 * 7.99999965469 * x0 - 4.70288051282 + -10.2971176104 + x1 / 0.124999977522 * x1 * (x0 * -4.22709678561e-08 + x1),x0 * 7.99999965469 * x0 - 4.70288051282 + -10.2971176104 + x1 / 0.124999977522 * x1 * (x0 * -4.22709678561e-08 + x1),8.0*x0**2 + 8.0*x1**3 - 15.0,"[7.999999654693531, 4.702880512821006, -10.29711761035194, 0.12499997752230184, -4.2270967856074e-08]","{""K"": 500, ""c"": 6.0, ""exploration_rate"": 0.1, ""gamma"": 0.5, ""gp_rate"": 0.5, ""lm_iterations"": 10, ""max_constants"": 999, ""max_depth"": 6, ""max_evals"": 2000000, ""max_unary"": 999, ""mutation_rate"": 0.1, ""ops"": [""+"", ""-"", ""*"", ""/"", ""sin"", ""cos"", ""exp"", ""log"", ""R""], ""succ_error_tol"": 1e-06}","{""K"": 500, ""c"": 6.0, ""exploration_rate"": 0.1, ""gamma"": 0.5, ""gp_rate"": 0.5, ""lm_iterations"": 10, ""max_constants"": 999, ""max_depth"": 6, ""max_evals"": 2000000, ""max_unary"": 999, ""mutation_rate"": 0.1, ""ops"": [""+"", ""-"", ""*"", ""/"", ""sin"", ""cos"", ""exp"", ""log"", ""R""], ""succ_error_tol"": 1e-06}",0.5
imcts,Jin,2,Jin-2,expression,64,14502,200,100,100,2,"[""x0"", ""x1""]",8.0*x[0]**2 + 8.0*x[1]**3 - 15.0,0.9999999403953552,True,0.9999999999999994,0.9999999999999992,12.0,92689,8.950230764981825,0.0,0,3.83857427806 * (-1.484727948e-08 + x1) * (5.81586518576e-07 - x1 * -2.08410700006 * x1) + -14.999999301 + x0 * x0 / 0.125000002834,3.83857427806 * (-1.484727948e-08 + x1) * (5.81586518576e-07 - x1 * -2.08410700006 * x1) + -14.999999301 + x0 * x0 / 0.125000002834,8.0*x0**2 + 7.99952881775395*x1**3 - 15.0,"[3.8385742780579504, -1.4847279479963087e-08, 1.0000005814866877, -2.0841070000556186, -14.999999300994848, 0.12500000283371418]","{""K"": 500, ""c"": 6.0, ""exploration_rate"": 0.1, ""gamma"": 0.5, ""gp_rate"": 0.5, ""lm_iterations"": 10, ""max_constants"": 999, ""max_depth"": 6, ""max_evals"": 2000000, ""max_unary"": 999, ""mutation_rate"": 0.1, ""ops"": [""+"", ""-"", ""*"", ""/"", ""sin"", ""cos"", ""exp"", ""log"", ""R""], ""succ_error_tol"": 1e-06}","{""K"": 500, ""c"": 6.0, ""exploration_rate"": 0.1, ""gamma"": 0.5, ""gp_rate"": 0.5, ""lm_iterations"": 10, ""max_constants"": 999, ""max_depth"": 6, ""max_evals"": 2000000, ""max_unary"": 999, ""mutation_rate"": 0.1, ""ops"": [""+"", ""-"", ""*"", ""/"", ""sin"", ""cos"", ""exp"", ""log"", ""R""], ""succ_error_tol"": 1e-06}",0.5
imcts,Jin,2,Jin-2,expression,65,21777,200,100,100,2,"[""x0"", ""x1""]",8.0*x[0]**2 + 8.0*x[1]**3 - 15.0,0.9999999403953552,True,1.0,1.0,12.0,50555,3.435117061017081,0.0,0,-8.00000001042 * (1.87499996913 - x0 * x0 - x1 * x1 * x1),-8.00000001042 * (1.87499996913 - x0 * x0 - x1 * x1 * x1),8.0*x0**2 + 8.0*x1**3 - 15.0,"[-8.00000001041615, 0.9999999999999997, 1.8749999691258035]","{""K"": 500, ""c"": 6.0, ""exploration_rate"": 0.1, ""gamma"": 0.5, ""gp_rate"": 0.5, ""lm_iterations"": 10, ""max_constants"": 999, ""max_depth"": 6, ""max_evals"": 2000000, ""max_unary"": 999, ""mutation_rate"": 0.1, ""ops"": [""+"", ""-"", ""*"", ""/"", ""sin"", ""cos"", ""exp"", ""log"", ""R""], ""succ_error_tol"": 1e-06}","{""K"": 500, ""c"": 6.0, ""exploration_rate"": 0.1, ""gamma"": 0.5, ""gp_rate"": 0.5, ""lm_iterations"": 10, ""max_constants"": 999, ""max_depth"": 6, ""max_evals"": 2000000, ""max_unary"": 999, ""mutation_rate"": 0.1, ""ops"": [""+"", ""-"", ""*"", ""/"", ""sin"", ""cos"", ""exp"", ""log"", ""R""], ""succ_error_tol"": 1e-06}",0.5
imcts,Jin,2,Jin-2,expression,66,10627,200,100,100,2,"[""x0"", ""x1""]",8.0*x[0]**2 + 8.0*x[1]**3 - 15.0,0.9999999403953552,True,0.9999999999999998,0.9999999999999999,12.0,54005,3.7173991429735906,0.0,0,x1 * -1.00000061309 + x1 + -15.0000002714 + 4.00000002015 * x1 * x1 * (x1 + x1) + x0 * x0 * 7.99999981321,x1 * -1.00000061309 + x1 + -15.0000002714 + 4.00000002015 * x1 * x1 * (x1 + x1) + x0 * x0 * 7.99999981321,8.0*x0**2 + 8.0*x1**3 - 15.0,"[-1.0000006130863763, -15.000000271372546, 4.000000020148141, 7.999999813212743]","{""K"": 500, ""c"": 6.0, ""exploration_rate"": 0.1, ""gamma"": 0.5, ""gp_rate"": 0.5, ""lm_iterations"": 10, ""max_constants"": 999, ""max_depth"": 6, ""max_evals"": 2000000, ""max_unary"": 999, ""mutation_rate"": 0.1, ""ops"": [""+"", ""-"", ""*"", ""/"", ""sin"", ""cos"", ""exp"", ""log"", ""R""], ""succ_error_tol"": 1e-06}","{""K"": 500, ""c"": 6.0, ""exploration_rate"": 0.1, ""gamma"": 0.5, ""gp_rate"": 0.5, ""lm_iterations"": 10, ""max_constants"": 999, ""max_depth"": 6, ""max_evals"": 2000000, ""max_unary"": 999, ""mutation_rate"": 0.1, ""ops"": [""+"", ""-"", ""*"", ""/"", ""sin"", ""cos"", ""exp"", ""log"", ""R""], ""succ_error_tol"": 1e-06}",0.5
imcts,Jin,2,Jin-2,expression,67,8792,200,100,100,2,"[""x0"", ""x1""]",8.0*x[0]**2 + 8.0*x[1]**3 - 15.0,0.9999999403953552,True,0.999999999993807,0.9999999999940324,12.0,28442,2.230524344020523,0.0,0,x1 * 7.999996549 * x1 * x1 - 8.93525425204 - (x0 * -8.0000007684 - x1 * 8.69166478776e-07) * ((-0.758093876925 + x0) / x0 + -1.00001319472 + x0),x1 * 7.999996549 * x1 * x1 - 8.93525425204 - (x0 * -8.0000007684 - x1 * 8.69166478776e-07) * ((-0.758093876925 + x0) / x0 + -1.00001319472 + x0),8.0*x0**2 + 8.0*x1**3 - 15.0,"[7.999996548995772, 8.935254252038568, -8.000000768397044, 8.691664787757465e-07, -0.7580938769252036, -1.0000131947183235]","{""K"": 500, ""c"": 6.0, ""exploration_rate"": 0.1, ""gamma"": 0.5, ""gp_rate"": 0.5, ""lm_iterations"": 10, ""max_constants"": 999, ""max_depth"": 6, ""max_evals"": 2000000, ""max_unary"": 999, ""mutation_rate"": 0.1, ""ops"": [""+"", ""-"", ""*"", ""/"", ""sin"", ""cos"", ""exp"", ""log"", ""R""], ""succ_error_tol"": 1e-06}","{""K"": 500, ""c"": 6.0, ""exploration_rate"": 0.1, ""gamma"": 0.5, ""gp_rate"": 0.5, ""lm_iterations"": 10, ""max_constants"": 999, ""max_depth"": 6, ""max_evals"": 2000000, ""max_unary"": 999, ""mutation_rate"": 0.1, ""ops"": [""+"", ""-"", ""*"", ""/"", ""sin"", ""cos"", ""exp"", ""log"", ""R""], ""succ_error_tol"": 1e-06}",0.5
imcts,Jin,2,Jin-2,expression,68,10555,200,100,100,2,"[""x0"", ""x1""]",8.0*x[0]**2 + 8.0*x[1]**3 - 15.0,0.9999999403953552,True,0.9999999999999997,0.9999999999999994,12.0,55772,4.698941354989074,0.0,0,x1 * x1 * 3.99999987368 * (x1 + x1) - (exp(x1) * -4.84680280914e-07 + x0 * x0 * -7.99999999269 + 15.0000002889),x1 * x1 * 3.99999987368 * (x1 + x1) - (exp(x1) * -4.84680280914e-07 + x0 * x0 * -7.99999999269 + 15.0000002889),8.0*x0**2 + 8.0*x1**3 - 15.0,"[3.999999873684722, -4.846802809138357e-07, -7.999999992692247, 15.000000288891234]","{""K"": 500, ""c"": 6.0, ""exploration_rate"": 0.1, ""gamma"": 0.5, ""gp_rate"": 0.5, ""lm_iterations"": 10, ""max_constants"": 999, ""max_depth"": 6, ""max_evals"": 2000000, ""max_unary"": 999, ""mutation_rate"": 0.1, ""ops"": [""+"", ""-"", ""*"", ""/"", ""sin"", ""cos"", ""exp"", ""log"", ""R""], ""succ_error_tol"": 1e-06}","{""K"": 500, ""c"": 6.0, ""exploration_rate"": 0.1, ""gamma"": 0.5, ""gp_rate"": 0.5, ""lm_iterations"": 10, ""max_constants"": 999, ""max_depth"": 6, ""max_evals"": 2000000, ""max_unary"": 999, ""mutation_rate"": 0.1, ""ops"": [""+"", ""-"", ""*"", ""/"", ""sin"", ""cos"", ""exp"", ""log"", ""R""], ""succ_error_tol"": 1e-06}",0.5
imcts,Jin,2,Jin-2,expression,69,10253,200,100,100,2,"[""x0"", ""x1""]",8.0*x[0]**2 + 8.0*x[1]**3 - 15.0,0.9999999403953552,True,0.9999999999999973,0.999999999999997,16.0,42667,3.0886484709917568,0.0,0,(x0 * x0 + -1.87500008085) * 8.00000003842 + ((x1 - 0.250357584776) * 7.99999977316 * x1 + x1 + x1) * (0.000357547840521 + x1),(x0 * x0 + -1.87500008085) * 8.00000003842 + ((x1 - 0.250357584776) * 7.99999977316 * x1 + x1 + x1) * (0.000357547840521 + x1),8.0*x0**2 + x1**2*(8.0*x1 - 0.00293) - 15.0,"[-1.8750000808450082, 1.948200129694905, 2.9621975430140015, 0.25035758477595466, 7.999999773157189, 0.00035754784052076816]","{""K"": 500, ""c"": 6.0, ""exploration_rate"": 0.1, ""gamma"": 0.5, ""gp_rate"": 0.5, ""lm_iterations"": 10, ""max_constants"": 999, ""max_depth"": 6, ""max_evals"": 2000000, ""max_unary"": 999, ""mutation_rate"": 0.1, ""ops"": [""+"", ""-"", ""*"", ""/"", ""sin"", ""cos"", ""exp"", ""log"", ""R""], ""succ_error_tol"": 1e-06}","{""K"": 500, ""c"": 6.0, ""exploration_rate"": 0.1, ""gamma"": 0.5, ""gp_rate"": 0.5, ""lm_iterations"": 10, ""max_constants"": 999, ""max_depth"": 6, ""max_evals"": 2000000, ""max_unary"": 999, ""mutation_rate"": 0.1, ""ops"": [""+"", ""-"", ""*"", ""/"", ""sin"", ""cos"", ""exp"", ""log"", ""R""], ""succ_error_tol"": 1e-06}",0.5
imcts,Jin,2,Jin-2,expression,70,8433,200,100,100,2,"[""x0"", ""x1""]",8.0*x[0]**2 + 8.0*x[1]**3 - 15.0,0.9999999403953552,True,1.0,1.0,12.0,52280,3.7944094029953703,0.0,0,7.99999991697 * (-0.045528970659 + x0) * x0 + 0.477341368691 / (1.31054259073 / x0) - -6.83065992702e-08 * x1 + 7.99999994645 * x1 * x1 * x1 + -14.9999999077,7.99999991697 * (-0.045528970659 + x0) * x0 + 0.477341368691 / (1.31054259073 / x0) - -6.83065992702e-08 * x1 + 7.99999994645 * x1 * x1 * x1 + -14.9999999077,8.0*x0**2 + 8.0*x1**3 - 15.0,"[2.0794415313015304, -0.045528970658954136, 0.4773413686913953, 1.3105425907300474, -6.830659927019294e-08, 2.079441534986126, -14.999999907692402]","{""K"": 500, ""c"": 6.0, ""exploration_rate"": 0.1, ""gamma"": 0.5, ""gp_rate"": 0.5, ""lm_iterations"": 10, ""max_constants"": 999, ""max_depth"": 6, ""max_evals"": 2000000, ""max_unary"": 999, ""mutation_rate"": 0.1, ""ops"": [""+"", ""-"", ""*"", ""/"", ""sin"", ""cos"", ""exp"", ""log"", ""R""], ""succ_error_tol"": 1e-06}","{""K"": 500, ""c"": 6.0, ""exploration_rate"": 0.1, ""gamma"": 0.5, ""gp_rate"": 0.5, ""lm_iterations"": 10, ""max_constants"": 999, ""max_depth"": 6, ""max_evals"": 2000000, ""max_unary"": 999, ""mutation_rate"": 0.1, ""ops"": [""+"", ""-"", ""*"", ""/"", ""sin"", ""cos"", ""exp"", ""log"", ""R""], ""succ_error_tol"": 1e-06}",0.5
imcts,Jin,2,Jin-2,expression,71,10233,200,100,100,2,"[""x0"", ""x1""]",8.0*x[0]**2 + 8.0*x[1]**3 - 15.0,0.9999999403953552,True,0.9999999999999996,0.9999999999999994,12.0,60913,4.699903251021169,0.0,0,x1 * (x1 * x1 / 0.124999998686 + -15.0000007195 / x1) + (1.02397674988 - (1.02397683792 - x0)) * x0 / 0.125000000044,x1 * (x1 * x1 / 0.124999998686 + -15.0000007195 / x1) + (1.02397674988 - (1.02397683792 - x0)) * x0 / 0.125000000044,8.0*x0**2 + 8.0*x1**3 - 15.0,"[0.12499999868591688, -3.54134856850127, 11.458652151011519, 1.0239767498774264, 1.023976837921333, 0.12500000004399744]","{""K"": 500, ""c"": 6.0, ""exploration_rate"": 0.1, ""gamma"": 0.5, ""gp_rate"": 0.5, ""lm_iterations"": 10, ""max_constants"": 999, ""max_depth"": 6, ""max_evals"": 2000000, ""max_unary"": 999, ""mutation_rate"": 0.1, ""ops"": [""+"", ""-"", ""*"", ""/"", ""sin"", ""cos"", ""exp"", ""log"", ""R""], ""succ_error_tol"": 1e-06}","{""K"": 500, ""c"": 6.0, ""exploration_rate"": 0.1, ""gamma"": 0.5, ""gp_rate"": 0.5, ""lm_iterations"": 10, ""max_constants"": 999, ""max_depth"": 6, ""max_evals"": 2000000, ""max_unary"": 999, ""mutation_rate"": 0.1, ""ops"": [""+"", ""-"", ""*"", ""/"", ""sin"", ""cos"", ""exp"", ""log"", ""R""], ""succ_error_tol"": 1e-06}",0.5
imcts,Jin,2,Jin-2,expression,72,11016,200,100,100,2,"[""x0"", ""x1""]",8.0*x[0]**2 + 8.0*x[1]**3 - 15.0,0.9999999403953552,True,0.9999999999999997,0.9999999999999997,12.0,44408,3.181916581990663,0.0,0,7.99999992427 * x0 * x0 - (15.0000007205 - 7.99999989283 * x1 * x1 * x1),7.99999992427 * x0 * x0 - (15.0000007205 - 7.99999989283 * x1 * x1 * x1),8.0*x0**2 + 8.0*x1**3 - 15.0,"[7.999999924265842, 1.0, -14.000000720527721, 7.9999998928289955, 0.9999999999999999]","{""K"": 500, ""c"": 6.0, ""exploration_rate"": 0.1, ""gamma"": 0.5, ""gp_rate"": 0.5, ""lm_iterations"": 10, ""max_constants"": 999, ""max_depth"": 6, ""max_evals"": 2000000, ""max_unary"": 999, ""mutation_rate"": 0.1, ""ops"": [""+"", ""-"", ""*"", ""/"", ""sin"", ""cos"", ""exp"", ""log"", ""R""], ""succ_error_tol"": 1e-06}","{""K"": 500, ""c"": 6.0, ""exploration_rate"": 0.1, ""gamma"": 0.5, ""gp_rate"": 0.5, ""lm_iterations"": 10, ""max_constants"": 999, ""max_depth"": 6, ""max_evals"": 2000000, ""max_unary"": 999, ""mutation_rate"": 0.1, ""ops"": [""+"", ""-"", ""*"", ""/"", ""sin"", ""cos"", ""exp"", ""log"", ""R""], ""succ_error_tol"": 1e-06}",0.5
imcts,Jin,2,Jin-2,expression,73,23897,200,100,100,2,"[""x0"", ""x1""]",8.0*x[0]**2 + 8.0*x[1]**3 - 15.0,0.9999999403953552,True,0.9999999999999994,0.9999999999999993,12.0,62205,4.620033761952072,0.0,0,1.00000008269e-10 + (-5.5474927653e-08 + x1) * x1 * x1 * 8.00000000765 - 8.00000051819 * (1.87500000206 - x0 * x0),1.00000008269e-10 + (-5.5474927653e-08 + x1) * x1 * x1 * 8.00000000765 - 8.00000051819 * (1.87500000206 - x0 * x0),8.0*x0**2 + 8.0*x1**3 - 15.0,"[-655.1531991557439, -5.547492765303566e-08, 21.106115756273116, -8.633264109795938, 8.000000518194582, 1.875000002055464]","{""K"": 500, ""c"": 6.0, ""exploration_rate"": 0.1, ""gamma"": 0.5, ""gp_rate"": 0.5, ""lm_iterations"": 10, ""max_constants"": 999, ""max_depth"": 6, ""max_evals"": 2000000, ""max_unary"": 999, ""mutation_rate"": 0.1, ""ops"": [""+"", ""-"", ""*"", ""/"", ""sin"", ""cos"", ""exp"", ""log"", ""R""], ""succ_error_tol"": 1e-06}","{""K"": 500, ""c"": 6.0, ""exploration_rate"": 0.1, ""gamma"": 0.5, ""gp_rate"": 0.5, ""lm_iterations"": 10, ""max_constants"": 999, ""max_depth"": 6, ""max_evals"": 2000000, ""max_unary"": 999, ""mutation_rate"": 0.1, ""ops"": [""+"", ""-"", ""*"", ""/"", ""sin"", ""cos"", ""exp"", ""log"", ""R""], ""succ_error_tol"": 1e-06}",0.5
imcts,Jin,2,Jin-2,expression,74,2612,200,100,100,2,"[""x0"", ""x1""]",8.0*x[0]**2 + 8.0*x[1]**3 - 15.0,0.9999999403953552,True,0.9999999999999998,0.9999999999999998,12.0,31244,1.9586876269895583,0.0,0,x1 * x1 * x1 * 8.00000003397 - 15.000001717 - x0 * (x0 - x0 * 9.00000034509),x1 * x1 * x1 * 8.00000003397 - 15.000001717 - x0 * (x0 - x0 * 9.00000034509),8.0*x0**2 + 8.0*x1**3 - 15.0,"[8.00000003396706, 15.000001717043975, 9.000000345086923]","{""K"": 500, ""c"": 6.0, ""exploration_rate"": 0.1, ""gamma"": 0.5, ""gp_rate"": 0.5, ""lm_iterations"": 10, ""max_constants"": 999, ""max_depth"": 6, ""max_evals"": 2000000, ""max_unary"": 999, ""mutation_rate"": 0.1, ""ops"": [""+"", ""-"", ""*"", ""/"", ""sin"", ""cos"", ""exp"", ""log"", ""R""], ""succ_error_tol"": 1e-06}","{""K"": 500, ""c"": 6.0, ""exploration_rate"": 0.1, ""gamma"": 0.5, ""gp_rate"": 0.5, ""lm_iterations"": 10, ""max_constants"": 999, ""max_depth"": 6, ""max_evals"": 2000000, ""max_unary"": 999, ""mutation_rate"": 0.1, ""ops"": [""+"", ""-"", ""*"", ""/"", ""sin"", ""cos"", ""exp"", ""log"", ""R""], ""succ_error_tol"": 1e-06}",0.5
imcts,Jin,2,Jin-2,expression,75,23425,200,100,100,2,"[""x0"", ""x1""]",8.0*x[0]**2 + 8.0*x[1]**3 - 15.0,0.9999999403953552,True,0.9999999999999996,0.9999999999999997,16.0,38500,2.6711807629908435,0.0,0,(x0 + x0 + 2.73861273512 + sin(x1 * 8.68187328434e-08)) * (x0 - 1.36930636244) * 3.99999982579 - x1 * -8.00000008846 * x1 * x1,(x0 + x0 + 2.73861273512 + sin(x1 * 8.68187328434e-08)) * (x0 - 1.36930636244) * 3.99999982579 - x1 * -8.00000008846 * x1 * x1,8.0*x1**3 + 4.0*(x0 - 1.37)*(2*x0 + 2.74),"[2.7386127351157588, 8.681873284340206e-08, 1.36930636243881, 3.999999825790088, -8.0000000884576]","{""K"": 500, ""c"": 6.0, ""exploration_rate"": 0.1, ""gamma"": 0.5, ""gp_rate"": 0.5, ""lm_iterations"": 10, ""max_constants"": 999, ""max_depth"": 6, ""max_evals"": 2000000, ""max_unary"": 999, ""mutation_rate"": 0.1, ""ops"": [""+"", ""-"", ""*"", ""/"", ""sin"", ""cos"", ""exp"", ""log"", ""R""], ""succ_error_tol"": 1e-06}","{""K"": 500, ""c"": 6.0, ""exploration_rate"": 0.1, ""gamma"": 0.5, ""gp_rate"": 0.5, ""lm_iterations"": 10, ""max_constants"": 999, ""max_depth"": 6, ""max_evals"": 2000000, ""max_unary"": 999, ""mutation_rate"": 0.1, ""ops"": [""+"", ""-"", ""*"", ""/"", ""sin"", ""cos"", ""exp"", ""log"", ""R""], ""succ_error_tol"": 1e-06}",0.5
imcts,Jin,2,Jin-2,expression,76,25939,200,100,100,2,"[""x0"", ""x1""]",8.0*x[0]**2 + 8.0*x[1]**3 - 15.0,0.9999999403953552,True,0.9999999999999977,0.9999999999999982,17.0,50350,4.311151338974014,0.0,0,0.994532759711 * 2.576511782 * (x0 - 1.36930636991) * (x0 * 3.12204215166 - -4.96910769296 - 0.694075516548) + x1 * 2.82820680941 * x1 * 2.82864758957 * (x1 + -5.88377414936e-08),0.994532759711 * 2.576511782 * (x0 - 1.36930636991) * (x0 * 3.12204215166 - -4.96910769296 - 0.694075516548) + x1 * 2.82820680941 * x1 * 2.82864758957 * (x1 + -5.88377414936e-08),8.0*x1**3 + (2.56*x0 - 3.51)*(3.12*x0 + 4.28),"[0.10461576698199515, 2.57651178200472, 1.369306369909778, 3.122042151660367, -4.96910769296149, 5.479523905639647, 2.828206809411012, 2.828647589566719, -5.883774149361002e-08]","{""K"": 500, ""c"": 6.0, ""exploration_rate"": 0.1, ""gamma"": 0.5, ""gp_rate"": 0.5, ""lm_iterations"": 10, ""max_constants"": 999, ""max_depth"": 6, ""max_evals"": 2000000, ""max_unary"": 999, ""mutation_rate"": 0.1, ""ops"": [""+"", ""-"", ""*"", ""/"", ""sin"", ""cos"", ""exp"", ""log"", ""R""], ""succ_error_tol"": 1e-06}","{""K"": 500, ""c"": 6.0, ""exploration_rate"": 0.1, ""gamma"": 0.5, ""gp_rate"": 0.5, ""lm_iterations"": 10, ""max_constants"": 999, ""max_depth"": 6, ""max_evals"": 2000000, ""max_unary"": 999, ""mutation_rate"": 0.1, ""ops"": [""+"", ""-"", ""*"", ""/"", ""sin"", ""cos"", ""exp"", ""log"", ""R""], ""succ_error_tol"": 1e-06}",0.5
imcts,Jin,2,Jin-2,expression,77,22619,200,100,100,2,"[""x0"", ""x1""]",8.0*x[0]**2 + 8.0*x[1]**3 - 15.0,0.9999999403953552,True,0.9999999999999993,0.9999999999999993,12.0,130420,12.362383706029505,0.0,0,8.00000003034 * (-1.27184865821 + x0 * x0 * 0.99999998987 + (8.85731801556e-08 + x1) * x1 * x1 + -0.603151455834),8.00000003034 * (-1.27184865821 + x0 * x0 * 0.99999998987 + (8.85731801556e-08 + x1) * x1 * x1 + -0.603151455834),8.0*x0**2 + 8.0*x1**3 - 15.0,"[8.000000030342566, -1.2718486582071322, 2.7182818008221745, 8.857318015557707e-08, -0.6031514558343245]","{""K"": 500, ""c"": 6.0, ""exploration_rate"": 0.1, ""gamma"": 0.5, ""gp_rate"": 0.5, ""lm_iterations"": 10, ""max_constants"": 999, ""max_depth"": 6, ""max_evals"": 2000000, ""max_unary"": 999, ""mutation_rate"": 0.1, ""ops"": [""+"", ""-"", ""*"", ""/"", ""sin"", ""cos"", ""exp"", ""log"", ""R""], ""succ_error_tol"": 1e-06}","{""K"": 500, ""c"": 6.0, ""exploration_rate"": 0.1, ""gamma"": 0.5, ""gp_rate"": 0.5, ""lm_iterations"": 10, ""max_constants"": 999, ""max_depth"": 6, ""max_evals"": 2000000, ""max_unary"": 999, ""mutation_rate"": 0.1, ""ops"": [""+"", ""-"", ""*"", ""/"", ""sin"", ""cos"", ""exp"", ""log"", ""R""], ""succ_error_tol"": 1e-06}",0.5
imcts,Jin,2,Jin-2,expression,78,21870,200,100,100,2,"[""x0"", ""x1""]",8.0*x[0]**2 + 8.0*x[1]**3 - 15.0,0.9999999403953552,True,0.9999999999999998,0.9999999999999998,12.0,50612,3.601164113963023,0.0,0,-14.9999989758 - -7.99999983086 * x0 * x0 + 7.99999989264 * (x1 - 3.55222743234e-08) * x1 * x1,-14.9999989758 - -7.99999983086 * x0 * x0 + 7.99999989264 * (x1 - 3.55222743234e-08) * x1 * x1,8.0*x0**2 + 8.0*x1**3 - 15.0,"[-14.999998975768928, -7.999999830864979, 7.999999892639649, 3.552227432340738e-08]","{""K"": 500, ""c"": 6.0, ""exploration_rate"": 0.1, ""gamma"": 0.5, ""gp_rate"": 0.5, ""lm_iterations"": 10, ""max_constants"": 999, ""max_depth"": 6, ""max_evals"": 2000000, ""max_unary"": 999, ""mutation_rate"": 0.1, ""ops"": [""+"", ""-"", ""*"", ""/"", ""sin"", ""cos"", ""exp"", ""log"", ""R""], ""succ_error_tol"": 1e-06}","{""K"": 500, ""c"": 6.0, ""exploration_rate"": 0.1, ""gamma"": 0.5, ""gp_rate"": 0.5, ""lm_iterations"": 10, ""max_constants"": 999, ""max_depth"": 6, ""max_evals"": 2000000, ""max_unary"": 999, ""mutation_rate"": 0.1, ""ops"": [""+"", ""-"", ""*"", ""/"", ""sin"", ""cos"", ""exp"", ""log"", ""R""], ""succ_error_tol"": 1e-06}",0.5
imcts,Jin,2,Jin-2,expression,79,23483,200,100,100,2,"[""x0"", ""x1""]",8.0*x[0]**2 + 8.0*x[1]**3 - 15.0,0.9999999403953552,True,0.9999999999999972,0.9999999999999969,12.0,70784,5.516415789024904,0.0,0,8.00000029709 * x0 * x0 + x1 * x1 * 7.99999671015 * x1 - (15.0000003703 - 2.50190758961e-05 * (x1 - sin(x1))),8.00000029709 * x0 * x0 + x1 * x1 * 7.99999671015 * x1 - (15.0000003703 - 2.50190758961e-05 * (x1 - sin(x1))),8.0*x0**2 + 8.0*x1**3 - 15.0,"[8.000000297088338, 7.999996710145344, 1.0, 15.000000370310234, 1.0000250190758961, 1.0]","{""K"": 500, ""c"": 6.0, ""exploration_rate"": 0.1, ""gamma"": 0.5, ""gp_rate"": 0.5, ""lm_iterations"": 10, ""max_constants"": 999, ""max_depth"": 6, ""max_evals"": 2000000, ""max_unary"": 999, ""mutation_rate"": 0.1, ""ops"": [""+"", ""-"", ""*"", ""/"", ""sin"", ""cos"", ""exp"", ""log"", ""R""], ""succ_error_tol"": 1e-06}","{""K"": 500, ""c"": 6.0, ""exploration_rate"": 0.1, ""gamma"": 0.5, ""gp_rate"": 0.5, ""lm_iterations"": 10, ""max_constants"": 999, ""max_depth"": 6, ""max_evals"": 2000000, ""max_unary"": 999, ""mutation_rate"": 0.1, ""ops"": [""+"", ""-"", ""*"", ""/"", ""sin"", ""cos"", ""exp"", ""log"", ""R""], ""succ_error_tol"": 1e-06}",0.5
imcts,Jin,2,Jin-2,expression,80,26054,200,100,100,2,"[""x0"", ""x1""]",8.0*x[0]**2 + 8.0*x[1]**3 - 15.0,0.9999997615814209,True,0.9999999999999685,0.9999999999999657,12.0,57226,3.9457441890263,0.0,0,(x1 * x1 * x1 * 0.999999798615 + x0 * x0 + -1.87499996129) / 0.124999996527 - (x1 * 6.81774480447e-07 - x1 * x1 * -1.17976558197e-09),(x1 * x1 * x1 * 0.999999798615 + x0 * x0 + -1.87499996129) / 0.124999996527 - (x1 * 6.81774480447e-07 - x1 * x1 * -1.17976558197e-09),8.0*x0**2 + 8.0*x1**3 - 15.0,"[0.9999997986148927, -1.8749999612856045, -2.079441569460314, 6.817744804466534e-07, -1.179765581973729e-09]","{""K"": 500, ""c"": 6.0, ""exploration_rate"": 0.1, ""gamma"": 0.5, ""gp_rate"": 0.5, ""lm_iterations"": 10, ""max_constants"": 999, ""max_depth"": 6, ""max_evals"": 2000000, ""max_unary"": 999, ""mutation_rate"": 0.1, ""ops"": [""+"", ""-"", ""*"", ""/"", ""sin"", ""cos"", ""exp"", ""log"", ""R""], ""succ_error_tol"": 1e-06}","{""K"": 500, ""c"": 6.0, ""exploration_rate"": 0.1, ""gamma"": 0.5, ""gp_rate"": 0.5, ""lm_iterations"": 10, ""max_constants"": 999, ""max_depth"": 6, ""max_evals"": 2000000, ""max_unary"": 999, ""mutation_rate"": 0.1, ""ops"": [""+"", ""-"", ""*"", ""/"", ""sin"", ""cos"", ""exp"", ""log"", ""R""], ""succ_error_tol"": 1e-06}",0.5
imcts,Jin,2,Jin-2,expression,81,15787,200,100,100,2,"[""x0"", ""x1""]",8.0*x[0]**2 + 8.0*x[1]**3 - 15.0,0.9999999403953552,True,0.9999999999999993,0.9999999999999997,16.0,85216,7.274752260011155,0.0,0,(-4.22706741841e-08 * x1 - -8.99999987342 - 1) * x1 * x1 * x1 + (x0 * 7.99999982804 - 10.5830048779) * (1.32287564902 + x0) - (x1 + 1 - x1),(-4.22706741841e-08 * x1 - -8.99999987342 - 1) * x1 * x1 * x1 + (x0 * 7.99999982804 - 10.5830048779) * (1.32287564902 + x0) - (x1 + 1 - x1),8.0*x1**3 + (x0 + 1.32)*(8.0*x0 - 10.6) - 1,"[-4.227067418414061e-08, -8.999999873419252, 0.9999999999999951, 7.999999828040229, 10.58300487789498, 1.3228756490187648, 1.0]","{""K"": 500, ""c"": 6.0, ""exploration_rate"": 0.1, ""gamma"": 0.5, ""gp_rate"": 0.5, ""lm_iterations"": 10, ""max_constants"": 999, ""max_depth"": 6, ""max_evals"": 2000000, ""max_unary"": 999, ""mutation_rate"": 0.1, ""ops"": [""+"", ""-"", ""*"", ""/"", ""sin"", ""cos"", ""exp"", ""log"", ""R""], ""succ_error_tol"": 1e-06}","{""K"": 500, ""c"": 6.0, ""exploration_rate"": 0.1, ""gamma"": 0.5, ""gp_rate"": 0.5, ""lm_iterations"": 10, ""max_constants"": 999, ""max_depth"": 6, ""max_evals"": 2000000, ""max_unary"": 999, ""mutation_rate"": 0.1, ""ops"": [""+"", ""-"", ""*"", ""/"", ""sin"", ""cos"", ""exp"", ""log"", ""R""], ""succ_error_tol"": 1e-06}",0.5
imcts,Jin,2,Jin-2,expression,82,27132,200,100,100,2,"[""x0"", ""x1""]",8.0*x[0]**2 + 8.0*x[1]**3 - 15.0,0.9999999403953552,True,0.9999999999999998,0.9999999999999998,12.0,169079,18.27388782298658,0.0,0,2.29143946939 * x1 * x1 * (3.4912551105 * x1 + 4.18707274755e-08) + -14.9999996839 + x1 - (x1 / 8.2520519279 + x1 * 0.878816787828) + (-23.3499414502 * x0 / -2.91874273952 + 2.7418177093e-07) * x0,2.29143946939 * x1 * x1 * (3.4912551105 * x1 + 4.18707274755e-08) + -14.9999996839 + x1 - (x1 / 8.2520519279 + x1 * 0.878816787828) + (-23.3499414502 * x0 / -2.91874273952 + 2.7418177093e-07) * x0,8.0*x0**2 + 7.9985200090166*x1**3 - 15.0,"[2.2914394693913755, 3.4912551105026486, 0.020368958936670643, -0.020368917065943168, -14.999999683922042, 8.25205192790393, 0.8788167878284306, -23.34994145018024, -2.9187427395150283, 2.741817709304641e-07]","{""K"": 500, ""c"": 6.0, ""exploration_rate"": 0.1, ""gamma"": 0.5, ""gp_rate"": 0.5, ""lm_iterations"": 10, ""max_constants"": 999, ""max_depth"": 6, ""max_evals"": 2000000, ""max_unary"": 999, ""mutation_rate"": 0.1, ""ops"": [""+"", ""-"", ""*"", ""/"", ""sin"", ""cos"", ""exp"", ""log"", ""R""], ""succ_error_tol"": 1e-06}","{""K"": 500, ""c"": 6.0, ""exploration_rate"": 0.1, ""gamma"": 0.5, ""gp_rate"": 0.5, ""lm_iterations"": 10, ""max_constants"": 999, ""max_depth"": 6, ""max_evals"": 2000000, ""max_unary"": 999, ""mutation_rate"": 0.1, ""ops"": [""+"", ""-"", ""*"", ""/"", ""sin"", ""cos"", ""exp"", ""log"", ""R""], ""succ_error_tol"": 1e-06}",0.5
imcts,Jin,2,Jin-2,expression,83,17159,200,100,100,2,"[""x0"", ""x1""]",8.0*x[0]**2 + 8.0*x[1]**3 - 15.0,0.9999999403953552,True,0.9999999999999994,0.9999999999999994,16.0,34770,2.2630900330259465,0.0,0,x1 / 0.353956635401 * x1 / 0.353150597931 * x1 - (x0 / 0.476770413208 + -2.87204567635) * (x0 + 1.36930633786) * -3.81416321803,x1 / 0.353956635401 * x1 / 0.353150597931 * x1 - (x0 / 0.476770413208 + -2.87204567635) * (x0 + 1.36930633786) * -3.81416321803,8.0*x1**3 + 3.81*(x0 + 1.37)*(2.1*x0 - 2.87),"[0.35395663540067246, 0.3531505979313831, 0.4767704132076442, -2.8720456763503024, 1.3693063378554775, -3.8141632180272875]","{""K"": 500, ""c"": 6.0, ""exploration_rate"": 0.1, ""gamma"": 0.5, ""gp_rate"": 0.5, ""lm_iterations"": 10, ""max_constants"": 999, ""max_depth"": 6, ""max_evals"": 2000000, ""max_unary"": 999, ""mutation_rate"": 0.1, ""ops"": [""+"", ""-"", ""*"", ""/"", ""sin"", ""cos"", ""exp"", ""log"", ""R""], ""succ_error_tol"": 1e-06}","{""K"": 500, ""c"": 6.0, ""exploration_rate"": 0.1, ""gamma"": 0.5, ""gp_rate"": 0.5, ""lm_iterations"": 10, ""max_constants"": 999, ""max_depth"": 6, ""max_evals"": 2000000, ""max_unary"": 999, ""mutation_rate"": 0.1, ""ops"": [""+"", ""-"", ""*"", ""/"", ""sin"", ""cos"", ""exp"", ""log"", ""R""], ""succ_error_tol"": 1e-06}",0.5
imcts,Jin,2,Jin-2,expression,84,12206,200,100,100,2,"[""x0"", ""x1""]",8.0*x[0]**2 + 8.0*x[1]**3 - 15.0,0.9999999403953552,True,0.9999999999999982,0.9999999999999982,12.0,22440,1.5498254330013879,0.0,0,6.99999975998 * (x0 * x0 - 0.543300862729) + x0 * x0 + -11.1968943933 + x1 * -7.99999938754 * (0.999994458291 - (0.999994716491 + x1 * x1)),6.99999975998 * (x0 * x0 - 0.543300862729) + x0 * x0 + -11.1968943933 + x1 * -7.99999938754 * (0.999994458291 - (0.999994716491 + x1 * x1)),8.0*x0**2 + 8.0*x1**3 - 15.0,"[6.99999975997789, 0.9964324360174197, -11.239670150687015, 0.996194215952454, -7.999999387539769, -0.0033291783333068824, 3.661189046986367, 3.6612083910122317]","{""K"": 500, ""c"": 6.0, ""exploration_rate"": 0.1, ""gamma"": 0.5, ""gp_rate"": 0.5, ""lm_iterations"": 10, ""max_constants"": 999, ""max_depth"": 6, ""max_evals"": 2000000, ""max_unary"": 999, ""mutation_rate"": 0.1, ""ops"": [""+"", ""-"", ""*"", ""/"", ""sin"", ""cos"", ""exp"", ""log"", ""R""], ""succ_error_tol"": 1e-06}","{""K"": 500, ""c"": 6.0, ""exploration_rate"": 0.1, ""gamma"": 0.5, ""gp_rate"": 0.5, ""lm_iterations"": 10, ""max_constants"": 999, ""max_depth"": 6, ""max_evals"": 2000000, ""max_unary"": 999, ""mutation_rate"": 0.1, ""ops"": [""+"", ""-"", ""*"", ""/"", ""sin"", ""cos"", ""exp"", ""log"", ""R""], ""succ_error_tol"": 1e-06}",0.5
imcts,Jin,2,Jin-2,expression,85,8226,200,100,100,2,"[""x0"", ""x1""]",8.0*x[0]**2 + 8.0*x[1]**3 - 15.0,0.9999999403953552,True,0.9999999999999987,0.9999999999999987,15.0,46758,3.4965501849655993,0.0,0,(x0 + 1.36930627162) * (-10.9544506948 + x0 * 8.00000012533) - 2 * -4.03263003105 * x1 * x1 * x1 * 0.991908525673,(x0 + 1.36930627162) * (-10.9544506948 + x0 * 8.00000012533) - 2 * -4.03263003105 * x1 * x1 * x1 * 0.991908525673,8.0*x1**3 + (x0 + 1.37)*(8.0*x0 - 11.0),"[1.369306271617142, -10.954450694784986, 8.000000125333477, 1.0, 1.0, -4.032630031051604, 0.9919085256729191]","{""K"": 500, ""c"": 6.0, ""exploration_rate"": 0.1, ""gamma"": 0.5, ""gp_rate"": 0.5, ""lm_iterations"": 10, ""max_constants"": 999, ""max_depth"": 6, ""max_evals"": 2000000, ""max_unary"": 999, ""mutation_rate"": 0.1, ""ops"": [""+"", ""-"", ""*"", ""/"", ""sin"", ""cos"", ""exp"", ""log"", ""R""], ""succ_error_tol"": 1e-06}","{""K"": 500, ""c"": 6.0, ""exploration_rate"": 0.1, ""gamma"": 0.5, ""gp_rate"": 0.5, ""lm_iterations"": 10, ""max_constants"": 999, ""max_depth"": 6, ""max_evals"": 2000000, ""max_unary"": 999, ""mutation_rate"": 0.1, ""ops"": [""+"", ""-"", ""*"", ""/"", ""sin"", ""cos"", ""exp"", ""log"", ""R""], ""succ_error_tol"": 1e-06}",0.5
imcts,Jin,2,Jin-2,expression,86,14541,200,100,100,2,"[""x0"", ""x1""]",8.0*x[0]**2 + 8.0*x[1]**3 - 15.0,0.9999999403953552,True,0.9999999999999993,0.9999999999999992,15.0,41487,2.8635635689715855,0.0,0,-8.00000042272 * ((-4.51634642871e-08 - x0) * x0 - (0.512202305926 - 9.80787439652 * x1)) - (x1 * (-0.241952290244 - x1) - 9.86641638151) * (0.00498787881845 + (x1 - 0.242575827843) * 7.99999970014),-8.00000042272 * ((-4.51634642871e-08 - x0) * x0 - (0.512202305926 - 9.80787439652 * x1)) - (x1 * (-0.241952290244 - x1) - 9.86641638151) * (0.00498787881845 + (x1 - 0.242575827843) * 7.99999970014),8.0*x0**2 + 8.0*x1**3 - 0.0156*x1 - 15.0,"[-3.938691648570627, -4.061308774153765, -4.5163464287101183e-08, -9.962525001725492, 9.807874396521404, -0.24195229024370266, 9.866416381511595, 1.1431409263992833, 0.24257582784327986, 7.999999700142892]","{""K"": 500, ""c"": 6.0, ""exploration_rate"": 0.1, ""gamma"": 0.5, ""gp_rate"": 0.5, ""lm_iterations"": 10, ""max_constants"": 999, ""max_depth"": 6, ""max_evals"": 2000000, ""max_unary"": 999, ""mutation_rate"": 0.1, ""ops"": [""+"", ""-"", ""*"", ""/"", ""sin"", ""cos"", ""exp"", ""log"", ""R""], ""succ_error_tol"": 1e-06}","{""K"": 500, ""c"": 6.0, ""exploration_rate"": 0.1, ""gamma"": 0.5, ""gp_rate"": 0.5, ""lm_iterations"": 10, ""max_constants"": 999, ""max_depth"": 6, ""max_evals"": 2000000, ""max_unary"": 999, ""mutation_rate"": 0.1, ""ops"": [""+"", ""-"", ""*"", ""/"", ""sin"", ""cos"", ""exp"", ""log"", ""R""], ""succ_error_tol"": 1e-06}",0.5
imcts,Jin,2,Jin-2,expression,87,3152,200,100,100,2,"[""x0"", ""x1""]",8.0*x[0]**2 + 8.0*x[1]**3 - 15.0,0.9999999403953552,True,1.0,1.0,12.0,68567,5.120780224970076,0.0,0,8.00000000413 * x1 * x1 * x1 - 14.9999996377 - (x1 - (x1 + x0)) * 8.00000000241 * x0,8.00000000413 * x1 * x1 * x1 - 14.9999996377 - (x1 - (x1 + x0)) * 8.00000000241 * x0,8.0*x0**2 + 8.0*x1**3 - 15.0,"[8.000000004134563, 1.0, 14.999999637695481, 1.0, 1.0, 8.000000002412449]","{""K"": 500, ""c"": 6.0, ""exploration_rate"": 0.1, ""gamma"": 0.5, ""gp_rate"": 0.5, ""lm_iterations"": 10, ""max_constants"": 999, ""max_depth"": 6, ""max_evals"": 2000000, ""max_unary"": 999, ""mutation_rate"": 0.1, ""ops"": [""+"", ""-"", ""*"", ""/"", ""sin"", ""cos"", ""exp"", ""log"", ""R""], ""succ_error_tol"": 1e-06}","{""K"": 500, ""c"": 6.0, ""exploration_rate"": 0.1, ""gamma"": 0.5, ""gp_rate"": 0.5, ""lm_iterations"": 10, ""max_constants"": 999, ""max_depth"": 6, ""max_evals"": 2000000, ""max_unary"": 999, ""mutation_rate"": 0.1, ""ops"": [""+"", ""-"", ""*"", ""/"", ""sin"", ""cos"", ""exp"", ""log"", ""R""], ""succ_error_tol"": 1e-06}",0.5
imcts,Jin,2,Jin-2,expression,88,26531,200,100,100,2,"[""x0"", ""x1""]",8.0*x[0]**2 + 8.0*x[1]**3 - 15.0,0.9999998211860657,True,0.9999999999999786,0.9999999999999801,16.0,26255,1.8828612940269522,0.0,0,0.000880564283364 + x1 * x1 * x1 / 0.125000002323 - (-1.52010915252e-07 * x1 * x1 - (8.0000002647 * x0 + -10.9547687035)) * (0.684672689811 + x0 + 0.684673359233),0.000880564283364 + x1 * x1 * x1 / 0.125000002323 - (-1.52010915252e-07 * x1 * x1 - (8.0000002647 * x0 + -10.9547687035)) * (0.684672689811 + x0 + 0.684673359233),8.0*x1**3 + (x0 + 1.37)*(8.0*x0 - 11.0) + 0.00101,"[-7.034947624897122, 0.1250000023227702, -1.5201091525236614e-07, 8.000000264700311, -10.95476870353361, 0.6846726898105785, 0.6846733592331188]","{""K"": 500, ""c"": 6.0, ""exploration_rate"": 0.1, ""gamma"": 0.5, ""gp_rate"": 0.5, ""lm_iterations"": 10, ""max_constants"": 999, ""max_depth"": 6, ""max_evals"": 2000000, ""max_unary"": 999, ""mutation_rate"": 0.1, ""ops"": [""+"", ""-"", ""*"", ""/"", ""sin"", ""cos"", ""exp"", ""log"", ""R""], ""succ_error_tol"": 1e-06}","{""K"": 500, ""c"": 6.0, ""exploration_rate"": 0.1, ""gamma"": 0.5, ""gp_rate"": 0.5, ""lm_iterations"": 10, ""max_constants"": 999, ""max_depth"": 6, ""max_evals"": 2000000, ""max_unary"": 999, ""mutation_rate"": 0.1, ""ops"": [""+"", ""-"", ""*"", ""/"", ""sin"", ""cos"", ""exp"", ""log"", ""R""], ""succ_error_tol"": 1e-06}",0.5
imcts,Jin,2,Jin-2,expression,89,1585,200,100,100,2,"[""x0"", ""x1""]",8.0*x[0]**2 + 8.0*x[1]**3 - 15.0,0.9999999403953552,True,0.9999999999999994,0.9999999999999991,17.0,61951,5.050279755028896,0.0,0,sin(x1) * -1.73773288497e-05 + x0 * 8.00000009997 * x0 + 0.841470984808 + x1 + 1 + x1 + 1 - (-3.99999894344 * x1 - -5.48098613954) * ((x1 + 1.3702468644) * (x1 + x1) + 3.25515707251),sin(x1) * -1.73773288497e-05 + x0 * 8.00000009997 * x0 + 0.841470984808 + x1 + 1 + x1 + 1 - (-3.99999894344 * x1 - -5.48098613954) * ((x1 + 1.3702468644) * (x1 + x1) + 3.25515707251),8.0*x0**2 + 8.0*x1**3 - 0.00195*x1**2 - 15.0,"[-1.0000173773287946, 0.9999999999999449, 8.000000099968293, 1.0, 1.0, 1.0, -3.9999989434403074, -5.480986139538024, 1.370246864398984, 3.2551570725143706]","{""K"": 500, ""c"": 6.0, ""exploration_rate"": 0.1, ""gamma"": 0.5, ""gp_rate"": 0.5, ""lm_iterations"": 10, ""max_constants"": 999, ""max_depth"": 6, ""max_evals"": 2000000, ""max_unary"": 999, ""mutation_rate"": 0.1, ""ops"": [""+"", ""-"", ""*"", ""/"", ""sin"", ""cos"", ""exp"", ""log"", ""R""], ""succ_error_tol"": 1e-06}","{""K"": 500, ""c"": 6.0, ""exploration_rate"": 0.1, ""gamma"": 0.5, ""gp_rate"": 0.5, ""lm_iterations"": 10, ""max_constants"": 999, ""max_depth"": 6, ""max_evals"": 2000000, ""max_unary"": 999, ""mutation_rate"": 0.1, ""ops"": [""+"", ""-"", ""*"", ""/"", ""sin"", ""cos"", ""exp"", ""log"", ""R""], ""succ_error_tol"": 1e-06}",0.5
imcts,Jin,2,Jin-2,expression,90,3943,200,100,100,2,"[""x0"", ""x1""]",8.0*x[0]**2 + 8.0*x[1]**3 - 15.0,0.9999999403953552,True,0.9999999999999992,0.9999999999999991,12.0,58115,5.317304147989489,0.0,0,(x1 * x1 * x1 + -1.87499992959 + x0 * x0) * (0.97718753874 * (x1 * 1.02334502578 + 10.2334503048) - (x1 + 1 + cos(0.000195568537264 * x0))),(x1 * x1 * x1 + -1.87499992959 + x0 * x0) * (0.97718753874 * (x1 * 1.02334502578 + 10.2334503048) - (x1 + 1 + cos(0.000195568537264 * x0))),8.0*x0**2 + 8.0*x1**3 - 14.99999943672,"[-1.8749999295916726, 0.9771875387402543, 1.0233450257847776, 10.152201344536191, 1.0080030879531998, 1.0, 0.00019556853726361643]","{""K"": 500, ""c"": 6.0, ""exploration_rate"": 0.1, ""gamma"": 0.5, ""gp_rate"": 0.5, ""lm_iterations"": 10, ""max_constants"": 999, ""max_depth"": 6, ""max_evals"": 2000000, ""max_unary"": 999, ""mutation_rate"": 0.1, ""ops"": [""+"", ""-"", ""*"", ""/"", ""sin"", ""cos"", ""exp"", ""log"", ""R""], ""succ_error_tol"": 1e-06}","{""K"": 500, ""c"": 6.0, ""exploration_rate"": 0.1, ""gamma"": 0.5, ""gp_rate"": 0.5, ""lm_iterations"": 10, ""max_constants"": 999, ""max_depth"": 6, ""max_evals"": 2000000, ""max_unary"": 999, ""mutation_rate"": 0.1, ""ops"": [""+"", ""-"", ""*"", ""/"", ""sin"", ""cos"", ""exp"", ""log"", ""R""], ""succ_error_tol"": 1e-06}",0.5
imcts,Jin,2,Jin-2,expression,91,23939,200,100,100,2,"[""x0"", ""x1""]",8.0*x[0]**2 + 8.0*x[1]**3 - 15.0,0.9999999403953552,True,0.9999999999999999,0.9999999999999997,12.0,65251,4.711243249999825,0.0,0,(-3.05200046925e-08 / x1 / cos(x0) - -11.0697150626 * x0) * -0.722692505961 * (3.71652848122e-08 - x0) + x1 * x1 * 7.99999994995 * x1 - 15.0000004919,(-3.05200046925e-08 / x1 / cos(x0) - -11.0697150626 * x0) * -0.722692505961 * (3.71652848122e-08 - x0) + x1 * x1 * 7.99999994995 * x1 - 15.0000004919,8.0*x0**2 + 8.0*x1**3 - 15.0,"[-3.052000469251857e-08, -11.069715062587774, 0.8664642906323675, 3.7165284812187706e-08, 7.999999949950805, 15.000000491875353]","{""K"": 500, ""c"": 6.0, ""exploration_rate"": 0.1, ""gamma"": 0.5, ""gp_rate"": 0.5, ""lm_iterations"": 10, ""max_constants"": 999, ""max_depth"": 6, ""max_evals"": 2000000, ""max_unary"": 999, ""mutation_rate"": 0.1, ""ops"": [""+"", ""-"", ""*"", ""/"", ""sin"", ""cos"", ""exp"", ""log"", ""R""], ""succ_error_tol"": 1e-06}","{""K"": 500, ""c"": 6.0, ""exploration_rate"": 0.1, ""gamma"": 0.5, ""gp_rate"": 0.5, ""lm_iterations"": 10, ""max_constants"": 999, ""max_depth"": 6, ""max_evals"": 2000000, ""max_unary"": 999, ""mutation_rate"": 0.1, ""ops"": [""+"", ""-"", ""*"", ""/"", ""sin"", ""cos"", ""exp"", ""log"", ""R""], ""succ_error_tol"": 1e-06}",0.5
imcts,Jin,2,Jin-2,expression,92,19457,200,100,100,2,"[""x0"", ""x1""]",8.0*x[0]**2 + 8.0*x[1]**3 - 15.0,0.9999998807907104,True,0.9999999999999994,0.9999999999999994,12.0,44183,3.075970676029101,0.0,0,(x1 * 7.99999957486 * x1 + 1.65869124945e-06) * (x1 + -3.90294206418e-09) - (-0.767314335638 - x0 * x0 + 2.64231429689) * 7.99999996591,(x1 * 7.99999957486 * x1 + 1.65869124945e-06) * (x1 + -3.90294206418e-09) - (-0.767314335638 - x0 * x0 + 2.64231429689) * 7.99999996591,8.0*x0**2 + 8.0*x1**3 - 15.0,"[7.9999995748585935, 1.6586912494549797e-06, -8.37507579395144e-09, 2.1458365653973046, -0.7673143356378771, 0.9716551607530514, 7.9999999659134025]","{""K"": 500, ""c"": 6.0, ""exploration_rate"": 0.1, ""gamma"": 0.5, ""gp_rate"": 0.5, ""lm_iterations"": 10, ""max_constants"": 999, ""max_depth"": 6, ""max_evals"": 2000000, ""max_unary"": 999, ""mutation_rate"": 0.1, ""ops"": [""+"", ""-"", ""*"", ""/"", ""sin"", ""cos"", ""exp"", ""log"", ""R""], ""succ_error_tol"": 1e-06}","{""K"": 500, ""c"": 6.0, ""exploration_rate"": 0.1, ""gamma"": 0.5, ""gp_rate"": 0.5, ""lm_iterations"": 10, ""max_constants"": 999, ""max_depth"": 6, ""max_evals"": 2000000, ""max_unary"": 999, ""mutation_rate"": 0.1, ""ops"": [""+"", ""-"", ""*"", ""/"", ""sin"", ""cos"", ""exp"", ""log"", ""R""], ""succ_error_tol"": 1e-06}",0.5
imcts,Jin,2,Jin-2,expression,93,1021,200,100,100,2,"[""x0"", ""x1""]",8.0*x[0]**2 + 8.0*x[1]**3 - 15.0,0.9999997019767761,True,0.9999999999999207,0.9999999999999263,12.0,35432,2.6778574640047736,0.0,0,x1 / (0.124999968526 / x1) * x1 + -14.4330489878 + x0 * x0 * 7.99999981944 - 0.566951575103 + x1 * 1.25002625019e-06,x1 / (0.124999968526 / x1) * x1 + -14.4330489878 + x0 * x0 * 7.99999981944 - 0.566951575103 + x1 * 1.25002625019e-06,8.0*x0**2 + 8.0*x1**3 - 15.0,"[0.1249999685263588, -14.43304898780472, 7.999999819435148, -0.9679958674299745, 1.2500262501851123e-06]","{""K"": 500, ""c"": 6.0, ""exploration_rate"": 0.1, ""gamma"": 0.5, ""gp_rate"": 0.5, ""lm_iterations"": 10, ""max_constants"": 999, ""max_depth"": 6, ""max_evals"": 2000000, ""max_unary"": 999, ""mutation_rate"": 0.1, ""ops"": [""+"", ""-"", ""*"", ""/"", ""sin"", ""cos"", ""exp"", ""log"", ""R""], ""succ_error_tol"": 1e-06}","{""K"": 500, ""c"": 6.0, ""exploration_rate"": 0.1, ""gamma"": 0.5, ""gp_rate"": 0.5, ""lm_iterations"": 10, ""max_constants"": 999, ""max_depth"": 6, ""max_evals"": 2000000, ""max_unary"": 999, ""mutation_rate"": 0.1, ""ops"": [""+"", ""-"", ""*"", ""/"", ""sin"", ""cos"", ""exp"", ""log"", ""R""], ""succ_error_tol"": 1e-06}",0.5
imcts,Jin,2,Jin-2,expression,94,11653,200,100,100,2,"[""x0"", ""x1""]",8.0*x[0]**2 + 8.0*x[1]**3 - 15.0,0.9999999403953552,True,0.9999999999999999,1.0,12.0,20268,1.310158527980093,0.0,0,-1.55626445581 * (9.96092955047 - 5.14051453646 * x0 * x0) - (-8.00000002432 * x1 * x1 * x1 + -0.501839899485),-1.55626445581 * (9.96092955047 - 5.14051453646 * x0 * x0) - (-8.00000002432 * x1 * x1 * x1 + -0.501839899485),8.0*x0**2 + 8.0*x1**3 - 15.0,"[-1.5562644558072856, 9.96092955047488, 5.140514536463725, -8.000000024318291, -0.5018398994847234]","{""K"": 500, ""c"": 6.0, ""exploration_rate"": 0.1, ""gamma"": 0.5, ""gp_rate"": 0.5, ""lm_iterations"": 10, ""max_constants"": 999, ""max_depth"": 6, ""max_evals"": 2000000, ""max_unary"": 999, ""mutation_rate"": 0.1, ""ops"": [""+"", ""-"", ""*"", ""/"", ""sin"", ""cos"", ""exp"", ""log"", ""R""], ""succ_error_tol"": 1e-06}","{""K"": 500, ""c"": 6.0, ""exploration_rate"": 0.1, ""gamma"": 0.5, ""gp_rate"": 0.5, ""lm_iterations"": 10, ""max_constants"": 999, ""max_depth"": 6, ""max_evals"": 2000000, ""max_unary"": 999, ""mutation_rate"": 0.1, ""ops"": [""+"", ""-"", ""*"", ""/"", ""sin"", ""cos"", ""exp"", ""log"", ""R""], ""succ_error_tol"": 1e-06}",0.5
imcts,Jin,2,Jin-2,expression,95,10805,200,100,100,2,"[""x0"", ""x1""]",8.0*x[0]**2 + 8.0*x[1]**3 - 15.0,0.9999999403953552,True,0.9999999999999998,0.9999999999999998,12.0,65226,5.027784594974946,0.0,0,8.06616669178 * (x1 * x1 * x1 * 0.991796995557 - 1.85961938154) + (x0 - -7.00000003849 * x0) * (x0 - -1.91327349413e-08 * x1),8.06616669178 * (x1 * x1 * x1 * 0.991796995557 - 1.85961938154) + (x0 - -7.00000003849 * x0) * (x0 - -1.91327349413e-08 * x1),8.0*x0**2 + 8.0*x1**3 - 15.0,"[8.066166691783772, 0.9917969955565781, 1.8596193815429969, -7.000000038485643, -1.9132734941282804e-08]","{""K"": 500, ""c"": 6.0, ""exploration_rate"": 0.1, ""gamma"": 0.5, ""gp_rate"": 0.5, ""lm_iterations"": 10, ""max_constants"": 999, ""max_depth"": 6, ""max_evals"": 2000000, ""max_unary"": 999, ""mutation_rate"": 0.1, ""ops"": [""+"", ""-"", ""*"", ""/"", ""sin"", ""cos"", ""exp"", ""log"", ""R""], ""succ_error_tol"": 1e-06}","{""K"": 500, ""c"": 6.0, ""exploration_rate"": 0.1, ""gamma"": 0.5, ""gp_rate"": 0.5, ""lm_iterations"": 10, ""max_constants"": 999, ""max_depth"": 6, ""max_evals"": 2000000, ""max_unary"": 999, ""mutation_rate"": 0.1, ""ops"": [""+"", ""-"", ""*"", ""/"", ""sin"", ""cos"", ""exp"", ""log"", ""R""], ""succ_error_tol"": 1e-06}",0.5
imcts,Jin,2,Jin-2,expression,96,13417,200,100,100,2,"[""x0"", ""x1""]",8.0*x[0]**2 + 8.0*x[1]**3 - 15.0,0.9999999403953552,True,0.9999999999999999,0.9999999999999999,15.0,61610,4.645212261006236,0.0,0,-13.3404958138 * x0 - (x1 * -8.00000008673 * (x1 * x1 + -7.43978794127e-08) + -8.00000005842 * (-2.4369624101 - x0) * (0.769400423875 - x0)),-13.3404958138 * x0 - (x1 * -8.00000008673 * (x1 * x1 + -7.43978794127e-08) + -8.00000005842 * (-2.4369624101 - x0) * (0.769400423875 - x0)),8.0*x0**2 + 0.00391*x0 + 8.0*x1**3 - 15.0,"[-5.670247906909667, 7.6702479069096645, -8.00000008672804, -7.439787941265763e-08, -8.00000005842131, -2.4369624100950538, 11.873476261480633]","{""K"": 500, ""c"": 6.0, ""exploration_rate"": 0.1, ""gamma"": 0.5, ""gp_rate"": 0.5, ""lm_iterations"": 10, ""max_constants"": 999, ""max_depth"": 6, ""max_evals"": 2000000, ""max_unary"": 999, ""mutation_rate"": 0.1, ""ops"": [""+"", ""-"", ""*"", ""/"", ""sin"", ""cos"", ""exp"", ""log"", ""R""], ""succ_error_tol"": 1e-06}","{""K"": 500, ""c"": 6.0, ""exploration_rate"": 0.1, ""gamma"": 0.5, ""gp_rate"": 0.5, ""lm_iterations"": 10, ""max_constants"": 999, ""max_depth"": 6, ""max_evals"": 2000000, ""max_unary"": 999, ""mutation_rate"": 0.1, ""ops"": [""+"", ""-"", ""*"", ""/"", ""sin"", ""cos"", ""exp"", ""log"", ""R""], ""succ_error_tol"": 1e-06}",0.5
imcts,Jin,2,Jin-2,expression,97,20227,200,100,100,2,"[""x0"", ""x1""]",8.0*x[0]**2 + 8.0*x[1]**3 - 15.0,0.9999999403953552,True,0.9999999999999993,0.9999999999999991,14.0,46346,3.6549896139767952,0.0,0,cos(x1) / (x1 / 1.00141923104e-09) + (1.36930630076 - x0) * (x0 + 1.3693063422) * -7.99999994093 + (x1 * x1 + 7.25346881446e-08) / 0.125000003735 * x1,cos(x1) / (x1 / 1.00141923104e-09) + (1.36930630076 - x0) * (x0 + 1.3693063422) * -7.99999994093 + (x1 * x1 + 7.25346881446e-08) / 0.125000003735 * x1,8.0*x1**3 + 8.0*(x0 - 1.37)*(x0 + 1.37),"[1.5707963257934774, 1.369306300761453, 1.3693063422036864, -7.999999940928109, 7.253468814464771e-08, 0.1250000037352436]","{""K"": 500, ""c"": 6.0, ""exploration_rate"": 0.1, ""gamma"": 0.5, ""gp_rate"": 0.5, ""lm_iterations"": 10, ""max_constants"": 999, ""max_depth"": 6, ""max_evals"": 2000000, ""max_unary"": 999, ""mutation_rate"": 0.1, ""ops"": [""+"", ""-"", ""*"", ""/"", ""sin"", ""cos"", ""exp"", ""log"", ""R""], ""succ_error_tol"": 1e-06}","{""K"": 500, ""c"": 6.0, ""exploration_rate"": 0.1, ""gamma"": 0.5, ""gp_rate"": 0.5, ""lm_iterations"": 10, ""max_constants"": 999, ""max_depth"": 6, ""max_evals"": 2000000, ""max_unary"": 999, ""mutation_rate"": 0.1, ""ops"": [""+"", ""-"", ""*"", ""/"", ""sin"", ""cos"", ""exp"", ""log"", ""R""], ""succ_error_tol"": 1e-06}",0.5
imcts,Jin,2,Jin-2,expression,98,7989,200,100,100,2,"[""x0"", ""x1""]",8.0*x[0]**2 + 8.0*x[1]**3 - 15.0,0.9999999403953552,True,0.9999999999999996,0.9999999999999996,12.0,41715,3.0885826819576323,0.0,0,(x1 * -3.55946191192 + x1 + x1 * -5.44053805791) * x1 * (-5.6471167284e-08 - x1) - (15.0000008761 - (x0 - -1.75753700482e-08) * 8.00000021894 * x0),(x1 * -3.55946191192 + x1 + x1 * -5.44053805791) * x1 * (-5.6471167284e-08 - x1) - (15.0000008761 - (x0 - -1.75753700482e-08) * 8.00000021894 * x0),8.0*x0**2 + 8.0*x1**3 - 15.0,"[-3.5594619119226976, -5.440538057912255, -5.647116728402235e-08, 15.000000876105817, -1.7575370048206196e-08, 8.00000021893616]","{""K"": 500, ""c"": 6.0, ""exploration_rate"": 0.1, ""gamma"": 0.5, ""gp_rate"": 0.5, ""lm_iterations"": 10, ""max_constants"": 999, ""max_depth"": 6, ""max_evals"": 2000000, ""max_unary"": 999, ""mutation_rate"": 0.1, ""ops"": [""+"", ""-"", ""*"", ""/"", ""sin"", ""cos"", ""exp"", ""log"", ""R""], ""succ_error_tol"": 1e-06}","{""K"": 500, ""c"": 6.0, ""exploration_rate"": 0.1, ""gamma"": 0.5, ""gp_rate"": 0.5, ""lm_iterations"": 10, ""max_constants"": 999, ""max_depth"": 6, ""max_evals"": 2000000, ""max_unary"": 999, ""mutation_rate"": 0.1, ""ops"": [""+"", ""-"", ""*"", ""/"", ""sin"", ""cos"", ""exp"", ""log"", ""R""], ""succ_error_tol"": 1e-06}",0.5
imcts,Jin,2,Jin-2,expression,99,9692,200,100,100,2,"[""x0"", ""x1""]",8.0*x[0]**2 + 8.0*x[1]**3 - 15.0,0.9999999403953552,True,0.9999999999999997,0.9999999999999997,12.0,87590,7.359746000031009,0.0,0,(x0 * 2.61897628721 * x0 + -5.38558192689 - (-0.475001422247 + x1 * x1 * -2.61897617883 * x1)) * 3.05462872087,(x0 * 2.61897628721 * x0 + -5.38558192689 - (-0.475001422247 + x1 * x1 * -2.61897617883 * x1)) * 3.05462872087,8.0*x0**2 + 8.0*x1**3 - 15.0,"[2.6189762872096396, -5.385581926888596, 0.7254991533767071, -2.6189761788253523, 3.05462872087445]","{""K"": 500, ""c"": 6.0, ""exploration_rate"": 0.1, ""gamma"": 0.5, ""gp_rate"": 0.5, ""lm_iterations"": 10, ""max_constants"": 999, ""max_depth"": 6, ""max_evals"": 2000000, ""max_unary"": 999, ""mutation_rate"": 0.1, ""ops"": [""+"", ""-"", ""*"", ""/"", ""sin"", ""cos"", ""exp"", ""log"", ""R""], ""succ_error_tol"": 1e-06}","{""K"": 500, ""c"": 6.0, ""exploration_rate"": 0.1, ""gamma"": 0.5, ""gp_rate"": 0.5, ""lm_iterations"": 10, ""max_constants"": 999, ""max_depth"": 6, ""max_evals"": 2000000, ""max_unary"": 999, ""mutation_rate"": 0.1, ""ops"": [""+"", ""-"", ""*"", ""/"", ""sin"", ""cos"", ""exp"", ""log"", ""R""], ""succ_error_tol"": 1e-06}",0.5
