algorithm,group,case_id,case_name,source_type,run,seed,samples_total,samples_train,samples_test,variables,feature_names,target_expression,reward,success,train_r2,test_r2,complexity,evaluations,time_sec,tuning_time_sec,tuning_evaluations,expression,materialized_expression,simplified_expression,coefficients,algorithm_params,tuned_params,test_ratio
imcts,NguyenC,10,NguyenC-10,expression,0,23654,40,20,20,2,"[""x0"", ""x1""]",sin(1.5*x[0]) * cos(0.5*x[1]),0.9999999403953552,True,0.999999999999994,0.9999999999999885,14.0,96095,3.399194683996029,0.0,0,sin(x0 * 1.49999725192) / 2.17843843534 * (-0.771407284731 * x1 + -1.24328900071e-05) * sin(x1 / 2.83299910218) + -7.14619958075e-09 + 1.00000016492 * sin(x0 * 1.50000001357),sin(x0 * 1.49999725192) / 2.17843843534 * (-0.771407284731 * x1 + -1.24328900071e-05) * sin(x1 / 2.83299910218) + -7.14619958075e-09 + 1.00000016492 * sin(x0 * 1.50000001357),(-0.354063890452705*x1*sin(0.353*x1) + 1.0)*sin(1.5*x0),"[1.4999972519241744, 2.178438435344093, -0.7714072847314922, -1.2432890007054982e-05, 2.8329991021818985, -7.146199580751618e-09, 1.0000001649225836, 1.50000001357395]","{""K"": 500, ""c"": 6.0, ""exploration_rate"": 0.1, ""gamma"": 0.5, ""gp_rate"": 0.5, ""lm_iterations"": 10, ""max_constants"": 999, ""max_depth"": 6, ""max_evals"": 2000000, ""max_unary"": 999, ""mutation_rate"": 0.1, ""ops"": [""+"", ""-"", ""*"", ""/"", ""sin"", ""cos"", ""exp"", ""log"", ""R""], ""succ_error_tol"": 1e-06}","{""K"": 500, ""c"": 6.0, ""exploration_rate"": 0.1, ""gamma"": 0.5, ""gp_rate"": 0.5, ""lm_iterations"": 10, ""max_constants"": 999, ""max_depth"": 6, ""max_evals"": 2000000, ""max_unary"": 999, ""mutation_rate"": 0.1, ""ops"": [""+"", ""-"", ""*"", ""/"", ""sin"", ""cos"", ""exp"", ""log"", ""R""], ""succ_error_tol"": 1e-06}",0.5
imcts,NguyenC,10,NguyenC-10,expression,1,15795,40,20,20,2,"[""x0"", ""x1""]",sin(1.5*x[0]) * cos(0.5*x[1]),0.9999999403953552,True,0.9999999999999988,0.9999999999999982,12.0,27952,0.7749894940061495,0.0,0,(0.999999991903 - (x0 - x0)) * sin(1.50000006424 * x0) * sin(1.57079626605 - x1 * 0.50000002584),(0.999999991903 - (x0 - x0)) * sin(1.50000006424 * x0) * sin(1.57079626605 - x1 * 0.50000002584),-1.0*sin(1.5*x0)*sin(0.5*x1 - 1.57),"[1.0979946721721485, 1.1980481388418691, 0.40954775535473376, 1.5000000642351852, 0.4515826666162465, 0.5000000258399894]","{""K"": 500, ""c"": 6.0, ""exploration_rate"": 0.1, ""gamma"": 0.5, ""gp_rate"": 0.5, ""lm_iterations"": 10, ""max_constants"": 999, ""max_depth"": 6, ""max_evals"": 2000000, ""max_unary"": 999, ""mutation_rate"": 0.1, ""ops"": [""+"", ""-"", ""*"", ""/"", ""sin"", ""cos"", ""exp"", ""log"", ""R""], ""succ_error_tol"": 1e-06}","{""K"": 500, ""c"": 6.0, ""exploration_rate"": 0.1, ""gamma"": 0.5, ""gp_rate"": 0.5, ""lm_iterations"": 10, ""max_constants"": 999, ""max_depth"": 6, ""max_evals"": 2000000, ""max_unary"": 999, ""mutation_rate"": 0.1, ""ops"": [""+"", ""-"", ""*"", ""/"", ""sin"", ""cos"", ""exp"", ""log"", ""R""], ""succ_error_tol"": 1e-06}",0.5
imcts,NguyenC,10,NguyenC-10,expression,2,860,40,20,20,2,"[""x0"", ""x1""]",sin(1.5*x[0]) * cos(0.5*x[1]),0.9999999403953552,True,0.9999999999999988,0.9999999999999992,11.0,51450,1.579589108005166,0.0,0,cos(1.57079631788 - 1.40199504946 * x0 / 0.934663389569) * cos(0.864218543987 * x1 / 1.72843699417),cos(1.57079631788 - 1.40199504946 * x0 / 0.934663389569) * cos(0.864218543987 * x1 / 1.72843699417),cos(0.5*x1)*cos(1.5*x0 - 1.57),"[0.4515826996166266, 1.0, 1.4019950494566618, 0.9346633895688382, 0.8642185439874869, 1.7284369941711164]","{""K"": 500, ""c"": 6.0, ""exploration_rate"": 0.1, ""gamma"": 0.5, ""gp_rate"": 0.5, ""lm_iterations"": 10, ""max_constants"": 999, ""max_depth"": 6, ""max_evals"": 2000000, ""max_unary"": 999, ""mutation_rate"": 0.1, ""ops"": [""+"", ""-"", ""*"", ""/"", ""sin"", ""cos"", ""exp"", ""log"", ""R""], ""succ_error_tol"": 1e-06}","{""K"": 500, ""c"": 6.0, ""exploration_rate"": 0.1, ""gamma"": 0.5, ""gp_rate"": 0.5, ""lm_iterations"": 10, ""max_constants"": 999, ""max_depth"": 6, ""max_evals"": 2000000, ""max_unary"": 999, ""mutation_rate"": 0.1, ""ops"": [""+"", ""-"", ""*"", ""/"", ""sin"", ""cos"", ""exp"", ""log"", ""R""], ""succ_error_tol"": 1e-06}",0.5
imcts,NguyenC,10,NguyenC-10,expression,3,5390,40,20,20,2,"[""x0"", ""x1""]",sin(1.5*x[0]) * cos(0.5*x[1]),0.9999999403953552,True,0.9999999999999996,0.9999999999999998,9.0,90658,2.998189434991218,0.0,0,cos(x1 * 0.500000030378) * (sin(x0 * 1.49999997271) + 2.06090107102e-08 * x0),cos(x1 * 0.500000030378) * (sin(x0 * 1.49999997271) + 2.06090107102e-08 * x0),sin(1.5*x0)*cos(0.5*x1),"[0.5000000303780833, 0.40546508991370145, 2.0609010710168496e-08]","{""K"": 500, ""c"": 6.0, ""exploration_rate"": 0.1, ""gamma"": 0.5, ""gp_rate"": 0.5, ""lm_iterations"": 10, ""max_constants"": 999, ""max_depth"": 6, ""max_evals"": 2000000, ""max_unary"": 999, ""mutation_rate"": 0.1, ""ops"": [""+"", ""-"", ""*"", ""/"", ""sin"", ""cos"", ""exp"", ""log"", ""R""], ""succ_error_tol"": 1e-06}","{""K"": 500, ""c"": 6.0, ""exploration_rate"": 0.1, ""gamma"": 0.5, ""gp_rate"": 0.5, ""lm_iterations"": 10, ""max_constants"": 999, ""max_depth"": 6, ""max_evals"": 2000000, ""max_unary"": 999, ""mutation_rate"": 0.1, ""ops"": [""+"", ""-"", ""*"", ""/"", ""sin"", ""cos"", ""exp"", ""log"", ""R""], ""succ_error_tol"": 1e-06}",0.5
imcts,NguyenC,10,NguyenC-10,expression,4,16850,40,20,20,2,"[""x0"", ""x1""]",sin(1.5*x[0]) * cos(0.5*x[1]),0.9999999403953552,True,0.9999999999999977,0.9999999999999923,11.0,56580,1.9498995839967392,0.0,0,(cos(0.499999978923 / x0 * x1 * x0) + (1.05434822507 - x0) * -5.33937814862e-07) * cos((x0 - 1.04719724164) / 0.666666499979),(cos(0.499999978923 / x0 * x1 * x0) + (1.05434822507 - x0) * -5.33937814862e-07) * cos((x0 - 1.04719724164) / 0.666666499979),cos(0.5*x1)*cos(1.5*x0 - 1.57),"[0.49999997892311815, 1.0543482250654725, -5.339378148622715e-07, 1.047197241638781, 0.6666664999793368]","{""K"": 500, ""c"": 6.0, ""exploration_rate"": 0.1, ""gamma"": 0.5, ""gp_rate"": 0.5, ""lm_iterations"": 10, ""max_constants"": 999, ""max_depth"": 6, ""max_evals"": 2000000, ""max_unary"": 999, ""mutation_rate"": 0.1, ""ops"": [""+"", ""-"", ""*"", ""/"", ""sin"", ""cos"", ""exp"", ""log"", ""R""], ""succ_error_tol"": 1e-06}","{""K"": 500, ""c"": 6.0, ""exploration_rate"": 0.1, ""gamma"": 0.5, ""gp_rate"": 0.5, ""lm_iterations"": 10, ""max_constants"": 999, ""max_depth"": 6, ""max_evals"": 2000000, ""max_unary"": 999, ""mutation_rate"": 0.1, ""ops"": [""+"", ""-"", ""*"", ""/"", ""sin"", ""cos"", ""exp"", ""log"", ""R""], ""succ_error_tol"": 1e-06}",0.5
imcts,NguyenC,10,NguyenC-10,expression,5,29910,40,20,20,2,"[""x0"", ""x1""]",sin(1.5*x[0]) * cos(0.5*x[1]),0.9999999403953552,True,0.9999999999999988,0.9999999999999838,9.0,87858,2.99942695297068,0.0,0,(cos(0.499999522028 * x1) + -2.20039778736e-07 * x0 - 1.98563692683e-06) * sin(x0 / 0.666665368687) - x0 * x0 * exp(sin(x0)) / -1165789.12199,(cos(0.499999522028 * x1) + -2.20039778736e-07 * x0 - 1.98563692683e-06) * sin(x0 / 0.666665368687) - x0 * x0 * exp(sin(x0)) / -1165789.12199,sin(1.5*x0)*cos(0.5*x1),"[0.49999952202823916, -2.200397787357911e-07, 1.9856369268253934e-06, 0.6666653686870762, 1.8941263905433314, -1.6247590192857798e-06]","{""K"": 500, ""c"": 6.0, ""exploration_rate"": 0.1, ""gamma"": 0.5, ""gp_rate"": 0.5, ""lm_iterations"": 10, ""max_constants"": 999, ""max_depth"": 6, ""max_evals"": 2000000, ""max_unary"": 999, ""mutation_rate"": 0.1, ""ops"": [""+"", ""-"", ""*"", ""/"", ""sin"", ""cos"", ""exp"", ""log"", ""R""], ""succ_error_tol"": 1e-06}","{""K"": 500, ""c"": 6.0, ""exploration_rate"": 0.1, ""gamma"": 0.5, ""gp_rate"": 0.5, ""lm_iterations"": 10, ""max_constants"": 999, ""max_depth"": 6, ""max_evals"": 2000000, ""max_unary"": 999, ""mutation_rate"": 0.1, ""ops"": [""+"", ""-"", ""*"", ""/"", ""sin"", ""cos"", ""exp"", ""log"", ""R""], ""succ_error_tol"": 1e-06}",0.5
imcts,NguyenC,10,NguyenC-10,expression,6,4426,40,20,20,2,"[""x0"", ""x1""]",sin(1.5*x[0]) * cos(0.5*x[1]),0.9999999403953552,True,0.9999999999999991,0.9999999999999989,11.0,124352,4.437960444018245,0.0,0,(cos(x1 / 1.999999934) + -1.00000014115 + exp(1.0467941556e-07 * x0)) * (cos((x0 - 1.0471974068) * 1.50000019486) + x1 * 9.00194740873e-09 * 0.999999999968 * (x0 - 1.83737724427)),(cos(x1 / 1.999999934) + -1.00000014115 + exp(1.0467941556e-07 * x0)) * (cos((x0 - 1.0471974068) * 1.50000019486) + x1 * 9.00194740873e-09 * 0.999999999968 * (x0 - 1.83737724427)),cos(0.5*x1)*cos(1.5*x0 - 1.57),"[1.9999999339988386, -1.000000141146648, 1.0467941556023223e-07, 1.0471974068011556, 1.5000001948620116, 9.001947408731907e-09, 0.9999999999679857, 1.2920968969961752, 1.4220119625246936]","{""K"": 500, ""c"": 6.0, ""exploration_rate"": 0.1, ""gamma"": 0.5, ""gp_rate"": 0.5, ""lm_iterations"": 10, ""max_constants"": 999, ""max_depth"": 6, ""max_evals"": 2000000, ""max_unary"": 999, ""mutation_rate"": 0.1, ""ops"": [""+"", ""-"", ""*"", ""/"", ""sin"", ""cos"", ""exp"", ""log"", ""R""], ""succ_error_tol"": 1e-06}","{""K"": 500, ""c"": 6.0, ""exploration_rate"": 0.1, ""gamma"": 0.5, ""gp_rate"": 0.5, ""lm_iterations"": 10, ""max_constants"": 999, ""max_depth"": 6, ""max_evals"": 2000000, ""max_unary"": 999, ""mutation_rate"": 0.1, ""ops"": [""+"", ""-"", ""*"", ""/"", ""sin"", ""cos"", ""exp"", ""log"", ""R""], ""succ_error_tol"": 1e-06}",0.5
imcts,NguyenC,10,NguyenC-10,expression,7,21962,40,20,20,2,"[""x0"", ""x1""]",sin(1.5*x[0]) * cos(0.5*x[1]),0.9999998807907104,True,0.9999999999999988,0.9999999999999971,9.0,17845,0.4665998219861649,0.0,0,cos(0.499999701735 / ((-5.65021967422e-07 + x1) / (x1 * x1))) * sin(1.50000004314 * x0),cos(0.499999701735 / ((-5.65021967422e-07 + x1) / (x1 * x1))) * sin(1.50000004314 * x0),sin(1.5*x0)*cos(0.5*x1),"[0.4999997017349514, -5.650219674219081e-07, 1.5000000431380083]","{""K"": 500, ""c"": 6.0, ""exploration_rate"": 0.1, ""gamma"": 0.5, ""gp_rate"": 0.5, ""lm_iterations"": 10, ""max_constants"": 999, ""max_depth"": 6, ""max_evals"": 2000000, ""max_unary"": 999, ""mutation_rate"": 0.1, ""ops"": [""+"", ""-"", ""*"", ""/"", ""sin"", ""cos"", ""exp"", ""log"", ""R""], ""succ_error_tol"": 1e-06}","{""K"": 500, ""c"": 6.0, ""exploration_rate"": 0.1, ""gamma"": 0.5, ""gp_rate"": 0.5, ""lm_iterations"": 10, ""max_constants"": 999, ""max_depth"": 6, ""max_evals"": 2000000, ""max_unary"": 999, ""mutation_rate"": 0.1, ""ops"": [""+"", ""-"", ""*"", ""/"", ""sin"", ""cos"", ""exp"", ""log"", ""R""], ""succ_error_tol"": 1e-06}",0.5
imcts,NguyenC,10,NguyenC-10,expression,8,14423,40,20,20,2,"[""x0"", ""x1""]",sin(1.5*x[0]) * cos(0.5*x[1]),0.9999999403953552,True,0.9999999999999997,0.9999999999999973,13.0,11352,0.2920738930115476,0.0,0,sin(3.14159265584 + x0 * -1.5000000537 - 1.00000008269e-10) * sin((x1 + -3.1415936261 + x0 * -8.21180517491e-08) / -2.00000101804),sin(3.14159265584 + x0 * -1.5000000537 - 1.00000008269e-10) * sin((x1 + -3.1415936261 + x0 * -8.21180517491e-08) / -2.00000101804),sin(1.5*x0 - 3.14)*sin(0.5*x1 - 1.57),"[1.1447298865649589, -1.5000000536986962, 1.0, -3.1415936261028, -8.211805174907755e-08, -2.0000010180416563]","{""K"": 500, ""c"": 6.0, ""exploration_rate"": 0.1, ""gamma"": 0.5, ""gp_rate"": 0.5, ""lm_iterations"": 10, ""max_constants"": 999, ""max_depth"": 6, ""max_evals"": 2000000, ""max_unary"": 999, ""mutation_rate"": 0.1, ""ops"": [""+"", ""-"", ""*"", ""/"", ""sin"", ""cos"", ""exp"", ""log"", ""R""], ""succ_error_tol"": 1e-06}","{""K"": 500, ""c"": 6.0, ""exploration_rate"": 0.1, ""gamma"": 0.5, ""gp_rate"": 0.5, ""lm_iterations"": 10, ""max_constants"": 999, ""max_depth"": 6, ""max_evals"": 2000000, ""max_unary"": 999, ""mutation_rate"": 0.1, ""ops"": [""+"", ""-"", ""*"", ""/"", ""sin"", ""cos"", ""exp"", ""log"", ""R""], ""succ_error_tol"": 1e-06}",0.5
imcts,NguyenC,10,NguyenC-10,expression,9,28020,40,20,20,2,"[""x0"", ""x1""]",sin(1.5*x[0]) * cos(0.5*x[1]),0.9999999403953552,True,0.9999999999999996,0.9999999999999996,22.0,50322,1.5348770870477892,0.0,0,sin((x0 + 2.84602531369) / (1.89735018315 / x0 + 0.666666731916)) / (0.999999985207 / sin(x1 * 0.500000032732 + 1.5707963554)),sin((x0 + 2.84602531369) / (1.89735018315 / x0 + 0.666666731916)) / (0.999999985207 / sin(x1 * 0.500000032732 + 1.5707963554)),1.0*sin((x0 + 2.85)/(0.667 + 1.9/x0))*sin(0.5*x1 + 1.57),"[2.8460253136866283, 1.897350183147838, 0.6666667319162478, 0.9999999852068089, 0.5000000327315858, 1.5707963553989155]","{""K"": 500, ""c"": 6.0, ""exploration_rate"": 0.1, ""gamma"": 0.5, ""gp_rate"": 0.5, ""lm_iterations"": 10, ""max_constants"": 999, ""max_depth"": 6, ""max_evals"": 2000000, ""max_unary"": 999, ""mutation_rate"": 0.1, ""ops"": [""+"", ""-"", ""*"", ""/"", ""sin"", ""cos"", ""exp"", ""log"", ""R""], ""succ_error_tol"": 1e-06}","{""K"": 500, ""c"": 6.0, ""exploration_rate"": 0.1, ""gamma"": 0.5, ""gp_rate"": 0.5, ""lm_iterations"": 10, ""max_constants"": 999, ""max_depth"": 6, ""max_evals"": 2000000, ""max_unary"": 999, ""mutation_rate"": 0.1, ""ops"": [""+"", ""-"", ""*"", ""/"", ""sin"", ""cos"", ""exp"", ""log"", ""R""], ""succ_error_tol"": 1e-06}",0.5
imcts,NguyenC,10,NguyenC-10,expression,10,29802,40,20,20,2,"[""x0"", ""x1""]",sin(1.5*x[0]) * cos(0.5*x[1]),0.9999999403953552,True,0.9999999999999997,0.9999999999999994,10.0,19737,0.5217713919701055,0.0,0,cos(x1 / 1.99999975614) * 1.00000000921 * sin(1.49999999152 * x0),cos(x1 / 1.99999975614) * 1.00000000921 * sin(1.49999999152 * x0),1.0*sin(1.5*x0)*cos(0.5*x1),"[0.6931470586312177, 1.000000009205485, 1.4999999915182247]","{""K"": 500, ""c"": 6.0, ""exploration_rate"": 0.1, ""gamma"": 0.5, ""gp_rate"": 0.5, ""lm_iterations"": 10, ""max_constants"": 999, ""max_depth"": 6, ""max_evals"": 2000000, ""max_unary"": 999, ""mutation_rate"": 0.1, ""ops"": [""+"", ""-"", ""*"", ""/"", ""sin"", ""cos"", ""exp"", ""log"", ""R""], ""succ_error_tol"": 1e-06}","{""K"": 500, ""c"": 6.0, ""exploration_rate"": 0.1, ""gamma"": 0.5, ""gp_rate"": 0.5, ""lm_iterations"": 10, ""max_constants"": 999, ""max_depth"": 6, ""max_evals"": 2000000, ""max_unary"": 999, ""mutation_rate"": 0.1, ""ops"": [""+"", ""-"", ""*"", ""/"", ""sin"", ""cos"", ""exp"", ""log"", ""R""], ""succ_error_tol"": 1e-06}",0.5
imcts,NguyenC,10,NguyenC-10,expression,11,21575,40,20,20,2,"[""x0"", ""x1""]",sin(1.5*x[0]) * cos(0.5*x[1]),0.9999999403953552,True,0.9999999999999996,0.9999999999999989,9.0,14450,0.36820809700293466,0.0,0,cos(1 + 0.499999930032 * x1 - 0.999999919517) * sin(x0 * 0.499999990395 + x0 - -4.92589906953e-09),cos(1 + 0.499999930032 * x1 - 0.999999919517) * sin(x0 * 0.499999990395 + x0 - -4.92589906953e-09),sin(1.5*x0)*cos(0.5*x1),"[1.0, 0.4999999300315215, 0.9999999195166173, 0.4999999903948018, 1.0, -4.925899069529469e-09]","{""K"": 500, ""c"": 6.0, ""exploration_rate"": 0.1, ""gamma"": 0.5, ""gp_rate"": 0.5, ""lm_iterations"": 10, ""max_constants"": 999, ""max_depth"": 6, ""max_evals"": 2000000, ""max_unary"": 999, ""mutation_rate"": 0.1, ""ops"": [""+"", ""-"", ""*"", ""/"", ""sin"", ""cos"", ""exp"", ""log"", ""R""], ""succ_error_tol"": 1e-06}","{""K"": 500, ""c"": 6.0, ""exploration_rate"": 0.1, ""gamma"": 0.5, ""gp_rate"": 0.5, ""lm_iterations"": 10, ""max_constants"": 999, ""max_depth"": 6, ""max_evals"": 2000000, ""max_unary"": 999, ""mutation_rate"": 0.1, ""ops"": [""+"", ""-"", ""*"", ""/"", ""sin"", ""cos"", ""exp"", ""log"", ""R""], ""succ_error_tol"": 1e-06}",0.5
imcts,NguyenC,10,NguyenC-10,expression,12,11964,40,20,20,2,"[""x0"", ""x1""]",sin(1.5*x[0]) * cos(0.5*x[1]),0.9999999403953552,True,0.9999999999952541,0.9999999999650016,20.0,960890,39.1723048100248,0.0,0,(x1 * -0.108241574366 * x1 + 0.999989722011) * (-4.71952093857e-07 + sin(1.50000453533 * x0)) - (1.7420815038 * sin(x1) + -0.00863868162604) * sin(x0 * 1.50042341222) * x1 * 0.00972201642125,(x1 * -0.108241574366 * x1 + 0.999989722011) * (-4.71952093857e-07 + sin(1.50000453533 * x0)) - (1.7420815038 * sin(x1) + -0.00863868162604) * sin(x0 * 1.50042341222) * x1 * 0.00972201642125,(-0.108*x1**2 - 0.0175*x1*sin(x1) + 9.04e-5*x1 + 1.0)*sin(1.5*x0),"[-0.10824157436574808, 0.9999897220107096, -4.7195209385721503e-07, 1.5000045353305786, 1.742081503799242, -0.008638681626044298, 1.5004234122160558, 0.011881114893849276, 0.8182747585655228]","{""K"": 500, ""c"": 6.0, ""exploration_rate"": 0.1, ""gamma"": 0.5, ""gp_rate"": 0.5, ""lm_iterations"": 10, ""max_constants"": 999, ""max_depth"": 6, ""max_evals"": 2000000, ""max_unary"": 999, ""mutation_rate"": 0.1, ""ops"": [""+"", ""-"", ""*"", ""/"", ""sin"", ""cos"", ""exp"", ""log"", ""R""], ""succ_error_tol"": 1e-06}","{""K"": 500, ""c"": 6.0, ""exploration_rate"": 0.1, ""gamma"": 0.5, ""gp_rate"": 0.5, ""lm_iterations"": 10, ""max_constants"": 999, ""max_depth"": 6, ""max_evals"": 2000000, ""max_unary"": 999, ""mutation_rate"": 0.1, ""ops"": [""+"", ""-"", ""*"", ""/"", ""sin"", ""cos"", ""exp"", ""log"", ""R""], ""succ_error_tol"": 1e-06}",0.5
imcts,NguyenC,10,NguyenC-10,expression,13,11284,40,20,20,2,"[""x0"", ""x1""]",sin(1.5*x[0]) * cos(0.5*x[1]),0.9999999403953552,True,0.9999999999999996,0.9999999999999996,11.0,65928,2.1103935159626417,0.0,0,cos(x1 * 0.499999958374) * cos(1.57079631504 - x0 * 1.49999994974),cos(x1 * 0.499999958374) * cos(1.57079631504 - x0 * 1.49999994974),cos(0.5*x1)*cos(1.5*x0 - 1.57),"[0.49999995837413186, 1.5707963150421262, 1.4999999497419292]","{""K"": 500, ""c"": 6.0, ""exploration_rate"": 0.1, ""gamma"": 0.5, ""gp_rate"": 0.5, ""lm_iterations"": 10, ""max_constants"": 999, ""max_depth"": 6, ""max_evals"": 2000000, ""max_unary"": 999, ""mutation_rate"": 0.1, ""ops"": [""+"", ""-"", ""*"", ""/"", ""sin"", ""cos"", ""exp"", ""log"", ""R""], ""succ_error_tol"": 1e-06}","{""K"": 500, ""c"": 6.0, ""exploration_rate"": 0.1, ""gamma"": 0.5, ""gp_rate"": 0.5, ""lm_iterations"": 10, ""max_constants"": 999, ""max_depth"": 6, ""max_evals"": 2000000, ""max_unary"": 999, ""mutation_rate"": 0.1, ""ops"": [""+"", ""-"", ""*"", ""/"", ""sin"", ""cos"", ""exp"", ""log"", ""R""], ""succ_error_tol"": 1e-06}",0.5
imcts,NguyenC,10,NguyenC-10,expression,14,22118,40,20,20,2,"[""x0"", ""x1""]",sin(1.5*x[0]) * cos(0.5*x[1]),0.9999999403953552,True,0.9999999999999987,0.9999999999999982,11.0,49834,1.4915084429667331,0.0,0,cos(x1 / 2.00000050364) * cos(1.49999993488 * x0 - 1.57079632432),cos(x1 / 2.00000050364) * cos(1.49999993488 * x0 - 1.57079632432),cos(0.5*x1)*cos(1.5*x0 - 1.57),"[0.6931474323788723, 1.4999999348803192, 0.4515827037164097]","{""K"": 500, ""c"": 6.0, ""exploration_rate"": 0.1, ""gamma"": 0.5, ""gp_rate"": 0.5, ""lm_iterations"": 10, ""max_constants"": 999, ""max_depth"": 6, ""max_evals"": 2000000, ""max_unary"": 999, ""mutation_rate"": 0.1, ""ops"": [""+"", ""-"", ""*"", ""/"", ""sin"", ""cos"", ""exp"", ""log"", ""R""], ""succ_error_tol"": 1e-06}","{""K"": 500, ""c"": 6.0, ""exploration_rate"": 0.1, ""gamma"": 0.5, ""gp_rate"": 0.5, ""lm_iterations"": 10, ""max_constants"": 999, ""max_depth"": 6, ""max_evals"": 2000000, ""max_unary"": 999, ""mutation_rate"": 0.1, ""ops"": [""+"", ""-"", ""*"", ""/"", ""sin"", ""cos"", ""exp"", ""log"", ""R""], ""succ_error_tol"": 1e-06}",0.5
imcts,NguyenC,10,NguyenC-10,expression,15,6265,40,20,20,2,"[""x0"", ""x1""]",sin(1.5*x[0]) * cos(0.5*x[1]),0.9999999403953552,True,0.9999999999999991,0.9999999999999993,9.0,53294,1.6513915589894168,0.0,0,sin(2.09613061398 * x0 * 0.715604283189) * cos(0.69314718061 * x1 / 1.38629422692),sin(2.09613061398 * x0 * 0.715604283189) * cos(0.69314718061 * x1 / 1.38629422692),sin(1.5*x0)*cos(0.5*x1),"[0.74009308034907, 0.7156042831891172, 1.0, 1.0, 1.3862942269180079]","{""K"": 500, ""c"": 6.0, ""exploration_rate"": 0.1, ""gamma"": 0.5, ""gp_rate"": 0.5, ""lm_iterations"": 10, ""max_constants"": 999, ""max_depth"": 6, ""max_evals"": 2000000, ""max_unary"": 999, ""mutation_rate"": 0.1, ""ops"": [""+"", ""-"", ""*"", ""/"", ""sin"", ""cos"", ""exp"", ""log"", ""R""], ""succ_error_tol"": 1e-06}","{""K"": 500, ""c"": 6.0, ""exploration_rate"": 0.1, ""gamma"": 0.5, ""gp_rate"": 0.5, ""lm_iterations"": 10, ""max_constants"": 999, ""max_depth"": 6, ""max_evals"": 2000000, ""max_unary"": 999, ""mutation_rate"": 0.1, ""ops"": [""+"", ""-"", ""*"", ""/"", ""sin"", ""cos"", ""exp"", ""log"", ""R""], ""succ_error_tol"": 1e-06}",0.5
imcts,NguyenC,10,NguyenC-10,expression,16,11363,40,20,20,2,"[""x0"", ""x1""]",sin(1.5*x[0]) * cos(0.5*x[1]),0.9999999403953552,True,0.9999999999999997,0.9999999999999992,9.0,51094,1.5659162399824709,0.0,0,sin(1.5000001114 * x0 + -3.66028977224e-09 * x1) * (cos(x1 / 2.00000033425) - cos(x0) * 7.23380968941e-08),sin(1.5000001114 * x0 + -3.66028977224e-09 * x1) * (cos(x1 / 2.00000033425) - cos(x0) * 7.23380968941e-08),sin(1.5*x0)*cos(0.5*x1),"[1.500000111398305, -3.660289772242197e-09, 2.000000334247775, 1.0000000722380995]","{""K"": 500, ""c"": 6.0, ""exploration_rate"": 0.1, ""gamma"": 0.5, ""gp_rate"": 0.5, ""lm_iterations"": 10, ""max_constants"": 999, ""max_depth"": 6, ""max_evals"": 2000000, ""max_unary"": 999, ""mutation_rate"": 0.1, ""ops"": [""+"", ""-"", ""*"", ""/"", ""sin"", ""cos"", ""exp"", ""log"", ""R""], ""succ_error_tol"": 1e-06}","{""K"": 500, ""c"": 6.0, ""exploration_rate"": 0.1, ""gamma"": 0.5, ""gp_rate"": 0.5, ""lm_iterations"": 10, ""max_constants"": 999, ""max_depth"": 6, ""max_evals"": 2000000, ""max_unary"": 999, ""mutation_rate"": 0.1, ""ops"": [""+"", ""-"", ""*"", ""/"", ""sin"", ""cos"", ""exp"", ""log"", ""R""], ""succ_error_tol"": 1e-06}",0.5
imcts,NguyenC,10,NguyenC-10,expression,17,27495,40,20,20,2,"[""x0"", ""x1""]",sin(1.5*x[0]) * cos(0.5*x[1]),0.9999999403953552,True,0.9999999999999964,0.9999999999999936,10.0,91079,3.077506196044851,0.0,0,(-1.68281273188e-05 + cos(x1 * 0.499996289568)) * sin(x0 / 0.666665759212) / 0.999986456328 + -3.13588010572e-08 - -3.10335036556e-06 * x0,(-1.68281273188e-05 + cos(x1 * 0.499996289568)) * sin(x0 / 0.666665759212) / 0.999986456328 + -3.13588010572e-08 - -3.10335036556e-06 * x0,1.0*sin(1.5*x0)*cos(0.5*x1),"[-1.682812731881514e-05, 0.49999628956818637, 0.6666657592121401, 0.9999864563284973, -3.135880105717034e-08, -3.1033503655597237e-06]","{""K"": 500, ""c"": 6.0, ""exploration_rate"": 0.1, ""gamma"": 0.5, ""gp_rate"": 0.5, ""lm_iterations"": 10, ""max_constants"": 999, ""max_depth"": 6, ""max_evals"": 2000000, ""max_unary"": 999, ""mutation_rate"": 0.1, ""ops"": [""+"", ""-"", ""*"", ""/"", ""sin"", ""cos"", ""exp"", ""log"", ""R""], ""succ_error_tol"": 1e-06}","{""K"": 500, ""c"": 6.0, ""exploration_rate"": 0.1, ""gamma"": 0.5, ""gp_rate"": 0.5, ""lm_iterations"": 10, ""max_constants"": 999, ""max_depth"": 6, ""max_evals"": 2000000, ""max_unary"": 999, ""mutation_rate"": 0.1, ""ops"": [""+"", ""-"", ""*"", ""/"", ""sin"", ""cos"", ""exp"", ""log"", ""R""], ""succ_error_tol"": 1e-06}",0.5
imcts,NguyenC,10,NguyenC-10,expression,18,16023,40,20,20,2,"[""x0"", ""x1""]",sin(1.5*x[0]) * cos(0.5*x[1]),0.9999999403953552,True,0.9999999999999997,0.9999999999999996,9.0,24490,0.6510910370270722,0.0,0,sin(x0 * 1.50000003388) * (cos(x1 / 1.99999998952) - 5.55084959371e-09),sin(x0 * 1.50000003388) * (cos(x1 / 1.99999998952) - 5.55084959371e-09),sin(1.5*x0)*cos(0.5*x1),"[1.5000000338768023, 1.99999998951925, 0.3300117898806558, 1.6820155412368813e-08]","{""K"": 500, ""c"": 6.0, ""exploration_rate"": 0.1, ""gamma"": 0.5, ""gp_rate"": 0.5, ""lm_iterations"": 10, ""max_constants"": 999, ""max_depth"": 6, ""max_evals"": 2000000, ""max_unary"": 999, ""mutation_rate"": 0.1, ""ops"": [""+"", ""-"", ""*"", ""/"", ""sin"", ""cos"", ""exp"", ""log"", ""R""], ""succ_error_tol"": 1e-06}","{""K"": 500, ""c"": 6.0, ""exploration_rate"": 0.1, ""gamma"": 0.5, ""gp_rate"": 0.5, ""lm_iterations"": 10, ""max_constants"": 999, ""max_depth"": 6, ""max_evals"": 2000000, ""max_unary"": 999, ""mutation_rate"": 0.1, ""ops"": [""+"", ""-"", ""*"", ""/"", ""sin"", ""cos"", ""exp"", ""log"", ""R""], ""succ_error_tol"": 1e-06}",0.5
imcts,NguyenC,10,NguyenC-10,expression,19,8322,40,20,20,2,"[""x0"", ""x1""]",sin(1.5*x[0]) * cos(0.5*x[1]),0.9999999403953552,True,0.9999999999999997,0.9999999999999998,12.0,79286,2.626618760987185,0.0,0,cos(0.500000004101 * x1) / 1.00000000254 * cos(1.57079632861 - x0 / 0.666666671381),cos(0.500000004101 * x1) / 1.00000000254 * cos(1.57079632861 - x0 / 0.666666671381),1.0*cos(0.5*x1)*cos(1.5*x0 - 1.57),"[0.5000000041010519, 0.5094101255776852, 0.4905898769662168, 1.5707963286121913, 0.6666666713809288]","{""K"": 500, ""c"": 6.0, ""exploration_rate"": 0.1, ""gamma"": 0.5, ""gp_rate"": 0.5, ""lm_iterations"": 10, ""max_constants"": 999, ""max_depth"": 6, ""max_evals"": 2000000, ""max_unary"": 999, ""mutation_rate"": 0.1, ""ops"": [""+"", ""-"", ""*"", ""/"", ""sin"", ""cos"", ""exp"", ""log"", ""R""], ""succ_error_tol"": 1e-06}","{""K"": 500, ""c"": 6.0, ""exploration_rate"": 0.1, ""gamma"": 0.5, ""gp_rate"": 0.5, ""lm_iterations"": 10, ""max_constants"": 999, ""max_depth"": 6, ""max_evals"": 2000000, ""max_unary"": 999, ""mutation_rate"": 0.1, ""ops"": [""+"", ""-"", ""*"", ""/"", ""sin"", ""cos"", ""exp"", ""log"", ""R""], ""succ_error_tol"": 1e-06}",0.5
imcts,NguyenC,10,NguyenC-10,expression,20,1685,40,20,20,2,"[""x0"", ""x1""]",sin(1.5*x[0]) * cos(0.5*x[1]),0.9999999403953552,True,0.9999999999999986,0.9999999999999989,10.0,36145,1.0793790169991553,0.0,0,-5.95952297e-09 + 0.999999980086 * sin(1.50000009494 * x0) * cos(0.500000039587 * x1),-5.95952297e-09 + 0.999999980086 * sin(1.50000009494 * x0) * cos(0.500000039587 * x1),1.0*sin(1.5*x0)*cos(0.5*x1),"[-5.959522970002699e-09, 0.9999999800858377, 1.5000000949380095, 0.5000000395867721, 1.0, 1.0]","{""K"": 500, ""c"": 6.0, ""exploration_rate"": 0.1, ""gamma"": 0.5, ""gp_rate"": 0.5, ""lm_iterations"": 10, ""max_constants"": 999, ""max_depth"": 6, ""max_evals"": 2000000, ""max_unary"": 999, ""mutation_rate"": 0.1, ""ops"": [""+"", ""-"", ""*"", ""/"", ""sin"", ""cos"", ""exp"", ""log"", ""R""], ""succ_error_tol"": 1e-06}","{""K"": 500, ""c"": 6.0, ""exploration_rate"": 0.1, ""gamma"": 0.5, ""gp_rate"": 0.5, ""lm_iterations"": 10, ""max_constants"": 999, ""max_depth"": 6, ""max_evals"": 2000000, ""max_unary"": 999, ""mutation_rate"": 0.1, ""ops"": [""+"", ""-"", ""*"", ""/"", ""sin"", ""cos"", ""exp"", ""log"", ""R""], ""succ_error_tol"": 1e-06}",0.5
imcts,NguyenC,10,NguyenC-10,expression,21,32052,40,20,20,2,"[""x0"", ""x1""]",sin(1.5*x[0]) * cos(0.5*x[1]),0.9999999403953552,True,0.9999999999999996,0.9999999999999996,9.0,12161,0.2926975699956529,0.0,0,sin(x0 * 1.49999998558) * cos(x1 * 0.500000025127),sin(x0 * 1.49999998558) * cos(x1 * 0.500000025127),sin(1.5*x0)*cos(0.5*x1),"[1.4999999855759805, 0.5000000251274536]","{""K"": 500, ""c"": 6.0, ""exploration_rate"": 0.1, ""gamma"": 0.5, ""gp_rate"": 0.5, ""lm_iterations"": 10, ""max_constants"": 999, ""max_depth"": 6, ""max_evals"": 2000000, ""max_unary"": 999, ""mutation_rate"": 0.1, ""ops"": [""+"", ""-"", ""*"", ""/"", ""sin"", ""cos"", ""exp"", ""log"", ""R""], ""succ_error_tol"": 1e-06}","{""K"": 500, ""c"": 6.0, ""exploration_rate"": 0.1, ""gamma"": 0.5, ""gp_rate"": 0.5, ""lm_iterations"": 10, ""max_constants"": 999, ""max_depth"": 6, ""max_evals"": 2000000, ""max_unary"": 999, ""mutation_rate"": 0.1, ""ops"": [""+"", ""-"", ""*"", ""/"", ""sin"", ""cos"", ""exp"", ""log"", ""R""], ""succ_error_tol"": 1e-06}",0.5
imcts,NguyenC,10,NguyenC-10,expression,22,769,40,20,20,2,"[""x0"", ""x1""]",sin(1.5*x[0]) * cos(0.5*x[1]),0.9999999403953552,True,0.9999999999999992,0.9999999999999987,9.0,30095,0.8604587099980563,0.0,0,cos((-1.23861219441e-07 - x1) * -0.499999942269) * sin(x0 + -3.19754655047e-08 + 0.499999954786 * x0) - -3.31004507416e-08,cos((-1.23861219441e-07 - x1) * -0.499999942269) * sin(x0 + -3.19754655047e-08 + 0.499999954786 * x0) - -3.31004507416e-08,sin(1.5*x0)*cos(0.5*x1),"[-1.2386121944053413e-07, -0.49999994226931566, -3.197546550474336e-08, 0.4999999547860807, -3.310045074163521e-08]","{""K"": 500, ""c"": 6.0, ""exploration_rate"": 0.1, ""gamma"": 0.5, ""gp_rate"": 0.5, ""lm_iterations"": 10, ""max_constants"": 999, ""max_depth"": 6, ""max_evals"": 2000000, ""max_unary"": 999, ""mutation_rate"": 0.1, ""ops"": [""+"", ""-"", ""*"", ""/"", ""sin"", ""cos"", ""exp"", ""log"", ""R""], ""succ_error_tol"": 1e-06}","{""K"": 500, ""c"": 6.0, ""exploration_rate"": 0.1, ""gamma"": 0.5, ""gp_rate"": 0.5, ""lm_iterations"": 10, ""max_constants"": 999, ""max_depth"": 6, ""max_evals"": 2000000, ""max_unary"": 999, ""mutation_rate"": 0.1, ""ops"": [""+"", ""-"", ""*"", ""/"", ""sin"", ""cos"", ""exp"", ""log"", ""R""], ""succ_error_tol"": 1e-06}",0.5
imcts,NguyenC,10,NguyenC-10,expression,23,26967,40,20,20,2,"[""x0"", ""x1""]",sin(1.5*x[0]) * cos(0.5*x[1]),0.9999999403953552,True,0.9999999999999999,0.9999999999999998,9.0,40845,1.1699223450268619,0.0,0,sin(x0 + x0 * 0.499999983134) * (cos(x1 / 1.99999987866) + -0.999999989027 + 1),sin(x0 + x0 * 0.499999983134) * (cos(x1 / 1.99999987866) + -0.999999989027 + 1),sin(1.5*x0)*cos(0.5*x1),"[0.49999998313362887, 1.9999998786565842, -0.9999999890265102, 1.0, 1.0]","{""K"": 500, ""c"": 6.0, ""exploration_rate"": 0.1, ""gamma"": 0.5, ""gp_rate"": 0.5, ""lm_iterations"": 10, ""max_constants"": 999, ""max_depth"": 6, ""max_evals"": 2000000, ""max_unary"": 999, ""mutation_rate"": 0.1, ""ops"": [""+"", ""-"", ""*"", ""/"", ""sin"", ""cos"", ""exp"", ""log"", ""R""], ""succ_error_tol"": 1e-06}","{""K"": 500, ""c"": 6.0, ""exploration_rate"": 0.1, ""gamma"": 0.5, ""gp_rate"": 0.5, ""lm_iterations"": 10, ""max_constants"": 999, ""max_depth"": 6, ""max_evals"": 2000000, ""max_unary"": 999, ""mutation_rate"": 0.1, ""ops"": [""+"", ""-"", ""*"", ""/"", ""sin"", ""cos"", ""exp"", ""log"", ""R""], ""succ_error_tol"": 1e-06}",0.5
imcts,NguyenC,10,NguyenC-10,expression,24,30187,40,20,20,2,"[""x0"", ""x1""]",sin(1.5*x[0]) * cos(0.5*x[1]),0.9999999403953552,True,0.9999999999999981,0.9999999999999976,9.0,40620,1.23310081200907,0.0,0,-1.20515654691e-08 * (cos(x0) + 0.0861746110798) + sin(x0 / 0.666666627797) * cos(3.86194346569e-08 - x1 * 0.500000076917),-1.20515654691e-08 * (cos(x0) + 0.0861746110798) + sin(x0 / 0.666666627797) * cos(3.86194346569e-08 - x1 * 0.500000076917),sin(1.5*x0)*cos(0.5*x1),"[-1.2051565469136505e-08, 0.0861746110798299, 0.6666666277972024, 3.861943465694271e-08, 0.9999999999999978, 0.5000000769172404]","{""K"": 500, ""c"": 6.0, ""exploration_rate"": 0.1, ""gamma"": 0.5, ""gp_rate"": 0.5, ""lm_iterations"": 10, ""max_constants"": 999, ""max_depth"": 6, ""max_evals"": 2000000, ""max_unary"": 999, ""mutation_rate"": 0.1, ""ops"": [""+"", ""-"", ""*"", ""/"", ""sin"", ""cos"", ""exp"", ""log"", ""R""], ""succ_error_tol"": 1e-06}","{""K"": 500, ""c"": 6.0, ""exploration_rate"": 0.1, ""gamma"": 0.5, ""gp_rate"": 0.5, ""lm_iterations"": 10, ""max_constants"": 999, ""max_depth"": 6, ""max_evals"": 2000000, ""max_unary"": 999, ""mutation_rate"": 0.1, ""ops"": [""+"", ""-"", ""*"", ""/"", ""sin"", ""cos"", ""exp"", ""log"", ""R""], ""succ_error_tol"": 1e-06}",0.5
imcts,NguyenC,10,NguyenC-10,expression,25,32157,40,20,20,2,"[""x0"", ""x1""]",sin(1.5*x[0]) * cos(0.5*x[1]),0.9999999403953552,True,0.9999999999999997,0.9999999999999984,11.0,24976,0.7394134569913149,0.0,0,sin(1.57079620024 + x1 * 0.500000145429) * (1.09282382127 * 3.486743742e-08 * 0.691288393101 * x1 - sin((x0 - 2.73196318846e-09) * -1.49999993597)),sin(1.57079620024 + x1 * 0.500000145429) * (1.09282382127 * 3.486743742e-08 * 0.691288393101 * x1 - sin((x0 - 2.73196318846e-09) * -1.49999993597)),sin(1.5*x0)*sin(0.5*x1 + 1.57),"[1.570796200243902, 0.47372027860950133, 0.02627986681947856, 2.9826847603917295, 3.486743741997483e-08, 0.691288393100757, 2.73196318846123e-09, -0.4445817603863254, 1.0554181755846181]","{""K"": 500, ""c"": 6.0, ""exploration_rate"": 0.1, ""gamma"": 0.5, ""gp_rate"": 0.5, ""lm_iterations"": 10, ""max_constants"": 999, ""max_depth"": 6, ""max_evals"": 2000000, ""max_unary"": 999, ""mutation_rate"": 0.1, ""ops"": [""+"", ""-"", ""*"", ""/"", ""sin"", ""cos"", ""exp"", ""log"", ""R""], ""succ_error_tol"": 1e-06}","{""K"": 500, ""c"": 6.0, ""exploration_rate"": 0.1, ""gamma"": 0.5, ""gp_rate"": 0.5, ""lm_iterations"": 10, ""max_constants"": 999, ""max_depth"": 6, ""max_evals"": 2000000, ""max_unary"": 999, ""mutation_rate"": 0.1, ""ops"": [""+"", ""-"", ""*"", ""/"", ""sin"", ""cos"", ""exp"", ""log"", ""R""], ""succ_error_tol"": 1e-06}",0.5
imcts,NguyenC,10,NguyenC-10,expression,26,23333,40,20,20,2,"[""x0"", ""x1""]",sin(1.5*x[0]) * cos(0.5*x[1]),0.9999997019767761,True,0.9999999999999264,0.9999999999998371,19.0,113271,3.9231984019861557,0.0,0,exp(-0.0230377576987 * x1 * x1) * sin(x0 / 0.400000010457 - x0) * (1.00000032286 - 0.140446304864 / (1.37738455749 / (x1 * x1))),exp(-0.0230377576987 * x1 * x1) * sin(x0 / 0.400000010457 - x0) * (1.00000032286 - 0.140446304864 / (1.37738455749 / (x1 * x1))),-(0.102*x1**2 - 1.0)*exp(-0.023*x1**2)*sin(1.5*x0),"[-0.023037757698749908, 0.4000000104566311, 1.0000003228649585, 0.14044630486411583, 1.3773845574890597]","{""K"": 500, ""c"": 6.0, ""exploration_rate"": 0.1, ""gamma"": 0.5, ""gp_rate"": 0.5, ""lm_iterations"": 10, ""max_constants"": 999, ""max_depth"": 6, ""max_evals"": 2000000, ""max_unary"": 999, ""mutation_rate"": 0.1, ""ops"": [""+"", ""-"", ""*"", ""/"", ""sin"", ""cos"", ""exp"", ""log"", ""R""], ""succ_error_tol"": 1e-06}","{""K"": 500, ""c"": 6.0, ""exploration_rate"": 0.1, ""gamma"": 0.5, ""gp_rate"": 0.5, ""lm_iterations"": 10, ""max_constants"": 999, ""max_depth"": 6, ""max_evals"": 2000000, ""max_unary"": 999, ""mutation_rate"": 0.1, ""ops"": [""+"", ""-"", ""*"", ""/"", ""sin"", ""cos"", ""exp"", ""log"", ""R""], ""succ_error_tol"": 1e-06}",0.5
imcts,NguyenC,10,NguyenC-10,expression,27,2433,40,20,20,2,"[""x0"", ""x1""]",sin(1.5*x[0]) * cos(0.5*x[1]),0.9999999403953552,True,0.9999999999999996,0.9999999999999989,10.0,146656,5.097296760010067,0.0,0,cos(0.499999997286 * x1) / (-0.999999951407 / sin(-1.49999992233 * x0) + x0 * 5.2211880269e-08),cos(0.499999997286 * x1) / (-0.999999951407 / sin(-1.49999992233 * x0) + x0 * 5.2211880269e-08),1.000000048593*sin(1.5*x0)*cos(0.5*x1),"[0.49999999728628963, -0.9999999514071429, -1.499999922333237, 5.2211880269005256e-08]","{""K"": 500, ""c"": 6.0, ""exploration_rate"": 0.1, ""gamma"": 0.5, ""gp_rate"": 0.5, ""lm_iterations"": 10, ""max_constants"": 999, ""max_depth"": 6, ""max_evals"": 2000000, ""max_unary"": 999, ""mutation_rate"": 0.1, ""ops"": [""+"", ""-"", ""*"", ""/"", ""sin"", ""cos"", ""exp"", ""log"", ""R""], ""succ_error_tol"": 1e-06}","{""K"": 500, ""c"": 6.0, ""exploration_rate"": 0.1, ""gamma"": 0.5, ""gp_rate"": 0.5, ""lm_iterations"": 10, ""max_constants"": 999, ""max_depth"": 6, ""max_evals"": 2000000, ""max_unary"": 999, ""mutation_rate"": 0.1, ""ops"": [""+"", ""-"", ""*"", ""/"", ""sin"", ""cos"", ""exp"", ""log"", ""R""], ""succ_error_tol"": 1e-06}",0.5
imcts,NguyenC,10,NguyenC-10,expression,28,5311,40,20,20,2,"[""x0"", ""x1""]",sin(1.5*x[0]) * cos(0.5*x[1]),0.9999999403953552,True,0.9999999999999997,0.9999999999999988,9.0,75065,2.4175467459717765,0.0,0,(sin(1.49999994029 * x0) + 1.71499693685e-09) * (2.37345077089e-08 + cos(x1 * 0.499999973268)),(sin(1.49999994029 * x0) + 1.71499693685e-09) * (2.37345077089e-08 + cos(x1 * 0.499999973268)),sin(1.5*x0)*cos(0.5*x1),"[1.4999999402895048, 1.7149969368490502e-09, 2.373450770889935e-08, 0.49999997326812545]","{""K"": 500, ""c"": 6.0, ""exploration_rate"": 0.1, ""gamma"": 0.5, ""gp_rate"": 0.5, ""lm_iterations"": 10, ""max_constants"": 999, ""max_depth"": 6, ""max_evals"": 2000000, ""max_unary"": 999, ""mutation_rate"": 0.1, ""ops"": [""+"", ""-"", ""*"", ""/"", ""sin"", ""cos"", ""exp"", ""log"", ""R""], ""succ_error_tol"": 1e-06}","{""K"": 500, ""c"": 6.0, ""exploration_rate"": 0.1, ""gamma"": 0.5, ""gp_rate"": 0.5, ""lm_iterations"": 10, ""max_constants"": 999, ""max_depth"": 6, ""max_evals"": 2000000, ""max_unary"": 999, ""mutation_rate"": 0.1, ""ops"": [""+"", ""-"", ""*"", ""/"", ""sin"", ""cos"", ""exp"", ""log"", ""R""], ""succ_error_tol"": 1e-06}",0.5
imcts,NguyenC,10,NguyenC-10,expression,29,5051,40,20,20,2,"[""x0"", ""x1""]",sin(1.5*x[0]) * cos(0.5*x[1]),0.9999999403953552,True,0.9999999999999988,0.9999999999999791,10.0,90507,2.97544975602068,0.0,0,(sin(x0 * 1.23814190445 * 1.21149228917) + 1.41003359823e-09 * x1) / ((0.999998734538 + 2.88175438183e-06 / (3.64274982847 - x0)) / cos(0.686558101078 * x1 * 0.72827070563)),(sin(x0 * 1.23814190445 * 1.21149228917) + 1.41003359823e-09 * x1) / ((0.999998734538 + 2.88175438183e-06 / (3.64274982847 - x0)) / cos(0.686558101078 * x1 * 0.72827070563)),1.0*sin(1.5*x0)*cos(0.5*x1),"[1.2381419044523057, 1.211492289166709, 1.4100335982305007e-09, 0.9999987345383733, 2.8817543818295422e-06, 3.6427498284683923, 0.6865581010781968, 0.7282707056301368]","{""K"": 500, ""c"": 6.0, ""exploration_rate"": 0.1, ""gamma"": 0.5, ""gp_rate"": 0.5, ""lm_iterations"": 10, ""max_constants"": 999, ""max_depth"": 6, ""max_evals"": 2000000, ""max_unary"": 999, ""mutation_rate"": 0.1, ""ops"": [""+"", ""-"", ""*"", ""/"", ""sin"", ""cos"", ""exp"", ""log"", ""R""], ""succ_error_tol"": 1e-06}","{""K"": 500, ""c"": 6.0, ""exploration_rate"": 0.1, ""gamma"": 0.5, ""gp_rate"": 0.5, ""lm_iterations"": 10, ""max_constants"": 999, ""max_depth"": 6, ""max_evals"": 2000000, ""max_unary"": 999, ""mutation_rate"": 0.1, ""ops"": [""+"", ""-"", ""*"", ""/"", ""sin"", ""cos"", ""exp"", ""log"", ""R""], ""succ_error_tol"": 1e-06}",0.5
imcts,NguyenC,10,NguyenC-10,expression,30,6420,40,20,20,2,"[""x0"", ""x1""]",sin(1.5*x[0]) * cos(0.5*x[1]),0.9999999403953552,True,0.9999999999999987,0.9999999999999989,10.0,72340,2.433019105985295,0.0,0,1.36226070813e-07 * x1 / 6.71975466982 + cos(x1 * 0.500000135864) * sin(x0 / 0.666666698965) * 1.00000003286,1.36226070813e-07 * x1 / 6.71975466982 + cos(x1 * 0.500000135864) * sin(x0 / 0.666666698965) * 1.00000003286,1.0*sin(1.5*x0)*cos(0.5*x1),"[1.393931613714404, 0.3321281173869534, 1.3802360835746965, 1.3802360835746965, 0.5000001358644273, 0.6666666989649027, 1.0000000328631802]","{""K"": 500, ""c"": 6.0, ""exploration_rate"": 0.1, ""gamma"": 0.5, ""gp_rate"": 0.5, ""lm_iterations"": 10, ""max_constants"": 999, ""max_depth"": 6, ""max_evals"": 2000000, ""max_unary"": 999, ""mutation_rate"": 0.1, ""ops"": [""+"", ""-"", ""*"", ""/"", ""sin"", ""cos"", ""exp"", ""log"", ""R""], ""succ_error_tol"": 1e-06}","{""K"": 500, ""c"": 6.0, ""exploration_rate"": 0.1, ""gamma"": 0.5, ""gp_rate"": 0.5, ""lm_iterations"": 10, ""max_constants"": 999, ""max_depth"": 6, ""max_evals"": 2000000, ""max_unary"": 999, ""mutation_rate"": 0.1, ""ops"": [""+"", ""-"", ""*"", ""/"", ""sin"", ""cos"", ""exp"", ""log"", ""R""], ""succ_error_tol"": 1e-06}",0.5
imcts,NguyenC,10,NguyenC-10,expression,31,17568,40,20,20,2,"[""x0"", ""x1""]",sin(1.5*x[0]) * cos(0.5*x[1]),0.9999999403953552,True,0.9999999999999997,0.9999999999999997,9.0,115538,3.957153012044728,0.0,0,(x0 / (x0 / 2.13122940681e-08) - (1.45027102054e-07 * (x0 - 1) - cos(x1 * 0.500000022941))) * sin(x0 / 0.666666747239 - (x0 - x0) - x1 * 4.46976744074e-09),(x0 / (x0 / 2.13122940681e-08) - (1.45027102054e-07 * (x0 - 1) - cos(x1 * 0.500000022941))) * sin(x0 / 0.666666747239 - (x0 - x0) - x1 * 4.46976744074e-09),sin(1.5*x0)*cos(0.5*x1),"[2.1312294068137723e-08, 1.450271020536845e-07, 1.0, 0.5000000229414986, 0.6666667472389609, 4.4697674407390546e-09]","{""K"": 500, ""c"": 6.0, ""exploration_rate"": 0.1, ""gamma"": 0.5, ""gp_rate"": 0.5, ""lm_iterations"": 10, ""max_constants"": 999, ""max_depth"": 6, ""max_evals"": 2000000, ""max_unary"": 999, ""mutation_rate"": 0.1, ""ops"": [""+"", ""-"", ""*"", ""/"", ""sin"", ""cos"", ""exp"", ""log"", ""R""], ""succ_error_tol"": 1e-06}","{""K"": 500, ""c"": 6.0, ""exploration_rate"": 0.1, ""gamma"": 0.5, ""gp_rate"": 0.5, ""lm_iterations"": 10, ""max_constants"": 999, ""max_depth"": 6, ""max_evals"": 2000000, ""max_unary"": 999, ""mutation_rate"": 0.1, ""ops"": [""+"", ""-"", ""*"", ""/"", ""sin"", ""cos"", ""exp"", ""log"", ""R""], ""succ_error_tol"": 1e-06}",0.5
imcts,NguyenC,10,NguyenC-10,expression,32,20939,40,20,20,2,"[""x0"", ""x1""]",sin(1.5*x[0]) * cos(0.5*x[1]),0.9999999403953552,True,0.999999999999998,0.9999999999999973,9.0,81581,2.705391502007842,0.0,0,(x0 + sin(x0 * 1.5000000031) - x0) * (cos(x1 * 0.500000302827) + 5.13927942538e-07 + -1.34554749136e-06 / (x1 + 2.50445578319)),(x0 + sin(x0 * 1.5000000031) - x0) * (cos(x1 * 0.500000302827) + 5.13927942538e-07 + -1.34554749136e-06 / (x1 + 2.50445578319)),sin(1.5*x0)*cos(0.5*x1),"[1.5000000031048868, 0.5000003028266834, 5.139279425382534e-07, -1.3455474913603838e-06, 2.5044557831926446]","{""K"": 500, ""c"": 6.0, ""exploration_rate"": 0.1, ""gamma"": 0.5, ""gp_rate"": 0.5, ""lm_iterations"": 10, ""max_constants"": 999, ""max_depth"": 6, ""max_evals"": 2000000, ""max_unary"": 999, ""mutation_rate"": 0.1, ""ops"": [""+"", ""-"", ""*"", ""/"", ""sin"", ""cos"", ""exp"", ""log"", ""R""], ""succ_error_tol"": 1e-06}","{""K"": 500, ""c"": 6.0, ""exploration_rate"": 0.1, ""gamma"": 0.5, ""gp_rate"": 0.5, ""lm_iterations"": 10, ""max_constants"": 999, ""max_depth"": 6, ""max_evals"": 2000000, ""max_unary"": 999, ""mutation_rate"": 0.1, ""ops"": [""+"", ""-"", ""*"", ""/"", ""sin"", ""cos"", ""exp"", ""log"", ""R""], ""succ_error_tol"": 1e-06}",0.5
imcts,NguyenC,10,NguyenC-10,expression,33,19769,40,20,20,2,"[""x0"", ""x1""]",sin(1.5*x[0]) * cos(0.5*x[1]),0.9999999403953552,True,0.999999999999999,0.999999999999999,9.0,95747,3.265342956990935,0.0,0,cos(x1 / 2.000000945 + 4.32796626798e-07 - x0 * 2.41403347235e-07) * sin(x0 / 0.666666621053),cos(x1 / 2.000000945 + 4.32796626798e-07 - x0 * 2.41403347235e-07) * sin(x0 / 0.666666621053),sin(1.5*x0)*cos(0.5*x1),"[2.0000009450021254, 4.3279662679828647e-07, 2.4140334723464146e-07, 0.6666666210527338]","{""K"": 500, ""c"": 6.0, ""exploration_rate"": 0.1, ""gamma"": 0.5, ""gp_rate"": 0.5, ""lm_iterations"": 10, ""max_constants"": 999, ""max_depth"": 6, ""max_evals"": 2000000, ""max_unary"": 999, ""mutation_rate"": 0.1, ""ops"": [""+"", ""-"", ""*"", ""/"", ""sin"", ""cos"", ""exp"", ""log"", ""R""], ""succ_error_tol"": 1e-06}","{""K"": 500, ""c"": 6.0, ""exploration_rate"": 0.1, ""gamma"": 0.5, ""gp_rate"": 0.5, ""lm_iterations"": 10, ""max_constants"": 999, ""max_depth"": 6, ""max_evals"": 2000000, ""max_unary"": 999, ""mutation_rate"": 0.1, ""ops"": [""+"", ""-"", ""*"", ""/"", ""sin"", ""cos"", ""exp"", ""log"", ""R""], ""succ_error_tol"": 1e-06}",0.5
imcts,NguyenC,10,NguyenC-10,expression,34,28693,40,20,20,2,"[""x0"", ""x1""]",sin(1.5*x[0]) * cos(0.5*x[1]),0.9999999403953552,True,0.9999999999999973,0.9999999999999963,11.0,62269,1.930218364985194,0.0,0,sin(1.500000027 * x0) * (6.28368568925e-08 + sin((3.14159382907 + x1) / 2.00000038334)),sin(1.500000027 * x0) * (6.28368568925e-08 + sin((3.14159382907 + x1) / 2.00000038334)),sin(1.5*x0)*sin(0.5*x1 + 1.57),"[1.5000000269952298, 6.283685689249014e-08, 3.141593829070995, 1.525140073515341, 1.3113552112825386]","{""K"": 500, ""c"": 6.0, ""exploration_rate"": 0.1, ""gamma"": 0.5, ""gp_rate"": 0.5, ""lm_iterations"": 10, ""max_constants"": 999, ""max_depth"": 6, ""max_evals"": 2000000, ""max_unary"": 999, ""mutation_rate"": 0.1, ""ops"": [""+"", ""-"", ""*"", ""/"", ""sin"", ""cos"", ""exp"", ""log"", ""R""], ""succ_error_tol"": 1e-06}","{""K"": 500, ""c"": 6.0, ""exploration_rate"": 0.1, ""gamma"": 0.5, ""gp_rate"": 0.5, ""lm_iterations"": 10, ""max_constants"": 999, ""max_depth"": 6, ""max_evals"": 2000000, ""max_unary"": 999, ""mutation_rate"": 0.1, ""ops"": [""+"", ""-"", ""*"", ""/"", ""sin"", ""cos"", ""exp"", ""log"", ""R""], ""succ_error_tol"": 1e-06}",0.5
imcts,NguyenC,10,NguyenC-10,expression,35,6396,40,20,20,2,"[""x0"", ""x1""]",sin(1.5*x[0]) * cos(0.5*x[1]),0.9999999403953552,True,0.9999999999999996,0.9999999999999993,11.0,59014,1.8497178799589165,0.0,0,cos(0.50000001677 * x1) * (cos(1.57079630566 + -1.50000002697 * x0) + -2.15389113436e-08),cos(0.50000001677 * x1) * (cos(1.57079630566 + -1.50000002697 * x0) + -2.15389113436e-08),cos(0.5*x1)*cos(1.5*x0 - 1.57),"[0.5000000167698903, 1.5707963056605325, -1.5000000269744347, -2.1538911343647097e-08]","{""K"": 500, ""c"": 6.0, ""exploration_rate"": 0.1, ""gamma"": 0.5, ""gp_rate"": 0.5, ""lm_iterations"": 10, ""max_constants"": 999, ""max_depth"": 6, ""max_evals"": 2000000, ""max_unary"": 999, ""mutation_rate"": 0.1, ""ops"": [""+"", ""-"", ""*"", ""/"", ""sin"", ""cos"", ""exp"", ""log"", ""R""], ""succ_error_tol"": 1e-06}","{""K"": 500, ""c"": 6.0, ""exploration_rate"": 0.1, ""gamma"": 0.5, ""gp_rate"": 0.5, ""lm_iterations"": 10, ""max_constants"": 999, ""max_depth"": 6, ""max_evals"": 2000000, ""max_unary"": 999, ""mutation_rate"": 0.1, ""ops"": [""+"", ""-"", ""*"", ""/"", ""sin"", ""cos"", ""exp"", ""log"", ""R""], ""succ_error_tol"": 1e-06}",0.5
imcts,NguyenC,10,NguyenC-10,expression,36,29419,40,20,20,2,"[""x0"", ""x1""]",sin(1.5*x[0]) * cos(0.5*x[1]),0.9999999403953552,True,0.9999999999999998,0.9999999999999983,9.0,83113,2.5860572310048155,0.0,0,cos(0.500000074523 * x1) * sin(x0 * 1.50000002356),cos(0.500000074523 * x1) * sin(x0 * 1.50000002356),sin(1.5*x0)*cos(0.5*x1),"[0.5000000745229651, 1.5000000235552995]","{""K"": 500, ""c"": 6.0, ""exploration_rate"": 0.1, ""gamma"": 0.5, ""gp_rate"": 0.5, ""lm_iterations"": 10, ""max_constants"": 999, ""max_depth"": 6, ""max_evals"": 2000000, ""max_unary"": 999, ""mutation_rate"": 0.1, ""ops"": [""+"", ""-"", ""*"", ""/"", ""sin"", ""cos"", ""exp"", ""log"", ""R""], ""succ_error_tol"": 1e-06}","{""K"": 500, ""c"": 6.0, ""exploration_rate"": 0.1, ""gamma"": 0.5, ""gp_rate"": 0.5, ""lm_iterations"": 10, ""max_constants"": 999, ""max_depth"": 6, ""max_evals"": 2000000, ""max_unary"": 999, ""mutation_rate"": 0.1, ""ops"": [""+"", ""-"", ""*"", ""/"", ""sin"", ""cos"", ""exp"", ""log"", ""R""], ""succ_error_tol"": 1e-06}",0.5
imcts,NguyenC,10,NguyenC-10,expression,37,27480,40,20,20,2,"[""x0"", ""x1""]",sin(1.5*x[0]) * cos(0.5*x[1]),1.0,True,0.9999999999999994,0.9999999999999992,9.0,167615,6.031554032000713,0.0,0,sin(x0 * 1.50000004118) * (4.67639091732e-08 + cos(x1 * 0.499999807444) + -7.41857013268e-08 / cos(x1)),sin(x0 * 1.50000004118) * (4.67639091732e-08 + cos(x1 * 0.499999807444) + -7.41857013268e-08 / cos(x1)),sin(1.5*x0)*cos(0.5*x1),"[1.5000000411834942, 4.676390917320489e-08, 0.49999980744421585, -7.418570132684835e-08]","{""K"": 500, ""c"": 6.0, ""exploration_rate"": 0.1, ""gamma"": 0.5, ""gp_rate"": 0.5, ""lm_iterations"": 10, ""max_constants"": 999, ""max_depth"": 6, ""max_evals"": 2000000, ""max_unary"": 999, ""mutation_rate"": 0.1, ""ops"": [""+"", ""-"", ""*"", ""/"", ""sin"", ""cos"", ""exp"", ""log"", ""R""], ""succ_error_tol"": 1e-06}","{""K"": 500, ""c"": 6.0, ""exploration_rate"": 0.1, ""gamma"": 0.5, ""gp_rate"": 0.5, ""lm_iterations"": 10, ""max_constants"": 999, ""max_depth"": 6, ""max_evals"": 2000000, ""max_unary"": 999, ""mutation_rate"": 0.1, ""ops"": [""+"", ""-"", ""*"", ""/"", ""sin"", ""cos"", ""exp"", ""log"", ""R""], ""succ_error_tol"": 1e-06}",0.5
imcts,NguyenC,10,NguyenC-10,expression,38,32304,40,20,20,2,"[""x0"", ""x1""]",sin(1.5*x[0]) * cos(0.5*x[1]),0.9999999403953552,True,0.9999999999999996,0.9999999999999996,9.0,61941,1.9430789860198274,0.0,0,(sin(1.50000003659 * x0) - 1.76432368675e-08 * x1) * cos(-0.500000052968 * x1 - x0 * -7.04012060637e-08 - (1.94826106795e-08 - x1)),(sin(1.50000003659 * x0) - 1.76432368675e-08 * x1) * cos(-0.500000052968 * x1 - x0 * -7.04012060637e-08 - (1.94826106795e-08 - x1)),sin(1.5*x0)*cos(0.5*x1),"[1.5000000365871082, 1.764323686753443e-08, -0.5000000529677934, -7.040120606369313e-08, 1.948261067947395e-08]","{""K"": 500, ""c"": 6.0, ""exploration_rate"": 0.1, ""gamma"": 0.5, ""gp_rate"": 0.5, ""lm_iterations"": 10, ""max_constants"": 999, ""max_depth"": 6, ""max_evals"": 2000000, ""max_unary"": 999, ""mutation_rate"": 0.1, ""ops"": [""+"", ""-"", ""*"", ""/"", ""sin"", ""cos"", ""exp"", ""log"", ""R""], ""succ_error_tol"": 1e-06}","{""K"": 500, ""c"": 6.0, ""exploration_rate"": 0.1, ""gamma"": 0.5, ""gp_rate"": 0.5, ""lm_iterations"": 10, ""max_constants"": 999, ""max_depth"": 6, ""max_evals"": 2000000, ""max_unary"": 999, ""mutation_rate"": 0.1, ""ops"": [""+"", ""-"", ""*"", ""/"", ""sin"", ""cos"", ""exp"", ""log"", ""R""], ""succ_error_tol"": 1e-06}",0.5
imcts,NguyenC,10,NguyenC-10,expression,39,8666,40,20,20,2,"[""x0"", ""x1""]",sin(1.5*x[0]) * cos(0.5*x[1]),0.9999999403953552,True,0.9999999999999971,0.9999999999999977,10.0,124403,4.401977077010088,0.0,0,1.00000032431 * sin(x0 - x0 * -0.499999458273) * (cos(0.500000024859 * x1) + x0 * 1.392792174e-07 * (0.595966456999 * x1 - x0 * 2.00183704419)),1.00000032431 * sin(x0 - x0 * -0.499999458273) * (cos(0.500000024859 * x1) + x0 * 1.392792174e-07 * (0.595966456999 * x1 - x0 * 2.00183704419)),1.0*sin(1.5*x0)*cos(0.5*x1),"[1.00000032430593, -0.49999945827265624, 0.5000000248594251, 1.3927921740012236e-07, 0.9999999999988364, 0.595966456998799, 2.0018370441874156]","{""K"": 500, ""c"": 6.0, ""exploration_rate"": 0.1, ""gamma"": 0.5, ""gp_rate"": 0.5, ""lm_iterations"": 10, ""max_constants"": 999, ""max_depth"": 6, ""max_evals"": 2000000, ""max_unary"": 999, ""mutation_rate"": 0.1, ""ops"": [""+"", ""-"", ""*"", ""/"", ""sin"", ""cos"", ""exp"", ""log"", ""R""], ""succ_error_tol"": 1e-06}","{""K"": 500, ""c"": 6.0, ""exploration_rate"": 0.1, ""gamma"": 0.5, ""gp_rate"": 0.5, ""lm_iterations"": 10, ""max_constants"": 999, ""max_depth"": 6, ""max_evals"": 2000000, ""max_unary"": 999, ""mutation_rate"": 0.1, ""ops"": [""+"", ""-"", ""*"", ""/"", ""sin"", ""cos"", ""exp"", ""log"", ""R""], ""succ_error_tol"": 1e-06}",0.5
imcts,NguyenC,10,NguyenC-10,expression,40,25658,40,20,20,2,"[""x0"", ""x1""]",sin(1.5*x[0]) * cos(0.5*x[1]),0.9999999403953552,True,0.9999999999999979,0.9999999999999972,20.0,55981,1.6553215219755657,0.0,0,sin((x1 + 3.14159321029) / 2.00000021163) * (sin(x0 / 0.66666668623) - -1.00000001635) - cos(exp(x1 - x1) * x1 * 0.500000104358),sin((x1 + 3.14159321029) / 2.00000021163) * (sin(x0 / 0.66666668623) - -1.00000001635) - cos(exp(x1 - x1) * x1 * 0.500000104358),(sin(1.5*x0) + 1.0)*sin(0.5*x1 + 1.57) - cos(0.5*x1),"[3.1415932102915023, 0.6931472863739392, 0.666666686229649, 0.6760229791367507, 0.5441818494486506, 0.5000001043577038]","{""K"": 500, ""c"": 6.0, ""exploration_rate"": 0.1, ""gamma"": 0.5, ""gp_rate"": 0.5, ""lm_iterations"": 10, ""max_constants"": 999, ""max_depth"": 6, ""max_evals"": 2000000, ""max_unary"": 999, ""mutation_rate"": 0.1, ""ops"": [""+"", ""-"", ""*"", ""/"", ""sin"", ""cos"", ""exp"", ""log"", ""R""], ""succ_error_tol"": 1e-06}","{""K"": 500, ""c"": 6.0, ""exploration_rate"": 0.1, ""gamma"": 0.5, ""gp_rate"": 0.5, ""lm_iterations"": 10, ""max_constants"": 999, ""max_depth"": 6, ""max_evals"": 2000000, ""max_unary"": 999, ""mutation_rate"": 0.1, ""ops"": [""+"", ""-"", ""*"", ""/"", ""sin"", ""cos"", ""exp"", ""log"", ""R""], ""succ_error_tol"": 1e-06}",0.5
imcts,NguyenC,10,NguyenC-10,expression,41,18942,40,20,20,2,"[""x0"", ""x1""]",sin(1.5*x[0]) * cos(0.5*x[1]),0.9999999403953552,True,0.9999999999999976,0.9999999999999978,10.0,79604,2.6374305629869923,0.0,0,(sin(x0 * 1.50000621207) - (x0 + x0 * -1.00000824825)) * (cos(x1 / 1.99999902095) / 1.00001030233 + 5.71503172459e-07 * exp(x0)),(sin(x0 * 1.50000621207) - (x0 + x0 * -1.00000824825)) * (cos(x1 / 1.99999902095) / 1.00001030233 + 5.71503172459e-07 * exp(x0)),1.0*sin(1.5*x0)*cos(0.5*x1),"[1.5000062120704276, -1.0000082482458248, 1.99999902095322, 1.0000103023324904, 1.0000005714033358]","{""K"": 500, ""c"": 6.0, ""exploration_rate"": 0.1, ""gamma"": 0.5, ""gp_rate"": 0.5, ""lm_iterations"": 10, ""max_constants"": 999, ""max_depth"": 6, ""max_evals"": 2000000, ""max_unary"": 999, ""mutation_rate"": 0.1, ""ops"": [""+"", ""-"", ""*"", ""/"", ""sin"", ""cos"", ""exp"", ""log"", ""R""], ""succ_error_tol"": 1e-06}","{""K"": 500, ""c"": 6.0, ""exploration_rate"": 0.1, ""gamma"": 0.5, ""gp_rate"": 0.5, ""lm_iterations"": 10, ""max_constants"": 999, ""max_depth"": 6, ""max_evals"": 2000000, ""max_unary"": 999, ""mutation_rate"": 0.1, ""ops"": [""+"", ""-"", ""*"", ""/"", ""sin"", ""cos"", ""exp"", ""log"", ""R""], ""succ_error_tol"": 1e-06}",0.5
imcts,NguyenC,10,NguyenC-10,expression,42,24233,40,20,20,2,"[""x0"", ""x1""]",sin(1.5*x[0]) * cos(0.5*x[1]),0.9999999403953552,True,0.999999999999999,0.9999999999999982,9.0,47586,1.4480612050392665,0.0,0,(sin(x0 * 1.50000031973) - (-6.45987156705e-07 / exp(x0) + 6.18259886948e-07)) * (cos(5.32407661551e-08 + -0.500000167994 * x1) + x0 * 0.794485617082 * 4.28734067482e-07),(sin(x0 * 1.50000031973) - (-6.45987156705e-07 / exp(x0) + 6.18259886948e-07)) * (cos(5.32407661551e-08 + -0.500000167994 * x1) + x0 * 0.794485617082 * 4.28734067482e-07),sin(1.5*x0)*cos(0.5*x1),"[1.5000003197253584, -6.459871567050644e-07, 6.182598869484735e-07, 1.0000000531407676, -0.5000001679942575, 0.7944856170819795, 1.1447297493790987]","{""K"": 500, ""c"": 6.0, ""exploration_rate"": 0.1, ""gamma"": 0.5, ""gp_rate"": 0.5, ""lm_iterations"": 10, ""max_constants"": 999, ""max_depth"": 6, ""max_evals"": 2000000, ""max_unary"": 999, ""mutation_rate"": 0.1, ""ops"": [""+"", ""-"", ""*"", ""/"", ""sin"", ""cos"", ""exp"", ""log"", ""R""], ""succ_error_tol"": 1e-06}","{""K"": 500, ""c"": 6.0, ""exploration_rate"": 0.1, ""gamma"": 0.5, ""gp_rate"": 0.5, ""lm_iterations"": 10, ""max_constants"": 999, ""max_depth"": 6, ""max_evals"": 2000000, ""max_unary"": 999, ""mutation_rate"": 0.1, ""ops"": [""+"", ""-"", ""*"", ""/"", ""sin"", ""cos"", ""exp"", ""log"", ""R""], ""succ_error_tol"": 1e-06}",0.5
imcts,NguyenC,10,NguyenC-10,expression,43,18431,40,20,20,2,"[""x0"", ""x1""]",sin(1.5*x[0]) * cos(0.5*x[1]),0.9999999403953552,True,0.9999999999999997,0.9999999999999997,10.0,8729,0.2072269840282388,0.0,0,cos(x1 / 1.09007787778 / 1.71857735866 * 0.936691527093) / (1.00000002175 / sin(x0 * 1.50000005606)),cos(x1 / 1.09007787778 / 1.71857735866 * 0.936691527093) / (1.00000002175 / sin(x0 * 1.50000005606)),1.0*sin(1.5*x0)*cos(0.5*x1),"[1.0900778777759226, 0.5414968315167143, 0.936691527092882, 1.1937268542645516, 1.193726832512649, 1.5000000560591122]","{""K"": 500, ""c"": 6.0, ""exploration_rate"": 0.1, ""gamma"": 0.5, ""gp_rate"": 0.5, ""lm_iterations"": 10, ""max_constants"": 999, ""max_depth"": 6, ""max_evals"": 2000000, ""max_unary"": 999, ""mutation_rate"": 0.1, ""ops"": [""+"", ""-"", ""*"", ""/"", ""sin"", ""cos"", ""exp"", ""log"", ""R""], ""succ_error_tol"": 1e-06}","{""K"": 500, ""c"": 6.0, ""exploration_rate"": 0.1, ""gamma"": 0.5, ""gp_rate"": 0.5, ""lm_iterations"": 10, ""max_constants"": 999, ""max_depth"": 6, ""max_evals"": 2000000, ""max_unary"": 999, ""mutation_rate"": 0.1, ""ops"": [""+"", ""-"", ""*"", ""/"", ""sin"", ""cos"", ""exp"", ""log"", ""R""], ""succ_error_tol"": 1e-06}",0.5
imcts,NguyenC,10,NguyenC-10,expression,44,32219,40,20,20,2,"[""x0"", ""x1""]",sin(1.5*x[0]) * cos(0.5*x[1]),0.9999999403953552,True,0.9999999999999972,0.9999999999999948,9.0,94754,3.138962013006676,0.0,0,(cos(0.50000016243 * x1) + 2.06629992856e-08) * sin(1.499999947 * x0) - exp(x0 * 1.83009697049) * x1 * 2.18028423382e-08 * x1 * (x0 - 0.807398953544),(cos(0.50000016243 * x1) + 2.06629992856e-08) * sin(1.499999947 * x0) - exp(x0 * 1.83009697049) * x1 * 2.18028423382e-08 * x1 * (x0 - 0.807398953544),sin(1.5*x0)*cos(0.5*x1),"[0.5000001624299729, 3.3827872049675825e-08, 1.63712303243919, 1.4999999469984777, 1.8300969704879377, 2.1802842338224897e-08, 0.8073989535439057]","{""K"": 500, ""c"": 6.0, ""exploration_rate"": 0.1, ""gamma"": 0.5, ""gp_rate"": 0.5, ""lm_iterations"": 10, ""max_constants"": 999, ""max_depth"": 6, ""max_evals"": 2000000, ""max_unary"": 999, ""mutation_rate"": 0.1, ""ops"": [""+"", ""-"", ""*"", ""/"", ""sin"", ""cos"", ""exp"", ""log"", ""R""], ""succ_error_tol"": 1e-06}","{""K"": 500, ""c"": 6.0, ""exploration_rate"": 0.1, ""gamma"": 0.5, ""gp_rate"": 0.5, ""lm_iterations"": 10, ""max_constants"": 999, ""max_depth"": 6, ""max_evals"": 2000000, ""max_unary"": 999, ""mutation_rate"": 0.1, ""ops"": [""+"", ""-"", ""*"", ""/"", ""sin"", ""cos"", ""exp"", ""log"", ""R""], ""succ_error_tol"": 1e-06}",0.5
imcts,NguyenC,10,NguyenC-10,expression,45,2747,40,20,20,2,"[""x0"", ""x1""]",sin(1.5*x[0]) * cos(0.5*x[1]),0.9999999403953552,True,0.9999999999999996,0.9999999999999997,9.0,36693,1.0133473619935103,0.0,0,cos(0.499999997082 + 0.499999900707 * (x1 - 1)) * sin(x0 / 0.666666669789),cos(0.499999997082 + 0.499999900707 * (x1 - 1)) * sin(x0 / 0.666666669789),sin(1.5*x0)*cos(0.5*x1),"[0.49999999708216547, 0.49999990070675615, 1.0, 0.6666666697891986]","{""K"": 500, ""c"": 6.0, ""exploration_rate"": 0.1, ""gamma"": 0.5, ""gp_rate"": 0.5, ""lm_iterations"": 10, ""max_constants"": 999, ""max_depth"": 6, ""max_evals"": 2000000, ""max_unary"": 999, ""mutation_rate"": 0.1, ""ops"": [""+"", ""-"", ""*"", ""/"", ""sin"", ""cos"", ""exp"", ""log"", ""R""], ""succ_error_tol"": 1e-06}","{""K"": 500, ""c"": 6.0, ""exploration_rate"": 0.1, ""gamma"": 0.5, ""gp_rate"": 0.5, ""lm_iterations"": 10, ""max_constants"": 999, ""max_depth"": 6, ""max_evals"": 2000000, ""max_unary"": 999, ""mutation_rate"": 0.1, ""ops"": [""+"", ""-"", ""*"", ""/"", ""sin"", ""cos"", ""exp"", ""log"", ""R""], ""succ_error_tol"": 1e-06}",0.5
imcts,NguyenC,10,NguyenC-10,expression,46,25551,40,20,20,2,"[""x0"", ""x1""]",sin(1.5*x[0]) * cos(0.5*x[1]),0.9999999403953552,True,0.9999999999999992,0.9999999999999992,11.0,27349,0.7673854120075703,0.0,0,sin(x1 * 0.500000216749 + 1.57079614374) * sin(x0 / 0.666666671028),sin(x1 * 0.500000216749 + 1.57079614374) * sin(x0 / 0.666666671028),sin(1.5*x0)*sin(0.5*x1 + 1.57),"[0.5000002167490148, 4.810476500270826, 0.6666666710280645]","{""K"": 500, ""c"": 6.0, ""exploration_rate"": 0.1, ""gamma"": 0.5, ""gp_rate"": 0.5, ""lm_iterations"": 10, ""max_constants"": 999, ""max_depth"": 6, ""max_evals"": 2000000, ""max_unary"": 999, ""mutation_rate"": 0.1, ""ops"": [""+"", ""-"", ""*"", ""/"", ""sin"", ""cos"", ""exp"", ""log"", ""R""], ""succ_error_tol"": 1e-06}","{""K"": 500, ""c"": 6.0, ""exploration_rate"": 0.1, ""gamma"": 0.5, ""gp_rate"": 0.5, ""lm_iterations"": 10, ""max_constants"": 999, ""max_depth"": 6, ""max_evals"": 2000000, ""max_unary"": 999, ""mutation_rate"": 0.1, ""ops"": [""+"", ""-"", ""*"", ""/"", ""sin"", ""cos"", ""exp"", ""log"", ""R""], ""succ_error_tol"": 1e-06}",0.5
imcts,NguyenC,10,NguyenC-10,expression,47,26382,40,20,20,2,"[""x0"", ""x1""]",sin(1.5*x[0]) * cos(0.5*x[1]),0.9999999403953552,True,0.9999999999999997,0.9999999999999997,11.0,16563,0.4107346870005131,0.0,0,sin((3.14159227913 + x1) * 0.500000053159) * (0.909154189634 + sin(1.49999999693 * x0) - 0.90915418985),sin((3.14159227913 + x1) * 0.500000053159) * (0.909154189634 + sin(1.49999999693 * x0) - 0.90915418985),sin(1.5*x0)*sin(0.5*x1 + 1.57),"[3.1415922791292195, 0.5000000531589033, -0.0952405736297029, 1.4999999969309699, 1.000172034415148, 1.000172034415148]","{""K"": 500, ""c"": 6.0, ""exploration_rate"": 0.1, ""gamma"": 0.5, ""gp_rate"": 0.5, ""lm_iterations"": 10, ""max_constants"": 999, ""max_depth"": 6, ""max_evals"": 2000000, ""max_unary"": 999, ""mutation_rate"": 0.1, ""ops"": [""+"", ""-"", ""*"", ""/"", ""sin"", ""cos"", ""exp"", ""log"", ""R""], ""succ_error_tol"": 1e-06}","{""K"": 500, ""c"": 6.0, ""exploration_rate"": 0.1, ""gamma"": 0.5, ""gp_rate"": 0.5, ""lm_iterations"": 10, ""max_constants"": 999, ""max_depth"": 6, ""max_evals"": 2000000, ""max_unary"": 999, ""mutation_rate"": 0.1, ""ops"": [""+"", ""-"", ""*"", ""/"", ""sin"", ""cos"", ""exp"", ""log"", ""R""], ""succ_error_tol"": 1e-06}",0.5
imcts,NguyenC,10,NguyenC-10,expression,48,189,40,20,20,2,"[""x0"", ""x1""]",sin(1.5*x[0]) * cos(0.5*x[1]),0.9999999403953552,True,0.9999999999999994,0.9999999999999989,9.0,143248,5.198188924987335,0.0,0,(0.999999964193 * x0 + 0.987516319852 - x0 - 0.987516290133) * (4.82616035801 + log(x1)) - (sin(-1.49999997297 * x0) * cos(0.499999779898 * x1) - ((-0.457813365137 - x1) * 1.17711101554e-07 + sin(9.52908758419e-08 * x0))),(0.999999964193 * x0 + 0.987516319852 - x0 - 0.987516290133) * (4.82616035801 + log(x1)) - (sin(-1.49999997297 * x0) * cos(0.499999779898 * x1) - ((-0.457813365137 - x1) * 1.17711101554e-07 + sin(9.52908758419e-08 * x0))),sin(1.5*x0)*cos(0.5*x1),"[0.999999964192914, 0.9875163198519484, 0.9875162901331559, 4.8261603580050645, -1.499999972969546, 0.49999977989774713, -0.4578133651365243, 1.1771110155410088e-07, 9.529087584185214e-08]","{""K"": 500, ""c"": 6.0, ""exploration_rate"": 0.1, ""gamma"": 0.5, ""gp_rate"": 0.5, ""lm_iterations"": 10, ""max_constants"": 999, ""max_depth"": 6, ""max_evals"": 2000000, ""max_unary"": 999, ""mutation_rate"": 0.1, ""ops"": [""+"", ""-"", ""*"", ""/"", ""sin"", ""cos"", ""exp"", ""log"", ""R""], ""succ_error_tol"": 1e-06}","{""K"": 500, ""c"": 6.0, ""exploration_rate"": 0.1, ""gamma"": 0.5, ""gp_rate"": 0.5, ""lm_iterations"": 10, ""max_constants"": 999, ""max_depth"": 6, ""max_evals"": 2000000, ""max_unary"": 999, ""mutation_rate"": 0.1, ""ops"": [""+"", ""-"", ""*"", ""/"", ""sin"", ""cos"", ""exp"", ""log"", ""R""], ""succ_error_tol"": 1e-06}",0.5
imcts,NguyenC,10,NguyenC-10,expression,49,31677,40,20,20,2,"[""x0"", ""x1""]",sin(1.5*x[0]) * cos(0.5*x[1]),0.9999999403953552,True,0.999999999999997,0.999999999999998,9.0,54828,1.716128445987124,0.0,0,-2.02940366734e-08 * (x1 + exp(x0)) + cos(x1 / 2.0000003436) * sin(1.49999991313 * x0) + 4.98416860535e-08,-2.02940366734e-08 * (x1 + exp(x0)) + cos(x1 / 2.0000003436) * sin(1.49999991313 * x0) + 4.98416860535e-08,sin(1.5*x0)*cos(0.5*x1),"[-1.0000000202940367, 1.0, 2.000000343599569, 1.4999999131260426, 4.984168605353581e-08]","{""K"": 500, ""c"": 6.0, ""exploration_rate"": 0.1, ""gamma"": 0.5, ""gp_rate"": 0.5, ""lm_iterations"": 10, ""max_constants"": 999, ""max_depth"": 6, ""max_evals"": 2000000, ""max_unary"": 999, ""mutation_rate"": 0.1, ""ops"": [""+"", ""-"", ""*"", ""/"", ""sin"", ""cos"", ""exp"", ""log"", ""R""], ""succ_error_tol"": 1e-06}","{""K"": 500, ""c"": 6.0, ""exploration_rate"": 0.1, ""gamma"": 0.5, ""gp_rate"": 0.5, ""lm_iterations"": 10, ""max_constants"": 999, ""max_depth"": 6, ""max_evals"": 2000000, ""max_unary"": 999, ""mutation_rate"": 0.1, ""ops"": [""+"", ""-"", ""*"", ""/"", ""sin"", ""cos"", ""exp"", ""log"", ""R""], ""succ_error_tol"": 1e-06}",0.5
imcts,NguyenC,10,NguyenC-10,expression,50,19118,40,20,20,2,"[""x0"", ""x1""]",sin(1.5*x[0]) * cos(0.5*x[1]),0.9999999403953552,True,0.9999999999999993,0.9999999999999991,9.0,255284,9.869533082004637,0.0,0,cos(x1 * 0.50000003607) * sin(x0 * 1.49999998507),cos(x1 * 0.50000003607) * sin(x0 * 1.49999998507),sin(1.5*x0)*cos(0.5*x1),"[0.5000000360700675, 1.499999985071753]","{""K"": 500, ""c"": 6.0, ""exploration_rate"": 0.1, ""gamma"": 0.5, ""gp_rate"": 0.5, ""lm_iterations"": 10, ""max_constants"": 999, ""max_depth"": 6, ""max_evals"": 2000000, ""max_unary"": 999, ""mutation_rate"": 0.1, ""ops"": [""+"", ""-"", ""*"", ""/"", ""sin"", ""cos"", ""exp"", ""log"", ""R""], ""succ_error_tol"": 1e-06}","{""K"": 500, ""c"": 6.0, ""exploration_rate"": 0.1, ""gamma"": 0.5, ""gp_rate"": 0.5, ""lm_iterations"": 10, ""max_constants"": 999, ""max_depth"": 6, ""max_evals"": 2000000, ""max_unary"": 999, ""mutation_rate"": 0.1, ""ops"": [""+"", ""-"", ""*"", ""/"", ""sin"", ""cos"", ""exp"", ""log"", ""R""], ""succ_error_tol"": 1e-06}",0.5
imcts,NguyenC,10,NguyenC-10,expression,51,3005,40,20,20,2,"[""x0"", ""x1""]",sin(1.5*x[0]) * cos(0.5*x[1]),1.0,True,0.999999999999998,0.9999999999999954,12.0,22836,0.5788287210161798,0.0,0,sin(-1.57079627401 - -0.500000086304 * x1) * sin(5.14482660576e-09 - 1.50000009145 * x0),sin(-1.57079627401 - -0.500000086304 * x1) * sin(5.14482660576e-09 - 1.50000009145 * x0),-sin(1.5*x0)*sin(0.5*x1 - 1.57),"[-2.8304322939459223, 0.5888467823512651, -0.5000000863035787, 1.0, 1.3985088672999355e-08, 1.0, 0.4054651690726481]","{""K"": 500, ""c"": 6.0, ""exploration_rate"": 0.1, ""gamma"": 0.5, ""gp_rate"": 0.5, ""lm_iterations"": 10, ""max_constants"": 999, ""max_depth"": 6, ""max_evals"": 2000000, ""max_unary"": 999, ""mutation_rate"": 0.1, ""ops"": [""+"", ""-"", ""*"", ""/"", ""sin"", ""cos"", ""exp"", ""log"", ""R""], ""succ_error_tol"": 1e-06}","{""K"": 500, ""c"": 6.0, ""exploration_rate"": 0.1, ""gamma"": 0.5, ""gp_rate"": 0.5, ""lm_iterations"": 10, ""max_constants"": 999, ""max_depth"": 6, ""max_evals"": 2000000, ""max_unary"": 999, ""mutation_rate"": 0.1, ""ops"": [""+"", ""-"", ""*"", ""/"", ""sin"", ""cos"", ""exp"", ""log"", ""R""], ""succ_error_tol"": 1e-06}",0.5
imcts,NguyenC,10,NguyenC-10,expression,52,21042,40,20,20,2,"[""x0"", ""x1""]",sin(1.5*x[0]) * cos(0.5*x[1]),0.9999999403953552,True,0.9999999999999993,0.9999999999999979,14.0,38957,1.11155437794514,0.0,0,(cos(1.57079626444 - x0 - x0 * 0.500000007851) + -5.92914774869e-08) * sin((x1 - x0) * -0.500000384532 + 1.5707965058 - x0 / 1.99999948099),(cos(1.57079626444 - x0 - x0 * 0.500000007851) + -5.92914774869e-08) * sin((x1 - x0) * -0.500000384532 + 1.5707965058 - x0 / 1.99999948099),-sin(0.5*x1 - 1.57)*cos(1.5*x0 - 1.57),"[1.570796264436724, 0.5000000078510227, 0.9999999406085243, -0.5000003845322154, 1.5707965058030164, 1.999999480991027]","{""K"": 500, ""c"": 6.0, ""exploration_rate"": 0.1, ""gamma"": 0.5, ""gp_rate"": 0.5, ""lm_iterations"": 10, ""max_constants"": 999, ""max_depth"": 6, ""max_evals"": 2000000, ""max_unary"": 999, ""mutation_rate"": 0.1, ""ops"": [""+"", ""-"", ""*"", ""/"", ""sin"", ""cos"", ""exp"", ""log"", ""R""], ""succ_error_tol"": 1e-06}","{""K"": 500, ""c"": 6.0, ""exploration_rate"": 0.1, ""gamma"": 0.5, ""gp_rate"": 0.5, ""lm_iterations"": 10, ""max_constants"": 999, ""max_depth"": 6, ""max_evals"": 2000000, ""max_unary"": 999, ""mutation_rate"": 0.1, ""ops"": [""+"", ""-"", ""*"", ""/"", ""sin"", ""cos"", ""exp"", ""log"", ""R""], ""succ_error_tol"": 1e-06}",0.5
imcts,NguyenC,10,NguyenC-10,expression,53,1899,40,20,20,2,"[""x0"", ""x1""]",sin(1.5*x[0]) * cos(0.5*x[1]),0.9999999403953552,True,0.9999999999999998,0.9999999999999997,14.0,48705,1.514951917983126,0.0,0,cos(x0 * 2.50000003659 - x0 - 1.57079633551) / (1.00000001217 / sin(1.57079633979 + 0.49999997483 * x1)),cos(x0 * 2.50000003659 - x0 - 1.57079633551) / (1.00000001217 / sin(1.57079633979 + 0.49999997483 * x1)),1.0*sin(0.5*x1 + 1.57)*cos(1.5*x0 - 1.57),"[2.5000000365861927, 1.5707963355098908, 1.0000000121656643, 1.5707963397875369, 0.4999999748303209]","{""K"": 500, ""c"": 6.0, ""exploration_rate"": 0.1, ""gamma"": 0.5, ""gp_rate"": 0.5, ""lm_iterations"": 10, ""max_constants"": 999, ""max_depth"": 6, ""max_evals"": 2000000, ""max_unary"": 999, ""mutation_rate"": 0.1, ""ops"": [""+"", ""-"", ""*"", ""/"", ""sin"", ""cos"", ""exp"", ""log"", ""R""], ""succ_error_tol"": 1e-06}","{""K"": 500, ""c"": 6.0, ""exploration_rate"": 0.1, ""gamma"": 0.5, ""gp_rate"": 0.5, ""lm_iterations"": 10, ""max_constants"": 999, ""max_depth"": 6, ""max_evals"": 2000000, ""max_unary"": 999, ""mutation_rate"": 0.1, ""ops"": [""+"", ""-"", ""*"", ""/"", ""sin"", ""cos"", ""exp"", ""log"", ""R""], ""succ_error_tol"": 1e-06}",0.5
imcts,NguyenC,10,NguyenC-10,expression,54,24118,40,20,20,2,"[""x0"", ""x1""]",sin(1.5*x[0]) * cos(0.5*x[1]),0.9999999403953552,True,0.9999999999999987,0.9999999999999969,9.0,19510,0.5172097259783186,0.0,0,(sin(x0 / 0.666666700517) + 9.06122746051e-09) * cos((x1 - 4.6221667166e-07 + x1) * 0.250000089506),(sin(x0 / 0.666666700517) + 9.06122746051e-09) * cos((x1 - 4.6221667166e-07 + x1) * 0.250000089506),sin(1.5*x0)*cos(0.5*x1),"[0.6666667005171143, 9.061227460508396e-09, 4.622166716598693e-07, 0.25000008950628766]","{""K"": 500, ""c"": 6.0, ""exploration_rate"": 0.1, ""gamma"": 0.5, ""gp_rate"": 0.5, ""lm_iterations"": 10, ""max_constants"": 999, ""max_depth"": 6, ""max_evals"": 2000000, ""max_unary"": 999, ""mutation_rate"": 0.1, ""ops"": [""+"", ""-"", ""*"", ""/"", ""sin"", ""cos"", ""exp"", ""log"", ""R""], ""succ_error_tol"": 1e-06}","{""K"": 500, ""c"": 6.0, ""exploration_rate"": 0.1, ""gamma"": 0.5, ""gp_rate"": 0.5, ""lm_iterations"": 10, ""max_constants"": 999, ""max_depth"": 6, ""max_evals"": 2000000, ""max_unary"": 999, ""mutation_rate"": 0.1, ""ops"": [""+"", ""-"", ""*"", ""/"", ""sin"", ""cos"", ""exp"", ""log"", ""R""], ""succ_error_tol"": 1e-06}",0.5
imcts,NguyenC,10,NguyenC-10,expression,55,1267,40,20,20,2,"[""x0"", ""x1""]",sin(1.5*x[0]) * cos(0.5*x[1]),0.9999999403953552,True,0.9999999999999994,0.9999999999999991,22.0,16063,0.398542164999526,0.0,0,x0 / (x1 + x0 / 3.72574412834e-08) + cos(x1 * 0.500000032829) * sin(3.14159268644 + x0 * -1.49999995223),x0 / (x1 + x0 / 3.72574412834e-08) + cos(x1 * 0.500000032829) * sin(3.14159268644 + x0 * -1.49999995223),x0/(2.68e+7*x0 + x1) - sin(1.5*x0 - 3.14)*cos(0.5*x1),"[3.725744128339154e-08, 0.5000000328285062, 1.1447298963052095, -1.4999999522256222]","{""K"": 500, ""c"": 6.0, ""exploration_rate"": 0.1, ""gamma"": 0.5, ""gp_rate"": 0.5, ""lm_iterations"": 10, ""max_constants"": 999, ""max_depth"": 6, ""max_evals"": 2000000, ""max_unary"": 999, ""mutation_rate"": 0.1, ""ops"": [""+"", ""-"", ""*"", ""/"", ""sin"", ""cos"", ""exp"", ""log"", ""R""], ""succ_error_tol"": 1e-06}","{""K"": 500, ""c"": 6.0, ""exploration_rate"": 0.1, ""gamma"": 0.5, ""gp_rate"": 0.5, ""lm_iterations"": 10, ""max_constants"": 999, ""max_depth"": 6, ""max_evals"": 2000000, ""max_unary"": 999, ""mutation_rate"": 0.1, ""ops"": [""+"", ""-"", ""*"", ""/"", ""sin"", ""cos"", ""exp"", ""log"", ""R""], ""succ_error_tol"": 1e-06}",0.5
imcts,NguyenC,10,NguyenC-10,expression,56,31551,40,20,20,2,"[""x0"", ""x1""]",sin(1.5*x[0]) * cos(0.5*x[1]),0.9999999403953552,True,0.9999999999999999,0.9999999999999999,9.0,124561,4.5739745299797505,0.0,0,cos(x1 * 0.499999986076) * sin(1.49999998942 * (x0 + 2.19258474726e-09)),cos(x1 * 0.499999986076) * sin(1.49999998942 * (x0 + 2.19258474726e-09)),sin(1.5*x0)*cos(0.5*x1),"[0.8093025608565545, 0.6178158951410126, 1.4999999894158393, 2.192584747259181e-09]","{""K"": 500, ""c"": 6.0, ""exploration_rate"": 0.1, ""gamma"": 0.5, ""gp_rate"": 0.5, ""lm_iterations"": 10, ""max_constants"": 999, ""max_depth"": 6, ""max_evals"": 2000000, ""max_unary"": 999, ""mutation_rate"": 0.1, ""ops"": [""+"", ""-"", ""*"", ""/"", ""sin"", ""cos"", ""exp"", ""log"", ""R""], ""succ_error_tol"": 1e-06}","{""K"": 500, ""c"": 6.0, ""exploration_rate"": 0.1, ""gamma"": 0.5, ""gp_rate"": 0.5, ""lm_iterations"": 10, ""max_constants"": 999, ""max_depth"": 6, ""max_evals"": 2000000, ""max_unary"": 999, ""mutation_rate"": 0.1, ""ops"": [""+"", ""-"", ""*"", ""/"", ""sin"", ""cos"", ""exp"", ""log"", ""R""], ""succ_error_tol"": 1e-06}",0.5
imcts,NguyenC,10,NguyenC-10,expression,57,17912,40,20,20,2,"[""x0"", ""x1""]",sin(1.5*x[0]) * cos(0.5*x[1]),0.9999998807907104,True,0.9999999999999958,0.9999999999999987,13.0,101976,3.7850815590354614,0.0,0,(sin(0.499999445764 * x1 + 1.57079655049) + 1.12569026411e-07 * cos(x1 + x1)) * (cos((1.04719757923 - x0) / 0.666666728249) + -8.83678610121e-08),(sin(0.499999445764 * x1 + 1.57079655049) + 1.12569026411e-07 * cos(x1 + x1)) * (cos((1.04719757923 - x0) / 0.666666728249) + -8.83678610121e-08),sin(0.5*x1 + 1.57)*cos(1.5*x0 - 1.57),"[0.4999994457642986, 1.5707965504945192, 1.1256902641126631e-07, 1.047197579225669, 0.6666667282493444, -8.836786101210347e-08, 1.0]","{""K"": 500, ""c"": 6.0, ""exploration_rate"": 0.1, ""gamma"": 0.5, ""gp_rate"": 0.5, ""lm_iterations"": 10, ""max_constants"": 999, ""max_depth"": 6, ""max_evals"": 2000000, ""max_unary"": 999, ""mutation_rate"": 0.1, ""ops"": [""+"", ""-"", ""*"", ""/"", ""sin"", ""cos"", ""exp"", ""log"", ""R""], ""succ_error_tol"": 1e-06}","{""K"": 500, ""c"": 6.0, ""exploration_rate"": 0.1, ""gamma"": 0.5, ""gp_rate"": 0.5, ""lm_iterations"": 10, ""max_constants"": 999, ""max_depth"": 6, ""max_evals"": 2000000, ""max_unary"": 999, ""mutation_rate"": 0.1, ""ops"": [""+"", ""-"", ""*"", ""/"", ""sin"", ""cos"", ""exp"", ""log"", ""R""], ""succ_error_tol"": 1e-06}",0.5
imcts,NguyenC,10,NguyenC-10,expression,58,11394,40,20,20,2,"[""x0"", ""x1""]",sin(1.5*x[0]) * cos(0.5*x[1]),0.9999999403953552,True,0.9999999999999973,0.9999999999999982,10.0,86273,2.969379956019111,0.0,0,(0.000110679774024 + cos(x1 / 1.99988756702)) * sin(x0 * 1.50000005036) * 0.999889323406,(0.000110679774024 + cos(x1 / 1.99988756702)) * sin(x0 * 1.50000005036) * 0.999889323406,1.0*sin(1.5*x0)*cos(0.5*x1),"[0.0001106797740244831, 1.9998875670212608, 1.5000000503550597, 0.9998893234062203]","{""K"": 500, ""c"": 6.0, ""exploration_rate"": 0.1, ""gamma"": 0.5, ""gp_rate"": 0.5, ""lm_iterations"": 10, ""max_constants"": 999, ""max_depth"": 6, ""max_evals"": 2000000, ""max_unary"": 999, ""mutation_rate"": 0.1, ""ops"": [""+"", ""-"", ""*"", ""/"", ""sin"", ""cos"", ""exp"", ""log"", ""R""], ""succ_error_tol"": 1e-06}","{""K"": 500, ""c"": 6.0, ""exploration_rate"": 0.1, ""gamma"": 0.5, ""gp_rate"": 0.5, ""lm_iterations"": 10, ""max_constants"": 999, ""max_depth"": 6, ""max_evals"": 2000000, ""max_unary"": 999, ""mutation_rate"": 0.1, ""ops"": [""+"", ""-"", ""*"", ""/"", ""sin"", ""cos"", ""exp"", ""log"", ""R""], ""succ_error_tol"": 1e-06}",0.5
imcts,NguyenC,10,NguyenC-10,expression,59,3556,40,20,20,2,"[""x0"", ""x1""]",sin(1.5*x[0]) * cos(0.5*x[1]),0.9999999403953552,True,0.9999999999999986,0.999999999999998,9.0,5943,0.13612038001883775,0.0,0,sin(1.49999996594 * x0) * cos(0.499999892599 * x1),sin(1.49999996594 * x0) * cos(0.499999892599 * x1),sin(1.5*x0)*cos(0.5*x1),"[1.4999999659361953, -0.6931473953628412]","{""K"": 500, ""c"": 6.0, ""exploration_rate"": 0.1, ""gamma"": 0.5, ""gp_rate"": 0.5, ""lm_iterations"": 10, ""max_constants"": 999, ""max_depth"": 6, ""max_evals"": 2000000, ""max_unary"": 999, ""mutation_rate"": 0.1, ""ops"": [""+"", ""-"", ""*"", ""/"", ""sin"", ""cos"", ""exp"", ""log"", ""R""], ""succ_error_tol"": 1e-06}","{""K"": 500, ""c"": 6.0, ""exploration_rate"": 0.1, ""gamma"": 0.5, ""gp_rate"": 0.5, ""lm_iterations"": 10, ""max_constants"": 999, ""max_depth"": 6, ""max_evals"": 2000000, ""max_unary"": 999, ""mutation_rate"": 0.1, ""ops"": [""+"", ""-"", ""*"", ""/"", ""sin"", ""cos"", ""exp"", ""log"", ""R""], ""succ_error_tol"": 1e-06}",0.5
imcts,NguyenC,10,NguyenC-10,expression,60,3890,40,20,20,2,"[""x0"", ""x1""]",sin(1.5*x[0]) * cos(0.5*x[1]),0.9999999403953552,True,0.9999999999999992,0.9999999999999973,11.0,13146,0.33350086404243484,0.0,0,sin(x1 * 4.84075930702e-09 + x0 * 1.4999999547) * sin(1.57079600827 + x1 * 0.500000344254),sin(x1 * 4.84075930702e-09 + x0 * 1.4999999547) * sin(1.57079600827 + x1 * 0.500000344254),sin(1.5*x0)*sin(0.5*x1 + 1.57),"[4.840759307021193e-09, 1.4999999546967653, 1.5707960082726404, 0.500000344253566]","{""K"": 500, ""c"": 6.0, ""exploration_rate"": 0.1, ""gamma"": 0.5, ""gp_rate"": 0.5, ""lm_iterations"": 10, ""max_constants"": 999, ""max_depth"": 6, ""max_evals"": 2000000, ""max_unary"": 999, ""mutation_rate"": 0.1, ""ops"": [""+"", ""-"", ""*"", ""/"", ""sin"", ""cos"", ""exp"", ""log"", ""R""], ""succ_error_tol"": 1e-06}","{""K"": 500, ""c"": 6.0, ""exploration_rate"": 0.1, ""gamma"": 0.5, ""gp_rate"": 0.5, ""lm_iterations"": 10, ""max_constants"": 999, ""max_depth"": 6, ""max_evals"": 2000000, ""max_unary"": 999, ""mutation_rate"": 0.1, ""ops"": [""+"", ""-"", ""*"", ""/"", ""sin"", ""cos"", ""exp"", ""log"", ""R""], ""succ_error_tol"": 1e-06}",0.5
imcts,NguyenC,10,NguyenC-10,expression,61,8838,40,20,20,2,"[""x0"", ""x1""]",sin(1.5*x[0]) * cos(0.5*x[1]),0.9999999403953552,True,0.9999999999999991,0.9999999999999992,9.0,83131,2.85686778096715,0.0,0,sin(x0 / 1.36877212951 * 2.05315819123) * (cos(x1 * 0.500000192452) - -6.69503017917e-08 * (0.0817716920955 + x1) - 9.79031166895e-09),sin(x0 / 1.36877212951 * 2.05315819123) * (cos(x1 * 0.500000192452) - -6.69503017917e-08 * (0.0817716920955 + x1) - 9.79031166895e-09),sin(1.5*x0)*cos(0.5*x1),"[1.3687721295058428, 1.0175113224717984, 0.9824886775282017, 1.0175113224717984, 0.5000001924522448, -6.695030179167205e-08, 0.08177169209553965, 9.790311668949845e-09]","{""K"": 500, ""c"": 6.0, ""exploration_rate"": 0.1, ""gamma"": 0.5, ""gp_rate"": 0.5, ""lm_iterations"": 10, ""max_constants"": 999, ""max_depth"": 6, ""max_evals"": 2000000, ""max_unary"": 999, ""mutation_rate"": 0.1, ""ops"": [""+"", ""-"", ""*"", ""/"", ""sin"", ""cos"", ""exp"", ""log"", ""R""], ""succ_error_tol"": 1e-06}","{""K"": 500, ""c"": 6.0, ""exploration_rate"": 0.1, ""gamma"": 0.5, ""gp_rate"": 0.5, ""lm_iterations"": 10, ""max_constants"": 999, ""max_depth"": 6, ""max_evals"": 2000000, ""max_unary"": 999, ""mutation_rate"": 0.1, ""ops"": [""+"", ""-"", ""*"", ""/"", ""sin"", ""cos"", ""exp"", ""log"", ""R""], ""succ_error_tol"": 1e-06}",0.5
imcts,NguyenC,10,NguyenC-10,expression,62,30740,40,20,20,2,"[""x0"", ""x1""]",sin(1.5*x[0]) * cos(0.5*x[1]),0.9999999403953552,True,0.9999999999999997,0.9999999999999997,9.0,375504,14.88807085598819,0.0,0,sin(x0 * 1.50000000696) * (cos(x1 / 1.99999931118 + -1.64710150083e-07) - 1.41745208627e-08),sin(x0 * 1.50000000696) * (cos(x1 / 1.99999931118 + -1.64710150083e-07) - 1.41745208627e-08),sin(1.5*x0)*cos(0.5*x1),"[1.5000000069616513, 1.9999993111847107, -1.6471015008257418e-07, 1.4174520862680844e-08]","{""K"": 500, ""c"": 6.0, ""exploration_rate"": 0.1, ""gamma"": 0.5, ""gp_rate"": 0.5, ""lm_iterations"": 10, ""max_constants"": 999, ""max_depth"": 6, ""max_evals"": 2000000, ""max_unary"": 999, ""mutation_rate"": 0.1, ""ops"": [""+"", ""-"", ""*"", ""/"", ""sin"", ""cos"", ""exp"", ""log"", ""R""], ""succ_error_tol"": 1e-06}","{""K"": 500, ""c"": 6.0, ""exploration_rate"": 0.1, ""gamma"": 0.5, ""gp_rate"": 0.5, ""lm_iterations"": 10, ""max_constants"": 999, ""max_depth"": 6, ""max_evals"": 2000000, ""max_unary"": 999, ""mutation_rate"": 0.1, ""ops"": [""+"", ""-"", ""*"", ""/"", ""sin"", ""cos"", ""exp"", ""log"", ""R""], ""succ_error_tol"": 1e-06}",0.5
imcts,NguyenC,10,NguyenC-10,expression,63,27464,40,20,20,2,"[""x0"", ""x1""]",sin(1.5*x[0]) * cos(0.5*x[1]),0.9999999403953552,True,0.9999999999999994,0.9999999999999993,9.0,49940,1.631038716994226,0.0,0,sin(1.49999992925 * x0) * (3.17742879785e-08 + cos(0.500000033733 * x1)),sin(1.49999992925 * x0) * (3.17742879785e-08 + cos(0.500000033733 * x1)),sin(1.5*x0)*cos(0.5*x1),"[1.4999999292475925, 1.0, -0.5403022740938518, 0.5000000337330057]","{""K"": 500, ""c"": 6.0, ""exploration_rate"": 0.1, ""gamma"": 0.5, ""gp_rate"": 0.5, ""lm_iterations"": 10, ""max_constants"": 999, ""max_depth"": 6, ""max_evals"": 2000000, ""max_unary"": 999, ""mutation_rate"": 0.1, ""ops"": [""+"", ""-"", ""*"", ""/"", ""sin"", ""cos"", ""exp"", ""log"", ""R""], ""succ_error_tol"": 1e-06}","{""K"": 500, ""c"": 6.0, ""exploration_rate"": 0.1, ""gamma"": 0.5, ""gp_rate"": 0.5, ""lm_iterations"": 10, ""max_constants"": 999, ""max_depth"": 6, ""max_evals"": 2000000, ""max_unary"": 999, ""mutation_rate"": 0.1, ""ops"": [""+"", ""-"", ""*"", ""/"", ""sin"", ""cos"", ""exp"", ""log"", ""R""], ""succ_error_tol"": 1e-06}",0.5
imcts,NguyenC,10,NguyenC-10,expression,64,14502,40,20,20,2,"[""x0"", ""x1""]",sin(1.5*x[0]) * cos(0.5*x[1]),0.9999999403953552,True,0.999999999999999,0.999999999999999,12.0,45638,1.293674585991539,0.0,0,7.04446686808e-09 + sin((3.14159318663 - x1) * -0.499999887577) * sin(x0 / -0.666666685454),7.04446686808e-09 + sin((3.14159318663 - x1) * -0.499999887577) * sin(x0 / -0.666666685454),-sin(1.5*x0)*sin(0.5*x1 - 1.57),"[7.044466868082703e-09, 3.1415931866282674, -0.4999998875773445, -0.6666666854540103]","{""K"": 500, ""c"": 6.0, ""exploration_rate"": 0.1, ""gamma"": 0.5, ""gp_rate"": 0.5, ""lm_iterations"": 10, ""max_constants"": 999, ""max_depth"": 6, ""max_evals"": 2000000, ""max_unary"": 999, ""mutation_rate"": 0.1, ""ops"": [""+"", ""-"", ""*"", ""/"", ""sin"", ""cos"", ""exp"", ""log"", ""R""], ""succ_error_tol"": 1e-06}","{""K"": 500, ""c"": 6.0, ""exploration_rate"": 0.1, ""gamma"": 0.5, ""gp_rate"": 0.5, ""lm_iterations"": 10, ""max_constants"": 999, ""max_depth"": 6, ""max_evals"": 2000000, ""max_unary"": 999, ""mutation_rate"": 0.1, ""ops"": [""+"", ""-"", ""*"", ""/"", ""sin"", ""cos"", ""exp"", ""log"", ""R""], ""succ_error_tol"": 1e-06}",0.5
imcts,NguyenC,10,NguyenC-10,expression,65,21777,40,20,20,2,"[""x0"", ""x1""]",sin(1.5*x[0]) * cos(0.5*x[1]),0.9999999403953552,True,0.9999999999999996,0.9999999999999997,9.0,643077,29.066058179014362,0.0,0,sin(x0 / 0.666666643662) * (x1 * 0.999999971658 + 0.999999997491 - (1.00000000001 + x1) + cos(x1 / 2.00000010111)),sin(x0 / 0.666666643662) * (x1 * 0.999999971658 + 0.999999997491 - (1.00000000001 + x1) + cos(x1 / 2.00000010111)),sin(1.5*x0)*cos(0.5*x1),"[0.6666666436615564, 0.9999999716581276, -2.5091712730516165e-09, 1.0000000000060214, 2.0000001011118824]","{""K"": 500, ""c"": 6.0, ""exploration_rate"": 0.1, ""gamma"": 0.5, ""gp_rate"": 0.5, ""lm_iterations"": 10, ""max_constants"": 999, ""max_depth"": 6, ""max_evals"": 2000000, ""max_unary"": 999, ""mutation_rate"": 0.1, ""ops"": [""+"", ""-"", ""*"", ""/"", ""sin"", ""cos"", ""exp"", ""log"", ""R""], ""succ_error_tol"": 1e-06}","{""K"": 500, ""c"": 6.0, ""exploration_rate"": 0.1, ""gamma"": 0.5, ""gp_rate"": 0.5, ""lm_iterations"": 10, ""max_constants"": 999, ""max_depth"": 6, ""max_evals"": 2000000, ""max_unary"": 999, ""mutation_rate"": 0.1, ""ops"": [""+"", ""-"", ""*"", ""/"", ""sin"", ""cos"", ""exp"", ""log"", ""R""], ""succ_error_tol"": 1e-06}",0.5
imcts,NguyenC,10,NguyenC-10,expression,66,10627,40,20,20,2,"[""x0"", ""x1""]",sin(1.5*x[0]) * cos(0.5*x[1]),0.9999999403953552,True,0.9999999999999991,0.999999999999999,12.0,87825,3.0520197370206006,0.0,0,sin(1.54521986763 + (x0 - 1.06424854166) * -1.49999997255) * cos(0.500000024412 * x1),sin(1.54521986763 + (x0 - 1.06424854166) * -1.49999997255) * cos(0.500000024412 * x1),-sin(1.5*x0 - 3.14)*cos(0.5*x1),"[0.435166209370707, 1.0642485416578977, -1.4999999725459585, 0.5000000244117497]","{""K"": 500, ""c"": 6.0, ""exploration_rate"": 0.1, ""gamma"": 0.5, ""gp_rate"": 0.5, ""lm_iterations"": 10, ""max_constants"": 999, ""max_depth"": 6, ""max_evals"": 2000000, ""max_unary"": 999, ""mutation_rate"": 0.1, ""ops"": [""+"", ""-"", ""*"", ""/"", ""sin"", ""cos"", ""exp"", ""log"", ""R""], ""succ_error_tol"": 1e-06}","{""K"": 500, ""c"": 6.0, ""exploration_rate"": 0.1, ""gamma"": 0.5, ""gp_rate"": 0.5, ""lm_iterations"": 10, ""max_constants"": 999, ""max_depth"": 6, ""max_evals"": 2000000, ""max_unary"": 999, ""mutation_rate"": 0.1, ""ops"": [""+"", ""-"", ""*"", ""/"", ""sin"", ""cos"", ""exp"", ""log"", ""R""], ""succ_error_tol"": 1e-06}",0.5
imcts,NguyenC,10,NguyenC-10,expression,67,8792,40,20,20,2,"[""x0"", ""x1""]",sin(1.5*x[0]) * cos(0.5*x[1]),0.9999999403953552,True,0.9999999999999993,0.9999999999999992,9.0,74689,2.445200170041062,0.0,0,sin(x0 * 1.49999997531) * ((0.999999992307 * x0 - x0) * x0 + cos(x1 * 0.49999992007)),sin(x0 * 1.49999997531) * ((0.999999992307 * x0 - x0) * x0 + cos(x1 * 0.49999992007)),sin(1.5*x0)*cos(0.5*x1),"[1.4999999753135844, 0.999999992306952, 0.49999992006966043]","{""K"": 500, ""c"": 6.0, ""exploration_rate"": 0.1, ""gamma"": 0.5, ""gp_rate"": 0.5, ""lm_iterations"": 10, ""max_constants"": 999, ""max_depth"": 6, ""max_evals"": 2000000, ""max_unary"": 999, ""mutation_rate"": 0.1, ""ops"": [""+"", ""-"", ""*"", ""/"", ""sin"", ""cos"", ""exp"", ""log"", ""R""], ""succ_error_tol"": 1e-06}","{""K"": 500, ""c"": 6.0, ""exploration_rate"": 0.1, ""gamma"": 0.5, ""gp_rate"": 0.5, ""lm_iterations"": 10, ""max_constants"": 999, ""max_depth"": 6, ""max_evals"": 2000000, ""max_unary"": 999, ""mutation_rate"": 0.1, ""ops"": [""+"", ""-"", ""*"", ""/"", ""sin"", ""cos"", ""exp"", ""log"", ""R""], ""succ_error_tol"": 1e-06}",0.5
imcts,NguyenC,10,NguyenC-10,expression,68,10555,40,20,20,2,"[""x0"", ""x1""]",sin(1.5*x[0]) * cos(0.5*x[1]),0.9999999403953552,True,0.9999999999999982,0.9999999999999971,9.0,76746,2.4988330379710533,0.0,0,sin(x0 * 1.49999996068) * (cos(x1 * 0.5000000444) + (x1 - 0.673760005876 / x0) * -7.25698997874e-09),sin(x0 * 1.49999996068) * (cos(x1 * 0.5000000444) + (x1 - 0.673760005876 / x0) * -7.25698997874e-09),sin(1.5*x0)*cos(0.5*x1),"[1.4999999606804924, 0.5000000444004638, 0.6737600058763431, -7.256989978738904e-09]","{""K"": 500, ""c"": 6.0, ""exploration_rate"": 0.1, ""gamma"": 0.5, ""gp_rate"": 0.5, ""lm_iterations"": 10, ""max_constants"": 999, ""max_depth"": 6, ""max_evals"": 2000000, ""max_unary"": 999, ""mutation_rate"": 0.1, ""ops"": [""+"", ""-"", ""*"", ""/"", ""sin"", ""cos"", ""exp"", ""log"", ""R""], ""succ_error_tol"": 1e-06}","{""K"": 500, ""c"": 6.0, ""exploration_rate"": 0.1, ""gamma"": 0.5, ""gp_rate"": 0.5, ""lm_iterations"": 10, ""max_constants"": 999, ""max_depth"": 6, ""max_evals"": 2000000, ""max_unary"": 999, ""mutation_rate"": 0.1, ""ops"": [""+"", ""-"", ""*"", ""/"", ""sin"", ""cos"", ""exp"", ""log"", ""R""], ""succ_error_tol"": 1e-06}",0.5
imcts,NguyenC,10,NguyenC-10,expression,69,10253,40,20,20,2,"[""x0"", ""x1""]",sin(1.5*x[0]) * cos(0.5*x[1]),0.9999999403953552,True,0.9999999999999973,0.9999999999999987,12.0,103170,3.375635693955701,0.0,0,0.999861644802 * cos(1.57079631698 - x0 / 0.666666729213) * (0.000138355500162 + cos(0.500035893389 * x1 - 7.75211063832e-07)),0.999861644802 * cos(1.57079631698 - x0 / 0.666666729213) * (0.000138355500162 + cos(0.500035893389 * x1 - 7.75211063832e-07)),1.0*cos(0.5*x1)*cos(1.5*x0 - 1.57),"[0.9998616448017698, 1.570796316981661, 0.6666667292133146, 1.0575477822209647, 1.0574014748957885, 0.5000358933888649, 7.752110638319185e-07]","{""K"": 500, ""c"": 6.0, ""exploration_rate"": 0.1, ""gamma"": 0.5, ""gp_rate"": 0.5, ""lm_iterations"": 10, ""max_constants"": 999, ""max_depth"": 6, ""max_evals"": 2000000, ""max_unary"": 999, ""mutation_rate"": 0.1, ""ops"": [""+"", ""-"", ""*"", ""/"", ""sin"", ""cos"", ""exp"", ""log"", ""R""], ""succ_error_tol"": 1e-06}","{""K"": 500, ""c"": 6.0, ""exploration_rate"": 0.1, ""gamma"": 0.5, ""gp_rate"": 0.5, ""lm_iterations"": 10, ""max_constants"": 999, ""max_depth"": 6, ""max_evals"": 2000000, ""max_unary"": 999, ""mutation_rate"": 0.1, ""ops"": [""+"", ""-"", ""*"", ""/"", ""sin"", ""cos"", ""exp"", ""log"", ""R""], ""succ_error_tol"": 1e-06}",0.5
imcts,NguyenC,10,NguyenC-10,expression,70,8433,40,20,20,2,"[""x0"", ""x1""]",sin(1.5*x[0]) * cos(0.5*x[1]),0.9999999403953552,True,0.9999999999999996,0.9999999999999994,9.0,38602,1.118989087000955,0.0,0,cos((x1 + x1) * 0.250000023776) * sin(1.4999999963 * x0),cos((x1 + x1) * 0.250000023776) * sin(1.4999999963 * x0),sin(1.5*x0)*cos(0.5*x1),"[0.25000002377636343, 1.4999999963010302]","{""K"": 500, ""c"": 6.0, ""exploration_rate"": 0.1, ""gamma"": 0.5, ""gp_rate"": 0.5, ""lm_iterations"": 10, ""max_constants"": 999, ""max_depth"": 6, ""max_evals"": 2000000, ""max_unary"": 999, ""mutation_rate"": 0.1, ""ops"": [""+"", ""-"", ""*"", ""/"", ""sin"", ""cos"", ""exp"", ""log"", ""R""], ""succ_error_tol"": 1e-06}","{""K"": 500, ""c"": 6.0, ""exploration_rate"": 0.1, ""gamma"": 0.5, ""gp_rate"": 0.5, ""lm_iterations"": 10, ""max_constants"": 999, ""max_depth"": 6, ""max_evals"": 2000000, ""max_unary"": 999, ""mutation_rate"": 0.1, ""ops"": [""+"", ""-"", ""*"", ""/"", ""sin"", ""cos"", ""exp"", ""log"", ""R""], ""succ_error_tol"": 1e-06}",0.5
imcts,NguyenC,10,NguyenC-10,expression,71,10233,40,20,20,2,"[""x0"", ""x1""]",sin(1.5*x[0]) * cos(0.5*x[1]),0.9999999403953552,True,0.999999999999999,0.999999999999998,9.0,47389,1.4785151469986886,0.0,0,sin(1.49999998342 * x0) * (4.06091011858e-08 - x1 + x1 * 0.999999821912 + cos(0.499999663518 * x1)),sin(1.49999998342 * x0) * (4.06091011858e-08 - x1 + x1 * 0.999999821912 + cos(0.499999663518 * x1)),sin(1.5*x0)*cos(0.5*x1),"[1.4999999834191151, 4.0609101185826805e-08, 0.9999998219123112, 1.0, 0.49999966351811387, 1.0]","{""K"": 500, ""c"": 6.0, ""exploration_rate"": 0.1, ""gamma"": 0.5, ""gp_rate"": 0.5, ""lm_iterations"": 10, ""max_constants"": 999, ""max_depth"": 6, ""max_evals"": 2000000, ""max_unary"": 999, ""mutation_rate"": 0.1, ""ops"": [""+"", ""-"", ""*"", ""/"", ""sin"", ""cos"", ""exp"", ""log"", ""R""], ""succ_error_tol"": 1e-06}","{""K"": 500, ""c"": 6.0, ""exploration_rate"": 0.1, ""gamma"": 0.5, ""gp_rate"": 0.5, ""lm_iterations"": 10, ""max_constants"": 999, ""max_depth"": 6, ""max_evals"": 2000000, ""max_unary"": 999, ""mutation_rate"": 0.1, ""ops"": [""+"", ""-"", ""*"", ""/"", ""sin"", ""cos"", ""exp"", ""log"", ""R""], ""succ_error_tol"": 1e-06}",0.5
imcts,NguyenC,10,NguyenC-10,expression,72,11016,40,20,20,2,"[""x0"", ""x1""]",sin(1.5*x[0]) * cos(0.5*x[1]),0.9999999403953552,True,0.9999999999999982,0.9999999999999913,9.0,122031,4.3832903380389325,0.0,0,sin(1.50000005918 * x0) * (cos(9.86916137729e-08 * x0 + x1 * 0.500000329409) + -2.54914321373e-08 * exp(x0) + x1 + x1 * -0.999999841017),sin(1.50000005918 * x0) * (cos(9.86916137729e-08 * x0 + x1 * 0.500000329409) + -2.54914321373e-08 * exp(x0) + x1 + x1 * -0.999999841017),sin(1.5*x0)*cos(0.5*x1),"[1.5000000591793607, 9.869161377288145e-08, 0.5000003294087614, -2.5491432137322042e-08, -0.9999998410172528]","{""K"": 500, ""c"": 6.0, ""exploration_rate"": 0.1, ""gamma"": 0.5, ""gp_rate"": 0.5, ""lm_iterations"": 10, ""max_constants"": 999, ""max_depth"": 6, ""max_evals"": 2000000, ""max_unary"": 999, ""mutation_rate"": 0.1, ""ops"": [""+"", ""-"", ""*"", ""/"", ""sin"", ""cos"", ""exp"", ""log"", ""R""], ""succ_error_tol"": 1e-06}","{""K"": 500, ""c"": 6.0, ""exploration_rate"": 0.1, ""gamma"": 0.5, ""gp_rate"": 0.5, ""lm_iterations"": 10, ""max_constants"": 999, ""max_depth"": 6, ""max_evals"": 2000000, ""max_unary"": 999, ""mutation_rate"": 0.1, ""ops"": [""+"", ""-"", ""*"", ""/"", ""sin"", ""cos"", ""exp"", ""log"", ""R""], ""succ_error_tol"": 1e-06}",0.5
imcts,NguyenC,10,NguyenC-10,expression,73,23897,40,20,20,2,"[""x0"", ""x1""]",sin(1.5*x[0]) * cos(0.5*x[1]),0.9999999403953552,True,0.9999999999999994,0.9999999999999998,12.0,36243,1.018007188977208,0.0,0,(sin(x0 / 0.666666665519 - -1.44967715123e-08) + 0.0955705762345 * -1.06462845642e-07 * x1 + -6.9179824809e-09) * sin((3.1415930506 - x1) * 0.49999992635),(sin(x0 / 0.666666665519 - -1.44967715123e-08) + 0.0955705762345 * -1.06462845642e-07 * x1 + -6.9179824809e-09) * sin((3.1415930506 - x1) * 0.49999992635),-sin(1.5*x0)*sin(0.5*x1 - 1.57),"[0.6666666655191811, -1.449677151228962e-08, 0.09557057623450144, -1.0646284564195734e-07, -6.917982480903059e-09, 3.141593050601709, 0.49999992635027846]","{""K"": 500, ""c"": 6.0, ""exploration_rate"": 0.1, ""gamma"": 0.5, ""gp_rate"": 0.5, ""lm_iterations"": 10, ""max_constants"": 999, ""max_depth"": 6, ""max_evals"": 2000000, ""max_unary"": 999, ""mutation_rate"": 0.1, ""ops"": [""+"", ""-"", ""*"", ""/"", ""sin"", ""cos"", ""exp"", ""log"", ""R""], ""succ_error_tol"": 1e-06}","{""K"": 500, ""c"": 6.0, ""exploration_rate"": 0.1, ""gamma"": 0.5, ""gp_rate"": 0.5, ""lm_iterations"": 10, ""max_constants"": 999, ""max_depth"": 6, ""max_evals"": 2000000, ""max_unary"": 999, ""mutation_rate"": 0.1, ""ops"": [""+"", ""-"", ""*"", ""/"", ""sin"", ""cos"", ""exp"", ""log"", ""R""], ""succ_error_tol"": 1e-06}",0.5
imcts,NguyenC,10,NguyenC-10,expression,74,2612,40,20,20,2,"[""x0"", ""x1""]",sin(1.5*x[0]) * cos(0.5*x[1]),0.9999999403953552,True,1.0,1.0,9.0,98511,3.222869635967072,0.0,0,cos(x1 * 0.500000013035) * sin(1.09240932406 * (x0 - -0.373111683021 * x0)),cos(x1 * 0.500000013035) * sin(1.09240932406 * (x0 - -0.373111683021 * x0)),sin(1.5*x0)*cos(0.5*x1),"[0.5000000130346813, 1.0924093240550512, -0.37311168302098663]","{""K"": 500, ""c"": 6.0, ""exploration_rate"": 0.1, ""gamma"": 0.5, ""gp_rate"": 0.5, ""lm_iterations"": 10, ""max_constants"": 999, ""max_depth"": 6, ""max_evals"": 2000000, ""max_unary"": 999, ""mutation_rate"": 0.1, ""ops"": [""+"", ""-"", ""*"", ""/"", ""sin"", ""cos"", ""exp"", ""log"", ""R""], ""succ_error_tol"": 1e-06}","{""K"": 500, ""c"": 6.0, ""exploration_rate"": 0.1, ""gamma"": 0.5, ""gp_rate"": 0.5, ""lm_iterations"": 10, ""max_constants"": 999, ""max_depth"": 6, ""max_evals"": 2000000, ""max_unary"": 999, ""mutation_rate"": 0.1, ""ops"": [""+"", ""-"", ""*"", ""/"", ""sin"", ""cos"", ""exp"", ""log"", ""R""], ""succ_error_tol"": 1e-06}",0.5
imcts,NguyenC,10,NguyenC-10,expression,75,23425,40,20,20,2,"[""x0"", ""x1""]",sin(1.5*x[0]) * cos(0.5*x[1]),0.9999999403953552,True,0.9999999999999996,0.9999999999999998,9.0,34227,0.98531149700284,0.0,0,sin(x0 * 1.50000001392) * cos(0.500000058654 * x1),sin(x0 * 1.50000001392) * cos(0.500000058654 * x1),sin(1.5*x0)*cos(0.5*x1),"[1.5000000139160774, 0.5000000586539275]","{""K"": 500, ""c"": 6.0, ""exploration_rate"": 0.1, ""gamma"": 0.5, ""gp_rate"": 0.5, ""lm_iterations"": 10, ""max_constants"": 999, ""max_depth"": 6, ""max_evals"": 2000000, ""max_unary"": 999, ""mutation_rate"": 0.1, ""ops"": [""+"", ""-"", ""*"", ""/"", ""sin"", ""cos"", ""exp"", ""log"", ""R""], ""succ_error_tol"": 1e-06}","{""K"": 500, ""c"": 6.0, ""exploration_rate"": 0.1, ""gamma"": 0.5, ""gp_rate"": 0.5, ""lm_iterations"": 10, ""max_constants"": 999, ""max_depth"": 6, ""max_evals"": 2000000, ""max_unary"": 999, ""mutation_rate"": 0.1, ""ops"": [""+"", ""-"", ""*"", ""/"", ""sin"", ""cos"", ""exp"", ""log"", ""R""], ""succ_error_tol"": 1e-06}",0.5
imcts,NguyenC,10,NguyenC-10,expression,76,25939,40,20,20,2,"[""x0"", ""x1""]",sin(1.5*x[0]) * cos(0.5*x[1]),0.9999999403953552,True,0.9999999999999997,0.9999999999999993,9.0,68983,2.2828268979792483,0.0,0,sin(x0 * 1.50000002074) * cos(1.4171125008 * x1 / 2.83422477733) - 1.13708687543e-08 * x0,sin(x0 * 1.50000002074) * cos(1.4171125008 * x1 / 2.83422477733) - 1.13708687543e-08 * x0,sin(1.5*x0)*cos(0.5*x1),"[1.5000000207417905, 1.4171125008016427, 1.0417684526380748, 1.137086875431421e-08, 1.0]","{""K"": 500, ""c"": 6.0, ""exploration_rate"": 0.1, ""gamma"": 0.5, ""gp_rate"": 0.5, ""lm_iterations"": 10, ""max_constants"": 999, ""max_depth"": 6, ""max_evals"": 2000000, ""max_unary"": 999, ""mutation_rate"": 0.1, ""ops"": [""+"", ""-"", ""*"", ""/"", ""sin"", ""cos"", ""exp"", ""log"", ""R""], ""succ_error_tol"": 1e-06}","{""K"": 500, ""c"": 6.0, ""exploration_rate"": 0.1, ""gamma"": 0.5, ""gp_rate"": 0.5, ""lm_iterations"": 10, ""max_constants"": 999, ""max_depth"": 6, ""max_evals"": 2000000, ""max_unary"": 999, ""mutation_rate"": 0.1, ""ops"": [""+"", ""-"", ""*"", ""/"", ""sin"", ""cos"", ""exp"", ""log"", ""R""], ""succ_error_tol"": 1e-06}",0.5
imcts,NguyenC,10,NguyenC-10,expression,77,22619,40,20,20,2,"[""x0"", ""x1""]",sin(1.5*x[0]) * cos(0.5*x[1]),0.9999999403953552,True,0.9999999999999986,0.9999999999999978,10.0,77529,2.5225352499983273,0.0,0,sin(x0 * 1.50000008334) * cos(0.499999966705 * x1) / 1.00000003045,sin(x0 * 1.50000008334) * cos(0.499999966705 * x1) / 1.00000003045,1.0*sin(1.5*x0)*cos(0.5*x1),"[0.7333806653954369, 2.0453226463615835, 0.49999996670501184, 1.52989330751701, 1.425197968877446, 1.0, 1.0]","{""K"": 500, ""c"": 6.0, ""exploration_rate"": 0.1, ""gamma"": 0.5, ""gp_rate"": 0.5, ""lm_iterations"": 10, ""max_constants"": 999, ""max_depth"": 6, ""max_evals"": 2000000, ""max_unary"": 999, ""mutation_rate"": 0.1, ""ops"": [""+"", ""-"", ""*"", ""/"", ""sin"", ""cos"", ""exp"", ""log"", ""R""], ""succ_error_tol"": 1e-06}","{""K"": 500, ""c"": 6.0, ""exploration_rate"": 0.1, ""gamma"": 0.5, ""gp_rate"": 0.5, ""lm_iterations"": 10, ""max_constants"": 999, ""max_depth"": 6, ""max_evals"": 2000000, ""max_unary"": 999, ""mutation_rate"": 0.1, ""ops"": [""+"", ""-"", ""*"", ""/"", ""sin"", ""cos"", ""exp"", ""log"", ""R""], ""succ_error_tol"": 1e-06}",0.5
imcts,NguyenC,10,NguyenC-10,expression,78,21870,40,20,20,2,"[""x0"", ""x1""]",sin(1.5*x[0]) * cos(0.5*x[1]),0.9999999403953552,True,0.9999999999999996,0.9999999999999997,9.0,72913,2.478159382008016,0.0,0,sin(x0 * 1.50000015228) * cos(0.499999971607 * x1) * x0 * (1.37591050839 + x0 * -0.409046167959) / x0 / (1.37591071288 + -0.409046354485 * x0),sin(x0 * 1.50000015228) * cos(0.499999971607 * x1) * x0 * (1.37591050839 + x0 * -0.409046167959) / x0 / (1.37591071288 + -0.409046354485 * x0),sin(1.5*x0)*cos(0.5*x1),"[1.5000001522790671, 0.4999999716071867, 1.3759105083883256, -0.4090461679590451, 1.3759107128778878, -0.40904635448532706]","{""K"": 500, ""c"": 6.0, ""exploration_rate"": 0.1, ""gamma"": 0.5, ""gp_rate"": 0.5, ""lm_iterations"": 10, ""max_constants"": 999, ""max_depth"": 6, ""max_evals"": 2000000, ""max_unary"": 999, ""mutation_rate"": 0.1, ""ops"": [""+"", ""-"", ""*"", ""/"", ""sin"", ""cos"", ""exp"", ""log"", ""R""], ""succ_error_tol"": 1e-06}","{""K"": 500, ""c"": 6.0, ""exploration_rate"": 0.1, ""gamma"": 0.5, ""gp_rate"": 0.5, ""lm_iterations"": 10, ""max_constants"": 999, ""max_depth"": 6, ""max_evals"": 2000000, ""max_unary"": 999, ""mutation_rate"": 0.1, ""ops"": [""+"", ""-"", ""*"", ""/"", ""sin"", ""cos"", ""exp"", ""log"", ""R""], ""succ_error_tol"": 1e-06}",0.5
imcts,NguyenC,10,NguyenC-10,expression,79,23483,40,20,20,2,"[""x0"", ""x1""]",sin(1.5*x[0]) * cos(0.5*x[1]),0.9999999403953552,True,0.9999999999999998,0.9999999999999997,14.0,13273,0.32842442695982754,0.0,0,sin(3.14159265499 - x0 * 1.49999999425) * sin(0.49999997552 * x1 + 1.5707963206),sin(3.14159265499 - x0 * 1.49999999425) * sin(0.49999997552 * x1 + 1.5707963206),-sin(1.5*x0 - 3.14)*sin(0.5*x1 + 1.57),"[1.144729886296176, 1.4999999942495619, -0.6931472295202445, 1.2659061542052898, 2.2408473688042716, 1.0]","{""K"": 500, ""c"": 6.0, ""exploration_rate"": 0.1, ""gamma"": 0.5, ""gp_rate"": 0.5, ""lm_iterations"": 10, ""max_constants"": 999, ""max_depth"": 6, ""max_evals"": 2000000, ""max_unary"": 999, ""mutation_rate"": 0.1, ""ops"": [""+"", ""-"", ""*"", ""/"", ""sin"", ""cos"", ""exp"", ""log"", ""R""], ""succ_error_tol"": 1e-06}","{""K"": 500, ""c"": 6.0, ""exploration_rate"": 0.1, ""gamma"": 0.5, ""gp_rate"": 0.5, ""lm_iterations"": 10, ""max_constants"": 999, ""max_depth"": 6, ""max_evals"": 2000000, ""max_unary"": 999, ""mutation_rate"": 0.1, ""ops"": [""+"", ""-"", ""*"", ""/"", ""sin"", ""cos"", ""exp"", ""log"", ""R""], ""succ_error_tol"": 1e-06}",0.5
imcts,NguyenC,10,NguyenC-10,expression,80,26054,40,20,20,2,"[""x0"", ""x1""]",sin(1.5*x[0]) * cos(0.5*x[1]),0.9999999403953552,True,0.9999999999999996,0.9999999999999996,9.0,68639,2.3458499429980293,0.0,0,cos(-0.500000068694 * x1) * sin(1.50000000709 * x0) / exp(cos(x0 - 1.97031773856) * x1 * -2.69138785242e-08),cos(-0.500000068694 * x1) * sin(1.50000000709 * x0) / exp(cos(x0 - 1.97031773856) * x1 * -2.69138785242e-08),sin(1.5*x0)*cos(0.5*x1),"[-0.5000000686936936, 1.5000000070903854, 1.9703177385602568, -2.691387852423102e-08]","{""K"": 500, ""c"": 6.0, ""exploration_rate"": 0.1, ""gamma"": 0.5, ""gp_rate"": 0.5, ""lm_iterations"": 10, ""max_constants"": 999, ""max_depth"": 6, ""max_evals"": 2000000, ""max_unary"": 999, ""mutation_rate"": 0.1, ""ops"": [""+"", ""-"", ""*"", ""/"", ""sin"", ""cos"", ""exp"", ""log"", ""R""], ""succ_error_tol"": 1e-06}","{""K"": 500, ""c"": 6.0, ""exploration_rate"": 0.1, ""gamma"": 0.5, ""gp_rate"": 0.5, ""lm_iterations"": 10, ""max_constants"": 999, ""max_depth"": 6, ""max_evals"": 2000000, ""max_unary"": 999, ""mutation_rate"": 0.1, ""ops"": [""+"", ""-"", ""*"", ""/"", ""sin"", ""cos"", ""exp"", ""log"", ""R""], ""succ_error_tol"": 1e-06}",0.5
imcts,NguyenC,10,NguyenC-10,expression,81,15787,40,20,20,2,"[""x0"", ""x1""]",sin(1.5*x[0]) * cos(0.5*x[1]),0.9999999403953552,True,0.9999999999999997,0.9999999999999997,10.0,133900,5.006221859017387,0.0,0,0.999999991007 * sin(6.16456520307e-09 + 1.49999998638 * x0) * cos(x1 / 1.99999941374 - 1.26186896964e-07),0.999999991007 * sin(6.16456520307e-09 + 1.49999998638 * x0) * cos(x1 / 1.99999941374 - 1.26186896964e-07),1.0*sin(1.5*x0)*cos(0.5*x1),"[0.9999999910069797, 6.1645652030713635e-09, 1.4999999863762215, 1.999999413741932, 1.000000126086905]","{""K"": 500, ""c"": 6.0, ""exploration_rate"": 0.1, ""gamma"": 0.5, ""gp_rate"": 0.5, ""lm_iterations"": 10, ""max_constants"": 999, ""max_depth"": 6, ""max_evals"": 2000000, ""max_unary"": 999, ""mutation_rate"": 0.1, ""ops"": [""+"", ""-"", ""*"", ""/"", ""sin"", ""cos"", ""exp"", ""log"", ""R""], ""succ_error_tol"": 1e-06}","{""K"": 500, ""c"": 6.0, ""exploration_rate"": 0.1, ""gamma"": 0.5, ""gp_rate"": 0.5, ""lm_iterations"": 10, ""max_constants"": 999, ""max_depth"": 6, ""max_evals"": 2000000, ""max_unary"": 999, ""mutation_rate"": 0.1, ""ops"": [""+"", ""-"", ""*"", ""/"", ""sin"", ""cos"", ""exp"", ""log"", ""R""], ""succ_error_tol"": 1e-06}",0.5
imcts,NguyenC,10,NguyenC-10,expression,82,27132,40,20,20,2,"[""x0"", ""x1""]",sin(1.5*x[0]) * cos(0.5*x[1]),1.0,True,0.9999999999999989,0.999999999999999,10.0,35470,1.0416739109787159,0.0,0,0.691484140382 * sin(x0 / 0.666666624844) / 0.691484162515 * cos(1.32324726031 * x1 * 0.37785832742),0.691484140382 * sin(x0 / 0.666666624844) / 0.691484162515 * cos(1.32324726031 * x1 * 0.37785832742),1.0*sin(1.5*x0)*cos(0.5*x1),"[0.8072548071327268, 0.6666666248438315, 0.691484162514866, 1.3232472603105787, 0.5676225926383459, 0.665685848873752]","{""K"": 500, ""c"": 6.0, ""exploration_rate"": 0.1, ""gamma"": 0.5, ""gp_rate"": 0.5, ""lm_iterations"": 10, ""max_constants"": 999, ""max_depth"": 6, ""max_evals"": 2000000, ""max_unary"": 999, ""mutation_rate"": 0.1, ""ops"": [""+"", ""-"", ""*"", ""/"", ""sin"", ""cos"", ""exp"", ""log"", ""R""], ""succ_error_tol"": 1e-06}","{""K"": 500, ""c"": 6.0, ""exploration_rate"": 0.1, ""gamma"": 0.5, ""gp_rate"": 0.5, ""lm_iterations"": 10, ""max_constants"": 999, ""max_depth"": 6, ""max_evals"": 2000000, ""max_unary"": 999, ""mutation_rate"": 0.1, ""ops"": [""+"", ""-"", ""*"", ""/"", ""sin"", ""cos"", ""exp"", ""log"", ""R""], ""succ_error_tol"": 1e-06}",0.5
imcts,NguyenC,10,NguyenC-10,expression,83,17159,40,20,20,2,"[""x0"", ""x1""]",sin(1.5*x[0]) * cos(0.5*x[1]),0.9999999403953552,True,0.9999999999999981,0.9999999999999986,11.0,53311,1.5716718609910458,0.0,0,sin(x0 * 1.50000006236) * sin(1.57079632484 + 0.500000085447 * x1),sin(x0 * 1.50000006236) * sin(1.57079632484 + 0.500000085447 * x1),sin(1.5*x0)*sin(0.5*x1 + 1.57),"[1.5000000623604828, 1.570796324841225, 0.5000000854468399, 1.0]","{""K"": 500, ""c"": 6.0, ""exploration_rate"": 0.1, ""gamma"": 0.5, ""gp_rate"": 0.5, ""lm_iterations"": 10, ""max_constants"": 999, ""max_depth"": 6, ""max_evals"": 2000000, ""max_unary"": 999, ""mutation_rate"": 0.1, ""ops"": [""+"", ""-"", ""*"", ""/"", ""sin"", ""cos"", ""exp"", ""log"", ""R""], ""succ_error_tol"": 1e-06}","{""K"": 500, ""c"": 6.0, ""exploration_rate"": 0.1, ""gamma"": 0.5, ""gp_rate"": 0.5, ""lm_iterations"": 10, ""max_constants"": 999, ""max_depth"": 6, ""max_evals"": 2000000, ""max_unary"": 999, ""mutation_rate"": 0.1, ""ops"": [""+"", ""-"", ""*"", ""/"", ""sin"", ""cos"", ""exp"", ""log"", ""R""], ""succ_error_tol"": 1e-06}",0.5
imcts,NguyenC,10,NguyenC-10,expression,84,12206,40,20,20,2,"[""x0"", ""x1""]",sin(1.5*x[0]) * cos(0.5*x[1]),0.9999999403953552,True,0.9999999999999994,0.9999999999999992,12.0,130852,4.985370296984911,0.0,0,(sin(x0 * 1.49999999309) + 1.63678718127e-08 + x1 * -5.02256852908e-08 * x1) * (-4.79631352116e-09 - sin(0.499999785822 * x1 - 1.57079623949)),(sin(x0 * 1.49999999309) + 1.63678718127e-08 + x1 * -5.02256852908e-08 * x1) * (-4.79631352116e-09 - sin(0.499999785822 * x1 - 1.57079623949)),-sin(1.5*x0)*sin(0.5*x1 - 1.57),"[1.4999999930881092, 1.000000016267872, -5.0225685290765485e-08, 0.4368320555812125, -1.0979765472510518e-08, 0.49999978582184507, 1.5707962394879607]","{""K"": 500, ""c"": 6.0, ""exploration_rate"": 0.1, ""gamma"": 0.5, ""gp_rate"": 0.5, ""lm_iterations"": 10, ""max_constants"": 999, ""max_depth"": 6, ""max_evals"": 2000000, ""max_unary"": 999, ""mutation_rate"": 0.1, ""ops"": [""+"", ""-"", ""*"", ""/"", ""sin"", ""cos"", ""exp"", ""log"", ""R""], ""succ_error_tol"": 1e-06}","{""K"": 500, ""c"": 6.0, ""exploration_rate"": 0.1, ""gamma"": 0.5, ""gp_rate"": 0.5, ""lm_iterations"": 10, ""max_constants"": 999, ""max_depth"": 6, ""max_evals"": 2000000, ""max_unary"": 999, ""mutation_rate"": 0.1, ""ops"": [""+"", ""-"", ""*"", ""/"", ""sin"", ""cos"", ""exp"", ""log"", ""R""], ""succ_error_tol"": 1e-06}",0.5
imcts,NguyenC,10,NguyenC-10,expression,85,8226,40,20,20,2,"[""x0"", ""x1""]",sin(1.5*x[0]) * cos(0.5*x[1]),0.9999999403953552,True,0.9999999999999993,0.9999999999999992,9.0,54792,1.6419882450136356,0.0,0,2.67828654272e-09 - sin(0.519357940779 * x0) * 1.77704637565e-08 + cos(0.500000023698 * x1) * sin(1.49999998699 * x0),2.67828654272e-09 - sin(0.519357940779 * x0) * 1.77704637565e-08 + cos(0.500000023698 * x1) * sin(1.49999998699 * x0),sin(1.5*x0)*cos(0.5*x1),"[1.57079632411661, 0.5193579407787907, 1.7770463756481835e-08, 0.5000000236978274, 1.4999999869938065]","{""K"": 500, ""c"": 6.0, ""exploration_rate"": 0.1, ""gamma"": 0.5, ""gp_rate"": 0.5, ""lm_iterations"": 10, ""max_constants"": 999, ""max_depth"": 6, ""max_evals"": 2000000, ""max_unary"": 999, ""mutation_rate"": 0.1, ""ops"": [""+"", ""-"", ""*"", ""/"", ""sin"", ""cos"", ""exp"", ""log"", ""R""], ""succ_error_tol"": 1e-06}","{""K"": 500, ""c"": 6.0, ""exploration_rate"": 0.1, ""gamma"": 0.5, ""gp_rate"": 0.5, ""lm_iterations"": 10, ""max_constants"": 999, ""max_depth"": 6, ""max_evals"": 2000000, ""max_unary"": 999, ""mutation_rate"": 0.1, ""ops"": [""+"", ""-"", ""*"", ""/"", ""sin"", ""cos"", ""exp"", ""log"", ""R""], ""succ_error_tol"": 1e-06}",0.5
imcts,NguyenC,10,NguyenC-10,expression,86,14541,40,20,20,2,"[""x0"", ""x1""]",sin(1.5*x[0]) * cos(0.5*x[1]),0.9999996423721313,True,0.9999999999998723,0.9999999999998357,10.0,138448,5.113048175990116,0.0,0,cos(0.499999966352 * x1) * 1.00000158818 * sin(x0 * 1.50000056113) + (exp(x0) - 0.998834589372) * ((3.47789172077 + x0) / (3.47792678862 + x0) - (-1.92334507207e-07 * x1 + 0.999993298563)),cos(0.499999966352 * x1) * 1.00000158818 * sin(x0 * 1.50000056113) + (exp(x0) - 0.998834589372) * ((3.47789172077 + x0) / (3.47792678862 + x0) - (-1.92334507207e-07 * x1 + 0.999993298563)),1.0*sin(1.5*x0)*cos(0.5*x1),"[0.49999996635159777, 1.0000015881752822, 1.5000005611271159, 0.9988345893718876, 3.477891720765744, 3.47792678862088, -1.9233450720728171e-07, 0.9999932985630712]","{""K"": 500, ""c"": 6.0, ""exploration_rate"": 0.1, ""gamma"": 0.5, ""gp_rate"": 0.5, ""lm_iterations"": 10, ""max_constants"": 999, ""max_depth"": 6, ""max_evals"": 2000000, ""max_unary"": 999, ""mutation_rate"": 0.1, ""ops"": [""+"", ""-"", ""*"", ""/"", ""sin"", ""cos"", ""exp"", ""log"", ""R""], ""succ_error_tol"": 1e-06}","{""K"": 500, ""c"": 6.0, ""exploration_rate"": 0.1, ""gamma"": 0.5, ""gp_rate"": 0.5, ""lm_iterations"": 10, ""max_constants"": 999, ""max_depth"": 6, ""max_evals"": 2000000, ""max_unary"": 999, ""mutation_rate"": 0.1, ""ops"": [""+"", ""-"", ""*"", ""/"", ""sin"", ""cos"", ""exp"", ""log"", ""R""], ""succ_error_tol"": 1e-06}",0.5
imcts,NguyenC,10,NguyenC-10,expression,87,3152,40,20,20,2,"[""x0"", ""x1""]",sin(1.5*x[0]) * cos(0.5*x[1]),0.9999999403953552,True,0.9999999999999997,0.9999999999999999,10.0,30046,0.8634413750260137,0.0,0,cos(x1 * 0.500000017218) / (1.00000001449 / sin(x0 / 0.666666649073)),cos(x1 * 0.500000017218) / (1.00000001449 / sin(x0 / 0.666666649073)),1.0*sin(1.5*x0)*cos(0.5*x1),"[0.5000000172177728, 0.812028087405248, 1.3638972812052919, 0.6361027187947081, 0.636102718794708, 0.6666666490727226]","{""K"": 500, ""c"": 6.0, ""exploration_rate"": 0.1, ""gamma"": 0.5, ""gp_rate"": 0.5, ""lm_iterations"": 10, ""max_constants"": 999, ""max_depth"": 6, ""max_evals"": 2000000, ""max_unary"": 999, ""mutation_rate"": 0.1, ""ops"": [""+"", ""-"", ""*"", ""/"", ""sin"", ""cos"", ""exp"", ""log"", ""R""], ""succ_error_tol"": 1e-06}","{""K"": 500, ""c"": 6.0, ""exploration_rate"": 0.1, ""gamma"": 0.5, ""gp_rate"": 0.5, ""lm_iterations"": 10, ""max_constants"": 999, ""max_depth"": 6, ""max_evals"": 2000000, ""max_unary"": 999, ""mutation_rate"": 0.1, ""ops"": [""+"", ""-"", ""*"", ""/"", ""sin"", ""cos"", ""exp"", ""log"", ""R""], ""succ_error_tol"": 1e-06}",0.5
imcts,NguyenC,10,NguyenC-10,expression,88,26531,40,20,20,2,"[""x0"", ""x1""]",sin(1.5*x[0]) * cos(0.5*x[1]),0.9999999403953552,True,0.9999999999999972,0.9999999999999969,9.0,111679,3.861349648970645,0.0,0,cos((x1 + x1 * -0.25426464384) / 1.49147119196) * (2.97454513217e-08 * (0.957676869717 - x1) + sin(x0 / 0.666666718155)),cos((x1 + x1 * -0.25426464384) / 1.49147119196) * (2.97454513217e-08 * (0.957676869717 - x1) + sin(x0 / 0.666666718155)),sin(1.5*x0)*cos(0.5*x1),"[-0.25426464384022135, 1.4914711919636396, 2.97454513217318e-08, 0.9576768697168687, 0.3594928096589272, 0.30717390849649284]","{""K"": 500, ""c"": 6.0, ""exploration_rate"": 0.1, ""gamma"": 0.5, ""gp_rate"": 0.5, ""lm_iterations"": 10, ""max_constants"": 999, ""max_depth"": 6, ""max_evals"": 2000000, ""max_unary"": 999, ""mutation_rate"": 0.1, ""ops"": [""+"", ""-"", ""*"", ""/"", ""sin"", ""cos"", ""exp"", ""log"", ""R""], ""succ_error_tol"": 1e-06}","{""K"": 500, ""c"": 6.0, ""exploration_rate"": 0.1, ""gamma"": 0.5, ""gp_rate"": 0.5, ""lm_iterations"": 10, ""max_constants"": 999, ""max_depth"": 6, ""max_evals"": 2000000, ""max_unary"": 999, ""mutation_rate"": 0.1, ""ops"": [""+"", ""-"", ""*"", ""/"", ""sin"", ""cos"", ""exp"", ""log"", ""R""], ""succ_error_tol"": 1e-06}",0.5
imcts,NguyenC,10,NguyenC-10,expression,89,1585,40,20,20,2,"[""x0"", ""x1""]",sin(1.5*x[0]) * cos(0.5*x[1]),0.9999999403953552,True,0.9999999999999922,0.9999999999999939,10.0,30045,0.8457224850426428,0.0,0,(x0 - x0 - sin(x0 / 0.666666734664) * (x0 + 0.761561678543)) / ((1.00003050326 * x0 - x0 - (x0 + 0.761538358144)) / (-3.05493842058e-05 + cos(x1 / 2.00003102746))),(x0 - x0 - sin(x0 / 0.666666734664) * (x0 + 0.761561678543)) / ((1.00003050326 * x0 - x0 - (x0 + 0.761538358144)) / (-3.05493842058e-05 + cos(x1 / 2.00003102746))),1.0*sin(1.5*x0)*cos(0.5*x1),"[0.666666734663592, 0.8824399582366618, 0.8630181254080821, 1.000030503261498, -0.2724147360909681, -3.054938420578159e-05, 2.000031027455444]","{""K"": 500, ""c"": 6.0, ""exploration_rate"": 0.1, ""gamma"": 0.5, ""gp_rate"": 0.5, ""lm_iterations"": 10, ""max_constants"": 999, ""max_depth"": 6, ""max_evals"": 2000000, ""max_unary"": 999, ""mutation_rate"": 0.1, ""ops"": [""+"", ""-"", ""*"", ""/"", ""sin"", ""cos"", ""exp"", ""log"", ""R""], ""succ_error_tol"": 1e-06}","{""K"": 500, ""c"": 6.0, ""exploration_rate"": 0.1, ""gamma"": 0.5, ""gp_rate"": 0.5, ""lm_iterations"": 10, ""max_constants"": 999, ""max_depth"": 6, ""max_evals"": 2000000, ""max_unary"": 999, ""mutation_rate"": 0.1, ""ops"": [""+"", ""-"", ""*"", ""/"", ""sin"", ""cos"", ""exp"", ""log"", ""R""], ""succ_error_tol"": 1e-06}",0.5
imcts,NguyenC,10,NguyenC-10,expression,90,3943,40,20,20,2,"[""x0"", ""x1""]",sin(1.5*x[0]) * cos(0.5*x[1]),0.9999999403953552,True,0.9999999999999999,0.9999999999999999,12.0,50846,1.643194397969637,0.0,0,cos(0.621757538154 * x1 * 0.804172007672) * cos(x0 / 0.666666673641 - 1.57079632277) * 1.00000000782,cos(0.621757538154 * x1 * 0.804172007672) * cos(x0 / 0.666666673641 - 1.57079632277) * 1.00000000782,1.0*cos(0.5*x1)*cos(1.5*x0 - 1.57),"[0.6217575381537939, 0.804172007672478, 0.6666666736409308, 1.5707963227654214, 1.0000000078153952]","{""K"": 500, ""c"": 6.0, ""exploration_rate"": 0.1, ""gamma"": 0.5, ""gp_rate"": 0.5, ""lm_iterations"": 10, ""max_constants"": 999, ""max_depth"": 6, ""max_evals"": 2000000, ""max_unary"": 999, ""mutation_rate"": 0.1, ""ops"": [""+"", ""-"", ""*"", ""/"", ""sin"", ""cos"", ""exp"", ""log"", ""R""], ""succ_error_tol"": 1e-06}","{""K"": 500, ""c"": 6.0, ""exploration_rate"": 0.1, ""gamma"": 0.5, ""gp_rate"": 0.5, ""lm_iterations"": 10, ""max_constants"": 999, ""max_depth"": 6, ""max_evals"": 2000000, ""max_unary"": 999, ""mutation_rate"": 0.1, ""ops"": [""+"", ""-"", ""*"", ""/"", ""sin"", ""cos"", ""exp"", ""log"", ""R""], ""succ_error_tol"": 1e-06}",0.5
imcts,NguyenC,10,NguyenC-10,expression,91,23939,40,20,20,2,"[""x0"", ""x1""]",sin(1.5*x[0]) * cos(0.5*x[1]),0.9999999403953552,True,0.9999999999999992,0.9999999999999994,9.0,183953,7.262965451984201,0.0,0,sin(-5.38250288784e-09 / (x1 + 1.47791549758) + x0 * 1.50000005585) * cos(x1 * 0.49999994103 - -1.05334937312e-07),sin(-5.38250288784e-09 / (x1 + 1.47791549758) + x0 * 1.50000005585) * cos(x1 * 0.49999994103 - -1.05334937312e-07),sin(1.5*x0)*cos(0.5*x1),"[1.041984780461919, 1.0419847858444218, 1.4779154975840274, 1.5000000558507156, 0.49999994103033574, -1.0934990481104644e-07, 1.0381161996376402]","{""K"": 500, ""c"": 6.0, ""exploration_rate"": 0.1, ""gamma"": 0.5, ""gp_rate"": 0.5, ""lm_iterations"": 10, ""max_constants"": 999, ""max_depth"": 6, ""max_evals"": 2000000, ""max_unary"": 999, ""mutation_rate"": 0.1, ""ops"": [""+"", ""-"", ""*"", ""/"", ""sin"", ""cos"", ""exp"", ""log"", ""R""], ""succ_error_tol"": 1e-06}","{""K"": 500, ""c"": 6.0, ""exploration_rate"": 0.1, ""gamma"": 0.5, ""gp_rate"": 0.5, ""lm_iterations"": 10, ""max_constants"": 999, ""max_depth"": 6, ""max_evals"": 2000000, ""max_unary"": 999, ""mutation_rate"": 0.1, ""ops"": [""+"", ""-"", ""*"", ""/"", ""sin"", ""cos"", ""exp"", ""log"", ""R""], ""succ_error_tol"": 1e-06}",0.5
imcts,NguyenC,10,NguyenC-10,expression,92,19457,40,20,20,2,"[""x0"", ""x1""]",sin(1.5*x[0]) * cos(0.5*x[1]),0.9999999403953552,True,0.999999999999999,0.9999999999999991,14.0,28185,0.7831121060298756,0.0,0,cos((1.0471975501 - x0) / 0.666666668373) * sin(0.500000162845 * x1 + 1.57079612961) * 0.999999965379,cos((1.0471975501 - x0) / 0.666666668373) * sin(0.500000162845 * x1 + 1.57079612961) * 0.999999965379,1.0*sin(0.5*x1 + 1.57)*cos(1.5*x0 - 1.57),"[1.0471975501000428, 0.6666666683734217, 0.5000001628451392, 1.5707961296134982, 2.718281734248162]","{""K"": 500, ""c"": 6.0, ""exploration_rate"": 0.1, ""gamma"": 0.5, ""gp_rate"": 0.5, ""lm_iterations"": 10, ""max_constants"": 999, ""max_depth"": 6, ""max_evals"": 2000000, ""max_unary"": 999, ""mutation_rate"": 0.1, ""ops"": [""+"", ""-"", ""*"", ""/"", ""sin"", ""cos"", ""exp"", ""log"", ""R""], ""succ_error_tol"": 1e-06}","{""K"": 500, ""c"": 6.0, ""exploration_rate"": 0.1, ""gamma"": 0.5, ""gp_rate"": 0.5, ""lm_iterations"": 10, ""max_constants"": 999, ""max_depth"": 6, ""max_evals"": 2000000, ""max_unary"": 999, ""mutation_rate"": 0.1, ""ops"": [""+"", ""-"", ""*"", ""/"", ""sin"", ""cos"", ""exp"", ""log"", ""R""], ""succ_error_tol"": 1e-06}",0.5
imcts,NguyenC,10,NguyenC-10,expression,93,1021,40,20,20,2,"[""x0"", ""x1""]",sin(1.5*x[0]) * cos(0.5*x[1]),0.9999999403953552,True,0.999999999999999,0.9999999999999986,12.0,97564,3.2225074029993266,0.0,0,sin(x0 * 1.50000005474) * sin(x0 + 1.57079604585 - x0 * 0.999999961001 - x1 * 0.499999725693),sin(x0 * 1.50000005474) * sin(x0 + 1.57079604585 - x0 * 0.999999961001 - x1 * 0.499999725693),-sin(1.5*x0)*sin(0.5*x1 - 1.57),"[1.5000000547422179, 1.5707960458479406, 0.9999999610005404, 1.4999997256930373, 1.0]","{""K"": 500, ""c"": 6.0, ""exploration_rate"": 0.1, ""gamma"": 0.5, ""gp_rate"": 0.5, ""lm_iterations"": 10, ""max_constants"": 999, ""max_depth"": 6, ""max_evals"": 2000000, ""max_unary"": 999, ""mutation_rate"": 0.1, ""ops"": [""+"", ""-"", ""*"", ""/"", ""sin"", ""cos"", ""exp"", ""log"", ""R""], ""succ_error_tol"": 1e-06}","{""K"": 500, ""c"": 6.0, ""exploration_rate"": 0.1, ""gamma"": 0.5, ""gp_rate"": 0.5, ""lm_iterations"": 10, ""max_constants"": 999, ""max_depth"": 6, ""max_evals"": 2000000, ""max_unary"": 999, ""mutation_rate"": 0.1, ""ops"": [""+"", ""-"", ""*"", ""/"", ""sin"", ""cos"", ""exp"", ""log"", ""R""], ""succ_error_tol"": 1e-06}",0.5
imcts,NguyenC,10,NguyenC-10,expression,94,11653,40,20,20,2,"[""x0"", ""x1""]",sin(1.5*x[0]) * cos(0.5*x[1]),0.9999999403953552,True,0.9999999999999997,0.9999999999999998,12.0,83250,2.71453052200377,0.0,0,sin(x0 * 1.4999999631) * sin((3.14159211318 - x1) / 1.9999994707),sin(x0 * 1.4999999631) * sin((3.14159211318 - x1) / 1.9999994707),-sin(1.5*x0)*sin(0.5*x1 - 1.57),"[1.4999999630957501, 3.1415921131824383, 1.9999994706972364]","{""K"": 500, ""c"": 6.0, ""exploration_rate"": 0.1, ""gamma"": 0.5, ""gp_rate"": 0.5, ""lm_iterations"": 10, ""max_constants"": 999, ""max_depth"": 6, ""max_evals"": 2000000, ""max_unary"": 999, ""mutation_rate"": 0.1, ""ops"": [""+"", ""-"", ""*"", ""/"", ""sin"", ""cos"", ""exp"", ""log"", ""R""], ""succ_error_tol"": 1e-06}","{""K"": 500, ""c"": 6.0, ""exploration_rate"": 0.1, ""gamma"": 0.5, ""gp_rate"": 0.5, ""lm_iterations"": 10, ""max_constants"": 999, ""max_depth"": 6, ""max_evals"": 2000000, ""max_unary"": 999, ""mutation_rate"": 0.1, ""ops"": [""+"", ""-"", ""*"", ""/"", ""sin"", ""cos"", ""exp"", ""log"", ""R""], ""succ_error_tol"": 1e-06}",0.5
imcts,NguyenC,10,NguyenC-10,expression,95,10805,40,20,20,2,"[""x0"", ""x1""]",sin(1.5*x[0]) * cos(0.5*x[1]),0.9999999403953552,True,0.9999999999999997,0.9999999999999992,12.0,55584,1.7454556990414858,0.0,0,sin(x0 * 1.00000002625 - -0.149974159373 + x1 * -0.500000016553 + 1.42082211621 - x0) * sin(x0 / 0.666666658849),sin(x0 * 1.00000002625 - -0.149974159373 + x1 * -0.500000016553 + 1.42082211621 - x0) * sin(x0 / 0.666666658849),-sin(1.5*x0)*sin(0.5*x1 - 1.57),"[1.000000026248994, -0.14997415937318279, -0.500000016553179, 1.4208221162083463, 0.6666666588491031]","{""K"": 500, ""c"": 6.0, ""exploration_rate"": 0.1, ""gamma"": 0.5, ""gp_rate"": 0.5, ""lm_iterations"": 10, ""max_constants"": 999, ""max_depth"": 6, ""max_evals"": 2000000, ""max_unary"": 999, ""mutation_rate"": 0.1, ""ops"": [""+"", ""-"", ""*"", ""/"", ""sin"", ""cos"", ""exp"", ""log"", ""R""], ""succ_error_tol"": 1e-06}","{""K"": 500, ""c"": 6.0, ""exploration_rate"": 0.1, ""gamma"": 0.5, ""gp_rate"": 0.5, ""lm_iterations"": 10, ""max_constants"": 999, ""max_depth"": 6, ""max_evals"": 2000000, ""max_unary"": 999, ""mutation_rate"": 0.1, ""ops"": [""+"", ""-"", ""*"", ""/"", ""sin"", ""cos"", ""exp"", ""log"", ""R""], ""succ_error_tol"": 1e-06}",0.5
imcts,NguyenC,10,NguyenC-10,expression,96,13417,40,20,20,2,"[""x0"", ""x1""]",sin(1.5*x[0]) * cos(0.5*x[1]),0.999999463558197,True,0.9999999999997272,0.9999999999998147,9.0,55514,1.6540909849572927,0.0,0,(-3.42595931671e-09 + -2.92005731818e-07 * x0 + sin(x0 * 1.5000000569)) * cos((x0 * -1.38894372602e-07 + x1) * 0.499999923606),(-3.42595931671e-09 + -2.92005731818e-07 * x0 + sin(x0 * 1.5000000569)) * cos((x0 * -1.38894372602e-07 + x1) * 0.499999923606),sin(1.5*x0)*cos(0.5*x1),"[-3.42595931670782e-09, 0.9999997078943108, 1.5000000569045484, -1.38894372602309e-07, 0.49999992360581097]","{""K"": 500, ""c"": 6.0, ""exploration_rate"": 0.1, ""gamma"": 0.5, ""gp_rate"": 0.5, ""lm_iterations"": 10, ""max_constants"": 999, ""max_depth"": 6, ""max_evals"": 2000000, ""max_unary"": 999, ""mutation_rate"": 0.1, ""ops"": [""+"", ""-"", ""*"", ""/"", ""sin"", ""cos"", ""exp"", ""log"", ""R""], ""succ_error_tol"": 1e-06}","{""K"": 500, ""c"": 6.0, ""exploration_rate"": 0.1, ""gamma"": 0.5, ""gp_rate"": 0.5, ""lm_iterations"": 10, ""max_constants"": 999, ""max_depth"": 6, ""max_evals"": 2000000, ""max_unary"": 999, ""mutation_rate"": 0.1, ""ops"": [""+"", ""-"", ""*"", ""/"", ""sin"", ""cos"", ""exp"", ""log"", ""R""], ""succ_error_tol"": 1e-06}",0.5
imcts,NguyenC,10,NguyenC-10,expression,97,20227,40,20,20,2,"[""x0"", ""x1""]",sin(1.5*x[0]) * cos(0.5*x[1]),0.9999999403953552,True,0.9999999999999997,0.9999999999999996,10.0,16438,0.42422042100224644,0.0,0,cos(x1 * (3.26208625664e-08 - x0) / (x0 * 1.99999984175)) * sin(1.4999999527 * x0) * 1.00000002033,cos(x1 * (3.26208625664e-08 - x0) / (x0 * 1.99999984175)) * sin(1.4999999527 * x0) * 1.00000002033,1.0*sin(1.5*x0)*cos(0.5*x1),"[3.262086256640882e-08, 1.9999998417465563, 1.499999952696423, 1.0000000203267274]","{""K"": 500, ""c"": 6.0, ""exploration_rate"": 0.1, ""gamma"": 0.5, ""gp_rate"": 0.5, ""lm_iterations"": 10, ""max_constants"": 999, ""max_depth"": 6, ""max_evals"": 2000000, ""max_unary"": 999, ""mutation_rate"": 0.1, ""ops"": [""+"", ""-"", ""*"", ""/"", ""sin"", ""cos"", ""exp"", ""log"", ""R""], ""succ_error_tol"": 1e-06}","{""K"": 500, ""c"": 6.0, ""exploration_rate"": 0.1, ""gamma"": 0.5, ""gp_rate"": 0.5, ""lm_iterations"": 10, ""max_constants"": 999, ""max_depth"": 6, ""max_evals"": 2000000, ""max_unary"": 999, ""mutation_rate"": 0.1, ""ops"": [""+"", ""-"", ""*"", ""/"", ""sin"", ""cos"", ""exp"", ""log"", ""R""], ""succ_error_tol"": 1e-06}",0.5
imcts,NguyenC,10,NguyenC-10,expression,98,7989,40,20,20,2,"[""x0"", ""x1""]",sin(1.5*x[0]) * cos(0.5*x[1]),0.9999999403953552,True,0.9999999999999997,0.9999999999999997,11.0,57490,1.8398147910484113,0.0,0,cos(0.886053517464 * 0.625479358086 / (1.10841637355 / x1)) * cos(1.57079631631 - x0 / 0.666666683981),cos(0.886053517464 * 0.625479358086 / (1.10841637355 / x1)) * cos(1.57079631631 - x0 / 0.666666683981),cos(0.5*x1)*cos(1.5*x0 - 1.57),"[0.8860535174639225, 0.6254793580860449, 1.1084163735534884, 1.5707963163058443, -0.40546508213707616]","{""K"": 500, ""c"": 6.0, ""exploration_rate"": 0.1, ""gamma"": 0.5, ""gp_rate"": 0.5, ""lm_iterations"": 10, ""max_constants"": 999, ""max_depth"": 6, ""max_evals"": 2000000, ""max_unary"": 999, ""mutation_rate"": 0.1, ""ops"": [""+"", ""-"", ""*"", ""/"", ""sin"", ""cos"", ""exp"", ""log"", ""R""], ""succ_error_tol"": 1e-06}","{""K"": 500, ""c"": 6.0, ""exploration_rate"": 0.1, ""gamma"": 0.5, ""gp_rate"": 0.5, ""lm_iterations"": 10, ""max_constants"": 999, ""max_depth"": 6, ""max_evals"": 2000000, ""max_unary"": 999, ""mutation_rate"": 0.1, ""ops"": [""+"", ""-"", ""*"", ""/"", ""sin"", ""cos"", ""exp"", ""log"", ""R""], ""succ_error_tol"": 1e-06}",0.5
imcts,NguyenC,10,NguyenC-10,expression,99,9692,40,20,20,2,"[""x0"", ""x1""]",sin(1.5*x[0]) * cos(0.5*x[1]),0.9999999403953552,True,0.9999999999999994,0.9999999999999994,10.0,136804,5.469589921005536,0.0,0,sin(x0 * 1.50000002053) * 0.999985412123 * (cos(x1 * 0.500003730811) - -1.45529560173e-05 - -3.04456897471e-08 * sin(x0) * 1.41550832539),sin(x0 * 1.50000002053) * 0.999985412123 * (cos(x1 * 0.500003730811) - -1.45529560173e-05 - -3.04456897471e-08 * sin(x0) * 1.41550832539),1.0*sin(1.5*x0)*cos(0.5*x1),"[1.5000000205291102, 0.9999854121230713, 0.5000037308113247, -1.4552956017287435e-05, 0.9600387082196564, 0.8192137980705726, 1.4155083253900829]","{""K"": 500, ""c"": 6.0, ""exploration_rate"": 0.1, ""gamma"": 0.5, ""gp_rate"": 0.5, ""lm_iterations"": 10, ""max_constants"": 999, ""max_depth"": 6, ""max_evals"": 2000000, ""max_unary"": 999, ""mutation_rate"": 0.1, ""ops"": [""+"", ""-"", ""*"", ""/"", ""sin"", ""cos"", ""exp"", ""log"", ""R""], ""succ_error_tol"": 1e-06}","{""K"": 500, ""c"": 6.0, ""exploration_rate"": 0.1, ""gamma"": 0.5, ""gp_rate"": 0.5, ""lm_iterations"": 10, ""max_constants"": 999, ""max_depth"": 6, ""max_evals"": 2000000, ""max_unary"": 999, ""mutation_rate"": 0.1, ""ops"": [""+"", ""-"", ""*"", ""/"", ""sin"", ""cos"", ""exp"", ""log"", ""R""], ""succ_error_tol"": 1e-06}",0.5
