algorithm,group,case_id,case_name,source_type,run,seed,samples_total,samples_train,samples_test,variables,feature_names,target_expression,reward,success,train_r2,test_r2,complexity,evaluations,time_sec,tuning_time_sec,tuning_evaluations,expression,materialized_expression,simplified_expression,coefficients,algorithm_params,tuned_params,test_ratio
imcts,NguyenC,8,NguyenC-8,expression,0,23654,40,20,20,1,"[""x0""]",sqrt(1.23*x[0]),0.9999999403953552,True,0.9999999999999997,0.9999999999999996,5.0,1895,0.06425320799462497,0.0,0,exp(0.499999995885 * (0.207014166034 + log(x0))),exp(0.499999995885 * (0.207014166034 + log(x0))),1.11*x0**0.5,"[0.4999999958845219, 0.20701416603379785]","{""K"": 500, ""c"": 6.0, ""exploration_rate"": 0.1, ""gamma"": 0.5, ""gp_rate"": 0.5, ""lm_iterations"": 10, ""max_constants"": 999, ""max_depth"": 6, ""max_evals"": 2000000, ""max_unary"": 999, ""mutation_rate"": 0.1, ""ops"": [""+"", ""-"", ""*"", ""/"", ""sin"", ""cos"", ""exp"", ""log"", ""R""], ""succ_error_tol"": 1e-06}","{""K"": 500, ""c"": 6.0, ""exploration_rate"": 0.1, ""gamma"": 0.5, ""gp_rate"": 0.5, ""lm_iterations"": 10, ""max_constants"": 999, ""max_depth"": 6, ""max_evals"": 2000000, ""max_unary"": 999, ""mutation_rate"": 0.1, ""ops"": [""+"", ""-"", ""*"", ""/"", ""sin"", ""cos"", ""exp"", ""log"", ""R""], ""succ_error_tol"": 1e-06}",0.5
imcts,NguyenC,8,NguyenC-8,expression,1,15795,40,20,20,1,"[""x0""]",sqrt(1.23*x[0]),0.9999999403953552,True,0.9999999999999997,0.9999999999999997,5.0,2029,0.06809657398844138,0.0,0,exp(log(7.89725548176e-09 + x0 / 0.813008152185) * 0.500000006037),exp(log(7.89725548176e-09 + x0 / 0.813008152185) * 0.500000006037),1.10905363695075*x0**0.5,"[7.897255481763415e-09, 0.8130081521850325, 0.5000000060367689]","{""K"": 500, ""c"": 6.0, ""exploration_rate"": 0.1, ""gamma"": 0.5, ""gp_rate"": 0.5, ""lm_iterations"": 10, ""max_constants"": 999, ""max_depth"": 6, ""max_evals"": 2000000, ""max_unary"": 999, ""mutation_rate"": 0.1, ""ops"": [""+"", ""-"", ""*"", ""/"", ""sin"", ""cos"", ""exp"", ""log"", ""R""], ""succ_error_tol"": 1e-06}","{""K"": 500, ""c"": 6.0, ""exploration_rate"": 0.1, ""gamma"": 0.5, ""gp_rate"": 0.5, ""lm_iterations"": 10, ""max_constants"": 999, ""max_depth"": 6, ""max_evals"": 2000000, ""max_unary"": 999, ""mutation_rate"": 0.1, ""ops"": [""+"", ""-"", ""*"", ""/"", ""sin"", ""cos"", ""exp"", ""log"", ""R""], ""succ_error_tol"": 1e-06}",0.5
imcts,NguyenC,8,NguyenC-8,expression,2,860,40,20,20,1,"[""x0""]",sqrt(1.23*x[0]),0.9999999403953552,True,0.999999999999997,0.9999999999999962,5.0,3549,0.11575620603980497,0.0,0,exp(0.500000025257 * (0.207014147412 + log(x0))),exp(0.500000025257 * (0.207014147412 + log(x0))),1.11*x0**0.5,"[0.5235988047623307, 0.7165636804190748, 1.0, 1.0]","{""K"": 500, ""c"": 6.0, ""exploration_rate"": 0.1, ""gamma"": 0.5, ""gp_rate"": 0.5, ""lm_iterations"": 10, ""max_constants"": 999, ""max_depth"": 6, ""max_evals"": 2000000, ""max_unary"": 999, ""mutation_rate"": 0.1, ""ops"": [""+"", ""-"", ""*"", ""/"", ""sin"", ""cos"", ""exp"", ""log"", ""R""], ""succ_error_tol"": 1e-06}","{""K"": 500, ""c"": 6.0, ""exploration_rate"": 0.1, ""gamma"": 0.5, ""gp_rate"": 0.5, ""lm_iterations"": 10, ""max_constants"": 999, ""max_depth"": 6, ""max_evals"": 2000000, ""max_unary"": 999, ""mutation_rate"": 0.1, ""ops"": [""+"", ""-"", ""*"", ""/"", ""sin"", ""cos"", ""exp"", ""log"", ""R""], ""succ_error_tol"": 1e-06}",0.5
imcts,NguyenC,8,NguyenC-8,expression,3,5390,40,20,20,1,"[""x0""]",sqrt(1.23*x[0]),0.9999998807907104,True,0.9999999999999989,0.9999999999999983,5.0,3762,0.12245200597681105,0.0,0,x0 / (exp(log(x0) * 0.499999974299) / 1.1090536259),x0 / (exp(log(x0) * 0.499999974299) / 1.1090536259),1.11*x0**0.5,"[0.5235987459209064, 1.109053625901203]","{""K"": 500, ""c"": 6.0, ""exploration_rate"": 0.1, ""gamma"": 0.5, ""gp_rate"": 0.5, ""lm_iterations"": 10, ""max_constants"": 999, ""max_depth"": 6, ""max_evals"": 2000000, ""max_unary"": 999, ""mutation_rate"": 0.1, ""ops"": [""+"", ""-"", ""*"", ""/"", ""sin"", ""cos"", ""exp"", ""log"", ""R""], ""succ_error_tol"": 1e-06}","{""K"": 500, ""c"": 6.0, ""exploration_rate"": 0.1, ""gamma"": 0.5, ""gp_rate"": 0.5, ""lm_iterations"": 10, ""max_constants"": 999, ""max_depth"": 6, ""max_evals"": 2000000, ""max_unary"": 999, ""mutation_rate"": 0.1, ""ops"": [""+"", ""-"", ""*"", ""/"", ""sin"", ""cos"", ""exp"", ""log"", ""R""], ""succ_error_tol"": 1e-06}",0.5
imcts,NguyenC,8,NguyenC-8,expression,4,16850,40,20,20,1,"[""x0""]",sqrt(1.23*x[0]),0.9999998807907104,True,0.9999999999999963,0.9999999999999962,5.0,3004,0.10078818898182362,0.0,0,1.10905366143 * exp(log(x0) * 0.499999975553),1.10905366143 * exp(log(x0) * 0.499999975553),1.11*x0**0.5,"[1.1090536614292468, 0.4999999755530629]","{""K"": 500, ""c"": 6.0, ""exploration_rate"": 0.1, ""gamma"": 0.5, ""gp_rate"": 0.5, ""lm_iterations"": 10, ""max_constants"": 999, ""max_depth"": 6, ""max_evals"": 2000000, ""max_unary"": 999, ""mutation_rate"": 0.1, ""ops"": [""+"", ""-"", ""*"", ""/"", ""sin"", ""cos"", ""exp"", ""log"", ""R""], ""succ_error_tol"": 1e-06}","{""K"": 500, ""c"": 6.0, ""exploration_rate"": 0.1, ""gamma"": 0.5, ""gp_rate"": 0.5, ""lm_iterations"": 10, ""max_constants"": 999, ""max_depth"": 6, ""max_evals"": 2000000, ""max_unary"": 999, ""mutation_rate"": 0.1, ""ops"": [""+"", ""-"", ""*"", ""/"", ""sin"", ""cos"", ""exp"", ""log"", ""R""], ""succ_error_tol"": 1e-06}",0.5
imcts,NguyenC,8,NguyenC-8,expression,5,29910,40,20,20,1,"[""x0""]",sqrt(1.23*x[0]),0.9999999403953552,True,0.9999999999999971,0.9999999999999977,5.0,930,0.028738921973854303,0.0,0,exp((4.83058752119 * log(x0) + x0 / x0) * (x0 * -1.37583269294 / x0 + 1.47933976847)),exp((4.83058752119 * log(x0) + x0 / x0) * (x0 * -1.37583269294 / x0 + 1.47933976847)),1.11*x0**0.5,"[2.969997851513999, -1.8605896696719821, -1.375832692941495, 1.4793397684683014]","{""K"": 500, ""c"": 6.0, ""exploration_rate"": 0.1, ""gamma"": 0.5, ""gp_rate"": 0.5, ""lm_iterations"": 10, ""max_constants"": 999, ""max_depth"": 6, ""max_evals"": 2000000, ""max_unary"": 999, ""mutation_rate"": 0.1, ""ops"": [""+"", ""-"", ""*"", ""/"", ""sin"", ""cos"", ""exp"", ""log"", ""R""], ""succ_error_tol"": 1e-06}","{""K"": 500, ""c"": 6.0, ""exploration_rate"": 0.1, ""gamma"": 0.5, ""gp_rate"": 0.5, ""lm_iterations"": 10, ""max_constants"": 999, ""max_depth"": 6, ""max_evals"": 2000000, ""max_unary"": 999, ""mutation_rate"": 0.1, ""ops"": [""+"", ""-"", ""*"", ""/"", ""sin"", ""cos"", ""exp"", ""log"", ""R""], ""succ_error_tol"": 1e-06}",0.5
imcts,NguyenC,8,NguyenC-8,expression,6,4426,40,20,20,1,"[""x0""]",sqrt(1.23*x[0]),0.9999999403953552,True,0.9999999999999999,0.9999999999999997,5.0,2906,0.10024260799400508,0.0,0,exp(0.103507100388 + log(x0 - 1.55446963705e-08) * 0.499999990183),exp(0.103507100388 + log(x0 - 1.55446963705e-08) * 0.499999990183),1.11*x0**0.5,"[1.7135018480981667, 0.7816108137405114, 1.5544696370541144e-08, 0.49999999018284813]","{""K"": 500, ""c"": 6.0, ""exploration_rate"": 0.1, ""gamma"": 0.5, ""gp_rate"": 0.5, ""lm_iterations"": 10, ""max_constants"": 999, ""max_depth"": 6, ""max_evals"": 2000000, ""max_unary"": 999, ""mutation_rate"": 0.1, ""ops"": [""+"", ""-"", ""*"", ""/"", ""sin"", ""cos"", ""exp"", ""log"", ""R""], ""succ_error_tol"": 1e-06}","{""K"": 500, ""c"": 6.0, ""exploration_rate"": 0.1, ""gamma"": 0.5, ""gp_rate"": 0.5, ""lm_iterations"": 10, ""max_constants"": 999, ""max_depth"": 6, ""max_evals"": 2000000, ""max_unary"": 999, ""mutation_rate"": 0.1, ""ops"": [""+"", ""-"", ""*"", ""/"", ""sin"", ""cos"", ""exp"", ""log"", ""R""], ""succ_error_tol"": 1e-06}",0.5
imcts,NguyenC,8,NguyenC-8,expression,7,21962,40,20,20,1,"[""x0""]",sqrt(1.23*x[0]),0.9999998807907104,True,0.9999999999999979,0.9999999999999964,5.0,6959,0.24456620297860354,0.0,0,exp(log(x0 / 1.2299999441) * -0.499999965091) * x0,exp(log(x0 / 1.2299999441) * -0.499999965091) * x0,1.11*x0**0.5,"[1.2299999441043727, -0.4999999650907217]","{""K"": 500, ""c"": 6.0, ""exploration_rate"": 0.1, ""gamma"": 0.5, ""gp_rate"": 0.5, ""lm_iterations"": 10, ""max_constants"": 999, ""max_depth"": 6, ""max_evals"": 2000000, ""max_unary"": 999, ""mutation_rate"": 0.1, ""ops"": [""+"", ""-"", ""*"", ""/"", ""sin"", ""cos"", ""exp"", ""log"", ""R""], ""succ_error_tol"": 1e-06}","{""K"": 500, ""c"": 6.0, ""exploration_rate"": 0.1, ""gamma"": 0.5, ""gp_rate"": 0.5, ""lm_iterations"": 10, ""max_constants"": 999, ""max_depth"": 6, ""max_evals"": 2000000, ""max_unary"": 999, ""mutation_rate"": 0.1, ""ops"": [""+"", ""-"", ""*"", ""/"", ""sin"", ""cos"", ""exp"", ""log"", ""R""], ""succ_error_tol"": 1e-06}",0.5
imcts,NguyenC,8,NguyenC-8,expression,8,14423,40,20,20,1,"[""x0""]",sqrt(1.23*x[0]),0.9999999403953552,True,0.9999999999999997,0.9999999999999992,5.0,3445,0.11145740299252793,0.0,0,x0 / exp((0.499999992671 + x0 - x0) * (log(x0) + -0.207014171976)),x0 / exp((0.499999992671 + x0 - x0) * (log(x0) + -0.207014171976)),1.11*x0**0.5,"[1.6487212585170044, 0.8130081278741089]","{""K"": 500, ""c"": 6.0, ""exploration_rate"": 0.1, ""gamma"": 0.5, ""gp_rate"": 0.5, ""lm_iterations"": 10, ""max_constants"": 999, ""max_depth"": 6, ""max_evals"": 2000000, ""max_unary"": 999, ""mutation_rate"": 0.1, ""ops"": [""+"", ""-"", ""*"", ""/"", ""sin"", ""cos"", ""exp"", ""log"", ""R""], ""succ_error_tol"": 1e-06}","{""K"": 500, ""c"": 6.0, ""exploration_rate"": 0.1, ""gamma"": 0.5, ""gp_rate"": 0.5, ""lm_iterations"": 10, ""max_constants"": 999, ""max_depth"": 6, ""max_evals"": 2000000, ""max_unary"": 999, ""mutation_rate"": 0.1, ""ops"": [""+"", ""-"", ""*"", ""/"", ""sin"", ""cos"", ""exp"", ""log"", ""R""], ""succ_error_tol"": 1e-06}",0.5
imcts,NguyenC,8,NguyenC-8,expression,9,28020,40,20,20,1,"[""x0""]",sqrt(1.23*x[0]),0.9999999403953552,True,0.9999999999999997,0.9999999999999998,5.0,407,0.012896777014248073,0.0,0,exp(0.500000016047 * log(x0 * 1.23000009736)) + x0 + x0 * -1.00000003624,exp(0.500000016047 * log(x0 * 1.23000009736)) + x0 + x0 * -1.00000003624,1.11*x0**0.5,"[0.5000000160466193, 1.2300000973636385, -1.0000000362350492]","{""K"": 500, ""c"": 6.0, ""exploration_rate"": 0.1, ""gamma"": 0.5, ""gp_rate"": 0.5, ""lm_iterations"": 10, ""max_constants"": 999, ""max_depth"": 6, ""max_evals"": 2000000, ""max_unary"": 999, ""mutation_rate"": 0.1, ""ops"": [""+"", ""-"", ""*"", ""/"", ""sin"", ""cos"", ""exp"", ""log"", ""R""], ""succ_error_tol"": 1e-06}","{""K"": 500, ""c"": 6.0, ""exploration_rate"": 0.1, ""gamma"": 0.5, ""gp_rate"": 0.5, ""lm_iterations"": 10, ""max_constants"": 999, ""max_depth"": 6, ""max_evals"": 2000000, ""max_unary"": 999, ""mutation_rate"": 0.1, ""ops"": [""+"", ""-"", ""*"", ""/"", ""sin"", ""cos"", ""exp"", ""log"", ""R""], ""succ_error_tol"": 1e-06}",0.5
imcts,NguyenC,8,NguyenC-8,expression,10,29802,40,20,20,1,"[""x0""]",sqrt(1.23*x[0]),0.9999998807907104,True,0.9999999999999996,0.9999999999999997,5.0,1759,0.055697240983136,0.0,0,exp(0.500000006234 * log(x0 / 0.813008132083)),exp(0.500000006234 * log(x0 / 0.813008132083)),1.11*x0**0.5,"[1.000000055676449, 1.6470296253061476, 0.8130081320834615, 1.0, 1.0]","{""K"": 500, ""c"": 6.0, ""exploration_rate"": 0.1, ""gamma"": 0.5, ""gp_rate"": 0.5, ""lm_iterations"": 10, ""max_constants"": 999, ""max_depth"": 6, ""max_evals"": 2000000, ""max_unary"": 999, ""mutation_rate"": 0.1, ""ops"": [""+"", ""-"", ""*"", ""/"", ""sin"", ""cos"", ""exp"", ""log"", ""R""], ""succ_error_tol"": 1e-06}","{""K"": 500, ""c"": 6.0, ""exploration_rate"": 0.1, ""gamma"": 0.5, ""gp_rate"": 0.5, ""lm_iterations"": 10, ""max_constants"": 999, ""max_depth"": 6, ""max_evals"": 2000000, ""max_unary"": 999, ""mutation_rate"": 0.1, ""ops"": [""+"", ""-"", ""*"", ""/"", ""sin"", ""cos"", ""exp"", ""log"", ""R""], ""succ_error_tol"": 1e-06}",0.5
imcts,NguyenC,8,NguyenC-8,expression,11,21575,40,20,20,1,"[""x0""]",sqrt(1.23*x[0]),0.9999998807907104,True,0.9999999999999989,0.9999999999999994,5.0,6639,0.23408570798346773,0.0,0,exp(0.499999965383 * log(1.23000013344 * x0 - 8.03270275785e-08)),exp(0.499999965383 * log(1.23000013344 * x0 - 8.03270275785e-08)),1.10905370285262*x0**0.5,"[0.4999999653825615, 1.2300001334420378, 1.0000000802270308]","{""K"": 500, ""c"": 6.0, ""exploration_rate"": 0.1, ""gamma"": 0.5, ""gp_rate"": 0.5, ""lm_iterations"": 10, ""max_constants"": 999, ""max_depth"": 6, ""max_evals"": 2000000, ""max_unary"": 999, ""mutation_rate"": 0.1, ""ops"": [""+"", ""-"", ""*"", ""/"", ""sin"", ""cos"", ""exp"", ""log"", ""R""], ""succ_error_tol"": 1e-06}","{""K"": 500, ""c"": 6.0, ""exploration_rate"": 0.1, ""gamma"": 0.5, ""gp_rate"": 0.5, ""lm_iterations"": 10, ""max_constants"": 999, ""max_depth"": 6, ""max_evals"": 2000000, ""max_unary"": 999, ""mutation_rate"": 0.1, ""ops"": [""+"", ""-"", ""*"", ""/"", ""sin"", ""cos"", ""exp"", ""log"", ""R""], ""succ_error_tol"": 1e-06}",0.5
imcts,NguyenC,8,NguyenC-8,expression,12,11964,40,20,20,1,"[""x0""]",sqrt(1.23*x[0]),0.9999999403953552,True,0.9999999999999994,0.9999999999999997,5.0,6005,0.19858540000859648,0.0,0,exp(log(x0) / 1.99999999674) * 0.646103721335 * 1.71652569972,exp(log(x0) / 1.99999999674) * 0.646103721335 * 1.71652569972,1.11*x0**0.5,"[0.6931471789319751, 0.7678265002594942, 1.0, 1.0, 1.0, 1.0, 1.0]","{""K"": 500, ""c"": 6.0, ""exploration_rate"": 0.1, ""gamma"": 0.5, ""gp_rate"": 0.5, ""lm_iterations"": 10, ""max_constants"": 999, ""max_depth"": 6, ""max_evals"": 2000000, ""max_unary"": 999, ""mutation_rate"": 0.1, ""ops"": [""+"", ""-"", ""*"", ""/"", ""sin"", ""cos"", ""exp"", ""log"", ""R""], ""succ_error_tol"": 1e-06}","{""K"": 500, ""c"": 6.0, ""exploration_rate"": 0.1, ""gamma"": 0.5, ""gp_rate"": 0.5, ""lm_iterations"": 10, ""max_constants"": 999, ""max_depth"": 6, ""max_evals"": 2000000, ""max_unary"": 999, ""mutation_rate"": 0.1, ""ops"": [""+"", ""-"", ""*"", ""/"", ""sin"", ""cos"", ""exp"", ""log"", ""R""], ""succ_error_tol"": 1e-06}",0.5
imcts,NguyenC,8,NguyenC-8,expression,13,11284,40,20,20,1,"[""x0""]",sqrt(1.23*x[0]),0.9999998807907104,True,0.9999999999999993,0.9999999999999994,5.0,568,0.019295801990665495,0.0,0,exp(log(x0 / 0.813008119574) * 0.500000000944),exp(log(x0 / 0.813008119574) * 0.500000000944),1.11*x0**0.5,"[0.8130081195737652, 1.0471975501060695, 1.0, 1.0]","{""K"": 500, ""c"": 6.0, ""exploration_rate"": 0.1, ""gamma"": 0.5, ""gp_rate"": 0.5, ""lm_iterations"": 10, ""max_constants"": 999, ""max_depth"": 6, ""max_evals"": 2000000, ""max_unary"": 999, ""mutation_rate"": 0.1, ""ops"": [""+"", ""-"", ""*"", ""/"", ""sin"", ""cos"", ""exp"", ""log"", ""R""], ""succ_error_tol"": 1e-06}","{""K"": 500, ""c"": 6.0, ""exploration_rate"": 0.1, ""gamma"": 0.5, ""gp_rate"": 0.5, ""lm_iterations"": 10, ""max_constants"": 999, ""max_depth"": 6, ""max_evals"": 2000000, ""max_unary"": 999, ""mutation_rate"": 0.1, ""ops"": [""+"", ""-"", ""*"", ""/"", ""sin"", ""cos"", ""exp"", ""log"", ""R""], ""succ_error_tol"": 1e-06}",0.5
imcts,NguyenC,8,NguyenC-8,expression,14,22118,40,20,20,1,"[""x0""]",sqrt(1.23*x[0]),0.9999999403953552,True,0.9999999999999989,0.9999999999999984,5.0,4277,0.15021329402225092,0.0,0,exp(x0 * 1.00000003282 + 0.103507032345 + log(x0) * 0.499999953263 - x0),exp(x0 * 1.00000003282 + 0.103507032345 + log(x0) * 0.499999953263 - x0),1.11*x0**0.5,"[1.0000000328207832, 1.4671035736773568, 0.49999995326340796]","{""K"": 500, ""c"": 6.0, ""exploration_rate"": 0.1, ""gamma"": 0.5, ""gp_rate"": 0.5, ""lm_iterations"": 10, ""max_constants"": 999, ""max_depth"": 6, ""max_evals"": 2000000, ""max_unary"": 999, ""mutation_rate"": 0.1, ""ops"": [""+"", ""-"", ""*"", ""/"", ""sin"", ""cos"", ""exp"", ""log"", ""R""], ""succ_error_tol"": 1e-06}","{""K"": 500, ""c"": 6.0, ""exploration_rate"": 0.1, ""gamma"": 0.5, ""gp_rate"": 0.5, ""lm_iterations"": 10, ""max_constants"": 999, ""max_depth"": 6, ""max_evals"": 2000000, ""max_unary"": 999, ""mutation_rate"": 0.1, ""ops"": [""+"", ""-"", ""*"", ""/"", ""sin"", ""cos"", ""exp"", ""log"", ""R""], ""succ_error_tol"": 1e-06}",0.5
imcts,NguyenC,8,NguyenC-8,expression,15,6265,40,20,20,1,"[""x0""]",sqrt(1.23*x[0]),0.9999999403953552,True,0.9999999999999982,0.9999999999999981,9.0,1800,0.05397336703026667,0.0,0,exp(log(x0) / 2.00000002735 / (log(x0) / log(x0)) + sin(x0 / x0) * 0.123007334901 * x0 / x0),exp(log(x0) / 2.00000002735 / (log(x0) / log(x0)) + sin(x0 / x0) * 0.123007334901 * x0 / x0),x0**0.5*exp(0.123*sin(1)),"[1.3918516602644262, 0.6959258206162316, 1.1230073349006584, 1.0]","{""K"": 500, ""c"": 6.0, ""exploration_rate"": 0.1, ""gamma"": 0.5, ""gp_rate"": 0.5, ""lm_iterations"": 10, ""max_constants"": 999, ""max_depth"": 6, ""max_evals"": 2000000, ""max_unary"": 999, ""mutation_rate"": 0.1, ""ops"": [""+"", ""-"", ""*"", ""/"", ""sin"", ""cos"", ""exp"", ""log"", ""R""], ""succ_error_tol"": 1e-06}","{""K"": 500, ""c"": 6.0, ""exploration_rate"": 0.1, ""gamma"": 0.5, ""gp_rate"": 0.5, ""lm_iterations"": 10, ""max_constants"": 999, ""max_depth"": 6, ""max_evals"": 2000000, ""max_unary"": 999, ""mutation_rate"": 0.1, ""ops"": [""+"", ""-"", ""*"", ""/"", ""sin"", ""cos"", ""exp"", ""log"", ""R""], ""succ_error_tol"": 1e-06}",0.5
imcts,NguyenC,8,NguyenC-8,expression,16,11363,40,20,20,1,"[""x0""]",sqrt(1.23*x[0]),0.9999999403953552,True,0.9999999999999997,0.9999999999999997,5.0,4947,0.16648661997169256,0.0,0,exp(0.500000010893 * log(x0)) / 0.901669640613,exp(0.500000010893 * log(x0)) / 0.901669640613,1.11*x0**0.5,"[1.0, 0.9549296700211388, 1.0, 0.9016696405726549, 1.0]","{""K"": 500, ""c"": 6.0, ""exploration_rate"": 0.1, ""gamma"": 0.5, ""gp_rate"": 0.5, ""lm_iterations"": 10, ""max_constants"": 999, ""max_depth"": 6, ""max_evals"": 2000000, ""max_unary"": 999, ""mutation_rate"": 0.1, ""ops"": [""+"", ""-"", ""*"", ""/"", ""sin"", ""cos"", ""exp"", ""log"", ""R""], ""succ_error_tol"": 1e-06}","{""K"": 500, ""c"": 6.0, ""exploration_rate"": 0.1, ""gamma"": 0.5, ""gp_rate"": 0.5, ""lm_iterations"": 10, ""max_constants"": 999, ""max_depth"": 6, ""max_evals"": 2000000, ""max_unary"": 999, ""mutation_rate"": 0.1, ""ops"": [""+"", ""-"", ""*"", ""/"", ""sin"", ""cos"", ""exp"", ""log"", ""R""], ""succ_error_tol"": 1e-06}",0.5
imcts,NguyenC,8,NguyenC-8,expression,17,27495,40,20,20,1,"[""x0""]",sqrt(1.23*x[0]),0.9999999403953552,True,0.9999999999999996,0.9999999999999988,5.0,138,0.0035293689579702914,0.0,0,exp(1.49999997866 * log(x0)) * 1.1090536815 / (1.56375050461e-08 + x0),exp(1.49999997866 * log(x0)) * 1.1090536815 / (1.56375050461e-08 + x0),1.11*x0**0.5,"[1.4999999786607068, 1.1090536814992702, 1.5637505046118368e-08]","{""K"": 500, ""c"": 6.0, ""exploration_rate"": 0.1, ""gamma"": 0.5, ""gp_rate"": 0.5, ""lm_iterations"": 10, ""max_constants"": 999, ""max_depth"": 6, ""max_evals"": 2000000, ""max_unary"": 999, ""mutation_rate"": 0.1, ""ops"": [""+"", ""-"", ""*"", ""/"", ""sin"", ""cos"", ""exp"", ""log"", ""R""], ""succ_error_tol"": 1e-06}","{""K"": 500, ""c"": 6.0, ""exploration_rate"": 0.1, ""gamma"": 0.5, ""gp_rate"": 0.5, ""lm_iterations"": 10, ""max_constants"": 999, ""max_depth"": 6, ""max_evals"": 2000000, ""max_unary"": 999, ""mutation_rate"": 0.1, ""ops"": [""+"", ""-"", ""*"", ""/"", ""sin"", ""cos"", ""exp"", ""log"", ""R""], ""succ_error_tol"": 1e-06}",0.5
imcts,NguyenC,8,NguyenC-8,expression,18,16023,40,20,20,1,"[""x0""]",sqrt(1.23*x[0]),0.9999999403953552,True,1.0,1.0,7.0,7224,0.23741565103409812,0.0,0,exp(-0.500000002675 * log(0.813008137109 / x0)),exp(-0.500000002675 * log(0.813008137109 / x0)),1.11/(1/x0)**0.5,"[-0.5000000026753653, 0.8130081371088764]","{""K"": 500, ""c"": 6.0, ""exploration_rate"": 0.1, ""gamma"": 0.5, ""gp_rate"": 0.5, ""lm_iterations"": 10, ""max_constants"": 999, ""max_depth"": 6, ""max_evals"": 2000000, ""max_unary"": 999, ""mutation_rate"": 0.1, ""ops"": [""+"", ""-"", ""*"", ""/"", ""sin"", ""cos"", ""exp"", ""log"", ""R""], ""succ_error_tol"": 1e-06}","{""K"": 500, ""c"": 6.0, ""exploration_rate"": 0.1, ""gamma"": 0.5, ""gp_rate"": 0.5, ""lm_iterations"": 10, ""max_constants"": 999, ""max_depth"": 6, ""max_evals"": 2000000, ""max_unary"": 999, ""mutation_rate"": 0.1, ""ops"": [""+"", ""-"", ""*"", ""/"", ""sin"", ""cos"", ""exp"", ""log"", ""R""], ""succ_error_tol"": 1e-06}",0.5
imcts,NguyenC,8,NguyenC-8,expression,19,8322,40,20,20,1,"[""x0""]",sqrt(1.23*x[0]),0.9999999403953552,True,0.9999999999949835,0.9999999999855381,7.0,3283,0.10795466997660697,0.0,0,exp(exp(x0 / x0) - log(x0) * -0.499998366706 + -2.61477364266),exp(exp(x0 / x0) - log(x0) * -0.499998366706 + -2.61477364266),0.073*x0**0.5*exp(E),"[-0.5235968896337561, -2.6147736426573243]","{""K"": 500, ""c"": 6.0, ""exploration_rate"": 0.1, ""gamma"": 0.5, ""gp_rate"": 0.5, ""lm_iterations"": 10, ""max_constants"": 999, ""max_depth"": 6, ""max_evals"": 2000000, ""max_unary"": 999, ""mutation_rate"": 0.1, ""ops"": [""+"", ""-"", ""*"", ""/"", ""sin"", ""cos"", ""exp"", ""log"", ""R""], ""succ_error_tol"": 1e-06}","{""K"": 500, ""c"": 6.0, ""exploration_rate"": 0.1, ""gamma"": 0.5, ""gp_rate"": 0.5, ""lm_iterations"": 10, ""max_constants"": 999, ""max_depth"": 6, ""max_evals"": 2000000, ""max_unary"": 999, ""mutation_rate"": 0.1, ""ops"": [""+"", ""-"", ""*"", ""/"", ""sin"", ""cos"", ""exp"", ""log"", ""R""], ""succ_error_tol"": 1e-06}",0.5
imcts,NguyenC,8,NguyenC-8,expression,20,1685,40,20,20,1,"[""x0""]",sqrt(1.23*x[0]),0.9999999403953552,True,0.9999999999999977,0.9999999999999976,5.0,489,0.014315657026600093,0.0,0,x0 / (0.901669647069 / exp(-0.500000004045 * log(x0))),x0 / (0.901669647069 / exp(-0.500000004045 * log(x0))),1.11*x0**0.5,"[0.9016696470688036, -0.5000000040452038]","{""K"": 500, ""c"": 6.0, ""exploration_rate"": 0.1, ""gamma"": 0.5, ""gp_rate"": 0.5, ""lm_iterations"": 10, ""max_constants"": 999, ""max_depth"": 6, ""max_evals"": 2000000, ""max_unary"": 999, ""mutation_rate"": 0.1, ""ops"": [""+"", ""-"", ""*"", ""/"", ""sin"", ""cos"", ""exp"", ""log"", ""R""], ""succ_error_tol"": 1e-06}","{""K"": 500, ""c"": 6.0, ""exploration_rate"": 0.1, ""gamma"": 0.5, ""gp_rate"": 0.5, ""lm_iterations"": 10, ""max_constants"": 999, ""max_depth"": 6, ""max_evals"": 2000000, ""max_unary"": 999, ""mutation_rate"": 0.1, ""ops"": [""+"", ""-"", ""*"", ""/"", ""sin"", ""cos"", ""exp"", ""log"", ""R""], ""succ_error_tol"": 1e-06}",0.5
imcts,NguyenC,8,NguyenC-8,expression,21,32052,40,20,20,1,"[""x0""]",sqrt(1.23*x[0]),0.9999999403953552,True,0.9999999999999999,0.9999999999999999,5.0,1807,0.0552512610447593,0.0,0,exp(0.500000005186 * (0.841470984808 + log(x0)) + -0.416146836547 - (x0 - (x0 - -0.0989184177599))),exp(0.500000005186 * (0.841470984808 + log(x0)) + -0.416146836547 - (x0 - (x0 - -0.0989184177599))),1.11*x0**0.5,"[0.5000000051858325, 1.0, 1.0, 1.0, 1.0, -0.09891841775993444]","{""K"": 500, ""c"": 6.0, ""exploration_rate"": 0.1, ""gamma"": 0.5, ""gp_rate"": 0.5, ""lm_iterations"": 10, ""max_constants"": 999, ""max_depth"": 6, ""max_evals"": 2000000, ""max_unary"": 999, ""mutation_rate"": 0.1, ""ops"": [""+"", ""-"", ""*"", ""/"", ""sin"", ""cos"", ""exp"", ""log"", ""R""], ""succ_error_tol"": 1e-06}","{""K"": 500, ""c"": 6.0, ""exploration_rate"": 0.1, ""gamma"": 0.5, ""gp_rate"": 0.5, ""lm_iterations"": 10, ""max_constants"": 999, ""max_depth"": 6, ""max_evals"": 2000000, ""max_unary"": 999, ""mutation_rate"": 0.1, ""ops"": [""+"", ""-"", ""*"", ""/"", ""sin"", ""cos"", ""exp"", ""log"", ""R""], ""succ_error_tol"": 1e-06}",0.5
imcts,NguyenC,8,NguyenC-8,expression,22,769,40,20,20,1,"[""x0""]",sqrt(1.23*x[0]),0.9999999403953552,True,0.9999999999999999,0.9999999999999999,7.0,6584,0.238465303031262,0.0,0,exp((log(x0 * x0) + 0.414028375531) / 4.00000004909),exp((log(x0 * x0) + 0.414028375531) / 4.00000004909),1.11*(x0**2)**0.25,"[0.41402837553133787, 1.386294373392798]","{""K"": 500, ""c"": 6.0, ""exploration_rate"": 0.1, ""gamma"": 0.5, ""gp_rate"": 0.5, ""lm_iterations"": 10, ""max_constants"": 999, ""max_depth"": 6, ""max_evals"": 2000000, ""max_unary"": 999, ""mutation_rate"": 0.1, ""ops"": [""+"", ""-"", ""*"", ""/"", ""sin"", ""cos"", ""exp"", ""log"", ""R""], ""succ_error_tol"": 1e-06}","{""K"": 500, ""c"": 6.0, ""exploration_rate"": 0.1, ""gamma"": 0.5, ""gp_rate"": 0.5, ""lm_iterations"": 10, ""max_constants"": 999, ""max_depth"": 6, ""max_evals"": 2000000, ""max_unary"": 999, ""mutation_rate"": 0.1, ""ops"": [""+"", ""-"", ""*"", ""/"", ""sin"", ""cos"", ""exp"", ""log"", ""R""], ""succ_error_tol"": 1e-06}",0.5
imcts,NguyenC,8,NguyenC-8,expression,23,26967,40,20,20,1,"[""x0""]",sqrt(1.23*x[0]),0.9999999403953552,True,0.9999999999999988,0.9999999999999986,7.0,216,0.006625808018725365,0.0,0,exp(log(1.06658943064 / x0) * -0.500000002767 - -0.135740148196),exp(log(1.06658943064 / x0) * -0.500000002767 - -0.135740148196),1.11/(1/x0)**0.5,"[1.0665894306421044, 1.5504287483456618, 2.114762684037933, -0.13574014819637423]","{""K"": 500, ""c"": 6.0, ""exploration_rate"": 0.1, ""gamma"": 0.5, ""gp_rate"": 0.5, ""lm_iterations"": 10, ""max_constants"": 999, ""max_depth"": 6, ""max_evals"": 2000000, ""max_unary"": 999, ""mutation_rate"": 0.1, ""ops"": [""+"", ""-"", ""*"", ""/"", ""sin"", ""cos"", ""exp"", ""log"", ""R""], ""succ_error_tol"": 1e-06}","{""K"": 500, ""c"": 6.0, ""exploration_rate"": 0.1, ""gamma"": 0.5, ""gp_rate"": 0.5, ""lm_iterations"": 10, ""max_constants"": 999, ""max_depth"": 6, ""max_evals"": 2000000, ""max_unary"": 999, ""mutation_rate"": 0.1, ""ops"": [""+"", ""-"", ""*"", ""/"", ""sin"", ""cos"", ""exp"", ""log"", ""R""], ""succ_error_tol"": 1e-06}",0.5
imcts,NguyenC,8,NguyenC-8,expression,24,30187,40,20,20,1,"[""x0""]",sqrt(1.23*x[0]),0.9999999403953552,True,1.0,1.0,5.0,8115,0.2926852359669283,0.0,0,exp(0.540302305868 + 0.500000003222 * log(x0) - 0.436795224142),exp(0.540302305868 + 0.500000003222 * log(x0) - 0.436795224142),1.11*x0**0.5,"[1.0, -0.6931471741153705, 1.5251861235432833, 0.640641502651392, 1.0]","{""K"": 500, ""c"": 6.0, ""exploration_rate"": 0.1, ""gamma"": 0.5, ""gp_rate"": 0.5, ""lm_iterations"": 10, ""max_constants"": 999, ""max_depth"": 6, ""max_evals"": 2000000, ""max_unary"": 999, ""mutation_rate"": 0.1, ""ops"": [""+"", ""-"", ""*"", ""/"", ""sin"", ""cos"", ""exp"", ""log"", ""R""], ""succ_error_tol"": 1e-06}","{""K"": 500, ""c"": 6.0, ""exploration_rate"": 0.1, ""gamma"": 0.5, ""gp_rate"": 0.5, ""lm_iterations"": 10, ""max_constants"": 999, ""max_depth"": 6, ""max_evals"": 2000000, ""max_unary"": 999, ""mutation_rate"": 0.1, ""ops"": [""+"", ""-"", ""*"", ""/"", ""sin"", ""cos"", ""exp"", ""log"", ""R""], ""succ_error_tol"": 1e-06}",0.5
imcts,NguyenC,8,NguyenC-8,expression,25,32157,40,20,20,1,"[""x0""]",sqrt(1.23*x[0]),0.9999999403953552,True,0.9999999999999983,0.9999999999999977,5.0,649,0.01850094902329147,0.0,0,exp(log(-1.68292890318e-08 + x0 + x0 * 0.230000037646) / 1.99999999782),exp(log(-1.68292890318e-08 + x0 + x0 * 0.230000037646) / 1.99999999782),1.1090536677382*x0**0.5,"[-1.682928903179657e-08, 0.23000003764649268, 1.999999997816905]","{""K"": 500, ""c"": 6.0, ""exploration_rate"": 0.1, ""gamma"": 0.5, ""gp_rate"": 0.5, ""lm_iterations"": 10, ""max_constants"": 999, ""max_depth"": 6, ""max_evals"": 2000000, ""max_unary"": 999, ""mutation_rate"": 0.1, ""ops"": [""+"", ""-"", ""*"", ""/"", ""sin"", ""cos"", ""exp"", ""log"", ""R""], ""succ_error_tol"": 1e-06}","{""K"": 500, ""c"": 6.0, ""exploration_rate"": 0.1, ""gamma"": 0.5, ""gp_rate"": 0.5, ""lm_iterations"": 10, ""max_constants"": 999, ""max_depth"": 6, ""max_evals"": 2000000, ""max_unary"": 999, ""mutation_rate"": 0.1, ""ops"": [""+"", ""-"", ""*"", ""/"", ""sin"", ""cos"", ""exp"", ""log"", ""R""], ""succ_error_tol"": 1e-06}",0.5
imcts,NguyenC,8,NguyenC-8,expression,26,23333,40,20,20,1,"[""x0""]",sqrt(1.23*x[0]),0.9999999403953552,True,0.9999999999999982,0.9999999999999966,7.0,440,0.012195994961075485,0.0,0,exp(-0.499999991096 * log(1.88319888321 / x0) - -0.41999300516),exp(-0.499999991096 * log(1.88319888321 / x0) - -0.41999300516),1.11/(1/x0)**0.5,"[1.6415527087257409, 1.2758622254277154, 1.8831988832124047, -0.41999300515981103]","{""K"": 500, ""c"": 6.0, ""exploration_rate"": 0.1, ""gamma"": 0.5, ""gp_rate"": 0.5, ""lm_iterations"": 10, ""max_constants"": 999, ""max_depth"": 6, ""max_evals"": 2000000, ""max_unary"": 999, ""mutation_rate"": 0.1, ""ops"": [""+"", ""-"", ""*"", ""/"", ""sin"", ""cos"", ""exp"", ""log"", ""R""], ""succ_error_tol"": 1e-06}","{""K"": 500, ""c"": 6.0, ""exploration_rate"": 0.1, ""gamma"": 0.5, ""gp_rate"": 0.5, ""lm_iterations"": 10, ""max_constants"": 999, ""max_depth"": 6, ""max_evals"": 2000000, ""max_unary"": 999, ""mutation_rate"": 0.1, ""ops"": [""+"", ""-"", ""*"", ""/"", ""sin"", ""cos"", ""exp"", ""log"", ""R""], ""succ_error_tol"": 1e-06}",0.5
imcts,NguyenC,8,NguyenC-8,expression,27,2433,40,20,20,1,"[""x0""]",sqrt(1.23*x[0]),0.9999999403953552,True,0.9999999999999996,0.9999999999999997,5.0,2395,0.07627302600303665,0.0,0,exp(log(x0 / 0.813008142439) * 0.500000010824),exp(log(x0 / 0.813008142439) * 0.500000010824),1.11*x0**0.5,"[0.8130081424393649, 1.0, 0.5235987880967854]","{""K"": 500, ""c"": 6.0, ""exploration_rate"": 0.1, ""gamma"": 0.5, ""gp_rate"": 0.5, ""lm_iterations"": 10, ""max_constants"": 999, ""max_depth"": 6, ""max_evals"": 2000000, ""max_unary"": 999, ""mutation_rate"": 0.1, ""ops"": [""+"", ""-"", ""*"", ""/"", ""sin"", ""cos"", ""exp"", ""log"", ""R""], ""succ_error_tol"": 1e-06}","{""K"": 500, ""c"": 6.0, ""exploration_rate"": 0.1, ""gamma"": 0.5, ""gp_rate"": 0.5, ""lm_iterations"": 10, ""max_constants"": 999, ""max_depth"": 6, ""max_evals"": 2000000, ""max_unary"": 999, ""mutation_rate"": 0.1, ""ops"": [""+"", ""-"", ""*"", ""/"", ""sin"", ""cos"", ""exp"", ""log"", ""R""], ""succ_error_tol"": 1e-06}",0.5
imcts,NguyenC,8,NguyenC-8,expression,28,5311,40,20,20,1,"[""x0""]",sqrt(1.23*x[0]),0.9999998807907104,True,0.9999999999999978,0.999999999999999,5.0,133,0.003821175021585077,0.0,0,exp(log(x0) - (0.207014136296 - log(x0)) * -0.499999985356),exp(log(x0) - (0.207014136296 - log(x0)) * -0.499999985356),1.11*x0**0.5,"[1.2299999592015312, -0.49999998535641377]","{""K"": 500, ""c"": 6.0, ""exploration_rate"": 0.1, ""gamma"": 0.5, ""gp_rate"": 0.5, ""lm_iterations"": 10, ""max_constants"": 999, ""max_depth"": 6, ""max_evals"": 2000000, ""max_unary"": 999, ""mutation_rate"": 0.1, ""ops"": [""+"", ""-"", ""*"", ""/"", ""sin"", ""cos"", ""exp"", ""log"", ""R""], ""succ_error_tol"": 1e-06}","{""K"": 500, ""c"": 6.0, ""exploration_rate"": 0.1, ""gamma"": 0.5, ""gp_rate"": 0.5, ""lm_iterations"": 10, ""max_constants"": 999, ""max_depth"": 6, ""max_evals"": 2000000, ""max_unary"": 999, ""mutation_rate"": 0.1, ""ops"": [""+"", ""-"", ""*"", ""/"", ""sin"", ""cos"", ""exp"", ""log"", ""R""], ""succ_error_tol"": 1e-06}",0.5
imcts,NguyenC,8,NguyenC-8,expression,29,5051,40,20,20,1,"[""x0""]",sqrt(1.23*x[0]),0.9999999403953552,True,0.9999999999999997,0.9999999999999994,5.0,3997,0.1344048159662634,0.0,0,exp(log(1.09139961599 * x0 * 1.126993256) * 0.499999991849),exp(log(1.09139961599 * x0 * 1.126993256) * 0.499999991849),1.11*x0**0.5,"[1.0913996159928467, 1.1269932559967342, 0.49999999184898697]","{""K"": 500, ""c"": 6.0, ""exploration_rate"": 0.1, ""gamma"": 0.5, ""gp_rate"": 0.5, ""lm_iterations"": 10, ""max_constants"": 999, ""max_depth"": 6, ""max_evals"": 2000000, ""max_unary"": 999, ""mutation_rate"": 0.1, ""ops"": [""+"", ""-"", ""*"", ""/"", ""sin"", ""cos"", ""exp"", ""log"", ""R""], ""succ_error_tol"": 1e-06}","{""K"": 500, ""c"": 6.0, ""exploration_rate"": 0.1, ""gamma"": 0.5, ""gp_rate"": 0.5, ""lm_iterations"": 10, ""max_constants"": 999, ""max_depth"": 6, ""max_evals"": 2000000, ""max_unary"": 999, ""mutation_rate"": 0.1, ""ops"": [""+"", ""-"", ""*"", ""/"", ""sin"", ""cos"", ""exp"", ""log"", ""R""], ""succ_error_tol"": 1e-06}",0.5
imcts,NguyenC,8,NguyenC-8,expression,30,6420,40,20,20,1,"[""x0""]",sqrt(1.23*x[0]),0.9999999403953552,True,0.9999999999999997,0.9999999999999996,5.0,2126,0.06883791298605502,0.0,0,exp(0.500000003164 * (log(x0) - -0.207014173953)),exp(0.500000003164 * (log(x0) - -0.207014173953)),1.11*x0**0.5,"[0.5000000031644767, -0.20701417395340788]","{""K"": 500, ""c"": 6.0, ""exploration_rate"": 0.1, ""gamma"": 0.5, ""gp_rate"": 0.5, ""lm_iterations"": 10, ""max_constants"": 999, ""max_depth"": 6, ""max_evals"": 2000000, ""max_unary"": 999, ""mutation_rate"": 0.1, ""ops"": [""+"", ""-"", ""*"", ""/"", ""sin"", ""cos"", ""exp"", ""log"", ""R""], ""succ_error_tol"": 1e-06}","{""K"": 500, ""c"": 6.0, ""exploration_rate"": 0.1, ""gamma"": 0.5, ""gp_rate"": 0.5, ""lm_iterations"": 10, ""max_constants"": 999, ""max_depth"": 6, ""max_evals"": 2000000, ""max_unary"": 999, ""mutation_rate"": 0.1, ""ops"": [""+"", ""-"", ""*"", ""/"", ""sin"", ""cos"", ""exp"", ""log"", ""R""], ""succ_error_tol"": 1e-06}",0.5
imcts,NguyenC,8,NguyenC-8,expression,31,17568,40,20,20,1,"[""x0""]",sqrt(1.23*x[0]),0.9999998807907104,True,0.9999999999999981,0.9999999999999978,5.0,3647,0.11808497499441728,0.0,0,exp(0.500000006148 * log((x0 + x0) * 0.61500000764)),exp(0.500000006148 * log((x0 + x0) * 0.61500000764)),1.11*x0**0.5,"[0.5000000061479909, 0.6150000076397272]","{""K"": 500, ""c"": 6.0, ""exploration_rate"": 0.1, ""gamma"": 0.5, ""gp_rate"": 0.5, ""lm_iterations"": 10, ""max_constants"": 999, ""max_depth"": 6, ""max_evals"": 2000000, ""max_unary"": 999, ""mutation_rate"": 0.1, ""ops"": [""+"", ""-"", ""*"", ""/"", ""sin"", ""cos"", ""exp"", ""log"", ""R""], ""succ_error_tol"": 1e-06}","{""K"": 500, ""c"": 6.0, ""exploration_rate"": 0.1, ""gamma"": 0.5, ""gp_rate"": 0.5, ""lm_iterations"": 10, ""max_constants"": 999, ""max_depth"": 6, ""max_evals"": 2000000, ""max_unary"": 999, ""mutation_rate"": 0.1, ""ops"": [""+"", ""-"", ""*"", ""/"", ""sin"", ""cos"", ""exp"", ""log"", ""R""], ""succ_error_tol"": 1e-06}",0.5
imcts,NguyenC,8,NguyenC-8,expression,32,20939,40,20,20,1,"[""x0""]",sqrt(1.23*x[0]),0.9999999403953552,True,0.9999999999999994,0.9999999999999977,5.0,9142,0.31986522499937564,0.0,0,exp((log(x0) + 0.207014163688 + -1.03881407273e-08 / log(x0)) * 0.50000000162),exp((log(x0) + 0.207014163688 + -1.03881407273e-08 / log(x0)) * 0.50000000162),1.11*x0**0.5,"[-4.920911001538994, -1.0388140727295127e-08, 0.500000001619637]","{""K"": 500, ""c"": 6.0, ""exploration_rate"": 0.1, ""gamma"": 0.5, ""gp_rate"": 0.5, ""lm_iterations"": 10, ""max_constants"": 999, ""max_depth"": 6, ""max_evals"": 2000000, ""max_unary"": 999, ""mutation_rate"": 0.1, ""ops"": [""+"", ""-"", ""*"", ""/"", ""sin"", ""cos"", ""exp"", ""log"", ""R""], ""succ_error_tol"": 1e-06}","{""K"": 500, ""c"": 6.0, ""exploration_rate"": 0.1, ""gamma"": 0.5, ""gp_rate"": 0.5, ""lm_iterations"": 10, ""max_constants"": 999, ""max_depth"": 6, ""max_evals"": 2000000, ""max_unary"": 999, ""mutation_rate"": 0.1, ""ops"": [""+"", ""-"", ""*"", ""/"", ""sin"", ""cos"", ""exp"", ""log"", ""R""], ""succ_error_tol"": 1e-06}",0.5
imcts,NguyenC,8,NguyenC-8,expression,33,19769,40,20,20,1,"[""x0""]",sqrt(1.23*x[0]),0.9999999403953552,True,0.9999999999882688,0.9999999998471099,5.0,1703,0.05187470797682181,0.0,0,exp(cos(-0.000466252022147 / x0 / (x0 + -0.945349001589)) * (0.207014179331 + log(x0)) * 0.499999997145),exp(cos(-0.000466252022147 / x0 / (x0 + -0.945349001589)) * (0.207014179331 + log(x0)) * 0.499999997145),1.11*x0**0.5,"[-0.00046625202214688855, -0.9453490015892504, 1.3622742896509954, 1.3565732185676276, 0.9733682735012705, 0.87323336020471]","{""K"": 500, ""c"": 6.0, ""exploration_rate"": 0.1, ""gamma"": 0.5, ""gp_rate"": 0.5, ""lm_iterations"": 10, ""max_constants"": 999, ""max_depth"": 6, ""max_evals"": 2000000, ""max_unary"": 999, ""mutation_rate"": 0.1, ""ops"": [""+"", ""-"", ""*"", ""/"", ""sin"", ""cos"", ""exp"", ""log"", ""R""], ""succ_error_tol"": 1e-06}","{""K"": 500, ""c"": 6.0, ""exploration_rate"": 0.1, ""gamma"": 0.5, ""gp_rate"": 0.5, ""lm_iterations"": 10, ""max_constants"": 999, ""max_depth"": 6, ""max_evals"": 2000000, ""max_unary"": 999, ""mutation_rate"": 0.1, ""ops"": [""+"", ""-"", ""*"", ""/"", ""sin"", ""cos"", ""exp"", ""log"", ""R""], ""succ_error_tol"": 1e-06}",0.5
imcts,NguyenC,8,NguyenC-8,expression,34,28693,40,20,20,1,"[""x0""]",sqrt(1.23*x[0]),0.9999999403953552,True,0.999999999999998,0.9999999999999984,5.0,431,0.012283684976864606,0.0,0,exp(x0 * 0.500000023478 * log(x0) / x0) / 0.901669646977,exp(x0 * 0.500000023478 * log(x0) / x0) / 0.901669646977,1.11*x0**0.5,"[0.5000000234776886, -0.10306505854768706, 0.8316226328126514, 0.8316226328126514]","{""K"": 500, ""c"": 6.0, ""exploration_rate"": 0.1, ""gamma"": 0.5, ""gp_rate"": 0.5, ""lm_iterations"": 10, ""max_constants"": 999, ""max_depth"": 6, ""max_evals"": 2000000, ""max_unary"": 999, ""mutation_rate"": 0.1, ""ops"": [""+"", ""-"", ""*"", ""/"", ""sin"", ""cos"", ""exp"", ""log"", ""R""], ""succ_error_tol"": 1e-06}","{""K"": 500, ""c"": 6.0, ""exploration_rate"": 0.1, ""gamma"": 0.5, ""gp_rate"": 0.5, ""lm_iterations"": 10, ""max_constants"": 999, ""max_depth"": 6, ""max_evals"": 2000000, ""max_unary"": 999, ""mutation_rate"": 0.1, ""ops"": [""+"", ""-"", ""*"", ""/"", ""sin"", ""cos"", ""exp"", ""log"", ""R""], ""succ_error_tol"": 1e-06}",0.5
imcts,NguyenC,8,NguyenC-8,expression,35,6396,40,20,20,1,"[""x0""]",sqrt(1.23*x[0]),0.9999999403953552,True,0.999999999999999,0.9999999999999993,5.0,98,0.003200851962901652,0.0,0,exp(log(x0 / 0.448430504351 + 2.14181719476e-08 - x0) / 1.99999991238),exp(log(x0 / 0.448430504351 + 2.14181719476e-08 - x0) / 1.99999991238),1.10905363083493*x0**0.5,"[0.44843050435134846, 2.1418171947638268e-08, 1.9999999123839667]","{""K"": 500, ""c"": 6.0, ""exploration_rate"": 0.1, ""gamma"": 0.5, ""gp_rate"": 0.5, ""lm_iterations"": 10, ""max_constants"": 999, ""max_depth"": 6, ""max_evals"": 2000000, ""max_unary"": 999, ""mutation_rate"": 0.1, ""ops"": [""+"", ""-"", ""*"", ""/"", ""sin"", ""cos"", ""exp"", ""log"", ""R""], ""succ_error_tol"": 1e-06}","{""K"": 500, ""c"": 6.0, ""exploration_rate"": 0.1, ""gamma"": 0.5, ""gp_rate"": 0.5, ""lm_iterations"": 10, ""max_constants"": 999, ""max_depth"": 6, ""max_evals"": 2000000, ""max_unary"": 999, ""mutation_rate"": 0.1, ""ops"": [""+"", ""-"", ""*"", ""/"", ""sin"", ""cos"", ""exp"", ""log"", ""R""], ""succ_error_tol"": 1e-06}",0.5
imcts,NguyenC,8,NguyenC-8,expression,36,29419,40,20,20,1,"[""x0""]",sqrt(1.23*x[0]),0.9999999403953552,True,0.9999999999999999,0.9999999999999999,5.0,171,0.0055504790507256985,0.0,0,exp(log(1.22999999625 * x0) / 1.99999998306),exp(log(1.22999999625 * x0) / 1.99999998306),1.11*x0**0.5,"[1.2987519203618174, 1.0558958734353703, 2.534618156897882, 1.0, 1.0]","{""K"": 500, ""c"": 6.0, ""exploration_rate"": 0.1, ""gamma"": 0.5, ""gp_rate"": 0.5, ""lm_iterations"": 10, ""max_constants"": 999, ""max_depth"": 6, ""max_evals"": 2000000, ""max_unary"": 999, ""mutation_rate"": 0.1, ""ops"": [""+"", ""-"", ""*"", ""/"", ""sin"", ""cos"", ""exp"", ""log"", ""R""], ""succ_error_tol"": 1e-06}","{""K"": 500, ""c"": 6.0, ""exploration_rate"": 0.1, ""gamma"": 0.5, ""gp_rate"": 0.5, ""lm_iterations"": 10, ""max_constants"": 999, ""max_depth"": 6, ""max_evals"": 2000000, ""max_unary"": 999, ""mutation_rate"": 0.1, ""ops"": [""+"", ""-"", ""*"", ""/"", ""sin"", ""cos"", ""exp"", ""log"", ""R""], ""succ_error_tol"": 1e-06}",0.5
imcts,NguyenC,8,NguyenC-8,expression,37,27480,40,20,20,1,"[""x0""]",sqrt(1.23*x[0]),0.9999999403953552,True,0.9999999999999994,0.9999999999999996,5.0,1674,0.05279440002050251,0.0,0,exp(log(x0) * -0.50000001046) * x0 * 1.10905365428,exp(log(x0) * -0.50000001046) * x0 * 1.10905365428,1.11*x0**0.5,"[-0.5000000104597931, 1.1090536542760874]","{""K"": 500, ""c"": 6.0, ""exploration_rate"": 0.1, ""gamma"": 0.5, ""gp_rate"": 0.5, ""lm_iterations"": 10, ""max_constants"": 999, ""max_depth"": 6, ""max_evals"": 2000000, ""max_unary"": 999, ""mutation_rate"": 0.1, ""ops"": [""+"", ""-"", ""*"", ""/"", ""sin"", ""cos"", ""exp"", ""log"", ""R""], ""succ_error_tol"": 1e-06}","{""K"": 500, ""c"": 6.0, ""exploration_rate"": 0.1, ""gamma"": 0.5, ""gp_rate"": 0.5, ""lm_iterations"": 10, ""max_constants"": 999, ""max_depth"": 6, ""max_evals"": 2000000, ""max_unary"": 999, ""mutation_rate"": 0.1, ""ops"": [""+"", ""-"", ""*"", ""/"", ""sin"", ""cos"", ""exp"", ""log"", ""R""], ""succ_error_tol"": 1e-06}",0.5
imcts,NguyenC,8,NguyenC-8,expression,38,32304,40,20,20,1,"[""x0""]",sqrt(1.23*x[0]),0.9999999403953552,True,0.9999999999999986,0.9999999999999986,5.0,3971,0.12892422400182113,0.0,0,exp((log(x0) / 0.246014661346 + 0.841470984808) * 0.123007325357),exp((log(x0) / 0.246014661346 + 0.841470984808) * 0.123007325357),1.11*x0**0.5,"[0.35761779933385157, 1.4536442559036902, 1.0, 0.12300732535669565]","{""K"": 500, ""c"": 6.0, ""exploration_rate"": 0.1, ""gamma"": 0.5, ""gp_rate"": 0.5, ""lm_iterations"": 10, ""max_constants"": 999, ""max_depth"": 6, ""max_evals"": 2000000, ""max_unary"": 999, ""mutation_rate"": 0.1, ""ops"": [""+"", ""-"", ""*"", ""/"", ""sin"", ""cos"", ""exp"", ""log"", ""R""], ""succ_error_tol"": 1e-06}","{""K"": 500, ""c"": 6.0, ""exploration_rate"": 0.1, ""gamma"": 0.5, ""gp_rate"": 0.5, ""lm_iterations"": 10, ""max_constants"": 999, ""max_depth"": 6, ""max_evals"": 2000000, ""max_unary"": 999, ""mutation_rate"": 0.1, ""ops"": [""+"", ""-"", ""*"", ""/"", ""sin"", ""cos"", ""exp"", ""log"", ""R""], ""succ_error_tol"": 1e-06}",0.5
imcts,NguyenC,8,NguyenC-8,expression,39,8666,40,20,20,1,"[""x0""]",sqrt(1.23*x[0]),0.9999999403953552,True,0.9999999999999996,0.9999999999999994,7.0,1113,0.03715242602629587,0.0,0,exp(0.250000001032 * (log(x0 * x0) - -0.414028361178)),exp(0.250000001032 * (log(x0 * x0) - -0.414028361178)),1.11*(x0**2)**0.25,"[1.2840254179129782, -0.41402836117776903]","{""K"": 500, ""c"": 6.0, ""exploration_rate"": 0.1, ""gamma"": 0.5, ""gp_rate"": 0.5, ""lm_iterations"": 10, ""max_constants"": 999, ""max_depth"": 6, ""max_evals"": 2000000, ""max_unary"": 999, ""mutation_rate"": 0.1, ""ops"": [""+"", ""-"", ""*"", ""/"", ""sin"", ""cos"", ""exp"", ""log"", ""R""], ""succ_error_tol"": 1e-06}","{""K"": 500, ""c"": 6.0, ""exploration_rate"": 0.1, ""gamma"": 0.5, ""gp_rate"": 0.5, ""lm_iterations"": 10, ""max_constants"": 999, ""max_depth"": 6, ""max_evals"": 2000000, ""max_unary"": 999, ""mutation_rate"": 0.1, ""ops"": [""+"", ""-"", ""*"", ""/"", ""sin"", ""cos"", ""exp"", ""log"", ""R""], ""succ_error_tol"": 1e-06}",0.5
imcts,NguyenC,8,NguyenC-8,expression,40,25658,40,20,20,1,"[""x0""]",sqrt(1.23*x[0]),0.9999999403953552,True,0.9999999999999999,0.9999999999999999,5.0,3724,0.12101793300826102,0.0,0,exp(-0.896492914934 - -0.500000002363 * log(x0) + 1),exp(-0.896492914934 - -0.500000002363 * log(x0) + 1),1.11*x0**0.5,"[0.5821437654675958, 1.4786366804014466, -0.5000000023625161, 1.0]","{""K"": 500, ""c"": 6.0, ""exploration_rate"": 0.1, ""gamma"": 0.5, ""gp_rate"": 0.5, ""lm_iterations"": 10, ""max_constants"": 999, ""max_depth"": 6, ""max_evals"": 2000000, ""max_unary"": 999, ""mutation_rate"": 0.1, ""ops"": [""+"", ""-"", ""*"", ""/"", ""sin"", ""cos"", ""exp"", ""log"", ""R""], ""succ_error_tol"": 1e-06}","{""K"": 500, ""c"": 6.0, ""exploration_rate"": 0.1, ""gamma"": 0.5, ""gp_rate"": 0.5, ""lm_iterations"": 10, ""max_constants"": 999, ""max_depth"": 6, ""max_evals"": 2000000, ""max_unary"": 999, ""mutation_rate"": 0.1, ""ops"": [""+"", ""-"", ""*"", ""/"", ""sin"", ""cos"", ""exp"", ""log"", ""R""], ""succ_error_tol"": 1e-06}",0.5
imcts,NguyenC,8,NguyenC-8,expression,41,18942,40,20,20,1,"[""x0""]",sqrt(1.23*x[0]),0.9999999403953552,True,0.9999999999999981,0.9999999999999979,5.0,267,0.009437925007659942,0.0,0,exp(-0.500000005217 * log(x0) + log(x0) + 0.0852433215736) * 1.01843155683,exp(-0.500000005217 * log(x0) + log(x0) + 0.0852433215736) * 1.01843155683,1.11*x0**0.5,"[-0.5235987816227075, 1.0889820071798169, 1.0184315568335367]","{""K"": 500, ""c"": 6.0, ""exploration_rate"": 0.1, ""gamma"": 0.5, ""gp_rate"": 0.5, ""lm_iterations"": 10, ""max_constants"": 999, ""max_depth"": 6, ""max_evals"": 2000000, ""max_unary"": 999, ""mutation_rate"": 0.1, ""ops"": [""+"", ""-"", ""*"", ""/"", ""sin"", ""cos"", ""exp"", ""log"", ""R""], ""succ_error_tol"": 1e-06}","{""K"": 500, ""c"": 6.0, ""exploration_rate"": 0.1, ""gamma"": 0.5, ""gp_rate"": 0.5, ""lm_iterations"": 10, ""max_constants"": 999, ""max_depth"": 6, ""max_evals"": 2000000, ""max_unary"": 999, ""mutation_rate"": 0.1, ""ops"": [""+"", ""-"", ""*"", ""/"", ""sin"", ""cos"", ""exp"", ""log"", ""R""], ""succ_error_tol"": 1e-06}",0.5
imcts,NguyenC,8,NguyenC-8,expression,42,24233,40,20,20,1,"[""x0""]",sqrt(1.23*x[0]),0.9999999403953552,True,1.0,1.0,5.0,559,0.017943762009963393,0.0,0,exp(0.10350708282 - -0.424961208734 * log(x0) / 0.849922416379),exp(0.10350708282 - -0.424961208734 * log(x0) / 0.849922416379),1.11*x0**0.5,"[0.10350708282037852, -0.4389190319189215, 0.554958293712509]","{""K"": 500, ""c"": 6.0, ""exploration_rate"": 0.1, ""gamma"": 0.5, ""gp_rate"": 0.5, ""lm_iterations"": 10, ""max_constants"": 999, ""max_depth"": 6, ""max_evals"": 2000000, ""max_unary"": 999, ""mutation_rate"": 0.1, ""ops"": [""+"", ""-"", ""*"", ""/"", ""sin"", ""cos"", ""exp"", ""log"", ""R""], ""succ_error_tol"": 1e-06}","{""K"": 500, ""c"": 6.0, ""exploration_rate"": 0.1, ""gamma"": 0.5, ""gp_rate"": 0.5, ""lm_iterations"": 10, ""max_constants"": 999, ""max_depth"": 6, ""max_evals"": 2000000, ""max_unary"": 999, ""mutation_rate"": 0.1, ""ops"": [""+"", ""-"", ""*"", ""/"", ""sin"", ""cos"", ""exp"", ""log"", ""R""], ""succ_error_tol"": 1e-06}",0.5
imcts,NguyenC,8,NguyenC-8,expression,43,18431,40,20,20,1,"[""x0""]",sqrt(1.23*x[0]),0.9999999403953552,True,0.9999999999999992,0.999999999999999,5.0,5112,0.1664628210128285,0.0,0,exp((0.207014181756 + log(x0)) * 0.500000004058),exp((0.207014181756 + log(x0)) * 0.500000004058),1.11*x0**0.5,"[0.2980138936716678, 1.439582018699797, 0.5000000040575635]","{""K"": 500, ""c"": 6.0, ""exploration_rate"": 0.1, ""gamma"": 0.5, ""gp_rate"": 0.5, ""lm_iterations"": 10, ""max_constants"": 999, ""max_depth"": 6, ""max_evals"": 2000000, ""max_unary"": 999, ""mutation_rate"": 0.1, ""ops"": [""+"", ""-"", ""*"", ""/"", ""sin"", ""cos"", ""exp"", ""log"", ""R""], ""succ_error_tol"": 1e-06}","{""K"": 500, ""c"": 6.0, ""exploration_rate"": 0.1, ""gamma"": 0.5, ""gp_rate"": 0.5, ""lm_iterations"": 10, ""max_constants"": 999, ""max_depth"": 6, ""max_evals"": 2000000, ""max_unary"": 999, ""mutation_rate"": 0.1, ""ops"": [""+"", ""-"", ""*"", ""/"", ""sin"", ""cos"", ""exp"", ""log"", ""R""], ""succ_error_tol"": 1e-06}",0.5
imcts,NguyenC,8,NguyenC-8,expression,44,32219,40,20,20,1,"[""x0""]",sqrt(1.23*x[0]),0.9999999403953552,True,1.0,1.0,7.0,1926,0.061605848954059184,0.0,0,1.10905364907 / exp(-0.250000000122 * log(x0 * x0)),1.10905364907 / exp(-0.250000000122 * log(x0 * x0)),1.11*(x0**2)**0.25,"[1.109053649068887, -0.25000000012167073]","{""K"": 500, ""c"": 6.0, ""exploration_rate"": 0.1, ""gamma"": 0.5, ""gp_rate"": 0.5, ""lm_iterations"": 10, ""max_constants"": 999, ""max_depth"": 6, ""max_evals"": 2000000, ""max_unary"": 999, ""mutation_rate"": 0.1, ""ops"": [""+"", ""-"", ""*"", ""/"", ""sin"", ""cos"", ""exp"", ""log"", ""R""], ""succ_error_tol"": 1e-06}","{""K"": 500, ""c"": 6.0, ""exploration_rate"": 0.1, ""gamma"": 0.5, ""gp_rate"": 0.5, ""lm_iterations"": 10, ""max_constants"": 999, ""max_depth"": 6, ""max_evals"": 2000000, ""max_unary"": 999, ""mutation_rate"": 0.1, ""ops"": [""+"", ""-"", ""*"", ""/"", ""sin"", ""cos"", ""exp"", ""log"", ""R""], ""succ_error_tol"": 1e-06}",0.5
imcts,NguyenC,8,NguyenC-8,expression,45,2747,40,20,20,1,"[""x0""]",sqrt(1.23*x[0]),0.9999999403953552,True,0.9999999999999999,0.9999999999999998,5.0,3409,0.11494318803306669,0.0,0,exp(0.550524400345 - 0.499999992914 * (0.894034622822 - log(x0))),exp(0.550524400345 - 0.499999992914 * (0.894034622822 - log(x0))),1.11*x0**0.5,"[0.9878040584619162, 0.49999999291446173, 0.8940346228219846, 1.0]","{""K"": 500, ""c"": 6.0, ""exploration_rate"": 0.1, ""gamma"": 0.5, ""gp_rate"": 0.5, ""lm_iterations"": 10, ""max_constants"": 999, ""max_depth"": 6, ""max_evals"": 2000000, ""max_unary"": 999, ""mutation_rate"": 0.1, ""ops"": [""+"", ""-"", ""*"", ""/"", ""sin"", ""cos"", ""exp"", ""log"", ""R""], ""succ_error_tol"": 1e-06}","{""K"": 500, ""c"": 6.0, ""exploration_rate"": 0.1, ""gamma"": 0.5, ""gp_rate"": 0.5, ""lm_iterations"": 10, ""max_constants"": 999, ""max_depth"": 6, ""max_evals"": 2000000, ""max_unary"": 999, ""mutation_rate"": 0.1, ""ops"": [""+"", ""-"", ""*"", ""/"", ""sin"", ""cos"", ""exp"", ""log"", ""R""], ""succ_error_tol"": 1e-06}",0.5
imcts,NguyenC,8,NguyenC-8,expression,46,25551,40,20,20,1,"[""x0""]",sqrt(1.23*x[0]),0.9999998807907104,True,0.9999999999999992,0.9999999999999992,5.0,3421,0.10601257102098316,0.0,0,exp(-0.445434698434 + (1.09788351092 + log(x0)) / 1.99999995816),exp(-0.445434698434 + (1.09788351092 + log(x0)) / 1.99999995816),1.11*x0**0.5,"[-0.445434698433551, 0.093384245402377, 0.6931471596385185]","{""K"": 500, ""c"": 6.0, ""exploration_rate"": 0.1, ""gamma"": 0.5, ""gp_rate"": 0.5, ""lm_iterations"": 10, ""max_constants"": 999, ""max_depth"": 6, ""max_evals"": 2000000, ""max_unary"": 999, ""mutation_rate"": 0.1, ""ops"": [""+"", ""-"", ""*"", ""/"", ""sin"", ""cos"", ""exp"", ""log"", ""R""], ""succ_error_tol"": 1e-06}","{""K"": 500, ""c"": 6.0, ""exploration_rate"": 0.1, ""gamma"": 0.5, ""gp_rate"": 0.5, ""lm_iterations"": 10, ""max_constants"": 999, ""max_depth"": 6, ""max_evals"": 2000000, ""max_unary"": 999, ""mutation_rate"": 0.1, ""ops"": [""+"", ""-"", ""*"", ""/"", ""sin"", ""cos"", ""exp"", ""log"", ""R""], ""succ_error_tol"": 1e-06}",0.5
imcts,NguyenC,8,NguyenC-8,expression,47,26382,40,20,20,1,"[""x0""]",sqrt(1.23*x[0]),0.9999999403953552,True,0.9999999999999994,0.999999999999999,5.0,4470,0.14045782398898154,0.0,0,exp(log(-1.36697704589e-08 + x0) * 0.499999979855) / 0.901669619704,exp(log(-1.36697704589e-08 + x0) * 0.499999979855) / 0.901669619704,1.11*x0**0.5,"[-1.3669770458939872e-08, 1.863482196095215, 1.3398834437584572, 0.9016696197044565]","{""K"": 500, ""c"": 6.0, ""exploration_rate"": 0.1, ""gamma"": 0.5, ""gp_rate"": 0.5, ""lm_iterations"": 10, ""max_constants"": 999, ""max_depth"": 6, ""max_evals"": 2000000, ""max_unary"": 999, ""mutation_rate"": 0.1, ""ops"": [""+"", ""-"", ""*"", ""/"", ""sin"", ""cos"", ""exp"", ""log"", ""R""], ""succ_error_tol"": 1e-06}","{""K"": 500, ""c"": 6.0, ""exploration_rate"": 0.1, ""gamma"": 0.5, ""gp_rate"": 0.5, ""lm_iterations"": 10, ""max_constants"": 999, ""max_depth"": 6, ""max_evals"": 2000000, ""max_unary"": 999, ""mutation_rate"": 0.1, ""ops"": [""+"", ""-"", ""*"", ""/"", ""sin"", ""cos"", ""exp"", ""log"", ""R""], ""succ_error_tol"": 1e-06}",0.5
imcts,NguyenC,8,NguyenC-8,expression,48,189,40,20,20,1,"[""x0""]",sqrt(1.23*x[0]),0.9999999403953552,True,0.9999999999999984,0.9999999999999989,5.0,642,0.018674621998798102,0.0,0,exp(log(x0) * 0.499999993639) * 1.10905364154,exp(log(x0) * 0.499999993639) * 1.10905364154,1.11*x0**0.5,"[0.9133297576621544, 0.41332976402332666, 1.109053641544634]","{""K"": 500, ""c"": 6.0, ""exploration_rate"": 0.1, ""gamma"": 0.5, ""gp_rate"": 0.5, ""lm_iterations"": 10, ""max_constants"": 999, ""max_depth"": 6, ""max_evals"": 2000000, ""max_unary"": 999, ""mutation_rate"": 0.1, ""ops"": [""+"", ""-"", ""*"", ""/"", ""sin"", ""cos"", ""exp"", ""log"", ""R""], ""succ_error_tol"": 1e-06}","{""K"": 500, ""c"": 6.0, ""exploration_rate"": 0.1, ""gamma"": 0.5, ""gp_rate"": 0.5, ""lm_iterations"": 10, ""max_constants"": 999, ""max_depth"": 6, ""max_evals"": 2000000, ""max_unary"": 999, ""mutation_rate"": 0.1, ""ops"": [""+"", ""-"", ""*"", ""/"", ""sin"", ""cos"", ""exp"", ""log"", ""R""], ""succ_error_tol"": 1e-06}",0.5
imcts,NguyenC,8,NguyenC-8,expression,49,31677,40,20,20,1,"[""x0""]",sqrt(1.23*x[0]),0.9999999403953552,True,0.9999999999999999,0.9999999999999998,5.0,2832,0.08547034300863743,0.0,0,exp(log(x0) * 1.50000000664 - log(x0)) / 0.901669638575,exp(log(x0) * 1.50000000664 - log(x0)) / 0.901669638575,1.11*x0**0.5,"[1.2278990893448978, 0.8185993892720508, 0.5847808232354366, 1.7849612152718, -0.18293188765345275]","{""K"": 500, ""c"": 6.0, ""exploration_rate"": 0.1, ""gamma"": 0.5, ""gp_rate"": 0.5, ""lm_iterations"": 10, ""max_constants"": 999, ""max_depth"": 6, ""max_evals"": 2000000, ""max_unary"": 999, ""mutation_rate"": 0.1, ""ops"": [""+"", ""-"", ""*"", ""/"", ""sin"", ""cos"", ""exp"", ""log"", ""R""], ""succ_error_tol"": 1e-06}","{""K"": 500, ""c"": 6.0, ""exploration_rate"": 0.1, ""gamma"": 0.5, ""gp_rate"": 0.5, ""lm_iterations"": 10, ""max_constants"": 999, ""max_depth"": 6, ""max_evals"": 2000000, ""max_unary"": 999, ""mutation_rate"": 0.1, ""ops"": [""+"", ""-"", ""*"", ""/"", ""sin"", ""cos"", ""exp"", ""log"", ""R""], ""succ_error_tol"": 1e-06}",0.5
imcts,NguyenC,8,NguyenC-8,expression,50,19118,40,20,20,1,"[""x0""]",sqrt(1.23*x[0]),0.9999999403953552,True,0.9999999999999972,0.9999999999999942,5.0,1571,0.0494217470404692,0.0,0,exp((0.207014233866 + log(x0)) * 0.500000027802 - (0.681668524005 * x0 / 1.21455846432 - 0.361712418104 / (0.644478783388 / x0))),exp((0.207014233866 + log(x0)) * 0.500000027802 - (0.681668524005 * x0 / 1.21455846432 - 0.361712418104 / (0.644478783388 / x0))),1.11*x0**0.5,"[0.2070142338656971, 1.0471975190938254, 0.7500406792386428, 1.2145584643218201, 1.2300925479832194, 0.8683801298795233, 0.6444787833878264]","{""K"": 500, ""c"": 6.0, ""exploration_rate"": 0.1, ""gamma"": 0.5, ""gp_rate"": 0.5, ""lm_iterations"": 10, ""max_constants"": 999, ""max_depth"": 6, ""max_evals"": 2000000, ""max_unary"": 999, ""mutation_rate"": 0.1, ""ops"": [""+"", ""-"", ""*"", ""/"", ""sin"", ""cos"", ""exp"", ""log"", ""R""], ""succ_error_tol"": 1e-06}","{""K"": 500, ""c"": 6.0, ""exploration_rate"": 0.1, ""gamma"": 0.5, ""gp_rate"": 0.5, ""lm_iterations"": 10, ""max_constants"": 999, ""max_depth"": 6, ""max_evals"": 2000000, ""max_unary"": 999, ""mutation_rate"": 0.1, ""ops"": [""+"", ""-"", ""*"", ""/"", ""sin"", ""cos"", ""exp"", ""log"", ""R""], ""succ_error_tol"": 1e-06}",0.5
imcts,NguyenC,8,NguyenC-8,expression,51,3005,40,20,20,1,"[""x0""]",sqrt(1.23*x[0]),0.9999998807907104,True,0.9999999999999991,0.999999999999999,5.0,2312,0.07451924699125811,0.0,0,exp(-0.510239655716 * (log(x0) / -1.02047935658 - 0.202859782244)),exp(-0.510239655716 * (log(x0) / -1.02047935658 - 0.202859782244)),1.11*x0**0.5,"[1.3021124537180306, -1.0204793565812231, 0.20285978224389567, 1.0, 1.0]","{""K"": 500, ""c"": 6.0, ""exploration_rate"": 0.1, ""gamma"": 0.5, ""gp_rate"": 0.5, ""lm_iterations"": 10, ""max_constants"": 999, ""max_depth"": 6, ""max_evals"": 2000000, ""max_unary"": 999, ""mutation_rate"": 0.1, ""ops"": [""+"", ""-"", ""*"", ""/"", ""sin"", ""cos"", ""exp"", ""log"", ""R""], ""succ_error_tol"": 1e-06}","{""K"": 500, ""c"": 6.0, ""exploration_rate"": 0.1, ""gamma"": 0.5, ""gp_rate"": 0.5, ""lm_iterations"": 10, ""max_constants"": 999, ""max_depth"": 6, ""max_evals"": 2000000, ""max_unary"": 999, ""mutation_rate"": 0.1, ""ops"": [""+"", ""-"", ""*"", ""/"", ""sin"", ""cos"", ""exp"", ""log"", ""R""], ""succ_error_tol"": 1e-06}",0.5
imcts,NguyenC,8,NguyenC-8,expression,52,21042,40,20,20,1,"[""x0""]",sqrt(1.23*x[0]),0.9999999403953552,True,0.999999999999998,0.9999999999999969,7.0,43,0.0014190610381774604,0.0,0,exp(log(x0 / 0.331705720566) - 0.499999983751 * log(x0) - cos(x0 - x0)),exp(log(x0 / 0.331705720566) - 0.499999983751 * log(x0) - cos(x0 - x0)),3.02*x0**0.5*exp(-1),"[0.3317057205656376, 1.3362651485461414, 0.8362651647948595, 1.0]","{""K"": 500, ""c"": 6.0, ""exploration_rate"": 0.1, ""gamma"": 0.5, ""gp_rate"": 0.5, ""lm_iterations"": 10, ""max_constants"": 999, ""max_depth"": 6, ""max_evals"": 2000000, ""max_unary"": 999, ""mutation_rate"": 0.1, ""ops"": [""+"", ""-"", ""*"", ""/"", ""sin"", ""cos"", ""exp"", ""log"", ""R""], ""succ_error_tol"": 1e-06}","{""K"": 500, ""c"": 6.0, ""exploration_rate"": 0.1, ""gamma"": 0.5, ""gp_rate"": 0.5, ""lm_iterations"": 10, ""max_constants"": 999, ""max_depth"": 6, ""max_evals"": 2000000, ""max_unary"": 999, ""mutation_rate"": 0.1, ""ops"": [""+"", ""-"", ""*"", ""/"", ""sin"", ""cos"", ""exp"", ""log"", ""R""], ""succ_error_tol"": 1e-06}",0.5
imcts,NguyenC,8,NguyenC-8,expression,53,1899,40,20,20,1,"[""x0""]",sqrt(1.23*x[0]),0.9999998807907104,True,0.9999999999999994,0.9999999999999994,5.0,1848,0.05355395801598206,0.0,0,exp(0.499999992787 * (log(x0) - -0.207014174506)),exp(0.499999992787 * (log(x0) - -0.207014174506)),1.11*x0**0.5,"[0.49999999278673857, 0.7929858254942046, 1.0, 1.0, 1.0]","{""K"": 500, ""c"": 6.0, ""exploration_rate"": 0.1, ""gamma"": 0.5, ""gp_rate"": 0.5, ""lm_iterations"": 10, ""max_constants"": 999, ""max_depth"": 6, ""max_evals"": 2000000, ""max_unary"": 999, ""mutation_rate"": 0.1, ""ops"": [""+"", ""-"", ""*"", ""/"", ""sin"", ""cos"", ""exp"", ""log"", ""R""], ""succ_error_tol"": 1e-06}","{""K"": 500, ""c"": 6.0, ""exploration_rate"": 0.1, ""gamma"": 0.5, ""gp_rate"": 0.5, ""lm_iterations"": 10, ""max_constants"": 999, ""max_depth"": 6, ""max_evals"": 2000000, ""max_unary"": 999, ""mutation_rate"": 0.1, ""ops"": [""+"", ""-"", ""*"", ""/"", ""sin"", ""cos"", ""exp"", ""log"", ""R""], ""succ_error_tol"": 1e-06}",0.5
imcts,NguyenC,8,NguyenC-8,expression,54,24118,40,20,20,1,"[""x0""]",sqrt(1.23*x[0]),0.9999998807907104,True,0.9999999999999992,0.9999999999999991,5.0,2380,0.07247792900307104,0.0,0,exp((log(x0) + 0.207014141803) / 1.4182861953 / 1.4101525807),exp((log(x0) + 0.207014141803) / 1.4182861953 / 1.4101525807),1.11*x0**0.5,"[-1.5749681701605325, 1.4182861953015045, 1.4101525807004998]","{""K"": 500, ""c"": 6.0, ""exploration_rate"": 0.1, ""gamma"": 0.5, ""gp_rate"": 0.5, ""lm_iterations"": 10, ""max_constants"": 999, ""max_depth"": 6, ""max_evals"": 2000000, ""max_unary"": 999, ""mutation_rate"": 0.1, ""ops"": [""+"", ""-"", ""*"", ""/"", ""sin"", ""cos"", ""exp"", ""log"", ""R""], ""succ_error_tol"": 1e-06}","{""K"": 500, ""c"": 6.0, ""exploration_rate"": 0.1, ""gamma"": 0.5, ""gp_rate"": 0.5, ""lm_iterations"": 10, ""max_constants"": 999, ""max_depth"": 6, ""max_evals"": 2000000, ""max_unary"": 999, ""mutation_rate"": 0.1, ""ops"": [""+"", ""-"", ""*"", ""/"", ""sin"", ""cos"", ""exp"", ""log"", ""R""], ""succ_error_tol"": 1e-06}",0.5
imcts,NguyenC,8,NguyenC-8,expression,55,1267,40,20,20,1,"[""x0""]",sqrt(1.23*x[0]),0.9999998807907104,True,0.9999999999999999,0.9999999999999999,5.0,8971,0.3150955799501389,0.0,0,exp((log(x0) - -0.207014159419) / 0.478583772431 * 0.239291888963),exp((log(x0) - -0.207014159419) / 0.478583772431 * 0.239291888963),1.11*x0**0.5,"[-0.20701415941928553, 0.47858377243074346, 1.2703492833082066]","{""K"": 500, ""c"": 6.0, ""exploration_rate"": 0.1, ""gamma"": 0.5, ""gp_rate"": 0.5, ""lm_iterations"": 10, ""max_constants"": 999, ""max_depth"": 6, ""max_evals"": 2000000, ""max_unary"": 999, ""mutation_rate"": 0.1, ""ops"": [""+"", ""-"", ""*"", ""/"", ""sin"", ""cos"", ""exp"", ""log"", ""R""], ""succ_error_tol"": 1e-06}","{""K"": 500, ""c"": 6.0, ""exploration_rate"": 0.1, ""gamma"": 0.5, ""gp_rate"": 0.5, ""lm_iterations"": 10, ""max_constants"": 999, ""max_depth"": 6, ""max_evals"": 2000000, ""max_unary"": 999, ""mutation_rate"": 0.1, ""ops"": [""+"", ""-"", ""*"", ""/"", ""sin"", ""cos"", ""exp"", ""log"", ""R""], ""succ_error_tol"": 1e-06}",0.5
imcts,NguyenC,8,NguyenC-8,expression,56,31551,40,20,20,1,"[""x0""]",sqrt(1.23*x[0]),0.9999999403953552,True,1.0,1.0,5.0,740,0.021563318034168333,0.0,0,exp(-0.00746609496679 - log(x0 * 1.24850440281) * -0.499999999088),exp(-0.00746609496679 - log(x0 * 1.24850440281) * -0.499999999088),1.11*x0**0.5,"[1.3369350994665912, 0.9228191133080689, 1.2485044028089975, 0.27489808331030746, 0.7913548566995732]","{""K"": 500, ""c"": 6.0, ""exploration_rate"": 0.1, ""gamma"": 0.5, ""gp_rate"": 0.5, ""lm_iterations"": 10, ""max_constants"": 999, ""max_depth"": 6, ""max_evals"": 2000000, ""max_unary"": 999, ""mutation_rate"": 0.1, ""ops"": [""+"", ""-"", ""*"", ""/"", ""sin"", ""cos"", ""exp"", ""log"", ""R""], ""succ_error_tol"": 1e-06}","{""K"": 500, ""c"": 6.0, ""exploration_rate"": 0.1, ""gamma"": 0.5, ""gp_rate"": 0.5, ""lm_iterations"": 10, ""max_constants"": 999, ""max_depth"": 6, ""max_evals"": 2000000, ""max_unary"": 999, ""mutation_rate"": 0.1, ""ops"": [""+"", ""-"", ""*"", ""/"", ""sin"", ""cos"", ""exp"", ""log"", ""R""], ""succ_error_tol"": 1e-06}",0.5
imcts,NguyenC,8,NguyenC-8,expression,57,17912,40,20,20,1,"[""x0""]",sqrt(1.23*x[0]),0.9999999403953552,True,0.9999999999999999,0.9999999999999998,5.0,1831,0.056824599974788725,0.0,0,exp(0.500000001233 * log(x0 / 0.813008138724)),exp(0.500000001233 * log(x0 / 0.813008138724)),1.11*x0**0.5,"[1.0471975497732129, 0.8130081387236047, 1.0]","{""K"": 500, ""c"": 6.0, ""exploration_rate"": 0.1, ""gamma"": 0.5, ""gp_rate"": 0.5, ""lm_iterations"": 10, ""max_constants"": 999, ""max_depth"": 6, ""max_evals"": 2000000, ""max_unary"": 999, ""mutation_rate"": 0.1, ""ops"": [""+"", ""-"", ""*"", ""/"", ""sin"", ""cos"", ""exp"", ""log"", ""R""], ""succ_error_tol"": 1e-06}","{""K"": 500, ""c"": 6.0, ""exploration_rate"": 0.1, ""gamma"": 0.5, ""gp_rate"": 0.5, ""lm_iterations"": 10, ""max_constants"": 999, ""max_depth"": 6, ""max_evals"": 2000000, ""max_unary"": 999, ""mutation_rate"": 0.1, ""ops"": [""+"", ""-"", ""*"", ""/"", ""sin"", ""cos"", ""exp"", ""log"", ""R""], ""succ_error_tol"": 1e-06}",0.5
imcts,NguyenC,8,NguyenC-8,expression,58,11394,40,20,20,1,"[""x0""]",sqrt(1.23*x[0]),0.9999999403953552,True,0.9999999999999998,0.9999999999999996,7.0,869,0.025997610006015748,0.0,0,exp(log(1.62601630779 / (x0 + x0)) / (x0 / x0 * (x0 - 1.99999994968) - x0)),exp(log(1.62601630779 / (x0 + x0)) / (x0 / x0 * (x0 - 1.99999994968) - x0)),1.11/(1/x0)**0.5,"[1.2255687614631823, 1.3267442504376812, 1.999999949679969]","{""K"": 500, ""c"": 6.0, ""exploration_rate"": 0.1, ""gamma"": 0.5, ""gp_rate"": 0.5, ""lm_iterations"": 10, ""max_constants"": 999, ""max_depth"": 6, ""max_evals"": 2000000, ""max_unary"": 999, ""mutation_rate"": 0.1, ""ops"": [""+"", ""-"", ""*"", ""/"", ""sin"", ""cos"", ""exp"", ""log"", ""R""], ""succ_error_tol"": 1e-06}","{""K"": 500, ""c"": 6.0, ""exploration_rate"": 0.1, ""gamma"": 0.5, ""gp_rate"": 0.5, ""lm_iterations"": 10, ""max_constants"": 999, ""max_depth"": 6, ""max_evals"": 2000000, ""max_unary"": 999, ""mutation_rate"": 0.1, ""ops"": [""+"", ""-"", ""*"", ""/"", ""sin"", ""cos"", ""exp"", ""log"", ""R""], ""succ_error_tol"": 1e-06}",0.5
imcts,NguyenC,8,NguyenC-8,expression,59,3556,40,20,20,1,"[""x0""]",sqrt(1.23*x[0]),0.9999999403953552,True,0.9999999999999987,0.9999999999999981,5.0,4112,0.13480078900465742,0.0,0,exp(0.10350708432 + x0 / x0 * log(x0) / 2.00000005052),exp(0.10350708432 + x0 / x0 * log(x0) / 2.00000005052),1.11*x0**0.5,"[1.0, 1.0, 1.109053650128134, 2.000000050524713]","{""K"": 500, ""c"": 6.0, ""exploration_rate"": 0.1, ""gamma"": 0.5, ""gp_rate"": 0.5, ""lm_iterations"": 10, ""max_constants"": 999, ""max_depth"": 6, ""max_evals"": 2000000, ""max_unary"": 999, ""mutation_rate"": 0.1, ""ops"": [""+"", ""-"", ""*"", ""/"", ""sin"", ""cos"", ""exp"", ""log"", ""R""], ""succ_error_tol"": 1e-06}","{""K"": 500, ""c"": 6.0, ""exploration_rate"": 0.1, ""gamma"": 0.5, ""gp_rate"": 0.5, ""lm_iterations"": 10, ""max_constants"": 999, ""max_depth"": 6, ""max_evals"": 2000000, ""max_unary"": 999, ""mutation_rate"": 0.1, ""ops"": [""+"", ""-"", ""*"", ""/"", ""sin"", ""cos"", ""exp"", ""log"", ""R""], ""succ_error_tol"": 1e-06}",0.5
imcts,NguyenC,8,NguyenC-8,expression,60,3890,40,20,20,1,"[""x0""]",sqrt(1.23*x[0]),0.9999999403953552,True,0.9999999999999988,0.9999999999999986,7.0,1851,0.058317536022514105,0.0,0,exp(0.383493659197 * log(0.813008094794 / x0) / (exp(-2.13948323021e-08 * x0) * -0.766987398955)),exp(0.383493659197 * log(0.813008094794 / x0) / (exp(-2.13948323021e-08 * x0) * -0.766987398955)),1.10905367470928/(1/x0)**0.5,"[0.38349365919673895, 0.8130080947942788, -2.1394832302061386e-08, 0.8940161723120336]","{""K"": 500, ""c"": 6.0, ""exploration_rate"": 0.1, ""gamma"": 0.5, ""gp_rate"": 0.5, ""lm_iterations"": 10, ""max_constants"": 999, ""max_depth"": 6, ""max_evals"": 2000000, ""max_unary"": 999, ""mutation_rate"": 0.1, ""ops"": [""+"", ""-"", ""*"", ""/"", ""sin"", ""cos"", ""exp"", ""log"", ""R""], ""succ_error_tol"": 1e-06}","{""K"": 500, ""c"": 6.0, ""exploration_rate"": 0.1, ""gamma"": 0.5, ""gp_rate"": 0.5, ""lm_iterations"": 10, ""max_constants"": 999, ""max_depth"": 6, ""max_evals"": 2000000, ""max_unary"": 999, ""mutation_rate"": 0.1, ""ops"": [""+"", ""-"", ""*"", ""/"", ""sin"", ""cos"", ""exp"", ""log"", ""R""], ""succ_error_tol"": 1e-06}",0.5
imcts,NguyenC,8,NguyenC-8,expression,61,8838,40,20,20,1,"[""x0""]",sqrt(1.23*x[0]),0.9999999403953552,True,0.9999999999999997,0.9999999999999996,5.0,60,0.0018549109809100628,0.0,0,exp((0.207014179285 + log(x0)) * 0.499999992064) + 2.13265183268e-10 * 2.31977682472 / (cos(x0) - x0 / x0),exp((0.207014179285 + log(x0)) * 0.499999992064) + 2.13265183268e-10 * 2.31977682472 / (cos(x0) - x0 / x0),1.11*x0**0.5,"[0.2070141792852626, 2.336642543634436, 1.0000000001132645, 0.9999999999999994, 1.0, 1.0]","{""K"": 500, ""c"": 6.0, ""exploration_rate"": 0.1, ""gamma"": 0.5, ""gp_rate"": 0.5, ""lm_iterations"": 10, ""max_constants"": 999, ""max_depth"": 6, ""max_evals"": 2000000, ""max_unary"": 999, ""mutation_rate"": 0.1, ""ops"": [""+"", ""-"", ""*"", ""/"", ""sin"", ""cos"", ""exp"", ""log"", ""R""], ""succ_error_tol"": 1e-06}","{""K"": 500, ""c"": 6.0, ""exploration_rate"": 0.1, ""gamma"": 0.5, ""gp_rate"": 0.5, ""lm_iterations"": 10, ""max_constants"": 999, ""max_depth"": 6, ""max_evals"": 2000000, ""max_unary"": 999, ""mutation_rate"": 0.1, ""ops"": [""+"", ""-"", ""*"", ""/"", ""sin"", ""cos"", ""exp"", ""log"", ""R""], ""succ_error_tol"": 1e-06}",0.5
imcts,NguyenC,8,NguyenC-8,expression,62,30740,40,20,20,1,"[""x0""]",sqrt(1.23*x[0]),0.9999999403953552,True,0.9999999999999981,0.9999999999999969,5.0,1557,0.044771516986656934,0.0,0,0.784219373799 * exp(log(x0 + x0) * 0.499999980123),0.784219373799 * exp(log(x0 + x0) * 0.499999980123),1.11*x0**0.5,"[2.190696158159068, 0.49999998012305835]","{""K"": 500, ""c"": 6.0, ""exploration_rate"": 0.1, ""gamma"": 0.5, ""gp_rate"": 0.5, ""lm_iterations"": 10, ""max_constants"": 999, ""max_depth"": 6, ""max_evals"": 2000000, ""max_unary"": 999, ""mutation_rate"": 0.1, ""ops"": [""+"", ""-"", ""*"", ""/"", ""sin"", ""cos"", ""exp"", ""log"", ""R""], ""succ_error_tol"": 1e-06}","{""K"": 500, ""c"": 6.0, ""exploration_rate"": 0.1, ""gamma"": 0.5, ""gp_rate"": 0.5, ""lm_iterations"": 10, ""max_constants"": 999, ""max_depth"": 6, ""max_evals"": 2000000, ""max_unary"": 999, ""mutation_rate"": 0.1, ""ops"": [""+"", ""-"", ""*"", ""/"", ""sin"", ""cos"", ""exp"", ""log"", ""R""], ""succ_error_tol"": 1e-06}",0.5
imcts,NguyenC,8,NguyenC-8,expression,63,27464,40,20,20,1,"[""x0""]",sqrt(1.23*x[0]),0.9999998807907104,True,0.9999999999999993,0.9999999999999991,5.0,1636,0.054202754981815815,0.0,0,exp(0.103507074976 + 0.499999999607 * log(x0)),exp(0.103507074976 + 0.499999999607 * log(x0)),1.11*x0**0.5,"[0.10350707497607418, 1.6487212699519231]","{""K"": 500, ""c"": 6.0, ""exploration_rate"": 0.1, ""gamma"": 0.5, ""gp_rate"": 0.5, ""lm_iterations"": 10, ""max_constants"": 999, ""max_depth"": 6, ""max_evals"": 2000000, ""max_unary"": 999, ""mutation_rate"": 0.1, ""ops"": [""+"", ""-"", ""*"", ""/"", ""sin"", ""cos"", ""exp"", ""log"", ""R""], ""succ_error_tol"": 1e-06}","{""K"": 500, ""c"": 6.0, ""exploration_rate"": 0.1, ""gamma"": 0.5, ""gp_rate"": 0.5, ""lm_iterations"": 10, ""max_constants"": 999, ""max_depth"": 6, ""max_evals"": 2000000, ""max_unary"": 999, ""mutation_rate"": 0.1, ""ops"": [""+"", ""-"", ""*"", ""/"", ""sin"", ""cos"", ""exp"", ""log"", ""R""], ""succ_error_tol"": 1e-06}",0.5
imcts,NguyenC,8,NguyenC-8,expression,64,14502,40,20,20,1,"[""x0""]",sqrt(1.23*x[0]),0.9999999403953552,True,0.9999999999999999,0.9999999999999998,5.0,951,0.028462014975957572,0.0,0,exp(0.103507081542 + log(x0) / 2.00000000594),exp(0.103507081542 + log(x0) / 2.00000000594),1.11*x0**0.5,"[1.4671035242147954, 2.0000000059408034]","{""K"": 500, ""c"": 6.0, ""exploration_rate"": 0.1, ""gamma"": 0.5, ""gp_rate"": 0.5, ""lm_iterations"": 10, ""max_constants"": 999, ""max_depth"": 6, ""max_evals"": 2000000, ""max_unary"": 999, ""mutation_rate"": 0.1, ""ops"": [""+"", ""-"", ""*"", ""/"", ""sin"", ""cos"", ""exp"", ""log"", ""R""], ""succ_error_tol"": 1e-06}","{""K"": 500, ""c"": 6.0, ""exploration_rate"": 0.1, ""gamma"": 0.5, ""gp_rate"": 0.5, ""lm_iterations"": 10, ""max_constants"": 999, ""max_depth"": 6, ""max_evals"": 2000000, ""max_unary"": 999, ""mutation_rate"": 0.1, ""ops"": [""+"", ""-"", ""*"", ""/"", ""sin"", ""cos"", ""exp"", ""log"", ""R""], ""succ_error_tol"": 1e-06}",0.5
imcts,NguyenC,8,NguyenC-8,expression,65,21777,40,20,20,1,"[""x0""]",sqrt(1.23*x[0]),0.9999998807907104,True,0.9999999999999989,0.9999999999999984,7.0,2691,0.08858112600864843,0.0,0,exp(log(x0 * x0) * 0.249999991388 + 0.103507094439),exp(log(x0 * x0) * 0.249999991388 + 0.103507094439),1.11*(x0**2)**0.25,"[1.3181160805470693, 1.1111664339271543]","{""K"": 500, ""c"": 6.0, ""exploration_rate"": 0.1, ""gamma"": 0.5, ""gp_rate"": 0.5, ""lm_iterations"": 10, ""max_constants"": 999, ""max_depth"": 6, ""max_evals"": 2000000, ""max_unary"": 999, ""mutation_rate"": 0.1, ""ops"": [""+"", ""-"", ""*"", ""/"", ""sin"", ""cos"", ""exp"", ""log"", ""R""], ""succ_error_tol"": 1e-06}","{""K"": 500, ""c"": 6.0, ""exploration_rate"": 0.1, ""gamma"": 0.5, ""gp_rate"": 0.5, ""lm_iterations"": 10, ""max_constants"": 999, ""max_depth"": 6, ""max_evals"": 2000000, ""max_unary"": 999, ""mutation_rate"": 0.1, ""ops"": [""+"", ""-"", ""*"", ""/"", ""sin"", ""cos"", ""exp"", ""log"", ""R""], ""succ_error_tol"": 1e-06}",0.5
imcts,NguyenC,8,NguyenC-8,expression,66,10627,40,20,20,1,"[""x0""]",sqrt(1.23*x[0]),0.9999998807907104,True,0.9999999999999997,0.9999999999999998,5.0,2293,0.0693381360033527,0.0,0,exp(log(x0) * 0.499999996587 - 0.324244066962 + 0.427751159616),exp(log(x0) * 0.499999996587 - 0.324244066962 + 0.427751159616),1.11*x0**0.5,"[0.4999999965870712, 0.32424406696233926, 1.5338043609102892]","{""K"": 500, ""c"": 6.0, ""exploration_rate"": 0.1, ""gamma"": 0.5, ""gp_rate"": 0.5, ""lm_iterations"": 10, ""max_constants"": 999, ""max_depth"": 6, ""max_evals"": 2000000, ""max_unary"": 999, ""mutation_rate"": 0.1, ""ops"": [""+"", ""-"", ""*"", ""/"", ""sin"", ""cos"", ""exp"", ""log"", ""R""], ""succ_error_tol"": 1e-06}","{""K"": 500, ""c"": 6.0, ""exploration_rate"": 0.1, ""gamma"": 0.5, ""gp_rate"": 0.5, ""lm_iterations"": 10, ""max_constants"": 999, ""max_depth"": 6, ""max_evals"": 2000000, ""max_unary"": 999, ""mutation_rate"": 0.1, ""ops"": [""+"", ""-"", ""*"", ""/"", ""sin"", ""cos"", ""exp"", ""log"", ""R""], ""succ_error_tol"": 1e-06}",0.5
imcts,NguyenC,8,NguyenC-8,expression,67,8792,40,20,20,1,"[""x0""]",sqrt(1.23*x[0]),0.9999999403953552,True,0.9999999999999989,0.9999999999999991,5.0,672,0.02035552798770368,0.0,0,exp(0.499999989037 * log(x0) + 0.103507093776) - exp(x0) * 1.83808847066e-09 / x0,exp(0.499999989037 * log(x0) + 0.103507093776) - exp(x0) * 1.83808847066e-09 / x0,1.11*x0**0.5,"[0.4999999890367001, 0.09849337512693393, 1.0, 1.1447298852643184]","{""K"": 500, ""c"": 6.0, ""exploration_rate"": 0.1, ""gamma"": 0.5, ""gp_rate"": 0.5, ""lm_iterations"": 10, ""max_constants"": 999, ""max_depth"": 6, ""max_evals"": 2000000, ""max_unary"": 999, ""mutation_rate"": 0.1, ""ops"": [""+"", ""-"", ""*"", ""/"", ""sin"", ""cos"", ""exp"", ""log"", ""R""], ""succ_error_tol"": 1e-06}","{""K"": 500, ""c"": 6.0, ""exploration_rate"": 0.1, ""gamma"": 0.5, ""gp_rate"": 0.5, ""lm_iterations"": 10, ""max_constants"": 999, ""max_depth"": 6, ""max_evals"": 2000000, ""max_unary"": 999, ""mutation_rate"": 0.1, ""ops"": [""+"", ""-"", ""*"", ""/"", ""sin"", ""cos"", ""exp"", ""log"", ""R""], ""succ_error_tol"": 1e-06}",0.5
imcts,NguyenC,8,NguyenC-8,expression,68,10555,40,20,20,1,"[""x0""]",sqrt(1.23*x[0]),0.9999998807907104,True,0.999999999999999,0.999999999999998,7.0,889,0.027468190004583448,0.0,0,exp(-0.499999934427 * log(0.813008184615 / x0 + -6.86964782008e-08)),exp(-0.499999934427 * log(0.813008184615 / x0 + -6.86964782008e-08)),1.10905359839036/(1/x0)**0.5,"[0.055571193332782216, 1.7429361396791496, 0.8130081846154986, 0.9999999312035242]","{""K"": 500, ""c"": 6.0, ""exploration_rate"": 0.1, ""gamma"": 0.5, ""gp_rate"": 0.5, ""lm_iterations"": 10, ""max_constants"": 999, ""max_depth"": 6, ""max_evals"": 2000000, ""max_unary"": 999, ""mutation_rate"": 0.1, ""ops"": [""+"", ""-"", ""*"", ""/"", ""sin"", ""cos"", ""exp"", ""log"", ""R""], ""succ_error_tol"": 1e-06}","{""K"": 500, ""c"": 6.0, ""exploration_rate"": 0.1, ""gamma"": 0.5, ""gp_rate"": 0.5, ""lm_iterations"": 10, ""max_constants"": 999, ""max_depth"": 6, ""max_evals"": 2000000, ""max_unary"": 999, ""mutation_rate"": 0.1, ""ops"": [""+"", ""-"", ""*"", ""/"", ""sin"", ""cos"", ""exp"", ""log"", ""R""], ""succ_error_tol"": 1e-06}",0.5
imcts,NguyenC,8,NguyenC-8,expression,69,10253,40,20,20,1,"[""x0""]",sqrt(1.23*x[0]),0.9999998807907104,True,0.999999999999996,0.9999999999999981,5.0,793,0.023462250013835728,0.0,0,exp(0.499999978778 / cos(x0 - x0) * (-0.329696914356 + log(x0 / 0.584668000903))),exp(0.499999978778 / cos(x0 - x0) * (-0.329696914356 + log(x0 / 0.584668000903))),1.11*x0**0.5,"[1.6880917534977908, 0.645415351447848, 0.5846680009030947]","{""K"": 500, ""c"": 6.0, ""exploration_rate"": 0.1, ""gamma"": 0.5, ""gp_rate"": 0.5, ""lm_iterations"": 10, ""max_constants"": 999, ""max_depth"": 6, ""max_evals"": 2000000, ""max_unary"": 999, ""mutation_rate"": 0.1, ""ops"": [""+"", ""-"", ""*"", ""/"", ""sin"", ""cos"", ""exp"", ""log"", ""R""], ""succ_error_tol"": 1e-06}","{""K"": 500, ""c"": 6.0, ""exploration_rate"": 0.1, ""gamma"": 0.5, ""gp_rate"": 0.5, ""lm_iterations"": 10, ""max_constants"": 999, ""max_depth"": 6, ""max_evals"": 2000000, ""max_unary"": 999, ""mutation_rate"": 0.1, ""ops"": [""+"", ""-"", ""*"", ""/"", ""sin"", ""cos"", ""exp"", ""log"", ""R""], ""succ_error_tol"": 1e-06}",0.5
imcts,NguyenC,8,NguyenC-8,expression,70,8433,40,20,20,1,"[""x0""]",sqrt(1.23*x[0]),0.9999998807907104,True,0.999999999998078,0.9999999997204148,14.0,2688,0.08255735103739426,0.0,0,exp((log(x0) + 0.207014171147) * cos(0.00303222055363 / x0) / 2.00000001531),exp((log(x0) + 0.207014171147) * cos(0.00303222055363 / x0) / 2.00000001531),exp((0.5*log(x0) + 0.104)*cos(0.00299/x0)),"[0.2070141711469218, 0.0030322205536309527, 2.000000015314987]","{""K"": 500, ""c"": 6.0, ""exploration_rate"": 0.1, ""gamma"": 0.5, ""gp_rate"": 0.5, ""lm_iterations"": 10, ""max_constants"": 999, ""max_depth"": 6, ""max_evals"": 2000000, ""max_unary"": 999, ""mutation_rate"": 0.1, ""ops"": [""+"", ""-"", ""*"", ""/"", ""sin"", ""cos"", ""exp"", ""log"", ""R""], ""succ_error_tol"": 1e-06}","{""K"": 500, ""c"": 6.0, ""exploration_rate"": 0.1, ""gamma"": 0.5, ""gp_rate"": 0.5, ""lm_iterations"": 10, ""max_constants"": 999, ""max_depth"": 6, ""max_evals"": 2000000, ""max_unary"": 999, ""mutation_rate"": 0.1, ""ops"": [""+"", ""-"", ""*"", ""/"", ""sin"", ""cos"", ""exp"", ""log"", ""R""], ""succ_error_tol"": 1e-06}",0.5
imcts,NguyenC,8,NguyenC-8,expression,71,10233,40,20,20,1,"[""x0""]",sqrt(1.23*x[0]),0.9999998211860657,True,0.999999999999977,0.9999999999999788,5.0,432,0.012527247017715126,0.0,0,exp(3.06290257351e-08 * (x0 - 1.38081416383) + 0.103507143009 - log(x0) * -0.499999861527),exp(3.06290257351e-08 * (x0 - 1.38081416383) + 0.103507143009 - log(x0) * -0.499999861527),1.11*x0**0.5,"[1.0000000305290262, 1.3808141638299272, 0.10350714300949886, 1.0, -0.02379399911967317, 1.476486707717305]","{""K"": 500, ""c"": 6.0, ""exploration_rate"": 0.1, ""gamma"": 0.5, ""gp_rate"": 0.5, ""lm_iterations"": 10, ""max_constants"": 999, ""max_depth"": 6, ""max_evals"": 2000000, ""max_unary"": 999, ""mutation_rate"": 0.1, ""ops"": [""+"", ""-"", ""*"", ""/"", ""sin"", ""cos"", ""exp"", ""log"", ""R""], ""succ_error_tol"": 1e-06}","{""K"": 500, ""c"": 6.0, ""exploration_rate"": 0.1, ""gamma"": 0.5, ""gp_rate"": 0.5, ""lm_iterations"": 10, ""max_constants"": 999, ""max_depth"": 6, ""max_evals"": 2000000, ""max_unary"": 999, ""mutation_rate"": 0.1, ""ops"": [""+"", ""-"", ""*"", ""/"", ""sin"", ""cos"", ""exp"", ""log"", ""R""], ""succ_error_tol"": 1e-06}",0.5
imcts,NguyenC,8,NguyenC-8,expression,72,11016,40,20,20,1,"[""x0""]",sqrt(1.23*x[0]),0.9999998807907104,True,0.9999999999999973,0.9999999999999986,5.0,1930,0.06111702200723812,0.0,0,exp((1 + -0.792985883338 + log(x0)) * 0.500000023843),exp((1 + -0.792985883338 + log(x0)) * 0.500000023843),1.11*x0**0.5,"[1.0, -1.792985883337982, 1.0, 0.5000000238433804]","{""K"": 500, ""c"": 6.0, ""exploration_rate"": 0.1, ""gamma"": 0.5, ""gp_rate"": 0.5, ""lm_iterations"": 10, ""max_constants"": 999, ""max_depth"": 6, ""max_evals"": 2000000, ""max_unary"": 999, ""mutation_rate"": 0.1, ""ops"": [""+"", ""-"", ""*"", ""/"", ""sin"", ""cos"", ""exp"", ""log"", ""R""], ""succ_error_tol"": 1e-06}","{""K"": 500, ""c"": 6.0, ""exploration_rate"": 0.1, ""gamma"": 0.5, ""gp_rate"": 0.5, ""lm_iterations"": 10, ""max_constants"": 999, ""max_depth"": 6, ""max_evals"": 2000000, ""max_unary"": 999, ""mutation_rate"": 0.1, ""ops"": [""+"", ""-"", ""*"", ""/"", ""sin"", ""cos"", ""exp"", ""log"", ""R""], ""succ_error_tol"": 1e-06}",0.5
imcts,NguyenC,8,NguyenC-8,expression,73,23897,40,20,20,1,"[""x0""]",sqrt(1.23*x[0]),0.9999999403953552,True,0.9999999999999952,0.9999999999999963,5.0,1113,0.0343615899910219,0.0,0,exp(log(1.23000000676 * x0) * (0.500000016328 + -4.88376700098e-09 / x0)),exp(log(1.23000000676 * x0) * (0.500000016328 + -4.88376700098e-09 / x0)),1.10905365368859*x0**0.5,"[1.2300000067628074, 0.5864364877733834, 1.17287293724492, -4.883767000982062e-09]","{""K"": 500, ""c"": 6.0, ""exploration_rate"": 0.1, ""gamma"": 0.5, ""gp_rate"": 0.5, ""lm_iterations"": 10, ""max_constants"": 999, ""max_depth"": 6, ""max_evals"": 2000000, ""max_unary"": 999, ""mutation_rate"": 0.1, ""ops"": [""+"", ""-"", ""*"", ""/"", ""sin"", ""cos"", ""exp"", ""log"", ""R""], ""succ_error_tol"": 1e-06}","{""K"": 500, ""c"": 6.0, ""exploration_rate"": 0.1, ""gamma"": 0.5, ""gp_rate"": 0.5, ""lm_iterations"": 10, ""max_constants"": 999, ""max_depth"": 6, ""max_evals"": 2000000, ""max_unary"": 999, ""mutation_rate"": 0.1, ""ops"": [""+"", ""-"", ""*"", ""/"", ""sin"", ""cos"", ""exp"", ""log"", ""R""], ""succ_error_tol"": 1e-06}",0.5
imcts,NguyenC,8,NguyenC-8,expression,74,2612,40,20,20,1,"[""x0""]",sqrt(1.23*x[0]),0.9999999403953552,True,0.9999999999999989,0.9999999999999998,5.0,582,0.01663820300018415,0.0,0,exp(0.499999988732 / (x0 / x0) * (0.207014181518 + log(x0))) - sin(x0 + x0) * 0.841470984808 * 1.97453446697e-08,exp(0.499999988732 / (x0 / x0) * (0.207014181518 + log(x0))) - sin(x0 + x0) * 0.841470984808 * 1.97453446697e-08,1.11*x0**0.5,"[0.49999998873197465, -1.5749679783142165, 1.0, 1.0, 0.8378770695519147, 1.0]","{""K"": 500, ""c"": 6.0, ""exploration_rate"": 0.1, ""gamma"": 0.5, ""gp_rate"": 0.5, ""lm_iterations"": 10, ""max_constants"": 999, ""max_depth"": 6, ""max_evals"": 2000000, ""max_unary"": 999, ""mutation_rate"": 0.1, ""ops"": [""+"", ""-"", ""*"", ""/"", ""sin"", ""cos"", ""exp"", ""log"", ""R""], ""succ_error_tol"": 1e-06}","{""K"": 500, ""c"": 6.0, ""exploration_rate"": 0.1, ""gamma"": 0.5, ""gp_rate"": 0.5, ""lm_iterations"": 10, ""max_constants"": 999, ""max_depth"": 6, ""max_evals"": 2000000, ""max_unary"": 999, ""mutation_rate"": 0.1, ""ops"": [""+"", ""-"", ""*"", ""/"", ""sin"", ""cos"", ""exp"", ""log"", ""R""], ""succ_error_tol"": 1e-06}",0.5
imcts,NguyenC,8,NguyenC-8,expression,75,23425,40,20,20,1,"[""x0""]",sqrt(1.23*x[0]),0.9999999403953552,True,0.9999999999999998,0.9999999999999997,5.0,8008,0.2819094479782507,0.0,0,exp((x0 - x0 + -0.499999999711) * (-0.207014181611 - log(x0))),exp((x0 - x0 + -0.499999999711) * (-0.207014181611 - log(x0))),1.11*x0**0.5,"[0.6065306597879792, 0.5762303506654054]","{""K"": 500, ""c"": 6.0, ""exploration_rate"": 0.1, ""gamma"": 0.5, ""gp_rate"": 0.5, ""lm_iterations"": 10, ""max_constants"": 999, ""max_depth"": 6, ""max_evals"": 2000000, ""max_unary"": 999, ""mutation_rate"": 0.1, ""ops"": [""+"", ""-"", ""*"", ""/"", ""sin"", ""cos"", ""exp"", ""log"", ""R""], ""succ_error_tol"": 1e-06}","{""K"": 500, ""c"": 6.0, ""exploration_rate"": 0.1, ""gamma"": 0.5, ""gp_rate"": 0.5, ""lm_iterations"": 10, ""max_constants"": 999, ""max_depth"": 6, ""max_evals"": 2000000, ""max_unary"": 999, ""mutation_rate"": 0.1, ""ops"": [""+"", ""-"", ""*"", ""/"", ""sin"", ""cos"", ""exp"", ""log"", ""R""], ""succ_error_tol"": 1e-06}",0.5
imcts,NguyenC,8,NguyenC-8,expression,76,25939,40,20,20,1,"[""x0""]",sqrt(1.23*x[0]),0.9999999403953552,True,0.9999999999999999,0.9999999999999999,5.0,41,0.0011424910044297576,0.0,0,exp(0.500000002248 * (log(x0 / 1.60625505865) + 0.680919590169)),exp(0.500000002248 * (log(x0 / 1.60625505865) + 0.680919590169)),1.11*x0**0.5,"[1.0471975486007112, 1.6062550586512354, 0.6809195901687191]","{""K"": 500, ""c"": 6.0, ""exploration_rate"": 0.1, ""gamma"": 0.5, ""gp_rate"": 0.5, ""lm_iterations"": 10, ""max_constants"": 999, ""max_depth"": 6, ""max_evals"": 2000000, ""max_unary"": 999, ""mutation_rate"": 0.1, ""ops"": [""+"", ""-"", ""*"", ""/"", ""sin"", ""cos"", ""exp"", ""log"", ""R""], ""succ_error_tol"": 1e-06}","{""K"": 500, ""c"": 6.0, ""exploration_rate"": 0.1, ""gamma"": 0.5, ""gp_rate"": 0.5, ""lm_iterations"": 10, ""max_constants"": 999, ""max_depth"": 6, ""max_evals"": 2000000, ""max_unary"": 999, ""mutation_rate"": 0.1, ""ops"": [""+"", ""-"", ""*"", ""/"", ""sin"", ""cos"", ""exp"", ""log"", ""R""], ""succ_error_tol"": 1e-06}",0.5
imcts,NguyenC,8,NguyenC-8,expression,77,22619,40,20,20,1,"[""x0""]",sqrt(1.23*x[0]),0.9999999403953552,True,0.9999999999999996,0.9999999999999996,5.0,1178,0.0357066509895958,0.0,0,exp(0.499999993497 * log(x0) + 0.103507095669),exp(0.499999993497 * log(x0) + 0.103507095669),1.11*x0**0.5,"[1.0, 0.5000000065027905, 0.10350709566915199, 1.0]","{""K"": 500, ""c"": 6.0, ""exploration_rate"": 0.1, ""gamma"": 0.5, ""gp_rate"": 0.5, ""lm_iterations"": 10, ""max_constants"": 999, ""max_depth"": 6, ""max_evals"": 2000000, ""max_unary"": 999, ""mutation_rate"": 0.1, ""ops"": [""+"", ""-"", ""*"", ""/"", ""sin"", ""cos"", ""exp"", ""log"", ""R""], ""succ_error_tol"": 1e-06}","{""K"": 500, ""c"": 6.0, ""exploration_rate"": 0.1, ""gamma"": 0.5, ""gp_rate"": 0.5, ""lm_iterations"": 10, ""max_constants"": 999, ""max_depth"": 6, ""max_evals"": 2000000, ""max_unary"": 999, ""mutation_rate"": 0.1, ""ops"": [""+"", ""-"", ""*"", ""/"", ""sin"", ""cos"", ""exp"", ""log"", ""R""], ""succ_error_tol"": 1e-06}",0.5
imcts,NguyenC,8,NguyenC-8,expression,78,21870,40,20,20,1,"[""x0""]",sqrt(1.23*x[0]),0.9999999403953552,True,0.999999999999996,0.9999999999999952,5.0,4279,0.13368002395145595,0.0,0,exp(0.69025045182 * log(x0) * 0.724374809211 + 0.103507058241),exp(0.69025045182 * log(x0) * 0.724374809211 + 0.103507058241),1.11*x0**0.5,"[0.8089611979160505, 1.7243748092106883, 1.0, 0.1035070582408541]","{""K"": 500, ""c"": 6.0, ""exploration_rate"": 0.1, ""gamma"": 0.5, ""gp_rate"": 0.5, ""lm_iterations"": 10, ""max_constants"": 999, ""max_depth"": 6, ""max_evals"": 2000000, ""max_unary"": 999, ""mutation_rate"": 0.1, ""ops"": [""+"", ""-"", ""*"", ""/"", ""sin"", ""cos"", ""exp"", ""log"", ""R""], ""succ_error_tol"": 1e-06}","{""K"": 500, ""c"": 6.0, ""exploration_rate"": 0.1, ""gamma"": 0.5, ""gp_rate"": 0.5, ""lm_iterations"": 10, ""max_constants"": 999, ""max_depth"": 6, ""max_evals"": 2000000, ""max_unary"": 999, ""mutation_rate"": 0.1, ""ops"": [""+"", ""-"", ""*"", ""/"", ""sin"", ""cos"", ""exp"", ""log"", ""R""], ""succ_error_tol"": 1e-06}",0.5
imcts,NguyenC,8,NguyenC-8,expression,79,23483,40,20,20,1,"[""x0""]",sqrt(1.23*x[0]),0.9999998807907104,True,0.9999999999999988,0.9999999999999961,5.0,74,0.0019561100052669644,0.0,0,exp(0.500000003424 * log(x0) + 0.10350709294),exp(0.500000003424 * log(x0) + 0.10350709294),1.11*x0**0.5,"[1.0, 0.648721276246095, -0.8964929070604282, 1.0, 1.0]","{""K"": 500, ""c"": 6.0, ""exploration_rate"": 0.1, ""gamma"": 0.5, ""gp_rate"": 0.5, ""lm_iterations"": 10, ""max_constants"": 999, ""max_depth"": 6, ""max_evals"": 2000000, ""max_unary"": 999, ""mutation_rate"": 0.1, ""ops"": [""+"", ""-"", ""*"", ""/"", ""sin"", ""cos"", ""exp"", ""log"", ""R""], ""succ_error_tol"": 1e-06}","{""K"": 500, ""c"": 6.0, ""exploration_rate"": 0.1, ""gamma"": 0.5, ""gp_rate"": 0.5, ""lm_iterations"": 10, ""max_constants"": 999, ""max_depth"": 6, ""max_evals"": 2000000, ""max_unary"": 999, ""mutation_rate"": 0.1, ""ops"": [""+"", ""-"", ""*"", ""/"", ""sin"", ""cos"", ""exp"", ""log"", ""R""], ""succ_error_tol"": 1e-06}",0.5
imcts,NguyenC,8,NguyenC-8,expression,80,26054,40,20,20,1,"[""x0""]",sqrt(1.23*x[0]),0.9999998807907104,True,0.9999999999999996,0.9999999999999999,5.0,309,0.009797223028726876,0.0,0,exp(cos((x0 - 1) * (x0 - x0)) * (log(x0 / 0.901669638683) - log(x0) * 0.499999999676)),exp(cos((x0 - 1) * (x0 - x0)) * (log(x0 / 0.901669638683) - log(x0) * 0.499999999676)),1.11*x0**0.5,"[1.0, 0.9016696386825401, 0.4999999996758681, 1.0]","{""K"": 500, ""c"": 6.0, ""exploration_rate"": 0.1, ""gamma"": 0.5, ""gp_rate"": 0.5, ""lm_iterations"": 10, ""max_constants"": 999, ""max_depth"": 6, ""max_evals"": 2000000, ""max_unary"": 999, ""mutation_rate"": 0.1, ""ops"": [""+"", ""-"", ""*"", ""/"", ""sin"", ""cos"", ""exp"", ""log"", ""R""], ""succ_error_tol"": 1e-06}","{""K"": 500, ""c"": 6.0, ""exploration_rate"": 0.1, ""gamma"": 0.5, ""gp_rate"": 0.5, ""lm_iterations"": 10, ""max_constants"": 999, ""max_depth"": 6, ""max_evals"": 2000000, ""max_unary"": 999, ""mutation_rate"": 0.1, ""ops"": [""+"", ""-"", ""*"", ""/"", ""sin"", ""cos"", ""exp"", ""log"", ""R""], ""succ_error_tol"": 1e-06}",0.5
imcts,NguyenC,8,NguyenC-8,expression,81,15787,40,20,20,1,"[""x0""]",sqrt(1.23*x[0]),0.9999999403953552,True,0.9999999999999998,0.9999999999999998,5.0,5593,0.18276251695351675,0.0,0,exp(0.373658236515 + (log(x0) - 0.540302305868) * (x0 - (x0 + -0.499999994017))),exp(0.373658236515 + (log(x0) - 0.540302305868) * (x0 - (x0 + -0.499999994017))),1.11*x0**0.5,"[0.3736582365148426, 1.0, -0.49999999401659473]","{""K"": 500, ""c"": 6.0, ""exploration_rate"": 0.1, ""gamma"": 0.5, ""gp_rate"": 0.5, ""lm_iterations"": 10, ""max_constants"": 999, ""max_depth"": 6, ""max_evals"": 2000000, ""max_unary"": 999, ""mutation_rate"": 0.1, ""ops"": [""+"", ""-"", ""*"", ""/"", ""sin"", ""cos"", ""exp"", ""log"", ""R""], ""succ_error_tol"": 1e-06}","{""K"": 500, ""c"": 6.0, ""exploration_rate"": 0.1, ""gamma"": 0.5, ""gp_rate"": 0.5, ""lm_iterations"": 10, ""max_constants"": 999, ""max_depth"": 6, ""max_evals"": 2000000, ""max_unary"": 999, ""mutation_rate"": 0.1, ""ops"": [""+"", ""-"", ""*"", ""/"", ""sin"", ""cos"", ""exp"", ""log"", ""R""], ""succ_error_tol"": 1e-06}",0.5
imcts,NguyenC,8,NguyenC-8,expression,82,27132,40,20,20,1,"[""x0""]",sqrt(1.23*x[0]),0.9999999403953552,True,0.9999999999999998,0.9999999999999997,5.0,2969,0.09063488396350294,0.0,0,2.44407111775 * exp(0.499999992782 * log(x0) - 0.790158053582),2.44407111775 * exp(0.499999992782 * log(x0) - 0.790158053582),1.11*x0**0.5,"[2.44407111774617, 0.4999999927821285, -0.23775593656125033]","{""K"": 500, ""c"": 6.0, ""exploration_rate"": 0.1, ""gamma"": 0.5, ""gp_rate"": 0.5, ""lm_iterations"": 10, ""max_constants"": 999, ""max_depth"": 6, ""max_evals"": 2000000, ""max_unary"": 999, ""mutation_rate"": 0.1, ""ops"": [""+"", ""-"", ""*"", ""/"", ""sin"", ""cos"", ""exp"", ""log"", ""R""], ""succ_error_tol"": 1e-06}","{""K"": 500, ""c"": 6.0, ""exploration_rate"": 0.1, ""gamma"": 0.5, ""gp_rate"": 0.5, ""lm_iterations"": 10, ""max_constants"": 999, ""max_depth"": 6, ""max_evals"": 2000000, ""max_unary"": 999, ""mutation_rate"": 0.1, ""ops"": [""+"", ""-"", ""*"", ""/"", ""sin"", ""cos"", ""exp"", ""log"", ""R""], ""succ_error_tol"": 1e-06}",0.5
imcts,NguyenC,8,NguyenC-8,expression,83,17159,40,20,20,1,"[""x0""]",sqrt(1.23*x[0]),0.9999999403953552,True,0.9999999999999998,0.9999999999999996,5.0,2043,0.06330865202471614,0.0,0,exp(0.499999991592 * (log(x0) + 0.20701418189)),exp(0.499999991592 * (log(x0) + 0.20701418189)),1.11*x0**0.5,"[1.499999991491696, 1.0, 1.0, 0.2300000152819732, 1.0]","{""K"": 500, ""c"": 6.0, ""exploration_rate"": 0.1, ""gamma"": 0.5, ""gp_rate"": 0.5, ""lm_iterations"": 10, ""max_constants"": 999, ""max_depth"": 6, ""max_evals"": 2000000, ""max_unary"": 999, ""mutation_rate"": 0.1, ""ops"": [""+"", ""-"", ""*"", ""/"", ""sin"", ""cos"", ""exp"", ""log"", ""R""], ""succ_error_tol"": 1e-06}","{""K"": 500, ""c"": 6.0, ""exploration_rate"": 0.1, ""gamma"": 0.5, ""gp_rate"": 0.5, ""lm_iterations"": 10, ""max_constants"": 999, ""max_depth"": 6, ""max_evals"": 2000000, ""max_unary"": 999, ""mutation_rate"": 0.1, ""ops"": [""+"", ""-"", ""*"", ""/"", ""sin"", ""cos"", ""exp"", ""log"", ""R""], ""succ_error_tol"": 1e-06}",0.5
imcts,NguyenC,8,NguyenC-8,expression,84,12206,40,20,20,1,"[""x0""]",sqrt(1.23*x[0]),0.9999998807907104,True,0.9999999999999989,0.9999999999999986,5.0,1628,0.04517950996523723,0.0,0,exp(0.499999984363 * log(x0 * 1.23000002332)) - cos(x0 + 1.07823057296) / (x0 / (-8.00837374386e-12 / x0)) / 0.841470984808,exp(0.499999984363 * log(x0 * 1.23000002332)) - cos(x0 + 1.07823057296) / (x0 / (-8.00837374386e-12 / x0)) / 0.841470984808,1.11*x0**0.5,"[1.7006211540368907, 0.9173727420106047, 1.230000023315187, 1.078230572957354, -8.008373743855358e-12, 1.0]","{""K"": 500, ""c"": 6.0, ""exploration_rate"": 0.1, ""gamma"": 0.5, ""gp_rate"": 0.5, ""lm_iterations"": 10, ""max_constants"": 999, ""max_depth"": 6, ""max_evals"": 2000000, ""max_unary"": 999, ""mutation_rate"": 0.1, ""ops"": [""+"", ""-"", ""*"", ""/"", ""sin"", ""cos"", ""exp"", ""log"", ""R""], ""succ_error_tol"": 1e-06}","{""K"": 500, ""c"": 6.0, ""exploration_rate"": 0.1, ""gamma"": 0.5, ""gp_rate"": 0.5, ""lm_iterations"": 10, ""max_constants"": 999, ""max_depth"": 6, ""max_evals"": 2000000, ""max_unary"": 999, ""mutation_rate"": 0.1, ""ops"": [""+"", ""-"", ""*"", ""/"", ""sin"", ""cos"", ""exp"", ""log"", ""R""], ""succ_error_tol"": 1e-06}",0.5
imcts,NguyenC,8,NguyenC-8,expression,85,8226,40,20,20,1,"[""x0""]",sqrt(1.23*x[0]),0.9999999403953552,True,0.9999999999999994,0.9999999999999993,5.0,714,0.023799590999260545,0.0,0,-1.167009503e-08 + exp(log(x0) * 1.50000000344 - log(x0 / 1.10905364748)),-1.167009503e-08 + exp(log(x0) * 1.50000000344 - log(x0 / 1.10905364748)),1.11*x0**0.5,"[-1.1670095030048127e-08, 0.4054651103993174, 1.109053647480208]","{""K"": 500, ""c"": 6.0, ""exploration_rate"": 0.1, ""gamma"": 0.5, ""gp_rate"": 0.5, ""lm_iterations"": 10, ""max_constants"": 999, ""max_depth"": 6, ""max_evals"": 2000000, ""max_unary"": 999, ""mutation_rate"": 0.1, ""ops"": [""+"", ""-"", ""*"", ""/"", ""sin"", ""cos"", ""exp"", ""log"", ""R""], ""succ_error_tol"": 1e-06}","{""K"": 500, ""c"": 6.0, ""exploration_rate"": 0.1, ""gamma"": 0.5, ""gp_rate"": 0.5, ""lm_iterations"": 10, ""max_constants"": 999, ""max_depth"": 6, ""max_evals"": 2000000, ""max_unary"": 999, ""mutation_rate"": 0.1, ""ops"": [""+"", ""-"", ""*"", ""/"", ""sin"", ""cos"", ""exp"", ""log"", ""R""], ""succ_error_tol"": 1e-06}",0.5
imcts,NguyenC,8,NguyenC-8,expression,86,14541,40,20,20,1,"[""x0""]",sqrt(1.23*x[0]),0.9999999403953552,True,0.9999999999999996,0.9999999999999986,5.0,9153,0.2994816789869219,0.0,0,exp(log(1.23000001742 * x0) * 0.499999987475),exp(log(1.23000001742 * x0) * 0.499999987475),1.11*x0**0.5,"[1.2300000174216847, 1.9061889693482954, 0.7390969874118285, 1.0, 1.0]","{""K"": 500, ""c"": 6.0, ""exploration_rate"": 0.1, ""gamma"": 0.5, ""gp_rate"": 0.5, ""lm_iterations"": 10, ""max_constants"": 999, ""max_depth"": 6, ""max_evals"": 2000000, ""max_unary"": 999, ""mutation_rate"": 0.1, ""ops"": [""+"", ""-"", ""*"", ""/"", ""sin"", ""cos"", ""exp"", ""log"", ""R""], ""succ_error_tol"": 1e-06}","{""K"": 500, ""c"": 6.0, ""exploration_rate"": 0.1, ""gamma"": 0.5, ""gp_rate"": 0.5, ""lm_iterations"": 10, ""max_constants"": 999, ""max_depth"": 6, ""max_evals"": 2000000, ""max_unary"": 999, ""mutation_rate"": 0.1, ""ops"": [""+"", ""-"", ""*"", ""/"", ""sin"", ""cos"", ""exp"", ""log"", ""R""], ""succ_error_tol"": 1e-06}",0.5
imcts,NguyenC,8,NguyenC-8,expression,87,3152,40,20,20,1,"[""x0""]",sqrt(1.23*x[0]),0.9999999403953552,True,0.9999999999999986,0.9999999999999981,5.0,1687,0.05025942903012037,0.0,0,exp(0.499999943931 * (log(x0) + 0.999991756365) - (x0 / -22761088.6304 + x0 - x0 + 0.396488795868)),exp(0.499999943931 * (log(x0) + 0.999991756365) - (x0 / -22761088.6304 + x0 - x0 + 0.396488795868)),1.11*x0**0.5,"[1.6761961027137033, 0.22590497078180813, 0.37929970777038, 1.5667358720449012, 1.8459544449837133, -8.110132493927701e-08, -0.9251074958901281]","{""K"": 500, ""c"": 6.0, ""exploration_rate"": 0.1, ""gamma"": 0.5, ""gp_rate"": 0.5, ""lm_iterations"": 10, ""max_constants"": 999, ""max_depth"": 6, ""max_evals"": 2000000, ""max_unary"": 999, ""mutation_rate"": 0.1, ""ops"": [""+"", ""-"", ""*"", ""/"", ""sin"", ""cos"", ""exp"", ""log"", ""R""], ""succ_error_tol"": 1e-06}","{""K"": 500, ""c"": 6.0, ""exploration_rate"": 0.1, ""gamma"": 0.5, ""gp_rate"": 0.5, ""lm_iterations"": 10, ""max_constants"": 999, ""max_depth"": 6, ""max_evals"": 2000000, ""max_unary"": 999, ""mutation_rate"": 0.1, ""ops"": [""+"", ""-"", ""*"", ""/"", ""sin"", ""cos"", ""exp"", ""log"", ""R""], ""succ_error_tol"": 1e-06}",0.5
imcts,NguyenC,8,NguyenC-8,expression,88,26531,40,20,20,1,"[""x0""]",sqrt(1.23*x[0]),0.9999999403953552,True,0.9999999999999999,0.9999999999999998,5.0,3793,0.12243601499358192,0.0,0,exp((log(x0) + 0.207014188164) / 2.00000003253),exp((log(x0) + 0.207014188164) / 2.00000003253),1.11*x0**0.5,"[0.20701418816437678, 2.000000032528444]","{""K"": 500, ""c"": 6.0, ""exploration_rate"": 0.1, ""gamma"": 0.5, ""gp_rate"": 0.5, ""lm_iterations"": 10, ""max_constants"": 999, ""max_depth"": 6, ""max_evals"": 2000000, ""max_unary"": 999, ""mutation_rate"": 0.1, ""ops"": [""+"", ""-"", ""*"", ""/"", ""sin"", ""cos"", ""exp"", ""log"", ""R""], ""succ_error_tol"": 1e-06}","{""K"": 500, ""c"": 6.0, ""exploration_rate"": 0.1, ""gamma"": 0.5, ""gp_rate"": 0.5, ""lm_iterations"": 10, ""max_constants"": 999, ""max_depth"": 6, ""max_evals"": 2000000, ""max_unary"": 999, ""mutation_rate"": 0.1, ""ops"": [""+"", ""-"", ""*"", ""/"", ""sin"", ""cos"", ""exp"", ""log"", ""R""], ""succ_error_tol"": 1e-06}",0.5
imcts,NguyenC,8,NguyenC-8,expression,89,1585,40,20,20,1,"[""x0""]",sqrt(1.23*x[0]),0.9999999403953552,True,0.9999999999999992,0.9999999999999997,5.0,4377,0.14115353202214465,0.0,0,exp(0.103507072156 - log(x0) * -0.500000014458),exp(0.103507072156 - log(x0) * -0.500000014458),1.11*x0**0.5,"[0.10350707215624104, -0.5000000144576862]","{""K"": 500, ""c"": 6.0, ""exploration_rate"": 0.1, ""gamma"": 0.5, ""gp_rate"": 0.5, ""lm_iterations"": 10, ""max_constants"": 999, ""max_depth"": 6, ""max_evals"": 2000000, ""max_unary"": 999, ""mutation_rate"": 0.1, ""ops"": [""+"", ""-"", ""*"", ""/"", ""sin"", ""cos"", ""exp"", ""log"", ""R""], ""succ_error_tol"": 1e-06}","{""K"": 500, ""c"": 6.0, ""exploration_rate"": 0.1, ""gamma"": 0.5, ""gp_rate"": 0.5, ""lm_iterations"": 10, ""max_constants"": 999, ""max_depth"": 6, ""max_evals"": 2000000, ""max_unary"": 999, ""mutation_rate"": 0.1, ""ops"": [""+"", ""-"", ""*"", ""/"", ""sin"", ""cos"", ""exp"", ""log"", ""R""], ""succ_error_tol"": 1e-06}",0.5
imcts,NguyenC,8,NguyenC-8,expression,90,3943,40,20,20,1,"[""x0""]",sqrt(1.23*x[0]),0.9999999403953552,True,0.9999999999999997,0.9999999999999998,5.0,1177,0.03618187998654321,0.0,0,exp(log(x0 * 1.229999994) / 2.0000000119),exp(log(x0 * 1.229999994) / 2.0000000119),1.11*x0**0.5,"[1.2299999939976654, 2.00000001189682]","{""K"": 500, ""c"": 6.0, ""exploration_rate"": 0.1, ""gamma"": 0.5, ""gp_rate"": 0.5, ""lm_iterations"": 10, ""max_constants"": 999, ""max_depth"": 6, ""max_evals"": 2000000, ""max_unary"": 999, ""mutation_rate"": 0.1, ""ops"": [""+"", ""-"", ""*"", ""/"", ""sin"", ""cos"", ""exp"", ""log"", ""R""], ""succ_error_tol"": 1e-06}","{""K"": 500, ""c"": 6.0, ""exploration_rate"": 0.1, ""gamma"": 0.5, ""gp_rate"": 0.5, ""lm_iterations"": 10, ""max_constants"": 999, ""max_depth"": 6, ""max_evals"": 2000000, ""max_unary"": 999, ""mutation_rate"": 0.1, ""ops"": [""+"", ""-"", ""*"", ""/"", ""sin"", ""cos"", ""exp"", ""log"", ""R""], ""succ_error_tol"": 1e-06}",0.5
imcts,NguyenC,8,NguyenC-8,expression,91,23939,40,20,20,1,"[""x0""]",sqrt(1.23*x[0]),0.9999999403953552,True,0.9999999999999994,0.9999999999999993,10.0,428,0.013590932008810341,0.0,0,exp(0.366049035525 * (log(x0) * 2.36593718884 + log(1.32679778918 / x0))),exp(0.366049035525 * (log(x0) * 2.36593718884 + log(1.32679778918 / x0))),1.11*x0**0.866*(1/x0)**0.366,"[1.1960365000013038, 2.2871869139915013, 1.0344310621780264, 1.3267977891755498]","{""K"": 500, ""c"": 6.0, ""exploration_rate"": 0.1, ""gamma"": 0.5, ""gp_rate"": 0.5, ""lm_iterations"": 10, ""max_constants"": 999, ""max_depth"": 6, ""max_evals"": 2000000, ""max_unary"": 999, ""mutation_rate"": 0.1, ""ops"": [""+"", ""-"", ""*"", ""/"", ""sin"", ""cos"", ""exp"", ""log"", ""R""], ""succ_error_tol"": 1e-06}","{""K"": 500, ""c"": 6.0, ""exploration_rate"": 0.1, ""gamma"": 0.5, ""gp_rate"": 0.5, ""lm_iterations"": 10, ""max_constants"": 999, ""max_depth"": 6, ""max_evals"": 2000000, ""max_unary"": 999, ""mutation_rate"": 0.1, ""ops"": [""+"", ""-"", ""*"", ""/"", ""sin"", ""cos"", ""exp"", ""log"", ""R""], ""succ_error_tol"": 1e-06}",0.5
imcts,NguyenC,8,NguyenC-8,expression,92,19457,40,20,20,1,"[""x0""]",sqrt(1.23*x[0]),0.9999999403953552,True,0.9999999999999992,0.9999999999999979,5.0,1426,0.04483206197619438,0.0,0,exp(0.499999998213 * (log(x0 + -1.02888162334e-09) - -0.207014196546)),exp(0.499999998213 * (log(x0 + -1.02888162334e-09) - -0.207014196546)),1.11*x0**0.5,"[0.49999999821347735, -1.0288816233361959e-09, 0.6214963602421325]","{""K"": 500, ""c"": 6.0, ""exploration_rate"": 0.1, ""gamma"": 0.5, ""gp_rate"": 0.5, ""lm_iterations"": 10, ""max_constants"": 999, ""max_depth"": 6, ""max_evals"": 2000000, ""max_unary"": 999, ""mutation_rate"": 0.1, ""ops"": [""+"", ""-"", ""*"", ""/"", ""sin"", ""cos"", ""exp"", ""log"", ""R""], ""succ_error_tol"": 1e-06}","{""K"": 500, ""c"": 6.0, ""exploration_rate"": 0.1, ""gamma"": 0.5, ""gp_rate"": 0.5, ""lm_iterations"": 10, ""max_constants"": 999, ""max_depth"": 6, ""max_evals"": 2000000, ""max_unary"": 999, ""mutation_rate"": 0.1, ""ops"": [""+"", ""-"", ""*"", ""/"", ""sin"", ""cos"", ""exp"", ""log"", ""R""], ""succ_error_tol"": 1e-06}",0.5
imcts,NguyenC,8,NguyenC-8,expression,93,1021,40,20,20,1,"[""x0""]",sqrt(1.23*x[0]),0.9999999403953552,True,0.9999999999999989,0.9999999999999988,5.0,1128,0.034502779017202556,0.0,0,exp(0.500000052917 * (log(1.2300000737 * x0) - (1 + x0) * 5.07429716023e-08)),exp(0.500000052917 * (log(1.2300000737 * x0) - (1 + x0) * 5.07429716023e-08)),1.11*x0**0.5,"[0.5000000529172903, 1.2300000737017454, 1.0, 1.0000000507429716, 1.0]","{""K"": 500, ""c"": 6.0, ""exploration_rate"": 0.1, ""gamma"": 0.5, ""gp_rate"": 0.5, ""lm_iterations"": 10, ""max_constants"": 999, ""max_depth"": 6, ""max_evals"": 2000000, ""max_unary"": 999, ""mutation_rate"": 0.1, ""ops"": [""+"", ""-"", ""*"", ""/"", ""sin"", ""cos"", ""exp"", ""log"", ""R""], ""succ_error_tol"": 1e-06}","{""K"": 500, ""c"": 6.0, ""exploration_rate"": 0.1, ""gamma"": 0.5, ""gp_rate"": 0.5, ""lm_iterations"": 10, ""max_constants"": 999, ""max_depth"": 6, ""max_evals"": 2000000, ""max_unary"": 999, ""mutation_rate"": 0.1, ""ops"": [""+"", ""-"", ""*"", ""/"", ""sin"", ""cos"", ""exp"", ""log"", ""R""], ""succ_error_tol"": 1e-06}",0.5
imcts,NguyenC,8,NguyenC-8,expression,94,11653,40,20,20,1,"[""x0""]",sqrt(1.23*x[0]),0.9999999403953552,True,0.9999999999999996,0.9999999999999997,5.0,758,0.022944897005800158,0.0,0,1.10905371269 * (exp(log(x0) * 0.499999974723) + -3.41217928242e-08 / sin(x0 / x0)),1.10905371269 * (exp(log(x0) * 0.499999974723) + -3.41217928242e-08 / sin(x0 / x0)),1.11*x0**0.5,"[0.10350714064291196, 1.0471975803841285, 2.141592687711586, 1.0]","{""K"": 500, ""c"": 6.0, ""exploration_rate"": 0.1, ""gamma"": 0.5, ""gp_rate"": 0.5, ""lm_iterations"": 10, ""max_constants"": 999, ""max_depth"": 6, ""max_evals"": 2000000, ""max_unary"": 999, ""mutation_rate"": 0.1, ""ops"": [""+"", ""-"", ""*"", ""/"", ""sin"", ""cos"", ""exp"", ""log"", ""R""], ""succ_error_tol"": 1e-06}","{""K"": 500, ""c"": 6.0, ""exploration_rate"": 0.1, ""gamma"": 0.5, ""gp_rate"": 0.5, ""lm_iterations"": 10, ""max_constants"": 999, ""max_depth"": 6, ""max_evals"": 2000000, ""max_unary"": 999, ""mutation_rate"": 0.1, ""ops"": [""+"", ""-"", ""*"", ""/"", ""sin"", ""cos"", ""exp"", ""log"", ""R""], ""succ_error_tol"": 1e-06}",0.5
imcts,NguyenC,8,NguyenC-8,expression,95,10805,40,20,20,1,"[""x0""]",sqrt(1.23*x[0]),0.9999998807907104,True,0.9999999999999996,0.9999999999999998,5.0,2698,0.08782038796925917,0.0,0,exp((1.4372531873 + log(x0)) / 1.99999998051 - 0.615119524907),exp((1.4372531873 + log(x0)) / 1.99999998051 - 0.615119524907),1.11*x0**0.5,"[1.4372531872983745, 1.999999980509851, 0.6151195249069488]","{""K"": 500, ""c"": 6.0, ""exploration_rate"": 0.1, ""gamma"": 0.5, ""gp_rate"": 0.5, ""lm_iterations"": 10, ""max_constants"": 999, ""max_depth"": 6, ""max_evals"": 2000000, ""max_unary"": 999, ""mutation_rate"": 0.1, ""ops"": [""+"", ""-"", ""*"", ""/"", ""sin"", ""cos"", ""exp"", ""log"", ""R""], ""succ_error_tol"": 1e-06}","{""K"": 500, ""c"": 6.0, ""exploration_rate"": 0.1, ""gamma"": 0.5, ""gp_rate"": 0.5, ""lm_iterations"": 10, ""max_constants"": 999, ""max_depth"": 6, ""max_evals"": 2000000, ""max_unary"": 999, ""mutation_rate"": 0.1, ""ops"": [""+"", ""-"", ""*"", ""/"", ""sin"", ""cos"", ""exp"", ""log"", ""R""], ""succ_error_tol"": 1e-06}",0.5
imcts,NguyenC,8,NguyenC-8,expression,96,13417,40,20,20,1,"[""x0""]",sqrt(1.23*x[0]),0.9999999403953552,True,1.0,0.9999999999999999,5.0,1277,0.038249444973189384,0.0,0,1.10905365626 * exp(log(x0) / 2.00000001852),1.10905365626 * exp(log(x0) / 2.00000001852),1.11*x0**0.5,"[1.1090536562578548, 0.6931471898177205]","{""K"": 500, ""c"": 6.0, ""exploration_rate"": 0.1, ""gamma"": 0.5, ""gp_rate"": 0.5, ""lm_iterations"": 10, ""max_constants"": 999, ""max_depth"": 6, ""max_evals"": 2000000, ""max_unary"": 999, ""mutation_rate"": 0.1, ""ops"": [""+"", ""-"", ""*"", ""/"", ""sin"", ""cos"", ""exp"", ""log"", ""R""], ""succ_error_tol"": 1e-06}","{""K"": 500, ""c"": 6.0, ""exploration_rate"": 0.1, ""gamma"": 0.5, ""gp_rate"": 0.5, ""lm_iterations"": 10, ""max_constants"": 999, ""max_depth"": 6, ""max_evals"": 2000000, ""max_unary"": 999, ""mutation_rate"": 0.1, ""ops"": [""+"", ""-"", ""*"", ""/"", ""sin"", ""cos"", ""exp"", ""log"", ""R""], ""succ_error_tol"": 1e-06}",0.5
imcts,NguyenC,8,NguyenC-8,expression,97,20227,40,20,20,1,"[""x0""]",sqrt(1.23*x[0]),0.9999999403953552,True,0.9999999999999947,0.9999999999999968,5.0,7518,0.2643835889757611,0.0,0,exp(0.359256728916 * (0.288114561846 - log(x0) * -1.39176229384)),exp(0.359256728916 * (0.288114561846 - log(x0) * -1.39176229384)),1.11*x0**0.5,"[1.432264457976763, 0.2881145618464466, 0.2486367472044792]","{""K"": 500, ""c"": 6.0, ""exploration_rate"": 0.1, ""gamma"": 0.5, ""gp_rate"": 0.5, ""lm_iterations"": 10, ""max_constants"": 999, ""max_depth"": 6, ""max_evals"": 2000000, ""max_unary"": 999, ""mutation_rate"": 0.1, ""ops"": [""+"", ""-"", ""*"", ""/"", ""sin"", ""cos"", ""exp"", ""log"", ""R""], ""succ_error_tol"": 1e-06}","{""K"": 500, ""c"": 6.0, ""exploration_rate"": 0.1, ""gamma"": 0.5, ""gp_rate"": 0.5, ""lm_iterations"": 10, ""max_constants"": 999, ""max_depth"": 6, ""max_evals"": 2000000, ""max_unary"": 999, ""mutation_rate"": 0.1, ""ops"": [""+"", ""-"", ""*"", ""/"", ""sin"", ""cos"", ""exp"", ""log"", ""R""], ""succ_error_tol"": 1e-06}",0.5
imcts,NguyenC,8,NguyenC-8,expression,98,7989,40,20,20,1,"[""x0""]",sqrt(1.23*x[0]),0.9999999403953552,True,0.9999999999999996,0.9999999999999997,5.0,5459,0.18444934696890414,0.0,0,exp(1.1987113394 + (log(x0) - 2.19040854509) / 2.00000003855),exp(1.1987113394 + (log(x0) - 2.19040854509) / 2.00000003855),1.11*x0**0.5,"[1.198711339404736, 1.1904085450892237, 1.0, 2.0000000385479235]","{""K"": 500, ""c"": 6.0, ""exploration_rate"": 0.1, ""gamma"": 0.5, ""gp_rate"": 0.5, ""lm_iterations"": 10, ""max_constants"": 999, ""max_depth"": 6, ""max_evals"": 2000000, ""max_unary"": 999, ""mutation_rate"": 0.1, ""ops"": [""+"", ""-"", ""*"", ""/"", ""sin"", ""cos"", ""exp"", ""log"", ""R""], ""succ_error_tol"": 1e-06}","{""K"": 500, ""c"": 6.0, ""exploration_rate"": 0.1, ""gamma"": 0.5, ""gp_rate"": 0.5, ""lm_iterations"": 10, ""max_constants"": 999, ""max_depth"": 6, ""max_evals"": 2000000, ""max_unary"": 999, ""mutation_rate"": 0.1, ""ops"": [""+"", ""-"", ""*"", ""/"", ""sin"", ""cos"", ""exp"", ""log"", ""R""], ""succ_error_tol"": 1e-06}",0.5
imcts,NguyenC,8,NguyenC-8,expression,99,9692,40,20,20,1,"[""x0""]",sqrt(1.23*x[0]),0.9999999403953552,True,0.999999999999999,0.9999999999999981,5.0,363,0.010083939996547997,0.0,0,exp(log(x0 * 1.03500930276 / 0.841470984808) / 1.99999994489),exp(log(x0 * 1.03500930276 / 0.841470984808) / 1.99999994489),1.11*x0**0.5,"[1.035009302760573, 1.0, 1.9999999448858534]","{""K"": 500, ""c"": 6.0, ""exploration_rate"": 0.1, ""gamma"": 0.5, ""gp_rate"": 0.5, ""lm_iterations"": 10, ""max_constants"": 999, ""max_depth"": 6, ""max_evals"": 2000000, ""max_unary"": 999, ""mutation_rate"": 0.1, ""ops"": [""+"", ""-"", ""*"", ""/"", ""sin"", ""cos"", ""exp"", ""log"", ""R""], ""succ_error_tol"": 1e-06}","{""K"": 500, ""c"": 6.0, ""exploration_rate"": 0.1, ""gamma"": 0.5, ""gp_rate"": 0.5, ""lm_iterations"": 10, ""max_constants"": 999, ""max_depth"": 6, ""max_evals"": 2000000, ""max_unary"": 999, ""mutation_rate"": 0.1, ""ops"": [""+"", ""-"", ""*"", ""/"", ""sin"", ""cos"", ""exp"", ""log"", ""R""], ""succ_error_tol"": 1e-06}",0.5
