algorithm,group,case_id,case_name,source_type,run,seed,samples_total,samples_train,samples_test,variables,feature_names,target_expression,reward,success,train_r2,test_r2,complexity,evaluations,time_sec,tuning_time_sec,tuning_evaluations,expression,materialized_expression,simplified_expression,coefficients,algorithm_params,tuned_params,test_ratio
imcts,NguyenC,1,NguyenC-1,expression,0,23654,40,20,20,1,"[""x0""]",3.39 * x[0]**3 + 2.12 * x[0]**2 + 1.78 * x[0],1.0,True,0.9999999999999993,0.9999999999999997,11.0,5439,0.180662373022642,0.0,0,(x0 - -0.62536881121) * 3.38999969882 * x0 * x0 + 0.880937504915 - (x0 - 1.1294068208) * -0.780000177481 + x0,(x0 - -0.62536881121) * 3.38999969882 * x0 * x0 + 0.880937504915 - (x0 - 1.1294068208) * -0.780000177481 + x0,x0*(x0*(3.39*x0 + 2.12) + 1.78),"[-0.6253688112102371, 1.2208298325479674, 0.49295669884082216, 1.129406820799179, -0.7800001774813414]","{""K"": 500, ""c"": 6.0, ""exploration_rate"": 0.1, ""gamma"": 0.5, ""gp_rate"": 0.5, ""lm_iterations"": 10, ""max_constants"": 999, ""max_depth"": 6, ""max_evals"": 2000000, ""max_unary"": 999, ""mutation_rate"": 0.1, ""ops"": [""+"", ""-"", ""*"", ""/"", ""sin"", ""cos"", ""exp"", ""log"", ""R""], ""succ_error_tol"": 1e-06}","{""K"": 500, ""c"": 6.0, ""exploration_rate"": 0.1, ""gamma"": 0.5, ""gp_rate"": 0.5, ""lm_iterations"": 10, ""max_constants"": 999, ""max_depth"": 6, ""max_evals"": 2000000, ""max_unary"": 999, ""mutation_rate"": 0.1, ""ops"": [""+"", ""-"", ""*"", ""/"", ""sin"", ""cos"", ""exp"", ""log"", ""R""], ""succ_error_tol"": 1e-06}",0.5
imcts,NguyenC,1,NguyenC-1,expression,1,15795,40,20,20,1,"[""x0""]",3.39 * x[0]**3 + 2.12 * x[0]**2 + 1.78 * x[0],0.9999999403953552,True,0.9999999999999996,0.9999999999999992,10.0,5456,0.18645596195710823,0.0,0,(1.78000013973 + (0.625368780608 + x0) * x0 * 3.38999989504) * x0,(1.78000013973 + (0.625368780608 + x0) * x0 * 3.38999989504) * x0,x0*(3.39*x0*(x0 + 0.625) + 1.78),"[1.7800001397328178, 0.6253687806084531, 3.389999895044513]","{""K"": 500, ""c"": 6.0, ""exploration_rate"": 0.1, ""gamma"": 0.5, ""gp_rate"": 0.5, ""lm_iterations"": 10, ""max_constants"": 999, ""max_depth"": 6, ""max_evals"": 2000000, ""max_unary"": 999, ""mutation_rate"": 0.1, ""ops"": [""+"", ""-"", ""*"", ""/"", ""sin"", ""cos"", ""exp"", ""log"", ""R""], ""succ_error_tol"": 1e-06}","{""K"": 500, ""c"": 6.0, ""exploration_rate"": 0.1, ""gamma"": 0.5, ""gp_rate"": 0.5, ""lm_iterations"": 10, ""max_constants"": 999, ""max_depth"": 6, ""max_evals"": 2000000, ""max_unary"": 999, ""mutation_rate"": 0.1, ""ops"": [""+"", ""-"", ""*"", ""/"", ""sin"", ""cos"", ""exp"", ""log"", ""R""], ""succ_error_tol"": 1e-06}",0.5
imcts,NguyenC,1,NguyenC-1,expression,2,860,40,20,20,1,"[""x0""]",3.39 * x[0]**3 + 2.12 * x[0]**2 + 1.78 * x[0],0.9999999403953552,True,0.9999999999999996,0.9999999999999997,11.0,7423,0.2595411529764533,0.0,0,(x0 * x0 * 1.9044945228 * (x0 - -0.625368722408) - (0.106113112327 - (x0 - -0.106113096724))) * 1.77999996282,(x0 * x0 * 1.9044945228 * (x0 - -0.625368722408) - (0.106113112327 - (x0 - -0.106113096724))) * 1.77999996282,x0*(x0*(3.39*x0 + 2.12) + 1.78),"[1.9044945228013115, -0.6253687224084639, 0.10611311232651902, -0.10611309672434488, 1.4557130772708375, 0.8790997338522046]","{""K"": 500, ""c"": 6.0, ""exploration_rate"": 0.1, ""gamma"": 0.5, ""gp_rate"": 0.5, ""lm_iterations"": 10, ""max_constants"": 999, ""max_depth"": 6, ""max_evals"": 2000000, ""max_unary"": 999, ""mutation_rate"": 0.1, ""ops"": [""+"", ""-"", ""*"", ""/"", ""sin"", ""cos"", ""exp"", ""log"", ""R""], ""succ_error_tol"": 1e-06}","{""K"": 500, ""c"": 6.0, ""exploration_rate"": 0.1, ""gamma"": 0.5, ""gp_rate"": 0.5, ""lm_iterations"": 10, ""max_constants"": 999, ""max_depth"": 6, ""max_evals"": 2000000, ""max_unary"": 999, ""mutation_rate"": 0.1, ""ops"": [""+"", ""-"", ""*"", ""/"", ""sin"", ""cos"", ""exp"", ""log"", ""R""], ""succ_error_tol"": 1e-06}",0.5
imcts,NguyenC,1,NguyenC-1,expression,3,5390,40,20,20,1,"[""x0""]",3.39 * x[0]**3 + 2.12 * x[0]**2 + 1.78 * x[0],0.9999999403953552,True,0.9999999999999994,0.9999999999999996,11.0,8876,0.31172426498960704,0.0,0,x0 * 3.3899999504 * (x0 - -0.625368759383) * x0 * x0 / x0 + x0 * 1.78000009853,x0 * 3.3899999504 * (x0 - -0.625368759383) * x0 * x0 / x0 + x0 * 1.78000009853,x0*(x0*(3.39*x0 + 2.12) + 1.78),"[3.3899999503956777, -0.6253687593832155, 1.7800000985314666]","{""K"": 500, ""c"": 6.0, ""exploration_rate"": 0.1, ""gamma"": 0.5, ""gp_rate"": 0.5, ""lm_iterations"": 10, ""max_constants"": 999, ""max_depth"": 6, ""max_evals"": 2000000, ""max_unary"": 999, ""mutation_rate"": 0.1, ""ops"": [""+"", ""-"", ""*"", ""/"", ""sin"", ""cos"", ""exp"", ""log"", ""R""], ""succ_error_tol"": 1e-06}","{""K"": 500, ""c"": 6.0, ""exploration_rate"": 0.1, ""gamma"": 0.5, ""gp_rate"": 0.5, ""lm_iterations"": 10, ""max_constants"": 999, ""max_depth"": 6, ""max_evals"": 2000000, ""max_unary"": 999, ""mutation_rate"": 0.1, ""ops"": [""+"", ""-"", ""*"", ""/"", ""sin"", ""cos"", ""exp"", ""log"", ""R""], ""succ_error_tol"": 1e-06}",0.5
imcts,NguyenC,1,NguyenC-1,expression,4,16850,40,20,20,1,"[""x0""]",3.39 * x[0]**3 + 2.12 * x[0]**2 + 1.78 * x[0],0.9999999403953552,True,0.9999999999999999,0.9999999999999998,12.0,3366,0.11934259696863592,0.0,0,-3.39000016097 * ((x0 - 1.07878887956) * -0.625368680668 - (1.19971446965 + x0 * x0)) * x0,-3.39000016097 * ((x0 - 1.07878887956) * -0.625368680668 - (1.19971446965 + x0 * x0)) * x0,x0*(3.39*x0**2 + 2.12*x0 + 1.78),"[-3.2383547566974573, 1.04682791592303, 1.0787888795603804, 0.5350641242513047, 0.832006301837824, 1.441953584964306]","{""K"": 500, ""c"": 6.0, ""exploration_rate"": 0.1, ""gamma"": 0.5, ""gp_rate"": 0.5, ""lm_iterations"": 10, ""max_constants"": 999, ""max_depth"": 6, ""max_evals"": 2000000, ""max_unary"": 999, ""mutation_rate"": 0.1, ""ops"": [""+"", ""-"", ""*"", ""/"", ""sin"", ""cos"", ""exp"", ""log"", ""R""], ""succ_error_tol"": 1e-06}","{""K"": 500, ""c"": 6.0, ""exploration_rate"": 0.1, ""gamma"": 0.5, ""gp_rate"": 0.5, ""lm_iterations"": 10, ""max_constants"": 999, ""max_depth"": 6, ""max_evals"": 2000000, ""max_unary"": 999, ""mutation_rate"": 0.1, ""ops"": [""+"", ""-"", ""*"", ""/"", ""sin"", ""cos"", ""exp"", ""log"", ""R""], ""succ_error_tol"": 1e-06}",0.5
imcts,NguyenC,1,NguyenC-1,expression,5,29910,40,20,20,1,"[""x0""]",3.39 * x[0]**3 + 2.12 * x[0]**2 + 1.78 * x[0],0.9999999403953552,True,0.9999999999999978,0.999999999999998,10.0,11983,0.4353899889974855,0.0,0,(2.21418465218 * x0 * 0.998372327517 * (x0 + 0.625368712482) + 1.16071775042) * 1.53353385145 * x0,(2.21418465218 * x0 * 0.998372327517 * (x0 + 0.625368712482) + 1.16071775042) * 1.53353385145 * x0,x0*(3.39*x0*(x0 + 0.625) + 1.78),"[2.2141846521817796, 1.6278596990787864, 0.6253687124817224, 1.1607177504158144, 1.5335338514461043]","{""K"": 500, ""c"": 6.0, ""exploration_rate"": 0.1, ""gamma"": 0.5, ""gp_rate"": 0.5, ""lm_iterations"": 10, ""max_constants"": 999, ""max_depth"": 6, ""max_evals"": 2000000, ""max_unary"": 999, ""mutation_rate"": 0.1, ""ops"": [""+"", ""-"", ""*"", ""/"", ""sin"", ""cos"", ""exp"", ""log"", ""R""], ""succ_error_tol"": 1e-06}","{""K"": 500, ""c"": 6.0, ""exploration_rate"": 0.1, ""gamma"": 0.5, ""gp_rate"": 0.5, ""lm_iterations"": 10, ""max_constants"": 999, ""max_depth"": 6, ""max_evals"": 2000000, ""max_unary"": 999, ""mutation_rate"": 0.1, ""ops"": [""+"", ""-"", ""*"", ""/"", ""sin"", ""cos"", ""exp"", ""log"", ""R""], ""succ_error_tol"": 1e-06}",0.5
imcts,NguyenC,1,NguyenC-1,expression,6,4426,40,20,20,1,"[""x0""]",3.39 * x[0]**3 + 2.12 * x[0]**2 + 1.78 * x[0],0.9999999403953552,True,0.9999999999999993,0.9999999999999989,11.0,15881,0.6197267610114068,0.0,0,x0 * (x0 + 0.525073679977 + (x0 - 0.374631330627) * x0) / 0.294985230209,x0 * (x0 + 0.525073679977 + (x0 - 0.374631330627) * x0) / 0.294985230209,3.39*x0*(x0*(x0 - 0.375) + x0 + 0.525),"[0.5250736799771273, 0.3746313306266178, 0.2949852302090899]","{""K"": 500, ""c"": 6.0, ""exploration_rate"": 0.1, ""gamma"": 0.5, ""gp_rate"": 0.5, ""lm_iterations"": 10, ""max_constants"": 999, ""max_depth"": 6, ""max_evals"": 2000000, ""max_unary"": 999, ""mutation_rate"": 0.1, ""ops"": [""+"", ""-"", ""*"", ""/"", ""sin"", ""cos"", ""exp"", ""log"", ""R""], ""succ_error_tol"": 1e-06}","{""K"": 500, ""c"": 6.0, ""exploration_rate"": 0.1, ""gamma"": 0.5, ""gp_rate"": 0.5, ""lm_iterations"": 10, ""max_constants"": 999, ""max_depth"": 6, ""max_evals"": 2000000, ""max_unary"": 999, ""mutation_rate"": 0.1, ""ops"": [""+"", ""-"", ""*"", ""/"", ""sin"", ""cos"", ""exp"", ""log"", ""R""], ""succ_error_tol"": 1e-06}",0.5
imcts,NguyenC,1,NguyenC-1,expression,7,21962,40,20,20,1,"[""x0""]",3.39 * x[0]**3 + 2.12 * x[0]**2 + 1.78 * x[0],0.9999999403953552,True,0.9999999999999997,0.9999999999999997,13.0,24726,0.9769570290227421,0.0,0,1.41649191636e-08 + 2.70920360914 * x0 - x0 + (4.38999990775 * x0 - (x0 - 2)) * (x0 - 0.964601796682 + 1) / (1 / x0),1.41649191636e-08 + 2.70920360914 * x0 - x0 + (4.38999990775 * x0 - (x0 - 2)) * (x0 - 0.964601796682 + 1) / (1 / x0),x0*((x0 + 0.035)*(3.39*x0 + 2) + 1.71),"[2.832983812654544e-08, 1.999999985835081, 2.7092036091449305, 4.3899999077511485, 0.9999999999999999, 1.0, 1.0, 1.0, 1.0, 0.9646017966823195, 1.0, 1.0000000000000002]","{""K"": 500, ""c"": 6.0, ""exploration_rate"": 0.1, ""gamma"": 0.5, ""gp_rate"": 0.5, ""lm_iterations"": 10, ""max_constants"": 999, ""max_depth"": 6, ""max_evals"": 2000000, ""max_unary"": 999, ""mutation_rate"": 0.1, ""ops"": [""+"", ""-"", ""*"", ""/"", ""sin"", ""cos"", ""exp"", ""log"", ""R""], ""succ_error_tol"": 1e-06}","{""K"": 500, ""c"": 6.0, ""exploration_rate"": 0.1, ""gamma"": 0.5, ""gp_rate"": 0.5, ""lm_iterations"": 10, ""max_constants"": 999, ""max_depth"": 6, ""max_evals"": 2000000, ""max_unary"": 999, ""mutation_rate"": 0.1, ""ops"": [""+"", ""-"", ""*"", ""/"", ""sin"", ""cos"", ""exp"", ""log"", ""R""], ""succ_error_tol"": 1e-06}",0.5
imcts,NguyenC,1,NguyenC-1,expression,8,14423,40,20,20,1,"[""x0""]",3.39 * x[0]**3 + 2.12 * x[0]**2 + 1.78 * x[0],1.0,True,0.9999999999999994,0.9999999999999997,10.0,5321,0.17899040196789429,0.0,0,x0 * (-3.09422280816e-08 + x0 * 3.39000020995) * (0.625368702298 + 0.525073693785 / x0 + x0),x0 * (-3.09422280816e-08 + x0 * 3.39000020995) * (0.625368702298 + 0.525073693785 / x0 + x0),3.39*x0*(x0*(x0 + 0.625) + 0.525),"[-0.06250341420238814, -3.2937942795997645e-08, 3.390000209951269, 1.3558456023540475, 1.5622574366853974, 0.5250736937853464]","{""K"": 500, ""c"": 6.0, ""exploration_rate"": 0.1, ""gamma"": 0.5, ""gp_rate"": 0.5, ""lm_iterations"": 10, ""max_constants"": 999, ""max_depth"": 6, ""max_evals"": 2000000, ""max_unary"": 999, ""mutation_rate"": 0.1, ""ops"": [""+"", ""-"", ""*"", ""/"", ""sin"", ""cos"", ""exp"", ""log"", ""R""], ""succ_error_tol"": 1e-06}","{""K"": 500, ""c"": 6.0, ""exploration_rate"": 0.1, ""gamma"": 0.5, ""gp_rate"": 0.5, ""lm_iterations"": 10, ""max_constants"": 999, ""max_depth"": 6, ""max_evals"": 2000000, ""max_unary"": 999, ""mutation_rate"": 0.1, ""ops"": [""+"", ""-"", ""*"", ""/"", ""sin"", ""cos"", ""exp"", ""log"", ""R""], ""succ_error_tol"": 1e-06}",0.5
imcts,NguyenC,1,NguyenC-1,expression,9,28020,40,20,20,1,"[""x0""]",3.39 * x[0]**3 + 2.12 * x[0]**2 + 1.78 * x[0],0.9999999403953552,True,1.0,1.0,10.0,10582,0.38177252502646297,0.0,0,x0 * 3.38999995795 * ((0.625368740552 + x0) * x0 + 0.525073752894),x0 * 3.38999995795 * ((0.625368740552 + x0) * x0 + 0.525073752894),3.39*x0*(x0*(x0 + 0.625) + 0.525),"[3.389999957948046, 0.6253687405520721, 0.5250737528944389]","{""K"": 500, ""c"": 6.0, ""exploration_rate"": 0.1, ""gamma"": 0.5, ""gp_rate"": 0.5, ""lm_iterations"": 10, ""max_constants"": 999, ""max_depth"": 6, ""max_evals"": 2000000, ""max_unary"": 999, ""mutation_rate"": 0.1, ""ops"": [""+"", ""-"", ""*"", ""/"", ""sin"", ""cos"", ""exp"", ""log"", ""R""], ""succ_error_tol"": 1e-06}","{""K"": 500, ""c"": 6.0, ""exploration_rate"": 0.1, ""gamma"": 0.5, ""gp_rate"": 0.5, ""lm_iterations"": 10, ""max_constants"": 999, ""max_depth"": 6, ""max_evals"": 2000000, ""max_unary"": 999, ""mutation_rate"": 0.1, ""ops"": [""+"", ""-"", ""*"", ""/"", ""sin"", ""cos"", ""exp"", ""log"", ""R""], ""succ_error_tol"": 1e-06}",0.5
imcts,NguyenC,1,NguyenC-1,expression,10,29802,40,20,20,1,"[""x0""]",3.39 * x[0]**3 + 2.12 * x[0]**2 + 1.78 * x[0],0.9999999403953552,True,0.9999999999999998,0.9999999999999998,11.0,7768,0.2629162280354649,0.0,0,x0 * (1.77999988634 + (2.12000005234 + x0 * 3.39000018301) * x0),x0 * (1.77999988634 + (2.12000005234 + x0 * 3.39000018301) * x0),x0*(x0*(3.39*x0 + 2.12) + 1.78),"[1.0, 0.93852890153052, 8.331137923598536, 3.3900001830070887]","{""K"": 500, ""c"": 6.0, ""exploration_rate"": 0.1, ""gamma"": 0.5, ""gp_rate"": 0.5, ""lm_iterations"": 10, ""max_constants"": 999, ""max_depth"": 6, ""max_evals"": 2000000, ""max_unary"": 999, ""mutation_rate"": 0.1, ""ops"": [""+"", ""-"", ""*"", ""/"", ""sin"", ""cos"", ""exp"", ""log"", ""R""], ""succ_error_tol"": 1e-06}","{""K"": 500, ""c"": 6.0, ""exploration_rate"": 0.1, ""gamma"": 0.5, ""gp_rate"": 0.5, ""lm_iterations"": 10, ""max_constants"": 999, ""max_depth"": 6, ""max_evals"": 2000000, ""max_unary"": 999, ""mutation_rate"": 0.1, ""ops"": [""+"", ""-"", ""*"", ""/"", ""sin"", ""cos"", ""exp"", ""log"", ""R""], ""succ_error_tol"": 1e-06}",0.5
imcts,NguyenC,1,NguyenC-1,expression,11,21575,40,20,20,1,"[""x0""]",3.39 * x[0]**3 + 2.12 * x[0]**2 + 1.78 * x[0],0.9999999403953552,True,0.999999999954278,0.9999999999456705,22.0,12300,0.44878101599169895,0.0,0,1.65417051826 / (0.92930929012 / (-4.04438508221e-09 + x0) + -0.00823812067307) + x0 * 2.71828182846 * (x0 + x0) * (x0 * 0.623538030774 - 0.841470984808 + 1.22852071896),1.65417051826 / (0.92930929012 / (-4.04438508221e-09 + x0) + -0.00823812067307) + x0 * 2.71828182846 * (x0 + x0) * (x0 * 0.623538030774 - 0.841470984808 + 1.22852071896),5.44*x0**2*(0.624*x0 + 0.387) - 1.65/(0.00806 - 0.929/x0),"[1.6541705182568582, 0.9293092901196668, -4.044385082213948e-09, 1.1865329375373335, 0.3925016031157329, 1.0, 0.6235380307742024, 1.0, 1.2285207189622054]","{""K"": 500, ""c"": 6.0, ""exploration_rate"": 0.1, ""gamma"": 0.5, ""gp_rate"": 0.5, ""lm_iterations"": 10, ""max_constants"": 999, ""max_depth"": 6, ""max_evals"": 2000000, ""max_unary"": 999, ""mutation_rate"": 0.1, ""ops"": [""+"", ""-"", ""*"", ""/"", ""sin"", ""cos"", ""exp"", ""log"", ""R""], ""succ_error_tol"": 1e-06}","{""K"": 500, ""c"": 6.0, ""exploration_rate"": 0.1, ""gamma"": 0.5, ""gp_rate"": 0.5, ""lm_iterations"": 10, ""max_constants"": 999, ""max_depth"": 6, ""max_evals"": 2000000, ""max_unary"": 999, ""mutation_rate"": 0.1, ""ops"": [""+"", ""-"", ""*"", ""/"", ""sin"", ""cos"", ""exp"", ""log"", ""R""], ""succ_error_tol"": 1e-06}",0.5
imcts,NguyenC,1,NguyenC-1,expression,12,11964,40,20,20,1,"[""x0""]",3.39 * x[0]**3 + 2.12 * x[0]**2 + 1.78 * x[0],0.9999999403953552,True,0.9999999999999983,0.9999999999999962,11.0,11945,0.4133744839928113,0.0,0,(0.818944282943 - (1.10386936815 - (x0 + 0.862292912079)) / 0.294985205807) * (x0 * x0 - x0 * 0.374631339396 + x0 + 0.525073621462),(0.818944282943 - (1.10386936815 - (x0 + 0.862292912079)) / 0.294985205807) * (x0 * x0 - x0 * 0.374631339396 + x0 + 0.525073621462),3.39*x0*(x0**2 + 0.625*x0 + 0.525),"[0.8189442829432114, 1.103869368149795, 0.8622929120788182, 0.2949852058065275, 0.3746313393963145, 0.5250736214624895]","{""K"": 500, ""c"": 6.0, ""exploration_rate"": 0.1, ""gamma"": 0.5, ""gp_rate"": 0.5, ""lm_iterations"": 10, ""max_constants"": 999, ""max_depth"": 6, ""max_evals"": 2000000, ""max_unary"": 999, ""mutation_rate"": 0.1, ""ops"": [""+"", ""-"", ""*"", ""/"", ""sin"", ""cos"", ""exp"", ""log"", ""R""], ""succ_error_tol"": 1e-06}","{""K"": 500, ""c"": 6.0, ""exploration_rate"": 0.1, ""gamma"": 0.5, ""gp_rate"": 0.5, ""lm_iterations"": 10, ""max_constants"": 999, ""max_depth"": 6, ""max_evals"": 2000000, ""max_unary"": 999, ""mutation_rate"": 0.1, ""ops"": [""+"", ""-"", ""*"", ""/"", ""sin"", ""cos"", ""exp"", ""log"", ""R""], ""succ_error_tol"": 1e-06}",0.5
imcts,NguyenC,1,NguyenC-1,expression,13,11284,40,20,20,1,"[""x0""]",3.39 * x[0]**3 + 2.12 * x[0]**2 + 1.78 * x[0],0.9999999403953552,True,0.999999999999997,0.9999999999999957,12.0,3829,0.11484727403149009,0.0,0,x0 * ((-0.839622517915 - x0) * -2.12000009209 + x0 * x0 * 0.86939588595 * 3.89925992486),x0 * ((-0.839622517915 - x0) * -2.12000009209 + x0 * x0 * 0.86939588595 * 3.89925992486),x0*(3.39*x0**2 + 2.12*x0 + 1.78),"[-0.8396225179153187, -2.120000092091951, 0.8693958859503315, 1.1322172638378505, 1.1322172638378505, 1.2786029083279995, 1.2786029083280002]","{""K"": 500, ""c"": 6.0, ""exploration_rate"": 0.1, ""gamma"": 0.5, ""gp_rate"": 0.5, ""lm_iterations"": 10, ""max_constants"": 999, ""max_depth"": 6, ""max_evals"": 2000000, ""max_unary"": 999, ""mutation_rate"": 0.1, ""ops"": [""+"", ""-"", ""*"", ""/"", ""sin"", ""cos"", ""exp"", ""log"", ""R""], ""succ_error_tol"": 1e-06}","{""K"": 500, ""c"": 6.0, ""exploration_rate"": 0.1, ""gamma"": 0.5, ""gp_rate"": 0.5, ""lm_iterations"": 10, ""max_constants"": 999, ""max_depth"": 6, ""max_evals"": 2000000, ""max_unary"": 999, ""mutation_rate"": 0.1, ""ops"": [""+"", ""-"", ""*"", ""/"", ""sin"", ""cos"", ""exp"", ""log"", ""R""], ""succ_error_tol"": 1e-06}",0.5
imcts,NguyenC,1,NguyenC-1,expression,14,22118,40,20,20,1,"[""x0""]",3.39 * x[0]**3 + 2.12 * x[0]**2 + 1.78 * x[0],0.9999999403953552,True,0.9999999999999989,0.9999999999999989,11.0,11273,0.3839139770134352,0.0,0,2.26856992732 * x0 / 1.27447736637 - (3.65174575675e-08 * (x0 - 0.999781471809) + (-0.625368775625 - x0) * x0 / 0.294985281746 * x0),2.26856992732 * x0 / 1.27447736637 - (3.65174575675e-08 * (x0 - 0.999781471809) + (-0.625368775625 - x0) * x0 / 0.294985281746 * x0),x0*(x0*(3.39*x0 + 2.12) + 1.78),"[2.134284963660074, -0.13428496366007495, 1.2744773663728821, 5.6483421255000866e-08, 1.5467511983979658, 0.9997814718090398, -0.6253687756251972, 0.29498528174557465]","{""K"": 500, ""c"": 6.0, ""exploration_rate"": 0.1, ""gamma"": 0.5, ""gp_rate"": 0.5, ""lm_iterations"": 10, ""max_constants"": 999, ""max_depth"": 6, ""max_evals"": 2000000, ""max_unary"": 999, ""mutation_rate"": 0.1, ""ops"": [""+"", ""-"", ""*"", ""/"", ""sin"", ""cos"", ""exp"", ""log"", ""R""], ""succ_error_tol"": 1e-06}","{""K"": 500, ""c"": 6.0, ""exploration_rate"": 0.1, ""gamma"": 0.5, ""gp_rate"": 0.5, ""lm_iterations"": 10, ""max_constants"": 999, ""max_depth"": 6, ""max_evals"": 2000000, ""max_unary"": 999, ""mutation_rate"": 0.1, ""ops"": [""+"", ""-"", ""*"", ""/"", ""sin"", ""cos"", ""exp"", ""log"", ""R""], ""succ_error_tol"": 1e-06}",0.5
imcts,NguyenC,1,NguyenC-1,expression,15,6265,40,20,20,1,"[""x0""]",3.39 * x[0]**3 + 2.12 * x[0]**2 + 1.78 * x[0],0.9999999403953552,True,0.9999999999999996,0.9999999999999993,12.0,8117,0.2695300049963407,0.0,0,(1.37044249569 + x0 + x0 * 2.60999959923 * (0.242226935938 + x0)) * x0 / x0 * x0 * 1.29885069001,(1.37044249569 + x0 + x0 * 2.60999959923 * (0.242226935938 + x0)) * x0 / x0 * x0 * 1.29885069001,x0*(3.39*x0**2 + 2.12*x0 + 1.78),"[1.3704424956928147, 2.609999599229686, 1.2740832951986951, 1.2988506900051773]","{""K"": 500, ""c"": 6.0, ""exploration_rate"": 0.1, ""gamma"": 0.5, ""gp_rate"": 0.5, ""lm_iterations"": 10, ""max_constants"": 999, ""max_depth"": 6, ""max_evals"": 2000000, ""max_unary"": 999, ""mutation_rate"": 0.1, ""ops"": [""+"", ""-"", ""*"", ""/"", ""sin"", ""cos"", ""exp"", ""log"", ""R""], ""succ_error_tol"": 1e-06}","{""K"": 500, ""c"": 6.0, ""exploration_rate"": 0.1, ""gamma"": 0.5, ""gp_rate"": 0.5, ""lm_iterations"": 10, ""max_constants"": 999, ""max_depth"": 6, ""max_evals"": 2000000, ""max_unary"": 999, ""mutation_rate"": 0.1, ""ops"": [""+"", ""-"", ""*"", ""/"", ""sin"", ""cos"", ""exp"", ""log"", ""R""], ""succ_error_tol"": 1e-06}",0.5
imcts,NguyenC,1,NguyenC-1,expression,16,11363,40,20,20,1,"[""x0""]",3.39 * x[0]**3 + 2.12 * x[0]**2 + 1.78 * x[0],0.9999999403953552,True,0.9999999999999999,0.9999999999999999,13.0,13230,0.4740712980274111,0.0,0,(1.77999997701 - x0 + 3.38999998023 * x0 * (0.920353975405 + x0)) * x0,(1.77999997701 - x0 + 3.38999998023 * x0 * (0.920353975405 + x0)) * x0,x0*(3.39*x0*(x0 + 0.92) - x0 + 1.78),"[1.7799999770094148, 3.3899999802313006, 0.9203539754049133]","{""K"": 500, ""c"": 6.0, ""exploration_rate"": 0.1, ""gamma"": 0.5, ""gp_rate"": 0.5, ""lm_iterations"": 10, ""max_constants"": 999, ""max_depth"": 6, ""max_evals"": 2000000, ""max_unary"": 999, ""mutation_rate"": 0.1, ""ops"": [""+"", ""-"", ""*"", ""/"", ""sin"", ""cos"", ""exp"", ""log"", ""R""], ""succ_error_tol"": 1e-06}","{""K"": 500, ""c"": 6.0, ""exploration_rate"": 0.1, ""gamma"": 0.5, ""gp_rate"": 0.5, ""lm_iterations"": 10, ""max_constants"": 999, ""max_depth"": 6, ""max_evals"": 2000000, ""max_unary"": 999, ""mutation_rate"": 0.1, ""ops"": [""+"", ""-"", ""*"", ""/"", ""sin"", ""cos"", ""exp"", ""log"", ""R""], ""succ_error_tol"": 1e-06}",0.5
imcts,NguyenC,1,NguyenC-1,expression,17,27495,40,20,20,1,"[""x0""]",3.39 * x[0]**3 + 2.12 * x[0]**2 + 1.78 * x[0],0.9999999403953552,True,0.9999999999999978,0.9999999999999973,11.0,14573,0.5267241799738258,0.0,0,1.69499966287 * (0.0396626841501 * x0 / 0.790915215293 + x0 + (2.25204836078e-08 + x0 * x0) * (1.25073765958 + x0 + x0)),1.69499966287 * (0.0396626841501 * x0 / 0.790915215293 + x0 + (2.25204836078e-08 + x0 * x0) * (1.25073765958 + x0 + x0)),x0*(x0*(3.39*x0 + 2.12) + 1.78),"[1.6949996628675539, 0.0396626841501279, 0.6584931403685271, 2.2520483607796615e-08, 1.2507376595751938]","{""K"": 500, ""c"": 6.0, ""exploration_rate"": 0.1, ""gamma"": 0.5, ""gp_rate"": 0.5, ""lm_iterations"": 10, ""max_constants"": 999, ""max_depth"": 6, ""max_evals"": 2000000, ""max_unary"": 999, ""mutation_rate"": 0.1, ""ops"": [""+"", ""-"", ""*"", ""/"", ""sin"", ""cos"", ""exp"", ""log"", ""R""], ""succ_error_tol"": 1e-06}","{""K"": 500, ""c"": 6.0, ""exploration_rate"": 0.1, ""gamma"": 0.5, ""gp_rate"": 0.5, ""lm_iterations"": 10, ""max_constants"": 999, ""max_depth"": 6, ""max_evals"": 2000000, ""max_unary"": 999, ""mutation_rate"": 0.1, ""ops"": [""+"", ""-"", ""*"", ""/"", ""sin"", ""cos"", ""exp"", ""log"", ""R""], ""succ_error_tol"": 1e-06}",0.5
imcts,NguyenC,1,NguyenC-1,expression,18,16023,40,20,20,1,"[""x0""]",3.39 * x[0]**3 + 2.12 * x[0]**2 + 1.78 * x[0],1.0,True,0.9999999999999991,0.9999999999999992,11.0,6050,0.19165004801470786,0.0,0,1.69499984787 * x0 * ((0.625368770476 + x0) * (x0 + x0) - -1.05014765438),1.69499984787 * x0 * ((0.625368770476 + x0) * (x0 + x0) - -1.05014765438),1.7*x0*(2*x0*(x0 + 0.625) + 1.05),"[1.6949998478736865, 0.6253687704755188, -1.050147654382041]","{""K"": 500, ""c"": 6.0, ""exploration_rate"": 0.1, ""gamma"": 0.5, ""gp_rate"": 0.5, ""lm_iterations"": 10, ""max_constants"": 999, ""max_depth"": 6, ""max_evals"": 2000000, ""max_unary"": 999, ""mutation_rate"": 0.1, ""ops"": [""+"", ""-"", ""*"", ""/"", ""sin"", ""cos"", ""exp"", ""log"", ""R""], ""succ_error_tol"": 1e-06}","{""K"": 500, ""c"": 6.0, ""exploration_rate"": 0.1, ""gamma"": 0.5, ""gp_rate"": 0.5, ""lm_iterations"": 10, ""max_constants"": 999, ""max_depth"": 6, ""max_evals"": 2000000, ""max_unary"": 999, ""mutation_rate"": 0.1, ""ops"": [""+"", ""-"", ""*"", ""/"", ""sin"", ""cos"", ""exp"", ""log"", ""R""], ""succ_error_tol"": 1e-06}",0.5
imcts,NguyenC,1,NguyenC-1,expression,19,8322,40,20,20,1,"[""x0""]",3.39 * x[0]**3 + 2.12 * x[0]**2 + 1.78 * x[0],0.9999999403953552,True,0.999999999999996,0.999999999999989,12.0,2791,0.08654223795747384,0.0,0,(x0 * 3.30817303368 * x0 + (2.03810890696 - x0) * (x0 + 0.594649821212)) * x0 * 0.540302305868 * 2.71828182846 + 4.56306608767e-08,(x0 * 3.30817303368 * x0 + (2.03810890696 - x0) * (x0 + 0.594649821212)) * x0 * 0.540302305868 * 2.71828182846 + 4.56306608767e-08,x0*(3.39*x0**2 + 2.12*x0 + 1.78),"[3.3081730336796613, 2.038108906958354, 0.5946498212118915, 1.0, 1.0, 1.0, 4.56306608766763e-08]","{""K"": 500, ""c"": 6.0, ""exploration_rate"": 0.1, ""gamma"": 0.5, ""gp_rate"": 0.5, ""lm_iterations"": 10, ""max_constants"": 999, ""max_depth"": 6, ""max_evals"": 2000000, ""max_unary"": 999, ""mutation_rate"": 0.1, ""ops"": [""+"", ""-"", ""*"", ""/"", ""sin"", ""cos"", ""exp"", ""log"", ""R""], ""succ_error_tol"": 1e-06}","{""K"": 500, ""c"": 6.0, ""exploration_rate"": 0.1, ""gamma"": 0.5, ""gp_rate"": 0.5, ""lm_iterations"": 10, ""max_constants"": 999, ""max_depth"": 6, ""max_evals"": 2000000, ""max_unary"": 999, ""mutation_rate"": 0.1, ""ops"": [""+"", ""-"", ""*"", ""/"", ""sin"", ""cos"", ""exp"", ""log"", ""R""], ""succ_error_tol"": 1e-06}",0.5
imcts,NguyenC,1,NguyenC-1,expression,20,1685,40,20,20,1,"[""x0""]",3.39 * x[0]**3 + 2.12 * x[0]**2 + 1.78 * x[0],0.9999999403953552,True,0.9999999999999996,0.9999999999999994,12.0,18410,0.6704590530134737,0.0,0,x0 * (x0 + cos(x0) - (cos(x0) - 1.85676534498) + 0.42216619278 - (0.498931550593 - x0) - (x0 + 0.0353982599387) * x0 * -3.39000007094),x0 * (x0 + cos(x0) - (cos(x0) - 1.85676534498) + 0.42216619278 - (0.498931550593 - x0) - (x0 + 0.0353982599387) * x0 * -3.39000007094),x0*(3.39*x0**2 + 2.12*x0 + 1.78),"[1.5436706613057396, 1.2028247938618943, 1.525261991051456, 0.49893155059326333, 0.03539825993866413, -3.3900000709396965]","{""K"": 500, ""c"": 6.0, ""exploration_rate"": 0.1, ""gamma"": 0.5, ""gp_rate"": 0.5, ""lm_iterations"": 10, ""max_constants"": 999, ""max_depth"": 6, ""max_evals"": 2000000, ""max_unary"": 999, ""mutation_rate"": 0.1, ""ops"": [""+"", ""-"", ""*"", ""/"", ""sin"", ""cos"", ""exp"", ""log"", ""R""], ""succ_error_tol"": 1e-06}","{""K"": 500, ""c"": 6.0, ""exploration_rate"": 0.1, ""gamma"": 0.5, ""gp_rate"": 0.5, ""lm_iterations"": 10, ""max_constants"": 999, ""max_depth"": 6, ""max_evals"": 2000000, ""max_unary"": 999, ""mutation_rate"": 0.1, ""ops"": [""+"", ""-"", ""*"", ""/"", ""sin"", ""cos"", ""exp"", ""log"", ""R""], ""succ_error_tol"": 1e-06}",0.5
imcts,NguyenC,1,NguyenC-1,expression,21,32052,40,20,20,1,"[""x0""]",3.39 * x[0]**3 + 2.12 * x[0]**2 + 1.78 * x[0],0.9999992847442627,True,0.9999999999994896,0.9999999999994128,12.0,3757,0.1163240930181928,0.0,0,(exp(cos(x0 - x0)) - (0.299321441923 - x0) * (x0 - -0.924690667728) * 3.39000007121) * (-4.85770570152e-07 + x0),(exp(cos(x0 - x0)) - (0.299321441923 - x0) * (x0 - -0.924690667728) * 3.39000007121) * (-4.85770570152e-07 + x0),x0*(3.39*(x0 - 0.299)*(x0 + 0.925) + E),"[0.2993214419232452, -0.9246906677279657, 3.390000071212792, 1.5707968125654668]","{""K"": 500, ""c"": 6.0, ""exploration_rate"": 0.1, ""gamma"": 0.5, ""gp_rate"": 0.5, ""lm_iterations"": 10, ""max_constants"": 999, ""max_depth"": 6, ""max_evals"": 2000000, ""max_unary"": 999, ""mutation_rate"": 0.1, ""ops"": [""+"", ""-"", ""*"", ""/"", ""sin"", ""cos"", ""exp"", ""log"", ""R""], ""succ_error_tol"": 1e-06}","{""K"": 500, ""c"": 6.0, ""exploration_rate"": 0.1, ""gamma"": 0.5, ""gp_rate"": 0.5, ""lm_iterations"": 10, ""max_constants"": 999, ""max_depth"": 6, ""max_evals"": 2000000, ""max_unary"": 999, ""mutation_rate"": 0.1, ""ops"": [""+"", ""-"", ""*"", ""/"", ""sin"", ""cos"", ""exp"", ""log"", ""R""], ""succ_error_tol"": 1e-06}",0.5
imcts,NguyenC,1,NguyenC-1,expression,22,769,40,20,20,1,"[""x0""]",3.39 * x[0]**3 + 2.12 * x[0]**2 + 1.78 * x[0],1.0,True,0.9999999999999993,0.9999999999999987,12.0,6106,0.2228825640049763,0.0,0,x0 / 0.787401660211 * (2.66929159305 * (x0 * x0 + x0 + 0.406120852675) + 0.317519924484 - x0),x0 / 0.787401660211 * (2.66929159305 * (x0 * x0 + x0 + 0.406120852675) + 0.317519924484 - x0),x0*(3.39*x0**2 + 2.12*x0 + 1.78),"[0.7874016602109811, 2.6692915930488503, 0.4061208526753168, 0.3175199244836159]","{""K"": 500, ""c"": 6.0, ""exploration_rate"": 0.1, ""gamma"": 0.5, ""gp_rate"": 0.5, ""lm_iterations"": 10, ""max_constants"": 999, ""max_depth"": 6, ""max_evals"": 2000000, ""max_unary"": 999, ""mutation_rate"": 0.1, ""ops"": [""+"", ""-"", ""*"", ""/"", ""sin"", ""cos"", ""exp"", ""log"", ""R""], ""succ_error_tol"": 1e-06}","{""K"": 500, ""c"": 6.0, ""exploration_rate"": 0.1, ""gamma"": 0.5, ""gp_rate"": 0.5, ""lm_iterations"": 10, ""max_constants"": 999, ""max_depth"": 6, ""max_evals"": 2000000, ""max_unary"": 999, ""mutation_rate"": 0.1, ""ops"": [""+"", ""-"", ""*"", ""/"", ""sin"", ""cos"", ""exp"", ""log"", ""R""], ""succ_error_tol"": 1e-06}",0.5
imcts,NguyenC,1,NguyenC-1,expression,23,26967,40,20,20,1,"[""x0""]",3.39 * x[0]**3 + 2.12 * x[0]**2 + 1.78 * x[0],0.9999999403953552,True,0.9999999999999963,0.9999999999999938,12.0,11,0.00046117801684886217,0.0,0,-1.69500024674 * x0 * ((x0 + 1.12536871703 + 0.525073670433 / x0) * (2.8723679435e-08 - (x0 + x0)) + x0),-1.69500024674 * x0 * ((x0 + 1.12536871703 + 0.525073670433 / x0) * (2.8723679435e-08 - (x0 + x0)) + x0),x0*(3.39*x0**2 + 2.12*x0 + 1.78),"[-1.6950002467387186, 1.1253687170304645, 0.5250736704326384, 1.0000000287236794, 1.0]","{""K"": 500, ""c"": 6.0, ""exploration_rate"": 0.1, ""gamma"": 0.5, ""gp_rate"": 0.5, ""lm_iterations"": 10, ""max_constants"": 999, ""max_depth"": 6, ""max_evals"": 2000000, ""max_unary"": 999, ""mutation_rate"": 0.1, ""ops"": [""+"", ""-"", ""*"", ""/"", ""sin"", ""cos"", ""exp"", ""log"", ""R""], ""succ_error_tol"": 1e-06}","{""K"": 500, ""c"": 6.0, ""exploration_rate"": 0.1, ""gamma"": 0.5, ""gp_rate"": 0.5, ""lm_iterations"": 10, ""max_constants"": 999, ""max_depth"": 6, ""max_evals"": 2000000, ""max_unary"": 999, ""mutation_rate"": 0.1, ""ops"": [""+"", ""-"", ""*"", ""/"", ""sin"", ""cos"", ""exp"", ""log"", ""R""], ""succ_error_tol"": 1e-06}",0.5
imcts,NguyenC,1,NguyenC-1,expression,24,30187,40,20,20,1,"[""x0""]",3.39 * x[0]**3 + 2.12 * x[0]**2 + 1.78 * x[0],0.9999999403953552,True,1.0,1.0,14.0,3746,0.11934885301161557,0.0,0,(1.54729144238 - (-0.142021176478 - x0) * x0 * 3.39000002851) * (x0 + 0.48334755867) + -0.747879545613,(1.54729144238 - (-0.142021176478 - x0) * x0 * 3.39000002851) * (x0 + 0.48334755867) + -0.747879545613,(x0 + 0.483)*(3.39*x0*(x0 + 0.142) + 1.55) - 0.748,"[1.5472914423781685, -0.1420211764784922, 3.3900000285082488, 0.48334755867018564, 2.4156583802368834]","{""K"": 500, ""c"": 6.0, ""exploration_rate"": 0.1, ""gamma"": 0.5, ""gp_rate"": 0.5, ""lm_iterations"": 10, ""max_constants"": 999, ""max_depth"": 6, ""max_evals"": 2000000, ""max_unary"": 999, ""mutation_rate"": 0.1, ""ops"": [""+"", ""-"", ""*"", ""/"", ""sin"", ""cos"", ""exp"", ""log"", ""R""], ""succ_error_tol"": 1e-06}","{""K"": 500, ""c"": 6.0, ""exploration_rate"": 0.1, ""gamma"": 0.5, ""gp_rate"": 0.5, ""lm_iterations"": 10, ""max_constants"": 999, ""max_depth"": 6, ""max_evals"": 2000000, ""max_unary"": 999, ""mutation_rate"": 0.1, ""ops"": [""+"", ""-"", ""*"", ""/"", ""sin"", ""cos"", ""exp"", ""log"", ""R""], ""succ_error_tol"": 1e-06}",0.5
imcts,NguyenC,1,NguyenC-1,expression,25,32157,40,20,20,1,"[""x0""]",3.39 * x[0]**3 + 2.12 * x[0]**2 + 1.78 * x[0],0.9999999403953552,True,0.999999999999997,0.9999999999999966,10.0,12584,0.47451013600220904,0.0,0,(0.0138261939596 + x0 * (0.625368692521 + x0)) * x0 / 0.294985265231 + x0 + x0 - 0.266870813501 * x0,(0.0138261939596 + x0 * (0.625368692521 + x0)) * x0 / 0.294985265231 + x0 + x0 - 0.266870813501 * x0,x0*(3.39*x0*(x0 + 0.625) + 1.78),"[1.0135709948998708, 1.0257023005478139, 0.6253686925205683, 1.2713562291363072, 1.3006517077757223]","{""K"": 500, ""c"": 6.0, ""exploration_rate"": 0.1, ""gamma"": 0.5, ""gp_rate"": 0.5, ""lm_iterations"": 10, ""max_constants"": 999, ""max_depth"": 6, ""max_evals"": 2000000, ""max_unary"": 999, ""mutation_rate"": 0.1, ""ops"": [""+"", ""-"", ""*"", ""/"", ""sin"", ""cos"", ""exp"", ""log"", ""R""], ""succ_error_tol"": 1e-06}","{""K"": 500, ""c"": 6.0, ""exploration_rate"": 0.1, ""gamma"": 0.5, ""gp_rate"": 0.5, ""lm_iterations"": 10, ""max_constants"": 999, ""max_depth"": 6, ""max_evals"": 2000000, ""max_unary"": 999, ""mutation_rate"": 0.1, ""ops"": [""+"", ""-"", ""*"", ""/"", ""sin"", ""cos"", ""exp"", ""log"", ""R""], ""succ_error_tol"": 1e-06}",0.5
imcts,NguyenC,1,NguyenC-1,expression,26,23333,40,20,20,1,"[""x0""]",3.39 * x[0]**3 + 2.12 * x[0]**2 + 1.78 * x[0],0.9999999403953552,True,0.9999999999999992,0.9999999999999994,10.0,8158,0.28009304497390985,0.0,0,(2.1438250674 + 2.1950817837e-07 * x0 * x0) * (0.525073789512 + (0.625368743685 + x0) * x0) * x0 * 1.58128560062,(2.1438250674 + 2.1950817837e-07 * x0 * x0) * (0.525073789512 + (0.625368743685 + x0) * x0) * x0 * 1.58128560062,3.39*x0*(x0*(x0 + 0.625) + 0.525),"[2.1438250674020116, 2.1950817836951338e-07, 0.8219618983638037, 0.48620009251963925, 0.6253687436848913, 1.5812856006229428]","{""K"": 500, ""c"": 6.0, ""exploration_rate"": 0.1, ""gamma"": 0.5, ""gp_rate"": 0.5, ""lm_iterations"": 10, ""max_constants"": 999, ""max_depth"": 6, ""max_evals"": 2000000, ""max_unary"": 999, ""mutation_rate"": 0.1, ""ops"": [""+"", ""-"", ""*"", ""/"", ""sin"", ""cos"", ""exp"", ""log"", ""R""], ""succ_error_tol"": 1e-06}","{""K"": 500, ""c"": 6.0, ""exploration_rate"": 0.1, ""gamma"": 0.5, ""gp_rate"": 0.5, ""lm_iterations"": 10, ""max_constants"": 999, ""max_depth"": 6, ""max_evals"": 2000000, ""max_unary"": 999, ""mutation_rate"": 0.1, ""ops"": [""+"", ""-"", ""*"", ""/"", ""sin"", ""cos"", ""exp"", ""log"", ""R""], ""succ_error_tol"": 1e-06}",0.5
imcts,NguyenC,1,NguyenC-1,expression,27,2433,40,20,20,1,"[""x0""]",3.39 * x[0]**3 + 2.12 * x[0]**2 + 1.78 * x[0],0.9999999403953552,True,0.9999999999999996,0.9999999999999996,11.0,6856,0.21082521096104756,0.0,0,x0 * x0 * (2.11999995914 + x0 * 3.38999969462 + 1.78000013453 / x0),x0 * x0 * (2.11999995914 + x0 * 3.38999969462 + 1.78000013453 / x0),x0*(x0*(3.39*x0 + 2.12) + 1.78),"[1.3449394955335858, 0.6344054346489095, 3.3899996946159403, 1.780000134525596]","{""K"": 500, ""c"": 6.0, ""exploration_rate"": 0.1, ""gamma"": 0.5, ""gp_rate"": 0.5, ""lm_iterations"": 10, ""max_constants"": 999, ""max_depth"": 6, ""max_evals"": 2000000, ""max_unary"": 999, ""mutation_rate"": 0.1, ""ops"": [""+"", ""-"", ""*"", ""/"", ""sin"", ""cos"", ""exp"", ""log"", ""R""], ""succ_error_tol"": 1e-06}","{""K"": 500, ""c"": 6.0, ""exploration_rate"": 0.1, ""gamma"": 0.5, ""gp_rate"": 0.5, ""lm_iterations"": 10, ""max_constants"": 999, ""max_depth"": 6, ""max_evals"": 2000000, ""max_unary"": 999, ""mutation_rate"": 0.1, ""ops"": [""+"", ""-"", ""*"", ""/"", ""sin"", ""cos"", ""exp"", ""log"", ""R""], ""succ_error_tol"": 1e-06}",0.5
imcts,NguyenC,1,NguyenC-1,expression,28,5311,40,20,20,1,"[""x0""]",3.39 * x[0]**3 + 2.12 * x[0]**2 + 1.78 * x[0],0.9999999403953552,True,0.9999999999999987,0.9999999999999986,10.0,6629,0.22240798798156902,0.0,0,1.30528933404 * x0 * x0 / 0.385041073028 * (0.525073692336 / x0 + x0 - 0.290456206896 - (0.0841750596885 - x0 / x0)),1.30528933404 * x0 * x0 / 0.385041073028 * (0.525073692336 / x0 + x0 - 0.290456206896 - (0.0841750596885 - x0 / x0)),3.39*x0*(x0*(x0 + 0.625) + 0.525),"[1.305289334038982, 0.5209430137888579, 0.7391232108621184, 0.5250736923361373, 0.2904562068955148, 0.08417505968854744]","{""K"": 500, ""c"": 6.0, ""exploration_rate"": 0.1, ""gamma"": 0.5, ""gp_rate"": 0.5, ""lm_iterations"": 10, ""max_constants"": 999, ""max_depth"": 6, ""max_evals"": 2000000, ""max_unary"": 999, ""mutation_rate"": 0.1, ""ops"": [""+"", ""-"", ""*"", ""/"", ""sin"", ""cos"", ""exp"", ""log"", ""R""], ""succ_error_tol"": 1e-06}","{""K"": 500, ""c"": 6.0, ""exploration_rate"": 0.1, ""gamma"": 0.5, ""gp_rate"": 0.5, ""lm_iterations"": 10, ""max_constants"": 999, ""max_depth"": 6, ""max_evals"": 2000000, ""max_unary"": 999, ""mutation_rate"": 0.1, ""ops"": [""+"", ""-"", ""*"", ""/"", ""sin"", ""cos"", ""exp"", ""log"", ""R""], ""succ_error_tol"": 1e-06}",0.5
imcts,NguyenC,1,NguyenC-1,expression,29,5051,40,20,20,1,"[""x0""]",3.39 * x[0]**3 + 2.12 * x[0]**2 + 1.78 * x[0],1.0,True,0.9999999999999963,0.9999999999999939,12.0,2028,0.062067001999821514,0.0,0,(x0 * 1.69500018321 - -1.0600001937) * (1.05014730902 + x0 * x0 + x0 * x0) - 1.11315638622,(x0 * 1.69500018321 - -1.0600001937) * (1.05014730902 + x0 * x0 + x0 * x0) - 1.11315638622,x0*(3.39*x0**2 + 2.12*x0 + 1.78),"[1.6950001832067467, -1.0600001936967012, 0.04893044863095897, 1.0, 1.1131563862152025]","{""K"": 500, ""c"": 6.0, ""exploration_rate"": 0.1, ""gamma"": 0.5, ""gp_rate"": 0.5, ""lm_iterations"": 10, ""max_constants"": 999, ""max_depth"": 6, ""max_evals"": 2000000, ""max_unary"": 999, ""mutation_rate"": 0.1, ""ops"": [""+"", ""-"", ""*"", ""/"", ""sin"", ""cos"", ""exp"", ""log"", ""R""], ""succ_error_tol"": 1e-06}","{""K"": 500, ""c"": 6.0, ""exploration_rate"": 0.1, ""gamma"": 0.5, ""gp_rate"": 0.5, ""lm_iterations"": 10, ""max_constants"": 999, ""max_depth"": 6, ""max_evals"": 2000000, ""max_unary"": 999, ""mutation_rate"": 0.1, ""ops"": [""+"", ""-"", ""*"", ""/"", ""sin"", ""cos"", ""exp"", ""log"", ""R""], ""succ_error_tol"": 1e-06}",0.5
imcts,NguyenC,1,NguyenC-1,expression,30,6420,40,20,20,1,"[""x0""]",3.39 * x[0]**3 + 2.12 * x[0]**2 + 1.78 * x[0],1.0,True,0.999999999999999,0.9999999999999986,12.0,12021,0.4151714469771832,0.0,0,x0 * ((x0 - 1 + 1.8396226831) * 2.11999984384 - x0 * 0.841470984808 * (1.00000008269e-10 - x0 * 4.02865934762)),x0 * ((x0 - 1 + 1.8396226831) * 2.11999984384 - x0 * 0.841470984808 * (1.00000008269e-10 - x0 * 4.02865934762)),x0*(3.38787039132741*x0**2 + 2.12*x0 + 1.78),"[1.0, 0.609560487059368, 0.7514160150240519, 1.0000000000000009, 1.0, 4.028659347622]","{""K"": 500, ""c"": 6.0, ""exploration_rate"": 0.1, ""gamma"": 0.5, ""gp_rate"": 0.5, ""lm_iterations"": 10, ""max_constants"": 999, ""max_depth"": 6, ""max_evals"": 2000000, ""max_unary"": 999, ""mutation_rate"": 0.1, ""ops"": [""+"", ""-"", ""*"", ""/"", ""sin"", ""cos"", ""exp"", ""log"", ""R""], ""succ_error_tol"": 1e-06}","{""K"": 500, ""c"": 6.0, ""exploration_rate"": 0.1, ""gamma"": 0.5, ""gp_rate"": 0.5, ""lm_iterations"": 10, ""max_constants"": 999, ""max_depth"": 6, ""max_evals"": 2000000, ""max_unary"": 999, ""mutation_rate"": 0.1, ""ops"": [""+"", ""-"", ""*"", ""/"", ""sin"", ""cos"", ""exp"", ""log"", ""R""], ""succ_error_tol"": 1e-06}",0.5
imcts,NguyenC,1,NguyenC-1,expression,31,17568,40,20,20,1,"[""x0""]",3.39 * x[0]**3 + 2.12 * x[0]**2 + 1.78 * x[0],0.9999999403953552,True,0.9999999999999994,0.9999999999999992,12.0,7800,0.26662716397549957,0.0,0,x0 * (x0 * (2.11999998895 + x0) + 0.951312274654 + 0.828687903396 + x0 * x0 / 0.418410107987),x0 * (x0 * (2.11999998895 + x0) + 0.951312274654 + 0.828687903396 + x0 * x0 / 0.418410107987),x0*(3.39*x0**2 + 2.12*x0 + 1.78),"[2.1199999889458536, 1.2945525239088167, 1.2945525239088167, 0.8286879033956376, 0.5979228998776143, 0.699772676498775]","{""K"": 500, ""c"": 6.0, ""exploration_rate"": 0.1, ""gamma"": 0.5, ""gp_rate"": 0.5, ""lm_iterations"": 10, ""max_constants"": 999, ""max_depth"": 6, ""max_evals"": 2000000, ""max_unary"": 999, ""mutation_rate"": 0.1, ""ops"": [""+"", ""-"", ""*"", ""/"", ""sin"", ""cos"", ""exp"", ""log"", ""R""], ""succ_error_tol"": 1e-06}","{""K"": 500, ""c"": 6.0, ""exploration_rate"": 0.1, ""gamma"": 0.5, ""gp_rate"": 0.5, ""lm_iterations"": 10, ""max_constants"": 999, ""max_depth"": 6, ""max_evals"": 2000000, ""max_unary"": 999, ""mutation_rate"": 0.1, ""ops"": [""+"", ""-"", ""*"", ""/"", ""sin"", ""cos"", ""exp"", ""log"", ""R""], ""succ_error_tol"": 1e-06}",0.5
imcts,NguyenC,1,NguyenC-1,expression,32,20939,40,20,20,1,"[""x0""]",3.39 * x[0]**3 + 2.12 * x[0]**2 + 1.78 * x[0],0.9999999403953552,True,0.9999999999999999,1.0,12.0,11974,0.42395297199254856,0.0,0,(x0 * 0.62536875482 + x0 * x0 + 0.525073777958) * 3.38999990748 * x0,(x0 * 0.62536875482 + x0 * x0 + 0.525073777958) * 3.38999990748 * x0,x0*(3.39*x0**2 + 2.12*x0 + 1.78),"[0.6253687548197511, 0.525073777957721, 3.271459492162264, 3.3161809520783927]","{""K"": 500, ""c"": 6.0, ""exploration_rate"": 0.1, ""gamma"": 0.5, ""gp_rate"": 0.5, ""lm_iterations"": 10, ""max_constants"": 999, ""max_depth"": 6, ""max_evals"": 2000000, ""max_unary"": 999, ""mutation_rate"": 0.1, ""ops"": [""+"", ""-"", ""*"", ""/"", ""sin"", ""cos"", ""exp"", ""log"", ""R""], ""succ_error_tol"": 1e-06}","{""K"": 500, ""c"": 6.0, ""exploration_rate"": 0.1, ""gamma"": 0.5, ""gp_rate"": 0.5, ""lm_iterations"": 10, ""max_constants"": 999, ""max_depth"": 6, ""max_evals"": 2000000, ""max_unary"": 999, ""mutation_rate"": 0.1, ""ops"": [""+"", ""-"", ""*"", ""/"", ""sin"", ""cos"", ""exp"", ""log"", ""R""], ""succ_error_tol"": 1e-06}",0.5
imcts,NguyenC,1,NguyenC-1,expression,33,19769,40,20,20,1,"[""x0""]",3.39 * x[0]**3 + 2.12 * x[0]**2 + 1.78 * x[0],0.9999999403953552,True,0.9999999999999993,0.9999999999999994,12.0,8050,0.27942595403874293,0.0,0,((0.996097636755 - -1.7812829535 * x0) * x0 + (3.17417278515 - x0) * 0.294660986932 - -0.41252212689 * x0) * ((-0.71116299318 + x0) * 0.90312272845 + x0 + 0.642267389433),((0.996097636755 - -1.7812829535 * x0) * x0 + (3.17417278515 - x0) * 0.294660986932 - -0.41252212689 * x0) * ((-0.71116299318 + x0) * 0.90312272845 + x0 + 0.642267389433),x0*(3.39*x0**2 + 2.12*x0 + 1.78),"[0.08837311766600355, -1.7812829534990349, 3.1741727851473036, 1.3426710983722985, -0.4125221268903234, -0.7111629931796766, 0.903122728450102, 0.6422673894330793]","{""K"": 500, ""c"": 6.0, ""exploration_rate"": 0.1, ""gamma"": 0.5, ""gp_rate"": 0.5, ""lm_iterations"": 10, ""max_constants"": 999, ""max_depth"": 6, ""max_evals"": 2000000, ""max_unary"": 999, ""mutation_rate"": 0.1, ""ops"": [""+"", ""-"", ""*"", ""/"", ""sin"", ""cos"", ""exp"", ""log"", ""R""], ""succ_error_tol"": 1e-06}","{""K"": 500, ""c"": 6.0, ""exploration_rate"": 0.1, ""gamma"": 0.5, ""gp_rate"": 0.5, ""lm_iterations"": 10, ""max_constants"": 999, ""max_depth"": 6, ""max_evals"": 2000000, ""max_unary"": 999, ""mutation_rate"": 0.1, ""ops"": [""+"", ""-"", ""*"", ""/"", ""sin"", ""cos"", ""exp"", ""log"", ""R""], ""succ_error_tol"": 1e-06}",0.5
imcts,NguyenC,1,NguyenC-1,expression,34,28693,40,20,20,1,"[""x0""]",3.39 * x[0]**3 + 2.12 * x[0]**2 + 1.78 * x[0],0.9999999403953552,True,0.9999999999999996,0.9999999999999992,11.0,1183,0.03731719794450328,0.0,0,x0 * (0.625368730271 + x0) * 3.39000016808 * x0 + x0 - (0.999999984912 - (1 - x0)) / (x0 / (x0 * -0.77999986152)),x0 * (0.625368730271 + x0) * 3.39000016808 * x0 + x0 - (0.999999984912 - (1 - x0)) / (x0 / (x0 * -0.77999986152)),x0*(x0*(3.39*x0 + 2.12) + 1.78),"[0.6253687302710343, 3.3900001680845246, -1.5087621750459257e-08, 1.0000000000000002, -0.779999861520415]","{""K"": 500, ""c"": 6.0, ""exploration_rate"": 0.1, ""gamma"": 0.5, ""gp_rate"": 0.5, ""lm_iterations"": 10, ""max_constants"": 999, ""max_depth"": 6, ""max_evals"": 2000000, ""max_unary"": 999, ""mutation_rate"": 0.1, ""ops"": [""+"", ""-"", ""*"", ""/"", ""sin"", ""cos"", ""exp"", ""log"", ""R""], ""succ_error_tol"": 1e-06}","{""K"": 500, ""c"": 6.0, ""exploration_rate"": 0.1, ""gamma"": 0.5, ""gp_rate"": 0.5, ""lm_iterations"": 10, ""max_constants"": 999, ""max_depth"": 6, ""max_evals"": 2000000, ""max_unary"": 999, ""mutation_rate"": 0.1, ""ops"": [""+"", ""-"", ""*"", ""/"", ""sin"", ""cos"", ""exp"", ""log"", ""R""], ""succ_error_tol"": 1e-06}",0.5
imcts,NguyenC,1,NguyenC-1,expression,35,6396,40,20,20,1,"[""x0""]",3.39 * x[0]**3 + 2.12 * x[0]**2 + 1.78 * x[0],0.9999999403953552,True,0.9999999999999998,0.999999999999999,11.0,14982,0.554780762991868,0.0,0,(0.379957365346 - (x0 + 0.625368779102) * (x0 / 3.61829259534 - x0)) * (x0 + x0) * 2.34236829255,(0.379957365346 - (x0 + 0.625368779102) * (x0 / 3.61829259534 - x0)) * (x0 + x0) * 2.34236829255,4.68*x0*(0.724*x0*(x0 + 0.625) + 0.38),"[0.3799573653464017, 0.8951922891308544, 3.618292595342557, 2.3423682925546903]","{""K"": 500, ""c"": 6.0, ""exploration_rate"": 0.1, ""gamma"": 0.5, ""gp_rate"": 0.5, ""lm_iterations"": 10, ""max_constants"": 999, ""max_depth"": 6, ""max_evals"": 2000000, ""max_unary"": 999, ""mutation_rate"": 0.1, ""ops"": [""+"", ""-"", ""*"", ""/"", ""sin"", ""cos"", ""exp"", ""log"", ""R""], ""succ_error_tol"": 1e-06}","{""K"": 500, ""c"": 6.0, ""exploration_rate"": 0.1, ""gamma"": 0.5, ""gp_rate"": 0.5, ""lm_iterations"": 10, ""max_constants"": 999, ""max_depth"": 6, ""max_evals"": 2000000, ""max_unary"": 999, ""mutation_rate"": 0.1, ""ops"": [""+"", ""-"", ""*"", ""/"", ""sin"", ""cos"", ""exp"", ""log"", ""R""], ""succ_error_tol"": 1e-06}",0.5
imcts,NguyenC,1,NguyenC-1,expression,36,29419,40,20,20,1,"[""x0""]",3.39 * x[0]**3 + 2.12 * x[0]**2 + 1.78 * x[0],0.9999999403953552,True,0.9999999999999999,0.9999999999999998,13.0,6797,0.21678366599371657,0.0,0,(x0 * x0 - -0.525073802276) * (x0 * 3.38999983864 + 2.64589897145 - 0.525898927607) - 1.11315649217,(x0 * x0 - -0.525073802276) * (x0 * 3.38999983864 + 2.64589897145 - 0.525898927607) - 1.11315649217,(3.39*x0 + 2.12)*(x0**2 + 0.525) - 1.11,"[0.5915117077457108, 3.389999838639262, 0.9730108833485892, 1.0170246769301625, 0.9395531413322451, 1.1847722531034868]","{""K"": 500, ""c"": 6.0, ""exploration_rate"": 0.1, ""gamma"": 0.5, ""gp_rate"": 0.5, ""lm_iterations"": 10, ""max_constants"": 999, ""max_depth"": 6, ""max_evals"": 2000000, ""max_unary"": 999, ""mutation_rate"": 0.1, ""ops"": [""+"", ""-"", ""*"", ""/"", ""sin"", ""cos"", ""exp"", ""log"", ""R""], ""succ_error_tol"": 1e-06}","{""K"": 500, ""c"": 6.0, ""exploration_rate"": 0.1, ""gamma"": 0.5, ""gp_rate"": 0.5, ""lm_iterations"": 10, ""max_constants"": 999, ""max_depth"": 6, ""max_evals"": 2000000, ""max_unary"": 999, ""mutation_rate"": 0.1, ""ops"": [""+"", ""-"", ""*"", ""/"", ""sin"", ""cos"", ""exp"", ""log"", ""R""], ""succ_error_tol"": 1e-06}",0.5
imcts,NguyenC,1,NguyenC-1,expression,37,27480,40,20,20,1,"[""x0""]",3.39 * x[0]**3 + 2.12 * x[0]**2 + 1.78 * x[0],0.9999999403953552,True,0.9999999999999987,0.9999999999999974,11.0,6924,0.21085019799647853,0.0,0,((x0 - -0.625368550576) * 3.38999979519 * x0 - 1.07254909432e-08 / x0 - (5.40422305462e-07 / exp(x0) - 1.78000075048 * x0 / x0)) * x0,((x0 - -0.625368550576) * 3.38999979519 * x0 - 1.07254909432e-08 / x0 - (5.40422305462e-07 / exp(x0) - 1.78000075048 * x0 / x0)) * x0,x0*(x0*(3.39*x0 + 2.12) + 1.78),"[-0.6253685505757699, 3.3899997951913394, 1.0725490943157465e-08, -0.6471375536364447, 0.6471380940587501, -0.3872952908158496, 2.167296041295021]","{""K"": 500, ""c"": 6.0, ""exploration_rate"": 0.1, ""gamma"": 0.5, ""gp_rate"": 0.5, ""lm_iterations"": 10, ""max_constants"": 999, ""max_depth"": 6, ""max_evals"": 2000000, ""max_unary"": 999, ""mutation_rate"": 0.1, ""ops"": [""+"", ""-"", ""*"", ""/"", ""sin"", ""cos"", ""exp"", ""log"", ""R""], ""succ_error_tol"": 1e-06}","{""K"": 500, ""c"": 6.0, ""exploration_rate"": 0.1, ""gamma"": 0.5, ""gp_rate"": 0.5, ""lm_iterations"": 10, ""max_constants"": 999, ""max_depth"": 6, ""max_evals"": 2000000, ""max_unary"": 999, ""mutation_rate"": 0.1, ""ops"": [""+"", ""-"", ""*"", ""/"", ""sin"", ""cos"", ""exp"", ""log"", ""R""], ""succ_error_tol"": 1e-06}",0.5
imcts,NguyenC,1,NguyenC-1,expression,38,32304,40,20,20,1,"[""x0""]",3.39 * x[0]**3 + 2.12 * x[0]**2 + 1.78 * x[0],0.9999999403953552,True,0.9999999999999988,0.9999999999999988,11.0,6506,0.20742671901825815,0.0,0,x0 / 0.480540595073 * ((x0 + x0) * (0.625368793424 + x0) + 1.05014755754) * 0.814516285912,x0 / 0.480540595073 * ((x0 + x0) * (0.625368793424 + x0) + 1.05014755754) * 0.814516285912,1.7*x0*(2*x0*(x0 + 0.625) + 1.05),"[0.5012710417052445, 0.6253687934240099, 1.0501475575406236, 0.9084680035826473]","{""K"": 500, ""c"": 6.0, ""exploration_rate"": 0.1, ""gamma"": 0.5, ""gp_rate"": 0.5, ""lm_iterations"": 10, ""max_constants"": 999, ""max_depth"": 6, ""max_evals"": 2000000, ""max_unary"": 999, ""mutation_rate"": 0.1, ""ops"": [""+"", ""-"", ""*"", ""/"", ""sin"", ""cos"", ""exp"", ""log"", ""R""], ""succ_error_tol"": 1e-06}","{""K"": 500, ""c"": 6.0, ""exploration_rate"": 0.1, ""gamma"": 0.5, ""gp_rate"": 0.5, ""lm_iterations"": 10, ""max_constants"": 999, ""max_depth"": 6, ""max_evals"": 2000000, ""max_unary"": 999, ""mutation_rate"": 0.1, ""ops"": [""+"", ""-"", ""*"", ""/"", ""sin"", ""cos"", ""exp"", ""log"", ""R""], ""succ_error_tol"": 1e-06}",0.5
imcts,NguyenC,1,NguyenC-1,expression,39,8666,40,20,20,1,"[""x0""]",3.39 * x[0]**3 + 2.12 * x[0]**2 + 1.78 * x[0],0.9999999403953552,True,0.9999999999999993,0.9999999999999992,11.0,195,0.005269914981909096,0.0,0,1.25210316552 * (0.0647212002192 + -0.0647211741662 + x0) / 0.369352008563 * (1.6253687454 * x0 + x0 * x0 - x0 + 0.525073847608),1.25210316552 * (0.0647212002192 + -0.0647211741662 + x0) / 0.369352008563 * (1.6253687454 * x0 + x0 * x0 - x0 + 0.525073847608),3.39*x0*(x0**2 + 0.625*x0 + 0.525),"[1.2521031655244026, 0.12944237438533004, -0.06472117416615913, -0.06472117416615902, 1.0900209193506003, 1.252103165524403, 1.625368745398526, 1.0179944443516882]","{""K"": 500, ""c"": 6.0, ""exploration_rate"": 0.1, ""gamma"": 0.5, ""gp_rate"": 0.5, ""lm_iterations"": 10, ""max_constants"": 999, ""max_depth"": 6, ""max_evals"": 2000000, ""max_unary"": 999, ""mutation_rate"": 0.1, ""ops"": [""+"", ""-"", ""*"", ""/"", ""sin"", ""cos"", ""exp"", ""log"", ""R""], ""succ_error_tol"": 1e-06}","{""K"": 500, ""c"": 6.0, ""exploration_rate"": 0.1, ""gamma"": 0.5, ""gp_rate"": 0.5, ""lm_iterations"": 10, ""max_constants"": 999, ""max_depth"": 6, ""max_evals"": 2000000, ""max_unary"": 999, ""mutation_rate"": 0.1, ""ops"": [""+"", ""-"", ""*"", ""/"", ""sin"", ""cos"", ""exp"", ""log"", ""R""], ""succ_error_tol"": 1e-06}",0.5
imcts,NguyenC,1,NguyenC-1,expression,40,25658,40,20,20,1,"[""x0""]",3.39 * x[0]**3 + 2.12 * x[0]**2 + 1.78 * x[0],0.9999999403953552,True,0.9999999999999994,0.9999999999999992,12.0,9281,0.3250931130023673,0.0,0,x0 * 3.39000025839 * ((x0 - -0.849591185288) * (-0.224222523497 + x0) + (8.06618885191e-09 + x0) / (x0 * 1.39748503508)),x0 * 3.39000025839 * ((x0 - -0.849591185288) * (-0.224222523497 + x0) + (8.06618885191e-09 + x0) / (x0 * 1.39748503508)),3.39*x0*((x0 - 0.224)*(x0 + 0.85) + 0.716),"[3.3900002583912365, -0.849591185288459, -0.22422252349727712, 8.066188851906885e-09, 1.3974850350848573]","{""K"": 500, ""c"": 6.0, ""exploration_rate"": 0.1, ""gamma"": 0.5, ""gp_rate"": 0.5, ""lm_iterations"": 10, ""max_constants"": 999, ""max_depth"": 6, ""max_evals"": 2000000, ""max_unary"": 999, ""mutation_rate"": 0.1, ""ops"": [""+"", ""-"", ""*"", ""/"", ""sin"", ""cos"", ""exp"", ""log"", ""R""], ""succ_error_tol"": 1e-06}","{""K"": 500, ""c"": 6.0, ""exploration_rate"": 0.1, ""gamma"": 0.5, ""gp_rate"": 0.5, ""lm_iterations"": 10, ""max_constants"": 999, ""max_depth"": 6, ""max_evals"": 2000000, ""max_unary"": 999, ""mutation_rate"": 0.1, ""ops"": [""+"", ""-"", ""*"", ""/"", ""sin"", ""cos"", ""exp"", ""log"", ""R""], ""succ_error_tol"": 1e-06}",0.5
imcts,NguyenC,1,NguyenC-1,expression,41,18942,40,20,20,1,"[""x0""]",3.39 * x[0]**3 + 2.12 * x[0]**2 + 1.78 * x[0],0.9999999403953552,True,0.9999999999999997,0.9999999999999998,11.0,8582,0.29317320202244446,0.0,0,(x0 + 0.62536870481) * x0 * 3.39000011685 * x0 - ((0.882342847242 - (x0 + 0.882342844935)) * 1.77999998356 - (-5.50999904947e-10 / x0 - (x0 + 1) + x0 + 1)),(x0 + 0.62536870481) * x0 * 3.39000011685 * x0 - ((0.882342847242 - (x0 + 0.882342844935)) * 1.77999998356 - (-5.50999904947e-10 / x0 - (x0 + 1) + x0 + 1)),x0*(x0*(3.39*x0 + 2.12) + 1.78),"[0.6253687048096187, 3.3900001168476437, -0.1251745828123385, 0.8823428449346093, 1.7799999835603448, 1.000000000000001, 1.0000000000000004, -5.509999049474855e-10, 1.0, 1.0]","{""K"": 500, ""c"": 6.0, ""exploration_rate"": 0.1, ""gamma"": 0.5, ""gp_rate"": 0.5, ""lm_iterations"": 10, ""max_constants"": 999, ""max_depth"": 6, ""max_evals"": 2000000, ""max_unary"": 999, ""mutation_rate"": 0.1, ""ops"": [""+"", ""-"", ""*"", ""/"", ""sin"", ""cos"", ""exp"", ""log"", ""R""], ""succ_error_tol"": 1e-06}","{""K"": 500, ""c"": 6.0, ""exploration_rate"": 0.1, ""gamma"": 0.5, ""gp_rate"": 0.5, ""lm_iterations"": 10, ""max_constants"": 999, ""max_depth"": 6, ""max_evals"": 2000000, ""max_unary"": 999, ""mutation_rate"": 0.1, ""ops"": [""+"", ""-"", ""*"", ""/"", ""sin"", ""cos"", ""exp"", ""log"", ""R""], ""succ_error_tol"": 1e-06}",0.5
imcts,NguyenC,1,NguyenC-1,expression,42,24233,40,20,20,1,"[""x0""]",3.39 * x[0]**3 + 2.12 * x[0]**2 + 1.78 * x[0],1.0,True,0.9999999999834287,0.9999999998235936,14.0,24651,0.9357139600324444,0.0,0,(cos(x0 / -2.07798402927) * -18.1244139671 - (-17.9640511219 - x0 - cos(x0))) * x0 * 2.12012343912 / 1.00004485712,(cos(x0 / -2.07798402927) * -18.1244139671 - (-17.9640511219 - x0 - cos(x0))) * x0 * 2.12012343912 / 1.00004485712,2.12*x0*(x0 - 18.1*cos(0.481*x0) + cos(x0) + 18.0),"[-2.0779840292670064, -18.124413967114425, -17.96405112187896, 2.120123439122234, 1.0000448571184917]","{""K"": 500, ""c"": 6.0, ""exploration_rate"": 0.1, ""gamma"": 0.5, ""gp_rate"": 0.5, ""lm_iterations"": 10, ""max_constants"": 999, ""max_depth"": 6, ""max_evals"": 2000000, ""max_unary"": 999, ""mutation_rate"": 0.1, ""ops"": [""+"", ""-"", ""*"", ""/"", ""sin"", ""cos"", ""exp"", ""log"", ""R""], ""succ_error_tol"": 1e-06}","{""K"": 500, ""c"": 6.0, ""exploration_rate"": 0.1, ""gamma"": 0.5, ""gp_rate"": 0.5, ""lm_iterations"": 10, ""max_constants"": 999, ""max_depth"": 6, ""max_evals"": 2000000, ""max_unary"": 999, ""mutation_rate"": 0.1, ""ops"": [""+"", ""-"", ""*"", ""/"", ""sin"", ""cos"", ""exp"", ""log"", ""R""], ""succ_error_tol"": 1e-06}",0.5
imcts,NguyenC,1,NguyenC-1,expression,43,18431,40,20,20,1,"[""x0""]",3.39 * x[0]**3 + 2.12 * x[0]**2 + 1.78 * x[0],0.9999999403953552,True,0.9999999999999987,0.9999999999999971,13.0,8201,0.2850291759823449,0.0,0,(exp(x0) / 0.999997932531 + -1.9941179883e-06 - (exp(x0) - 3.38999724027 * x0)) * ((0.330875109922 - x0) * (-0.956243513746 - x0) + sin(x0 / x0)),(exp(x0) / 0.999997932531 + -1.9941179883e-06 - (exp(x0) - 3.38999724027 * x0)) * ((0.330875109922 - x0) * (-0.956243513746 - x0) + sin(x0 / x0)),3.39*x0*((x0 - 0.331)*(x0 + 0.956) + sin(1)),"[0.9999979325314341, -1.994117988302587e-06, 3.389997240270405, 0.3308751099217778, -0.9562435137462156, 1.0]","{""K"": 500, ""c"": 6.0, ""exploration_rate"": 0.1, ""gamma"": 0.5, ""gp_rate"": 0.5, ""lm_iterations"": 10, ""max_constants"": 999, ""max_depth"": 6, ""max_evals"": 2000000, ""max_unary"": 999, ""mutation_rate"": 0.1, ""ops"": [""+"", ""-"", ""*"", ""/"", ""sin"", ""cos"", ""exp"", ""log"", ""R""], ""succ_error_tol"": 1e-06}","{""K"": 500, ""c"": 6.0, ""exploration_rate"": 0.1, ""gamma"": 0.5, ""gp_rate"": 0.5, ""lm_iterations"": 10, ""max_constants"": 999, ""max_depth"": 6, ""max_evals"": 2000000, ""max_unary"": 999, ""mutation_rate"": 0.1, ""ops"": [""+"", ""-"", ""*"", ""/"", ""sin"", ""cos"", ""exp"", ""log"", ""R""], ""succ_error_tol"": 1e-06}",0.5
imcts,NguyenC,1,NguyenC-1,expression,44,32219,40,20,20,1,"[""x0""]",3.39 * x[0]**3 + 2.12 * x[0]**2 + 1.78 * x[0],0.9999999403953552,True,0.999999999999997,0.9999999999999954,12.0,4895,0.15497866098303348,0.0,0,x0 * ((x0 - -0.459770650744) * x0 * 3.38999976071 + (x0 + 3.17077281516) * 0.56137734276),x0 * ((x0 - -0.459770650744) * x0 * 3.38999976071 + (x0 + 3.17077281516) * 0.56137734276),x0*(3.39*x0**2 + 2.12*x0 + 1.78),"[-0.4597706507435414, 1.0, -2.5485287759027604, 3.170772815160192, 0.751680655746407, -1.6591360955496488]","{""K"": 500, ""c"": 6.0, ""exploration_rate"": 0.1, ""gamma"": 0.5, ""gp_rate"": 0.5, ""lm_iterations"": 10, ""max_constants"": 999, ""max_depth"": 6, ""max_evals"": 2000000, ""max_unary"": 999, ""mutation_rate"": 0.1, ""ops"": [""+"", ""-"", ""*"", ""/"", ""sin"", ""cos"", ""exp"", ""log"", ""R""], ""succ_error_tol"": 1e-06}","{""K"": 500, ""c"": 6.0, ""exploration_rate"": 0.1, ""gamma"": 0.5, ""gp_rate"": 0.5, ""lm_iterations"": 10, ""max_constants"": 999, ""max_depth"": 6, ""max_evals"": 2000000, ""max_unary"": 999, ""mutation_rate"": 0.1, ""ops"": [""+"", ""-"", ""*"", ""/"", ""sin"", ""cos"", ""exp"", ""log"", ""R""], ""succ_error_tol"": 1e-06}",0.5
imcts,NguyenC,1,NguyenC-1,expression,45,2747,40,20,20,1,"[""x0""]",3.39 * x[0]**3 + 2.12 * x[0]**2 + 1.78 * x[0],0.9999999403953552,True,0.9999999999999992,0.9999999999999989,11.0,5602,0.17616712499875575,0.0,0,1.62895744094 / (0.480518458793 / x0 / (x0 * x0 - -1.12143370327 * x0 - (x0 / 2.01586502206 - 0.525073837314))),1.62895744094 / (0.480518458793 / x0 / (x0 * x0 - -1.12143370327 * x0 - (x0 / 2.01586502206 - 0.525073837314))),3.39*x0*(x0**2 + 0.625*x0 + 0.525),"[1.6289574409351208, 0.4805184587932265, -1.1214337032731125, 2.015865022064026, 0.5250738373142207]","{""K"": 500, ""c"": 6.0, ""exploration_rate"": 0.1, ""gamma"": 0.5, ""gp_rate"": 0.5, ""lm_iterations"": 10, ""max_constants"": 999, ""max_depth"": 6, ""max_evals"": 2000000, ""max_unary"": 999, ""mutation_rate"": 0.1, ""ops"": [""+"", ""-"", ""*"", ""/"", ""sin"", ""cos"", ""exp"", ""log"", ""R""], ""succ_error_tol"": 1e-06}","{""K"": 500, ""c"": 6.0, ""exploration_rate"": 0.1, ""gamma"": 0.5, ""gp_rate"": 0.5, ""lm_iterations"": 10, ""max_constants"": 999, ""max_depth"": 6, ""max_evals"": 2000000, ""max_unary"": 999, ""mutation_rate"": 0.1, ""ops"": [""+"", ""-"", ""*"", ""/"", ""sin"", ""cos"", ""exp"", ""log"", ""R""], ""succ_error_tol"": 1e-06}",0.5
imcts,NguyenC,1,NguyenC-1,expression,46,25551,40,20,20,1,"[""x0""]",3.39 * x[0]**3 + 2.12 * x[0]**2 + 1.78 * x[0],0.9999999403953552,True,0.9999999999999989,0.9999999999999988,12.0,9638,0.3301257240236737,0.0,0,1.26105545689 * x0 * (1.68113139317 - (-1.41151613183 / x0 + x0 * -2.68822411664)) * x0,1.26105545689 * x0 * (1.68113139317 - (-1.41151613183 / x0 + x0 * -2.68822411664)) * x0,1.26*x0*(x0*(2.69*x0 + 1.68) + 1.41),"[-1.4612376102561417, 1.681131393167032, -1.4115161318275449, -2.6882241166370004]","{""K"": 500, ""c"": 6.0, ""exploration_rate"": 0.1, ""gamma"": 0.5, ""gp_rate"": 0.5, ""lm_iterations"": 10, ""max_constants"": 999, ""max_depth"": 6, ""max_evals"": 2000000, ""max_unary"": 999, ""mutation_rate"": 0.1, ""ops"": [""+"", ""-"", ""*"", ""/"", ""sin"", ""cos"", ""exp"", ""log"", ""R""], ""succ_error_tol"": 1e-06}","{""K"": 500, ""c"": 6.0, ""exploration_rate"": 0.1, ""gamma"": 0.5, ""gp_rate"": 0.5, ""lm_iterations"": 10, ""max_constants"": 999, ""max_depth"": 6, ""max_evals"": 2000000, ""max_unary"": 999, ""mutation_rate"": 0.1, ""ops"": [""+"", ""-"", ""*"", ""/"", ""sin"", ""cos"", ""exp"", ""log"", ""R""], ""succ_error_tol"": 1e-06}",0.5
imcts,NguyenC,1,NguyenC-1,expression,47,26382,40,20,20,1,"[""x0""]",3.39 * x[0]**3 + 2.12 * x[0]**2 + 1.78 * x[0],0.9999999403953552,True,0.9999999999999969,0.9999999999999946,11.0,11688,0.39068338100332767,0.0,0,x0 * 1.9284059181 * 1.75792875967 * x0 * (0.625368768496 + x0) + (x0 + x0) / 1.12359549551,x0 * 1.9284059181 * 1.75792875967 * x0 * (0.625368768496 + x0) + (x0 + x0) / 1.12359549551,x0*(x0*(3.39*x0 + 2.12) + 1.78),"[1.9284059180951325, 1.757928759668873, 0.6253687684958236, 1.1235954955056957]","{""K"": 500, ""c"": 6.0, ""exploration_rate"": 0.1, ""gamma"": 0.5, ""gp_rate"": 0.5, ""lm_iterations"": 10, ""max_constants"": 999, ""max_depth"": 6, ""max_evals"": 2000000, ""max_unary"": 999, ""mutation_rate"": 0.1, ""ops"": [""+"", ""-"", ""*"", ""/"", ""sin"", ""cos"", ""exp"", ""log"", ""R""], ""succ_error_tol"": 1e-06}","{""K"": 500, ""c"": 6.0, ""exploration_rate"": 0.1, ""gamma"": 0.5, ""gp_rate"": 0.5, ""lm_iterations"": 10, ""max_constants"": 999, ""max_depth"": 6, ""max_evals"": 2000000, ""max_unary"": 999, ""mutation_rate"": 0.1, ""ops"": [""+"", ""-"", ""*"", ""/"", ""sin"", ""cos"", ""exp"", ""log"", ""R""], ""succ_error_tol"": 1e-06}",0.5
imcts,NguyenC,1,NguyenC-1,expression,48,189,40,20,20,1,"[""x0""]",3.39 * x[0]**3 + 2.12 * x[0]**2 + 1.78 * x[0],0.9999999403953552,True,0.9999999999999988,0.9999999999999989,11.0,4581,0.15166796400444582,0.0,0,x0 * x0 * 3.38999959155 / x0 * (x0 - -0.62536879116) * x0 + x0 * 1.78000017002,x0 * x0 * 3.38999959155 / x0 * (x0 - -0.62536879116) * x0 + x0 * 1.78000017002,x0*(x0*(3.39*x0 + 2.12) + 1.78),"[3.389999591545258, -0.625368791160421, 5.929857426696566]","{""K"": 500, ""c"": 6.0, ""exploration_rate"": 0.1, ""gamma"": 0.5, ""gp_rate"": 0.5, ""lm_iterations"": 10, ""max_constants"": 999, ""max_depth"": 6, ""max_evals"": 2000000, ""max_unary"": 999, ""mutation_rate"": 0.1, ""ops"": [""+"", ""-"", ""*"", ""/"", ""sin"", ""cos"", ""exp"", ""log"", ""R""], ""succ_error_tol"": 1e-06}","{""K"": 500, ""c"": 6.0, ""exploration_rate"": 0.1, ""gamma"": 0.5, ""gp_rate"": 0.5, ""lm_iterations"": 10, ""max_constants"": 999, ""max_depth"": 6, ""max_evals"": 2000000, ""max_unary"": 999, ""mutation_rate"": 0.1, ""ops"": [""+"", ""-"", ""*"", ""/"", ""sin"", ""cos"", ""exp"", ""log"", ""R""], ""succ_error_tol"": 1e-06}",0.5
imcts,NguyenC,1,NguyenC-1,expression,49,31677,40,20,20,1,"[""x0""]",3.39 * x[0]**3 + 2.12 * x[0]**2 + 1.78 * x[0],0.9999999403953552,True,0.9999999999999998,0.9999999999999998,11.0,9585,0.32819877401925623,0.0,0,1.77999993893 * x0 - (-2.52672387441 + -3.3900001562 * x0 - -0.406723869665) * x0 * x0,1.77999993893 * x0 - (-2.52672387441 + -3.3900001562 * x0 - -0.406723869665) * x0 * x0,x0*(x0*(3.39*x0 + 2.12) + 1.78),"[1.7799999389253638, -2.5267238744117337, -3.3900001561980657, -0.8421932675993142]","{""K"": 500, ""c"": 6.0, ""exploration_rate"": 0.1, ""gamma"": 0.5, ""gp_rate"": 0.5, ""lm_iterations"": 10, ""max_constants"": 999, ""max_depth"": 6, ""max_evals"": 2000000, ""max_unary"": 999, ""mutation_rate"": 0.1, ""ops"": [""+"", ""-"", ""*"", ""/"", ""sin"", ""cos"", ""exp"", ""log"", ""R""], ""succ_error_tol"": 1e-06}","{""K"": 500, ""c"": 6.0, ""exploration_rate"": 0.1, ""gamma"": 0.5, ""gp_rate"": 0.5, ""lm_iterations"": 10, ""max_constants"": 999, ""max_depth"": 6, ""max_evals"": 2000000, ""max_unary"": 999, ""mutation_rate"": 0.1, ""ops"": [""+"", ""-"", ""*"", ""/"", ""sin"", ""cos"", ""exp"", ""log"", ""R""], ""succ_error_tol"": 1e-06}",0.5
imcts,NguyenC,1,NguyenC-1,expression,50,19118,40,20,20,1,"[""x0""]",3.39 * x[0]**3 + 2.12 * x[0]**2 + 1.78 * x[0],0.9999999403953552,True,0.9999999999999988,0.9999999999999984,12.0,13543,0.45959664502879605,0.0,0,(2.36315026503 / (x0 + x0) * 0.999826007684 + x0 * (0.625368723093 + x0) / (x0 * 0.444461859213)) * 1.22748759562 * x0 * x0 * 1.22748759562,(2.36315026503 / (x0 + x0) * 0.999826007684 + x0 * (0.625368723093 + x0) / (x0 * 0.444461859213)) * 1.22748759562 * x0 * x0 * 1.22748759562,1.23*x0*(x0*(2.76*x0 + 1.73) + 1.45),"[0.8599955869696251, 1.2607342874114915, 1.2607342874114915, 0.6253687230927983, 0.4444618592128966, 1.2274875956206537, 1.2274875956206535]","{""K"": 500, ""c"": 6.0, ""exploration_rate"": 0.1, ""gamma"": 0.5, ""gp_rate"": 0.5, ""lm_iterations"": 10, ""max_constants"": 999, ""max_depth"": 6, ""max_evals"": 2000000, ""max_unary"": 999, ""mutation_rate"": 0.1, ""ops"": [""+"", ""-"", ""*"", ""/"", ""sin"", ""cos"", ""exp"", ""log"", ""R""], ""succ_error_tol"": 1e-06}","{""K"": 500, ""c"": 6.0, ""exploration_rate"": 0.1, ""gamma"": 0.5, ""gp_rate"": 0.5, ""lm_iterations"": 10, ""max_constants"": 999, ""max_depth"": 6, ""max_evals"": 2000000, ""max_unary"": 999, ""mutation_rate"": 0.1, ""ops"": [""+"", ""-"", ""*"", ""/"", ""sin"", ""cos"", ""exp"", ""log"", ""R""], ""succ_error_tol"": 1e-06}",0.5
imcts,NguyenC,1,NguyenC-1,expression,51,3005,40,20,20,1,"[""x0""]",3.39 * x[0]**3 + 2.12 * x[0]**2 + 1.78 * x[0],0.9999999403953552,True,0.9999999999999997,0.9999999999999997,10.0,837,0.020255954994354397,0.0,0,x0 * 1.65931910833 * x0 * (0.4425761987 / (0.842883852126 * x0) - (-0.625368741129 - x0) * x0 / x0) * 2.04300660072,x0 * 1.65931910833 * x0 * (0.4425761987 / (0.842883852126 * x0) - (-0.625368741129 - x0) * x0 / x0) * 2.04300660072,3.39*x0*(x0*(x0 + 0.625) + 0.525),"[1.6593191083317165, 0.44257619870036796, 0.842883852125785, -0.6253687411289891, 2.0430066007192824]","{""K"": 500, ""c"": 6.0, ""exploration_rate"": 0.1, ""gamma"": 0.5, ""gp_rate"": 0.5, ""lm_iterations"": 10, ""max_constants"": 999, ""max_depth"": 6, ""max_evals"": 2000000, ""max_unary"": 999, ""mutation_rate"": 0.1, ""ops"": [""+"", ""-"", ""*"", ""/"", ""sin"", ""cos"", ""exp"", ""log"", ""R""], ""succ_error_tol"": 1e-06}","{""K"": 500, ""c"": 6.0, ""exploration_rate"": 0.1, ""gamma"": 0.5, ""gp_rate"": 0.5, ""lm_iterations"": 10, ""max_constants"": 999, ""max_depth"": 6, ""max_evals"": 2000000, ""max_unary"": 999, ""mutation_rate"": 0.1, ""ops"": [""+"", ""-"", ""*"", ""/"", ""sin"", ""cos"", ""exp"", ""log"", ""R""], ""succ_error_tol"": 1e-06}",0.5
imcts,NguyenC,1,NguyenC-1,expression,52,21042,40,20,20,1,"[""x0""]",3.39 * x[0]**3 + 2.12 * x[0]**2 + 1.78 * x[0],1.0,True,0.999999999998939,0.9999999999991629,12.0,7251,0.2542117119883187,0.0,0,(0.0353984055118 + x0) / (0.294984788345 / x0) * exp(x0 - x0) * x0 + x0 * (x0 + 1.92323428391 + -0.0716171059445 + -0.0716171059445 + x0),(0.0353984055118 + x0) / (0.294984788345 / x0) * exp(x0 - x0) * x0 + x0 * (x0 + 1.92323428391 + -0.0716171059445 + -0.0716171059445 + x0),x0*(3.39*x0**2 + 2.12*x0 + 1.78),"[0.03539840551178892, 0.29498478834483494, 0.6540082916937721, -0.07161710594450069, -0.07161710594450063]","{""K"": 500, ""c"": 6.0, ""exploration_rate"": 0.1, ""gamma"": 0.5, ""gp_rate"": 0.5, ""lm_iterations"": 10, ""max_constants"": 999, ""max_depth"": 6, ""max_evals"": 2000000, ""max_unary"": 999, ""mutation_rate"": 0.1, ""ops"": [""+"", ""-"", ""*"", ""/"", ""sin"", ""cos"", ""exp"", ""log"", ""R""], ""succ_error_tol"": 1e-06}","{""K"": 500, ""c"": 6.0, ""exploration_rate"": 0.1, ""gamma"": 0.5, ""gp_rate"": 0.5, ""lm_iterations"": 10, ""max_constants"": 999, ""max_depth"": 6, ""max_evals"": 2000000, ""max_unary"": 999, ""mutation_rate"": 0.1, ""ops"": [""+"", ""-"", ""*"", ""/"", ""sin"", ""cos"", ""exp"", ""log"", ""R""], ""succ_error_tol"": 1e-06}",0.5
imcts,NguyenC,1,NguyenC-1,expression,53,1899,40,20,20,1,"[""x0""]",3.39 * x[0]**3 + 2.12 * x[0]**2 + 1.78 * x[0],0.9999999403953552,True,0.9999999999999983,0.9999999999999986,11.0,8382,0.2761968050035648,0.0,0,(-1.7800002782 + -3.38999947913 * (0.62536881025 + x0) * x0) * (3.04241409251e-09 - x0),(-1.7800002782 + -3.38999947913 * (0.62536881025 + x0) * x0) * (3.04241409251e-09 - x0),x0*(x0*(3.39*x0 + 2.12) + 1.78),"[-1.780000278204092, 1.0, -3.3899994791313306, 0.6253688102499679, 2.9815659262234374e-09, -1.6077660535728384]","{""K"": 500, ""c"": 6.0, ""exploration_rate"": 0.1, ""gamma"": 0.5, ""gp_rate"": 0.5, ""lm_iterations"": 10, ""max_constants"": 999, ""max_depth"": 6, ""max_evals"": 2000000, ""max_unary"": 999, ""mutation_rate"": 0.1, ""ops"": [""+"", ""-"", ""*"", ""/"", ""sin"", ""cos"", ""exp"", ""log"", ""R""], ""succ_error_tol"": 1e-06}","{""K"": 500, ""c"": 6.0, ""exploration_rate"": 0.1, ""gamma"": 0.5, ""gp_rate"": 0.5, ""lm_iterations"": 10, ""max_constants"": 999, ""max_depth"": 6, ""max_evals"": 2000000, ""max_unary"": 999, ""mutation_rate"": 0.1, ""ops"": [""+"", ""-"", ""*"", ""/"", ""sin"", ""cos"", ""exp"", ""log"", ""R""], ""succ_error_tol"": 1e-06}",0.5
imcts,NguyenC,1,NguyenC-1,expression,54,24118,40,20,20,1,"[""x0""]",3.39 * x[0]**3 + 2.12 * x[0]**2 + 1.78 * x[0],1.0,True,0.9999999999999997,0.9999999999999998,11.0,17181,0.6079595310147852,0.0,0,3.75778419897 * x0 * (x0 - -0.625368691637) / 1.10849085238 * x0 + 1.77999996154 * x0,3.75778419897 * x0 * (x0 - -0.625368691637) / 1.10849085238 * x0 + 1.77999996154 * x0,x0*(x0*(3.39*x0 + 2.12) + 1.78),"[3.757784198965074, -0.6253686916371882, 1.1084908523843853, 1.7799999615403581]","{""K"": 500, ""c"": 6.0, ""exploration_rate"": 0.1, ""gamma"": 0.5, ""gp_rate"": 0.5, ""lm_iterations"": 10, ""max_constants"": 999, ""max_depth"": 6, ""max_evals"": 2000000, ""max_unary"": 999, ""mutation_rate"": 0.1, ""ops"": [""+"", ""-"", ""*"", ""/"", ""sin"", ""cos"", ""exp"", ""log"", ""R""], ""succ_error_tol"": 1e-06}","{""K"": 500, ""c"": 6.0, ""exploration_rate"": 0.1, ""gamma"": 0.5, ""gp_rate"": 0.5, ""lm_iterations"": 10, ""max_constants"": 999, ""max_depth"": 6, ""max_evals"": 2000000, ""max_unary"": 999, ""mutation_rate"": 0.1, ""ops"": [""+"", ""-"", ""*"", ""/"", ""sin"", ""cos"", ""exp"", ""log"", ""R""], ""succ_error_tol"": 1e-06}",0.5
imcts,NguyenC,1,NguyenC-1,expression,55,1267,40,20,20,1,"[""x0""]",3.39 * x[0]**3 + 2.12 * x[0]**2 + 1.78 * x[0],1.0,True,0.9999999999999991,0.9999999999999994,11.0,7698,0.2444176389835775,0.0,0,x0 * (2.11999988982 - x0 + 4.38999998794 * x0) * x0 - -1.78000003528 * x0,x0 * (2.11999988982 - x0 + 4.38999998794 * x0) * x0 - -1.78000003528 * x0,x0*(x0*(3.39*x0 + 2.12) + 1.78),"[2.1199998898217625, 4.389999987936591, -1.7800000352781296]","{""K"": 500, ""c"": 6.0, ""exploration_rate"": 0.1, ""gamma"": 0.5, ""gp_rate"": 0.5, ""lm_iterations"": 10, ""max_constants"": 999, ""max_depth"": 6, ""max_evals"": 2000000, ""max_unary"": 999, ""mutation_rate"": 0.1, ""ops"": [""+"", ""-"", ""*"", ""/"", ""sin"", ""cos"", ""exp"", ""log"", ""R""], ""succ_error_tol"": 1e-06}","{""K"": 500, ""c"": 6.0, ""exploration_rate"": 0.1, ""gamma"": 0.5, ""gp_rate"": 0.5, ""lm_iterations"": 10, ""max_constants"": 999, ""max_depth"": 6, ""max_evals"": 2000000, ""max_unary"": 999, ""mutation_rate"": 0.1, ""ops"": [""+"", ""-"", ""*"", ""/"", ""sin"", ""cos"", ""exp"", ""log"", ""R""], ""succ_error_tol"": 1e-06}",0.5
imcts,NguyenC,1,NguyenC-1,expression,56,31551,40,20,20,1,"[""x0""]",3.39 * x[0]**3 + 2.12 * x[0]**2 + 1.78 * x[0],0.9999999403953552,True,0.9999999999999996,0.999999999999999,11.0,8459,0.29845524800475687,0.0,0,x0 * 3.49787647613 * x0 * 0.969159466493 * (0.625368762524 + x0) + x0 + -3.47938804818e-08 - x0 + x0 / 0.561797752324,x0 * 3.49787647613 * x0 * 0.969159466493 * (0.625368762524 + x0) + x0 + -3.47938804818e-08 - x0 + x0 / 0.561797752324,x0*(x0*(3.39*x0 + 2.12) + 1.78),"[3.4978764761284062, 1.819795818260514, 0.6253687625237854, -3.479388048175402e-08, 0.5617977523237782]","{""K"": 500, ""c"": 6.0, ""exploration_rate"": 0.1, ""gamma"": 0.5, ""gp_rate"": 0.5, ""lm_iterations"": 10, ""max_constants"": 999, ""max_depth"": 6, ""max_evals"": 2000000, ""max_unary"": 999, ""mutation_rate"": 0.1, ""ops"": [""+"", ""-"", ""*"", ""/"", ""sin"", ""cos"", ""exp"", ""log"", ""R""], ""succ_error_tol"": 1e-06}","{""K"": 500, ""c"": 6.0, ""exploration_rate"": 0.1, ""gamma"": 0.5, ""gp_rate"": 0.5, ""lm_iterations"": 10, ""max_constants"": 999, ""max_depth"": 6, ""max_evals"": 2000000, ""max_unary"": 999, ""mutation_rate"": 0.1, ""ops"": [""+"", ""-"", ""*"", ""/"", ""sin"", ""cos"", ""exp"", ""log"", ""R""], ""succ_error_tol"": 1e-06}",0.5
imcts,NguyenC,1,NguyenC-1,expression,57,17912,40,20,20,1,"[""x0""]",3.39 * x[0]**3 + 2.12 * x[0]**2 + 1.78 * x[0],0.9999999403953552,True,0.9999999999999996,0.9999999999999994,12.0,8648,0.28766946896212175,0.0,0,((x0 - -0.525073758287 + x0 * x0) * 3.38999990434 - 0.837741305327 * 1.9695850861 * 0.769695652939 * x0) * x0,((x0 - -0.525073758287 + x0 * x0) * 3.38999990434 - 0.837741305327 * 1.9695850861 * 0.769695652939 * x0) * x0,x0*(3.39*x0**2 + 2.12*x0 + 1.78),"[-0.5250737582867391, 3.389999904336528, 0.9931337092302668, 1.9695850861023843, 0.769695652938629]","{""K"": 500, ""c"": 6.0, ""exploration_rate"": 0.1, ""gamma"": 0.5, ""gp_rate"": 0.5, ""lm_iterations"": 10, ""max_constants"": 999, ""max_depth"": 6, ""max_evals"": 2000000, ""max_unary"": 999, ""mutation_rate"": 0.1, ""ops"": [""+"", ""-"", ""*"", ""/"", ""sin"", ""cos"", ""exp"", ""log"", ""R""], ""succ_error_tol"": 1e-06}","{""K"": 500, ""c"": 6.0, ""exploration_rate"": 0.1, ""gamma"": 0.5, ""gp_rate"": 0.5, ""lm_iterations"": 10, ""max_constants"": 999, ""max_depth"": 6, ""max_evals"": 2000000, ""max_unary"": 999, ""mutation_rate"": 0.1, ""ops"": [""+"", ""-"", ""*"", ""/"", ""sin"", ""cos"", ""exp"", ""log"", ""R""], ""succ_error_tol"": 1e-06}",0.5
imcts,NguyenC,1,NguyenC-1,expression,58,11394,40,20,20,1,"[""x0""]",3.39 * x[0]**3 + 2.12 * x[0]**2 + 1.78 * x[0],0.9999999403953552,True,0.9999999999999993,0.9999999999999986,10.0,15138,0.530936922004912,0.0,0,((0.625368768576 + x0) * (x0 * 4.38999978724 - x0) - -1.78000011959) * (x0 + 1.29511336372e-08),((0.625368768576 + x0) * (x0 * 4.38999978724 - x0) - -1.78000011959) * (x0 + 1.29511336372e-08),x0*(3.39*x0*(x0 + 0.625) + 1.78),"[0.6253687685760986, 4.389999787241785, -3.6453719168464254, 1.1706927688361435, 0.8028227375674531, 1.0000000128511337]","{""K"": 500, ""c"": 6.0, ""exploration_rate"": 0.1, ""gamma"": 0.5, ""gp_rate"": 0.5, ""lm_iterations"": 10, ""max_constants"": 999, ""max_depth"": 6, ""max_evals"": 2000000, ""max_unary"": 999, ""mutation_rate"": 0.1, ""ops"": [""+"", ""-"", ""*"", ""/"", ""sin"", ""cos"", ""exp"", ""log"", ""R""], ""succ_error_tol"": 1e-06}","{""K"": 500, ""c"": 6.0, ""exploration_rate"": 0.1, ""gamma"": 0.5, ""gp_rate"": 0.5, ""lm_iterations"": 10, ""max_constants"": 999, ""max_depth"": 6, ""max_evals"": 2000000, ""max_unary"": 999, ""mutation_rate"": 0.1, ""ops"": [""+"", ""-"", ""*"", ""/"", ""sin"", ""cos"", ""exp"", ""log"", ""R""], ""succ_error_tol"": 1e-06}",0.5
imcts,NguyenC,1,NguyenC-1,expression,59,3556,40,20,20,1,"[""x0""]",3.39 * x[0]**3 + 2.12 * x[0]**2 + 1.78 * x[0],1.0,True,1.0,1.0,12.0,877,0.02213150996249169,0.0,0,((x0 + x0) / (0.722509028346 / x0) + (1.49689451777 + x0) * (1.91218681986 + x0) * 0.62186841582) * x0,((x0 + x0) / (0.722509028346 / x0) + (1.49689451777 + x0) * (1.91218681986 + x0) * 0.62186841582) * x0,x0*(3.39*x0**2 + 2.12*x0 + 1.78),"[0.7225090283460541, 1.4968945177690471, 1.912186819857585, 0.6711263057510412]","{""K"": 500, ""c"": 6.0, ""exploration_rate"": 0.1, ""gamma"": 0.5, ""gp_rate"": 0.5, ""lm_iterations"": 10, ""max_constants"": 999, ""max_depth"": 6, ""max_evals"": 2000000, ""max_unary"": 999, ""mutation_rate"": 0.1, ""ops"": [""+"", ""-"", ""*"", ""/"", ""sin"", ""cos"", ""exp"", ""log"", ""R""], ""succ_error_tol"": 1e-06}","{""K"": 500, ""c"": 6.0, ""exploration_rate"": 0.1, ""gamma"": 0.5, ""gp_rate"": 0.5, ""lm_iterations"": 10, ""max_constants"": 999, ""max_depth"": 6, ""max_evals"": 2000000, ""max_unary"": 999, ""mutation_rate"": 0.1, ""ops"": [""+"", ""-"", ""*"", ""/"", ""sin"", ""cos"", ""exp"", ""log"", ""R""], ""succ_error_tol"": 1e-06}",0.5
imcts,NguyenC,1,NguyenC-1,expression,60,3890,40,20,20,1,"[""x0""]",3.39 * x[0]**3 + 2.12 * x[0]**2 + 1.78 * x[0],0.9999999403953552,True,0.9999999999999994,0.9999999999999996,12.0,5348,0.15462749998550862,0.0,0,3.3900003489 * x0 * (0.972061359078 - (0.425393723257 - x0) * (x0 + 1.05076238694)),3.3900003489 * x0 * (0.972061359078 - (0.425393723257 - x0) * (x0 + 1.05076238694)),x0*(3.39*x0**2 + 2.12*x0 + 1.78),"[3.3900003488994033, 1.8077339285701506, 0.4253937232570484, 1.0507623869371077]","{""K"": 500, ""c"": 6.0, ""exploration_rate"": 0.1, ""gamma"": 0.5, ""gp_rate"": 0.5, ""lm_iterations"": 10, ""max_constants"": 999, ""max_depth"": 6, ""max_evals"": 2000000, ""max_unary"": 999, ""mutation_rate"": 0.1, ""ops"": [""+"", ""-"", ""*"", ""/"", ""sin"", ""cos"", ""exp"", ""log"", ""R""], ""succ_error_tol"": 1e-06}","{""K"": 500, ""c"": 6.0, ""exploration_rate"": 0.1, ""gamma"": 0.5, ""gp_rate"": 0.5, ""lm_iterations"": 10, ""max_constants"": 999, ""max_depth"": 6, ""max_evals"": 2000000, ""max_unary"": 999, ""mutation_rate"": 0.1, ""ops"": [""+"", ""-"", ""*"", ""/"", ""sin"", ""cos"", ""exp"", ""log"", ""R""], ""succ_error_tol"": 1e-06}",0.5
imcts,NguyenC,1,NguyenC-1,expression,61,8838,40,20,20,1,"[""x0""]",3.39 * x[0]**3 + 2.12 * x[0]**2 + 1.78 * x[0],0.9999999403953552,True,0.9999999999999991,0.9999999999999989,10.0,10269,0.3500819399487227,0.0,0,(4.390000102 * x0 - x0) * (x0 / x0 - (0.474926267856 - (x0 + 0.625368748841) * x0)),(4.390000102 * x0 - x0) * (x0 / x0 - (0.474926267856 - (x0 + 0.625368748841) * x0)),3.39*x0*(x0*(x0 + 0.625) + 0.525),"[0.5854332446953768, 1.6456494670965385, 0.3124382661148479, 2.6467124078585975, 0.6253687488405407]","{""K"": 500, ""c"": 6.0, ""exploration_rate"": 0.1, ""gamma"": 0.5, ""gp_rate"": 0.5, ""lm_iterations"": 10, ""max_constants"": 999, ""max_depth"": 6, ""max_evals"": 2000000, ""max_unary"": 999, ""mutation_rate"": 0.1, ""ops"": [""+"", ""-"", ""*"", ""/"", ""sin"", ""cos"", ""exp"", ""log"", ""R""], ""succ_error_tol"": 1e-06}","{""K"": 500, ""c"": 6.0, ""exploration_rate"": 0.1, ""gamma"": 0.5, ""gp_rate"": 0.5, ""lm_iterations"": 10, ""max_constants"": 999, ""max_depth"": 6, ""max_evals"": 2000000, ""max_unary"": 999, ""mutation_rate"": 0.1, ""ops"": [""+"", ""-"", ""*"", ""/"", ""sin"", ""cos"", ""exp"", ""log"", ""R""], ""succ_error_tol"": 1e-06}",0.5
imcts,NguyenC,1,NguyenC-1,expression,62,30740,40,20,20,1,"[""x0""]",3.39 * x[0]**3 + 2.12 * x[0]**2 + 1.78 * x[0],0.9999999403953552,True,0.9999999999999997,0.9999999999999996,10.0,11867,0.43014626298099756,0.0,0,3.38999987729 * x0 * ((0.625368740446 + x0) * x0 - -0.525073771632),3.38999987729 * x0 * ((0.625368740446 + x0) * x0 - -0.525073771632),3.39*x0*(x0*(x0 + 0.625) + 0.525),"[4.627186894953214, 1.2371870176680826, 0.6253687404463668, 0.5915117258718423]","{""K"": 500, ""c"": 6.0, ""exploration_rate"": 0.1, ""gamma"": 0.5, ""gp_rate"": 0.5, ""lm_iterations"": 10, ""max_constants"": 999, ""max_depth"": 6, ""max_evals"": 2000000, ""max_unary"": 999, ""mutation_rate"": 0.1, ""ops"": [""+"", ""-"", ""*"", ""/"", ""sin"", ""cos"", ""exp"", ""log"", ""R""], ""succ_error_tol"": 1e-06}","{""K"": 500, ""c"": 6.0, ""exploration_rate"": 0.1, ""gamma"": 0.5, ""gp_rate"": 0.5, ""lm_iterations"": 10, ""max_constants"": 999, ""max_depth"": 6, ""max_evals"": 2000000, ""max_unary"": 999, ""mutation_rate"": 0.1, ""ops"": [""+"", ""-"", ""*"", ""/"", ""sin"", ""cos"", ""exp"", ""log"", ""R""], ""succ_error_tol"": 1e-06}",0.5
imcts,NguyenC,1,NguyenC-1,expression,63,27464,40,20,20,1,"[""x0""]",3.39 * x[0]**3 + 2.12 * x[0]**2 + 1.78 * x[0],0.9999999403953552,True,0.999999999999998,0.9999999999999953,11.0,6274,0.20196370797930285,0.0,0,((x0 + 0.625368749505) * x0 + 0.525073824661) * 1.24711115857 * x0 * 2.71828182846,((x0 + 0.625368749505) * x0 + 0.525073824661) * 1.24711115857 * x0 * 2.71828182846,2.72*x0*(1.25*x0*(x0 + 0.625) + 0.655),"[0.6253687495050309, 0.5250738246608032, 1.2471111585729355, 1.0, 0.9999999999999998]","{""K"": 500, ""c"": 6.0, ""exploration_rate"": 0.1, ""gamma"": 0.5, ""gp_rate"": 0.5, ""lm_iterations"": 10, ""max_constants"": 999, ""max_depth"": 6, ""max_evals"": 2000000, ""max_unary"": 999, ""mutation_rate"": 0.1, ""ops"": [""+"", ""-"", ""*"", ""/"", ""sin"", ""cos"", ""exp"", ""log"", ""R""], ""succ_error_tol"": 1e-06}","{""K"": 500, ""c"": 6.0, ""exploration_rate"": 0.1, ""gamma"": 0.5, ""gp_rate"": 0.5, ""lm_iterations"": 10, ""max_constants"": 999, ""max_depth"": 6, ""max_evals"": 2000000, ""max_unary"": 999, ""mutation_rate"": 0.1, ""ops"": [""+"", ""-"", ""*"", ""/"", ""sin"", ""cos"", ""exp"", ""log"", ""R""], ""succ_error_tol"": 1e-06}",0.5
imcts,NguyenC,1,NguyenC-1,expression,64,14502,40,20,20,1,"[""x0""]",3.39 * x[0]**3 + 2.12 * x[0]**2 + 1.78 * x[0],0.9999999403953552,True,0.9999999999999994,0.9999999999999967,16.0,8031,0.2722028320422396,0.0,0,(0.820058899715 + x0 * x0) * (x0 * 3.39000023353 - -2.12000020035) + -0.85238551446 - x0 + -0.886139618722,(0.820058899715 + x0 * x0) * (x0 * 3.39000023353 - -2.12000020035) + -0.85238551446 - x0 + -0.886139618722,-x0 + (3.39*x0 + 2.12)*(x0**2 + 0.82) - 1.74,"[0.820058899715214, 3.3900002335312114, -2.12000020035377, -0.8523855144604536, -0.8861396187222194]","{""K"": 500, ""c"": 6.0, ""exploration_rate"": 0.1, ""gamma"": 0.5, ""gp_rate"": 0.5, ""lm_iterations"": 10, ""max_constants"": 999, ""max_depth"": 6, ""max_evals"": 2000000, ""max_unary"": 999, ""mutation_rate"": 0.1, ""ops"": [""+"", ""-"", ""*"", ""/"", ""sin"", ""cos"", ""exp"", ""log"", ""R""], ""succ_error_tol"": 1e-06}","{""K"": 500, ""c"": 6.0, ""exploration_rate"": 0.1, ""gamma"": 0.5, ""gp_rate"": 0.5, ""lm_iterations"": 10, ""max_constants"": 999, ""max_depth"": 6, ""max_evals"": 2000000, ""max_unary"": 999, ""mutation_rate"": 0.1, ""ops"": [""+"", ""-"", ""*"", ""/"", ""sin"", ""cos"", ""exp"", ""log"", ""R""], ""succ_error_tol"": 1e-06}",0.5
imcts,NguyenC,1,NguyenC-1,expression,65,21777,40,20,20,1,"[""x0""]",3.39 * x[0]**3 + 2.12 * x[0]**2 + 1.78 * x[0],0.9999999403953552,True,0.9999999999999986,0.9999999999999981,12.0,11208,0.41670587903354317,0.0,0,(x0 * (-0.798808245764 + x0) * x0 + x0 * (1.02823699589 + x0) * (1.02130880448 + x0)) / 0.589970493852,(x0 * (-0.798808245764 + x0) * x0 + x0 * (1.02823699589 + x0) * (1.02130880448 + x0)) / 0.589970493852,x0*(3.39*x0**2 + 2.12*x0 + 1.78),"[-0.798808245763897, 1.028236995885488, 1.0213088044784469, 0.5899704938524875]","{""K"": 500, ""c"": 6.0, ""exploration_rate"": 0.1, ""gamma"": 0.5, ""gp_rate"": 0.5, ""lm_iterations"": 10, ""max_constants"": 999, ""max_depth"": 6, ""max_evals"": 2000000, ""max_unary"": 999, ""mutation_rate"": 0.1, ""ops"": [""+"", ""-"", ""*"", ""/"", ""sin"", ""cos"", ""exp"", ""log"", ""R""], ""succ_error_tol"": 1e-06}","{""K"": 500, ""c"": 6.0, ""exploration_rate"": 0.1, ""gamma"": 0.5, ""gp_rate"": 0.5, ""lm_iterations"": 10, ""max_constants"": 999, ""max_depth"": 6, ""max_evals"": 2000000, ""max_unary"": 999, ""mutation_rate"": 0.1, ""ops"": [""+"", ""-"", ""*"", ""/"", ""sin"", ""cos"", ""exp"", ""log"", ""R""], ""succ_error_tol"": 1e-06}",0.5
imcts,NguyenC,1,NguyenC-1,expression,66,10627,40,20,20,1,"[""x0""]",3.39 * x[0]**3 + 2.12 * x[0]**2 + 1.78 * x[0],0.9999999403953552,True,0.9999999999999998,0.9999999999999996,12.0,12036,0.39919289003591985,0.0,0,x0 * (3.09800633266 * (0.62536868272 + x0) * x0 * 1.09425220431 - -1.779999829),x0 * (3.09800633266 * (0.62536868272 + x0) * x0 * 1.09425220431 - -1.779999829),x0*(1.09*x0*(3.1*x0 + 1.94) + 1.78),"[1.130758786106308, 0.6253686827197533, 1.0942522043102108, 0.16863817600523812]","{""K"": 500, ""c"": 6.0, ""exploration_rate"": 0.1, ""gamma"": 0.5, ""gp_rate"": 0.5, ""lm_iterations"": 10, ""max_constants"": 999, ""max_depth"": 6, ""max_evals"": 2000000, ""max_unary"": 999, ""mutation_rate"": 0.1, ""ops"": [""+"", ""-"", ""*"", ""/"", ""sin"", ""cos"", ""exp"", ""log"", ""R""], ""succ_error_tol"": 1e-06}","{""K"": 500, ""c"": 6.0, ""exploration_rate"": 0.1, ""gamma"": 0.5, ""gp_rate"": 0.5, ""lm_iterations"": 10, ""max_constants"": 999, ""max_depth"": 6, ""max_evals"": 2000000, ""max_unary"": 999, ""mutation_rate"": 0.1, ""ops"": [""+"", ""-"", ""*"", ""/"", ""sin"", ""cos"", ""exp"", ""log"", ""R""], ""succ_error_tol"": 1e-06}",0.5
imcts,NguyenC,1,NguyenC-1,expression,67,8792,40,20,20,1,"[""x0""]",3.39 * x[0]**3 + 2.12 * x[0]**2 + 1.78 * x[0],0.9999999403953552,True,0.9999999999999997,0.9999999999999997,10.0,6525,0.21403339999960735,0.0,0,-2.8975418613e-08 + (0.525073743157 + (0.625368748799 + x0) * x0) * x0 / 0.294985245432,-2.8975418613e-08 + (0.525073743157 + (0.625368748799 + x0) * x0) * x0 / 0.294985245432,3.39*x0*(x0*(x0 + 0.625) + 0.525),"[-2.897541861298086e-08, 0.5250737431568268, 0.6253687487988647, 0.2994400769376724]","{""K"": 500, ""c"": 6.0, ""exploration_rate"": 0.1, ""gamma"": 0.5, ""gp_rate"": 0.5, ""lm_iterations"": 10, ""max_constants"": 999, ""max_depth"": 6, ""max_evals"": 2000000, ""max_unary"": 999, ""mutation_rate"": 0.1, ""ops"": [""+"", ""-"", ""*"", ""/"", ""sin"", ""cos"", ""exp"", ""log"", ""R""], ""succ_error_tol"": 1e-06}","{""K"": 500, ""c"": 6.0, ""exploration_rate"": 0.1, ""gamma"": 0.5, ""gp_rate"": 0.5, ""lm_iterations"": 10, ""max_constants"": 999, ""max_depth"": 6, ""max_evals"": 2000000, ""max_unary"": 999, ""mutation_rate"": 0.1, ""ops"": [""+"", ""-"", ""*"", ""/"", ""sin"", ""cos"", ""exp"", ""log"", ""R""], ""succ_error_tol"": 1e-06}",0.5
imcts,NguyenC,1,NguyenC-1,expression,68,10555,40,20,20,1,"[""x0""]",3.39 * x[0]**3 + 2.12 * x[0]**2 + 1.78 * x[0],0.9999999403953552,True,0.999999999966286,0.9999999999778245,12.0,19053,0.6774669589940459,0.0,0,3.38999968632 * (x0 * x0 + 0.525073833374 - x0 + x0 / 0.615242471043) * x0,3.38999968632 * (x0 * x0 + 0.525073833374 - x0 + x0 / 0.615242471043) * x0,x0*(3.39*x0**2 + 2.12*x0 + 1.78),"[3.389999686318353, 0.5250738333743573, 0.6152424710426702]","{""K"": 500, ""c"": 6.0, ""exploration_rate"": 0.1, ""gamma"": 0.5, ""gp_rate"": 0.5, ""lm_iterations"": 10, ""max_constants"": 999, ""max_depth"": 6, ""max_evals"": 2000000, ""max_unary"": 999, ""mutation_rate"": 0.1, ""ops"": [""+"", ""-"", ""*"", ""/"", ""sin"", ""cos"", ""exp"", ""log"", ""R""], ""succ_error_tol"": 1e-06}","{""K"": 500, ""c"": 6.0, ""exploration_rate"": 0.1, ""gamma"": 0.5, ""gp_rate"": 0.5, ""lm_iterations"": 10, ""max_constants"": 999, ""max_depth"": 6, ""max_evals"": 2000000, ""max_unary"": 999, ""mutation_rate"": 0.1, ""ops"": [""+"", ""-"", ""*"", ""/"", ""sin"", ""cos"", ""exp"", ""log"", ""R""], ""succ_error_tol"": 1e-06}",0.5
imcts,NguyenC,1,NguyenC-1,expression,69,10253,40,20,20,1,"[""x0""]",3.39 * x[0]**3 + 2.12 * x[0]**2 + 1.78 * x[0],0.9999999403953552,True,0.9999999999999991,0.999999999999998,12.0,1627,0.049314082018099725,0.0,0,3.38999939984 * (-0.316397075389 + x0 + 0.841470984808 + x0 * (-0.374631130824 + x0)) * x0,3.38999939984 * (-0.316397075389 + x0 + 0.841470984808 + x0 * (-0.374631130824 + x0)) * x0,x0*(3.39*x0**2 + 2.12*x0 + 1.78),"[1.2208297443534633, -0.31639707538923545, 1.0, -0.3746311308238043]","{""K"": 500, ""c"": 6.0, ""exploration_rate"": 0.1, ""gamma"": 0.5, ""gp_rate"": 0.5, ""lm_iterations"": 10, ""max_constants"": 999, ""max_depth"": 6, ""max_evals"": 2000000, ""max_unary"": 999, ""mutation_rate"": 0.1, ""ops"": [""+"", ""-"", ""*"", ""/"", ""sin"", ""cos"", ""exp"", ""log"", ""R""], ""succ_error_tol"": 1e-06}","{""K"": 500, ""c"": 6.0, ""exploration_rate"": 0.1, ""gamma"": 0.5, ""gp_rate"": 0.5, ""lm_iterations"": 10, ""max_constants"": 999, ""max_depth"": 6, ""max_evals"": 2000000, ""max_unary"": 999, ""mutation_rate"": 0.1, ""ops"": [""+"", ""-"", ""*"", ""/"", ""sin"", ""cos"", ""exp"", ""log"", ""R""], ""succ_error_tol"": 1e-06}",0.5
imcts,NguyenC,1,NguyenC-1,expression,70,8433,40,20,20,1,"[""x0""]",3.39 * x[0]**3 + 2.12 * x[0]**2 + 1.78 * x[0],0.9999999403953552,True,0.9999999999999999,0.9999999999999999,11.0,8109,0.26410621899412945,0.0,0,x0 * 1.69500001993 * x0 * (x0 - -1.25073747524 + x0) - -1.77999999599 * x0,x0 * 1.69500001993 * x0 * (x0 - -1.25073747524 + x0) - -1.77999999599 * x0,x0*(x0*(3.39*x0 + 2.12) + 1.78),"[1.6950000199306887, -2.815000065388187, 0.44431170379604645, -1.7799999959883184]","{""K"": 500, ""c"": 6.0, ""exploration_rate"": 0.1, ""gamma"": 0.5, ""gp_rate"": 0.5, ""lm_iterations"": 10, ""max_constants"": 999, ""max_depth"": 6, ""max_evals"": 2000000, ""max_unary"": 999, ""mutation_rate"": 0.1, ""ops"": [""+"", ""-"", ""*"", ""/"", ""sin"", ""cos"", ""exp"", ""log"", ""R""], ""succ_error_tol"": 1e-06}","{""K"": 500, ""c"": 6.0, ""exploration_rate"": 0.1, ""gamma"": 0.5, ""gp_rate"": 0.5, ""lm_iterations"": 10, ""max_constants"": 999, ""max_depth"": 6, ""max_evals"": 2000000, ""max_unary"": 999, ""mutation_rate"": 0.1, ""ops"": [""+"", ""-"", ""*"", ""/"", ""sin"", ""cos"", ""exp"", ""log"", ""R""], ""succ_error_tol"": 1e-06}",0.5
imcts,NguyenC,1,NguyenC-1,expression,71,10233,40,20,20,1,"[""x0""]",3.39 * x[0]**3 + 2.12 * x[0]**2 + 1.78 * x[0],0.9999999403953552,True,0.9999999999999984,0.9999999999999983,12.0,3339,0.10456015000818297,0.0,0,(0.839622800417 + x0 * 1.59905640259 * x0 + x0) * 0.706666633604 * (x0 + x0 + x0),(0.839622800417 + x0 * 1.59905640259 * x0 + x0) * 0.706666633604 * (x0 + x0 + x0),x0*(3.39*x0**2 + 2.12*x0 + 1.78),"[0.8396228004166806, 1.5990564025902878, 0.7066666336036047, 1.0]","{""K"": 500, ""c"": 6.0, ""exploration_rate"": 0.1, ""gamma"": 0.5, ""gp_rate"": 0.5, ""lm_iterations"": 10, ""max_constants"": 999, ""max_depth"": 6, ""max_evals"": 2000000, ""max_unary"": 999, ""mutation_rate"": 0.1, ""ops"": [""+"", ""-"", ""*"", ""/"", ""sin"", ""cos"", ""exp"", ""log"", ""R""], ""succ_error_tol"": 1e-06}","{""K"": 500, ""c"": 6.0, ""exploration_rate"": 0.1, ""gamma"": 0.5, ""gp_rate"": 0.5, ""lm_iterations"": 10, ""max_constants"": 999, ""max_depth"": 6, ""max_evals"": 2000000, ""max_unary"": 999, ""mutation_rate"": 0.1, ""ops"": [""+"", ""-"", ""*"", ""/"", ""sin"", ""cos"", ""exp"", ""log"", ""R""], ""succ_error_tol"": 1e-06}",0.5
imcts,NguyenC,1,NguyenC-1,expression,72,11016,40,20,20,1,"[""x0""]",3.39 * x[0]**3 + 2.12 * x[0]**2 + 1.78 * x[0],0.9999999403953552,True,0.999999999999998,0.9999999999999152,12.0,14777,0.4904433930059895,0.0,0,(x0 * -3.198116095 * x0 - (x0 + 1.67924649027 + x0)) / 0.931756265778 / ((x0 * -0.99999912406 - (1.01249332543 - x0 - (x0 - x0))) / x0),(x0 * -3.198116095 * x0 - (x0 + 1.67924649027 + x0)) / 0.931756265778 / ((x0 * -0.99999912406 - (1.01249332543 - x0 - (x0 - x0))) / x0),x0*(3.39*x0**2 + 2.12*x0 + 1.78),"[-3.198116094997199, 1.6792464902665993, -0.3715760448859997, -0.9999991240602352, 1.0124933254268862]","{""K"": 500, ""c"": 6.0, ""exploration_rate"": 0.1, ""gamma"": 0.5, ""gp_rate"": 0.5, ""lm_iterations"": 10, ""max_constants"": 999, ""max_depth"": 6, ""max_evals"": 2000000, ""max_unary"": 999, ""mutation_rate"": 0.1, ""ops"": [""+"", ""-"", ""*"", ""/"", ""sin"", ""cos"", ""exp"", ""log"", ""R""], ""succ_error_tol"": 1e-06}","{""K"": 500, ""c"": 6.0, ""exploration_rate"": 0.1, ""gamma"": 0.5, ""gp_rate"": 0.5, ""lm_iterations"": 10, ""max_constants"": 999, ""max_depth"": 6, ""max_evals"": 2000000, ""max_unary"": 999, ""mutation_rate"": 0.1, ""ops"": [""+"", ""-"", ""*"", ""/"", ""sin"", ""cos"", ""exp"", ""log"", ""R""], ""succ_error_tol"": 1e-06}",0.5
imcts,NguyenC,1,NguyenC-1,expression,73,23897,40,20,20,1,"[""x0""]",3.39 * x[0]**3 + 2.12 * x[0]**2 + 1.78 * x[0],0.9999999403953552,True,0.9999999999999988,0.999999999999999,12.0,3788,0.12297802302055061,0.0,0,(x0 * x0 - -0.379913595726 * x0) * (0.245455072746 + x0) * 1.60390322338 / 0.473127780134 + (1.88779644612e-08 + x0) / 0.683117733039,(x0 * x0 - -0.379913595726 * x0) * (0.245455072746 + x0) * 1.60390322338 / 0.473127780134 + (1.88779644612e-08 + x0) / 0.683117733039,x0*(3.39*(x0 + 0.245)*(x0 + 0.38) + 1.46),"[-0.37991359572609046, 0.24545507274647935, 1.6039032233777257, 0.4731277801337988, 1.8877964461221924e-08, 0.6831177330387929]","{""K"": 500, ""c"": 6.0, ""exploration_rate"": 0.1, ""gamma"": 0.5, ""gp_rate"": 0.5, ""lm_iterations"": 10, ""max_constants"": 999, ""max_depth"": 6, ""max_evals"": 2000000, ""max_unary"": 999, ""mutation_rate"": 0.1, ""ops"": [""+"", ""-"", ""*"", ""/"", ""sin"", ""cos"", ""exp"", ""log"", ""R""], ""succ_error_tol"": 1e-06}","{""K"": 500, ""c"": 6.0, ""exploration_rate"": 0.1, ""gamma"": 0.5, ""gp_rate"": 0.5, ""lm_iterations"": 10, ""max_constants"": 999, ""max_depth"": 6, ""max_evals"": 2000000, ""max_unary"": 999, ""mutation_rate"": 0.1, ""ops"": [""+"", ""-"", ""*"", ""/"", ""sin"", ""cos"", ""exp"", ""log"", ""R""], ""succ_error_tol"": 1e-06}",0.5
imcts,NguyenC,1,NguyenC-1,expression,74,2612,40,20,20,1,"[""x0""]",3.39 * x[0]**3 + 2.12 * x[0]**2 + 1.78 * x[0],0.9999999403953552,True,0.999999999999999,0.9999999999999994,12.0,12212,0.41960365104023367,0.0,0,x0 * ((x0 - -0.0353981899082) * 3.38999989193 * x0 + 1.78000000935 + x0 + x0),x0 * ((x0 - -0.0353981899082) * 3.38999989193 * x0 + 1.78000000935 + x0 + x0),x0*(3.39*x0**2 + 2.12*x0 + 1.78),"[-0.03539818990817731, 3.3899998919262053, 1.7800000093457855]","{""K"": 500, ""c"": 6.0, ""exploration_rate"": 0.1, ""gamma"": 0.5, ""gp_rate"": 0.5, ""lm_iterations"": 10, ""max_constants"": 999, ""max_depth"": 6, ""max_evals"": 2000000, ""max_unary"": 999, ""mutation_rate"": 0.1, ""ops"": [""+"", ""-"", ""*"", ""/"", ""sin"", ""cos"", ""exp"", ""log"", ""R""], ""succ_error_tol"": 1e-06}","{""K"": 500, ""c"": 6.0, ""exploration_rate"": 0.1, ""gamma"": 0.5, ""gp_rate"": 0.5, ""lm_iterations"": 10, ""max_constants"": 999, ""max_depth"": 6, ""max_evals"": 2000000, ""max_unary"": 999, ""mutation_rate"": 0.1, ""ops"": [""+"", ""-"", ""*"", ""/"", ""sin"", ""cos"", ""exp"", ""log"", ""R""], ""succ_error_tol"": 1e-06}",0.5
imcts,NguyenC,1,NguyenC-1,expression,75,23425,40,20,20,1,"[""x0""]",3.39 * x[0]**3 + 2.12 * x[0]**2 + 1.78 * x[0],0.9999999403953552,True,0.9999999999999998,0.9999999999999994,12.0,4297,0.13105098198866472,0.0,0,1.69500009725 * ((x0 * x0 + 0.582309723141 * x0) * (x0 + x0 - -0.0861179939532) + x0 - 2.5862103224e-08),1.69500009725 * ((x0 * x0 + 0.582309723141 * x0) * (x0 + x0 - -0.0861179939532) + x0 - 2.5862103224e-08),x0*(3.39*x0**2 + 2.12*x0 + 1.78),"[1.6950000972495198, 0.5823097231405278, -0.0861179939531516, 2.5862103223951673e-08]","{""K"": 500, ""c"": 6.0, ""exploration_rate"": 0.1, ""gamma"": 0.5, ""gp_rate"": 0.5, ""lm_iterations"": 10, ""max_constants"": 999, ""max_depth"": 6, ""max_evals"": 2000000, ""max_unary"": 999, ""mutation_rate"": 0.1, ""ops"": [""+"", ""-"", ""*"", ""/"", ""sin"", ""cos"", ""exp"", ""log"", ""R""], ""succ_error_tol"": 1e-06}","{""K"": 500, ""c"": 6.0, ""exploration_rate"": 0.1, ""gamma"": 0.5, ""gp_rate"": 0.5, ""lm_iterations"": 10, ""max_constants"": 999, ""max_depth"": 6, ""max_evals"": 2000000, ""max_unary"": 999, ""mutation_rate"": 0.1, ""ops"": [""+"", ""-"", ""*"", ""/"", ""sin"", ""cos"", ""exp"", ""log"", ""R""], ""succ_error_tol"": 1e-06}",0.5
imcts,NguyenC,1,NguyenC-1,expression,76,25939,40,20,20,1,"[""x0""]",3.39 * x[0]**3 + 2.12 * x[0]**2 + 1.78 * x[0],0.9999999403953552,True,0.9999999999684966,0.9999999999752127,11.0,8831,0.30409175402019173,0.0,0,x0 / 0.561791934661 - x0 * x0 / (0.294985256661 / (-0.625368738186 - x0)),x0 / 0.561791934661 - x0 * x0 / (0.294985256661 / (-0.625368738186 - x0)),x0*(x0*(3.39*x0 + 2.12) + 1.78),"[0.5617919346605779, -1.220829901310243, -0.6253687381855974]","{""K"": 500, ""c"": 6.0, ""exploration_rate"": 0.1, ""gamma"": 0.5, ""gp_rate"": 0.5, ""lm_iterations"": 10, ""max_constants"": 999, ""max_depth"": 6, ""max_evals"": 2000000, ""max_unary"": 999, ""mutation_rate"": 0.1, ""ops"": [""+"", ""-"", ""*"", ""/"", ""sin"", ""cos"", ""exp"", ""log"", ""R""], ""succ_error_tol"": 1e-06}","{""K"": 500, ""c"": 6.0, ""exploration_rate"": 0.1, ""gamma"": 0.5, ""gp_rate"": 0.5, ""lm_iterations"": 10, ""max_constants"": 999, ""max_depth"": 6, ""max_evals"": 2000000, ""max_unary"": 999, ""mutation_rate"": 0.1, ""ops"": [""+"", ""-"", ""*"", ""/"", ""sin"", ""cos"", ""exp"", ""log"", ""R""], ""succ_error_tol"": 1e-06}",0.5
imcts,NguyenC,1,NguyenC-1,expression,77,22619,40,20,20,1,"[""x0""]",3.39 * x[0]**3 + 2.12 * x[0]**2 + 1.78 * x[0],0.9999999403953552,True,0.9999999999999999,0.9999999999999999,10.0,6370,0.20177361299283803,0.0,0,((x0 + 0.625368744076) * x0 * 3.38999998899 - -1.78000003564) * x0,((x0 + 0.625368744076) * x0 * 3.38999998899 - -1.78000003564) * x0,x0*(3.39*x0*(x0 + 0.625) + 1.78),"[0.6253687440760891, 3.3899999889900143, -1.7800000356381545]","{""K"": 500, ""c"": 6.0, ""exploration_rate"": 0.1, ""gamma"": 0.5, ""gp_rate"": 0.5, ""lm_iterations"": 10, ""max_constants"": 999, ""max_depth"": 6, ""max_evals"": 2000000, ""max_unary"": 999, ""mutation_rate"": 0.1, ""ops"": [""+"", ""-"", ""*"", ""/"", ""sin"", ""cos"", ""exp"", ""log"", ""R""], ""succ_error_tol"": 1e-06}","{""K"": 500, ""c"": 6.0, ""exploration_rate"": 0.1, ""gamma"": 0.5, ""gp_rate"": 0.5, ""lm_iterations"": 10, ""max_constants"": 999, ""max_depth"": 6, ""max_evals"": 2000000, ""max_unary"": 999, ""mutation_rate"": 0.1, ""ops"": [""+"", ""-"", ""*"", ""/"", ""sin"", ""cos"", ""exp"", ""log"", ""R""], ""succ_error_tol"": 1e-06}",0.5
imcts,NguyenC,1,NguyenC-1,expression,78,21870,40,20,20,1,"[""x0""]",3.39 * x[0]**3 + 2.12 * x[0]**2 + 1.78 * x[0],0.9999999403953552,True,0.9999999999999983,0.9999999999999984,12.0,2372,0.0704399980022572,0.0,0,(1.7799996422 + 1.69500031655 * (x0 + 0.625368602831) * (x0 + x0)) * x0,(1.7799996422 + 1.69500031655 * (x0 + 0.625368602831) * (x0 + x0)) * x0,x0*(2*x0*(1.7*x0 + 1.06) + 1.78),"[0.5766131632913085, 1.6950003165488692, 0.6253686028310261]","{""K"": 500, ""c"": 6.0, ""exploration_rate"": 0.1, ""gamma"": 0.5, ""gp_rate"": 0.5, ""lm_iterations"": 10, ""max_constants"": 999, ""max_depth"": 6, ""max_evals"": 2000000, ""max_unary"": 999, ""mutation_rate"": 0.1, ""ops"": [""+"", ""-"", ""*"", ""/"", ""sin"", ""cos"", ""exp"", ""log"", ""R""], ""succ_error_tol"": 1e-06}","{""K"": 500, ""c"": 6.0, ""exploration_rate"": 0.1, ""gamma"": 0.5, ""gp_rate"": 0.5, ""lm_iterations"": 10, ""max_constants"": 999, ""max_depth"": 6, ""max_evals"": 2000000, ""max_unary"": 999, ""mutation_rate"": 0.1, ""ops"": [""+"", ""-"", ""*"", ""/"", ""sin"", ""cos"", ""exp"", ""log"", ""R""], ""succ_error_tol"": 1e-06}",0.5
imcts,NguyenC,1,NguyenC-1,expression,79,23483,40,20,20,1,"[""x0""]",3.39 * x[0]**3 + 2.12 * x[0]**2 + 1.78 * x[0],0.9999999403953552,True,0.9999999999999994,0.9999999999999996,11.0,4859,0.1500741449999623,0.0,0,(x0 + -8.26876629669e-10) * x0 * (2.11999998726 + 1.77999983768 / x0 + x0 * 1.6761662318 / 0.494444266089),(x0 + -8.26876629669e-10) * x0 * (2.11999998726 + 1.77999983768 / x0 + x0 * 1.6761662318 / 0.494444266089),x0*(x0*(3.39*x0 + 2.12) + 1.78),"[-1.4950448497739854e-09, 1.8080627703453551, 2.1199999872553863, 1.779999837683795, 1.6761662318004753, 0.2704296178692464, 0.2240146482193111]","{""K"": 500, ""c"": 6.0, ""exploration_rate"": 0.1, ""gamma"": 0.5, ""gp_rate"": 0.5, ""lm_iterations"": 10, ""max_constants"": 999, ""max_depth"": 6, ""max_evals"": 2000000, ""max_unary"": 999, ""mutation_rate"": 0.1, ""ops"": [""+"", ""-"", ""*"", ""/"", ""sin"", ""cos"", ""exp"", ""log"", ""R""], ""succ_error_tol"": 1e-06}","{""K"": 500, ""c"": 6.0, ""exploration_rate"": 0.1, ""gamma"": 0.5, ""gp_rate"": 0.5, ""lm_iterations"": 10, ""max_constants"": 999, ""max_depth"": 6, ""max_evals"": 2000000, ""max_unary"": 999, ""mutation_rate"": 0.1, ""ops"": [""+"", ""-"", ""*"", ""/"", ""sin"", ""cos"", ""exp"", ""log"", ""R""], ""succ_error_tol"": 1e-06}",0.5
imcts,NguyenC,1,NguyenC-1,expression,80,26054,40,20,20,1,"[""x0""]",3.39 * x[0]**3 + 2.12 * x[0]**2 + 1.78 * x[0],1.0,True,0.9999999999999977,0.9999999999999972,12.0,11039,0.38189612998394296,0.0,0,x0 * (1.74682081579 + x0 + 0.517252896878 - 0.48407369535 + (0.206641038691 + x0 + 0.12374245107) * 3.38999967741 * x0),x0 * (1.74682081579 + x0 + 0.517252896878 - 0.48407369535 + (0.206641038691 + x0 + 0.12374245107) * 3.38999967741 * x0),x0*(x0*(3.39*x0 + 1.12) + x0 + 1.78),"[1.7468208157865188, 1.6774132871577834, 0.4840736953497608, 0.20664103869104034, 0.17914872539656163, 1.4477547829944792, 3.389999677407023]","{""K"": 500, ""c"": 6.0, ""exploration_rate"": 0.1, ""gamma"": 0.5, ""gp_rate"": 0.5, ""lm_iterations"": 10, ""max_constants"": 999, ""max_depth"": 6, ""max_evals"": 2000000, ""max_unary"": 999, ""mutation_rate"": 0.1, ""ops"": [""+"", ""-"", ""*"", ""/"", ""sin"", ""cos"", ""exp"", ""log"", ""R""], ""succ_error_tol"": 1e-06}","{""K"": 500, ""c"": 6.0, ""exploration_rate"": 0.1, ""gamma"": 0.5, ""gp_rate"": 0.5, ""lm_iterations"": 10, ""max_constants"": 999, ""max_depth"": 6, ""max_evals"": 2000000, ""max_unary"": 999, ""mutation_rate"": 0.1, ""ops"": [""+"", ""-"", ""*"", ""/"", ""sin"", ""cos"", ""exp"", ""log"", ""R""], ""succ_error_tol"": 1e-06}",0.5
imcts,NguyenC,1,NguyenC-1,expression,81,15787,40,20,20,1,"[""x0""]",3.39 * x[0]**3 + 2.12 * x[0]**2 + 1.78 * x[0],0.9999999403953552,True,0.9999999999999969,0.9999999999999959,11.0,10422,0.35968572698766366,0.0,0,(x0 + 0.625368682256) * x0 * x0 / 0.294985241484 + 1.78000014436 * x0,(x0 + 0.625368682256) * x0 * x0 / 0.294985241484 + 1.78000014436 * x0,x0*(x0*(3.39*x0 + 2.12) + 1.78),"[0.6253686822561954, 0.08887488357880008, 7.646263818688492, 1.7800001443616817]","{""K"": 500, ""c"": 6.0, ""exploration_rate"": 0.1, ""gamma"": 0.5, ""gp_rate"": 0.5, ""lm_iterations"": 10, ""max_constants"": 999, ""max_depth"": 6, ""max_evals"": 2000000, ""max_unary"": 999, ""mutation_rate"": 0.1, ""ops"": [""+"", ""-"", ""*"", ""/"", ""sin"", ""cos"", ""exp"", ""log"", ""R""], ""succ_error_tol"": 1e-06}","{""K"": 500, ""c"": 6.0, ""exploration_rate"": 0.1, ""gamma"": 0.5, ""gp_rate"": 0.5, ""lm_iterations"": 10, ""max_constants"": 999, ""max_depth"": 6, ""max_evals"": 2000000, ""max_unary"": 999, ""mutation_rate"": 0.1, ""ops"": [""+"", ""-"", ""*"", ""/"", ""sin"", ""cos"", ""exp"", ""log"", ""R""], ""succ_error_tol"": 1e-06}",0.5
imcts,NguyenC,1,NguyenC-1,expression,82,27132,40,20,20,1,"[""x0""]",3.39 * x[0]**3 + 2.12 * x[0]**2 + 1.78 * x[0],0.9999999403953552,True,0.9999999999999998,0.9999999999999998,10.0,4606,0.14218209101818502,0.0,0,x0 * ((x0 - -0.625368730645) * x0 / 0.583735917205 / 0.505340230034 - -1.77999998273),x0 * ((x0 - -0.625368730645) * x0 / 0.583735917205 / 0.505340230034 - -1.77999998273),x0*(3.39*x0*(x0 + 0.625) + 1.78),"[-0.6253687306448765, 0.5837359172047907, 0.5297761973465299, 0.20350740161206063, -1.4522382006613361]","{""K"": 500, ""c"": 6.0, ""exploration_rate"": 0.1, ""gamma"": 0.5, ""gp_rate"": 0.5, ""lm_iterations"": 10, ""max_constants"": 999, ""max_depth"": 6, ""max_evals"": 2000000, ""max_unary"": 999, ""mutation_rate"": 0.1, ""ops"": [""+"", ""-"", ""*"", ""/"", ""sin"", ""cos"", ""exp"", ""log"", ""R""], ""succ_error_tol"": 1e-06}","{""K"": 500, ""c"": 6.0, ""exploration_rate"": 0.1, ""gamma"": 0.5, ""gp_rate"": 0.5, ""lm_iterations"": 10, ""max_constants"": 999, ""max_depth"": 6, ""max_evals"": 2000000, ""max_unary"": 999, ""mutation_rate"": 0.1, ""ops"": [""+"", ""-"", ""*"", ""/"", ""sin"", ""cos"", ""exp"", ""log"", ""R""], ""succ_error_tol"": 1e-06}",0.5
imcts,NguyenC,1,NguyenC-1,expression,83,17159,40,20,20,1,"[""x0""]",3.39 * x[0]**3 + 2.12 * x[0]**2 + 1.78 * x[0],0.9999999403953552,True,0.9999999999235715,0.9999999998396739,21.0,17332,0.5956134439911693,0.0,0,x0 * (x0 + 0.619361544296) / 0.292145363674 * x0 - (-1.19413370544 * x0 + cos((2.68062620066 + x0) * 0.585978420505)),x0 * (x0 + 0.619361544296) / 0.292145363674 * x0 - (-1.19413370544 * x0 + cos((2.68062620066 + x0) * 0.585978420505)),x0**2*(3.42*x0 + 2.12) + 1.19*x0 - cos(0.586*x0 + 1.57),"[0.6193615442955617, 1.03768845416064, 0.9981919816963871, 3.5583929831346435, -1.1941337054407508, 2.6806262006583617, 0.5859784205048789]","{""K"": 500, ""c"": 6.0, ""exploration_rate"": 0.1, ""gamma"": 0.5, ""gp_rate"": 0.5, ""lm_iterations"": 10, ""max_constants"": 999, ""max_depth"": 6, ""max_evals"": 2000000, ""max_unary"": 999, ""mutation_rate"": 0.1, ""ops"": [""+"", ""-"", ""*"", ""/"", ""sin"", ""cos"", ""exp"", ""log"", ""R""], ""succ_error_tol"": 1e-06}","{""K"": 500, ""c"": 6.0, ""exploration_rate"": 0.1, ""gamma"": 0.5, ""gp_rate"": 0.5, ""lm_iterations"": 10, ""max_constants"": 999, ""max_depth"": 6, ""max_evals"": 2000000, ""max_unary"": 999, ""mutation_rate"": 0.1, ""ops"": [""+"", ""-"", ""*"", ""/"", ""sin"", ""cos"", ""exp"", ""log"", ""R""], ""succ_error_tol"": 1e-06}",0.5
imcts,NguyenC,1,NguyenC-1,expression,84,12206,40,20,20,1,"[""x0""]",3.39 * x[0]**3 + 2.12 * x[0]**2 + 1.78 * x[0],0.9999999403953552,True,0.9999999999999984,0.9999999999999982,12.0,6041,0.19345953298034146,0.0,0,2.71828182846 + (4.50999976293 + x0 * 3.38999989521) * (x0 * x0 - x0) - (2.71828182855 + (-6.28999971116 - x0) * x0),2.71828182846 + (4.50999976293 + x0 * 3.38999989521) * (x0 * x0 - x0) - (2.71828182855 + (-6.28999971116 - x0) * x0),x0*(3.39*x0**2 + 2.12*x0 + 1.78),"[1.0, 3.5099997629298176, 1.0, 3.38999989521269, 3.446635696666511e-11, -6.289999711157062]","{""K"": 500, ""c"": 6.0, ""exploration_rate"": 0.1, ""gamma"": 0.5, ""gp_rate"": 0.5, ""lm_iterations"": 10, ""max_constants"": 999, ""max_depth"": 6, ""max_evals"": 2000000, ""max_unary"": 999, ""mutation_rate"": 0.1, ""ops"": [""+"", ""-"", ""*"", ""/"", ""sin"", ""cos"", ""exp"", ""log"", ""R""], ""succ_error_tol"": 1e-06}","{""K"": 500, ""c"": 6.0, ""exploration_rate"": 0.1, ""gamma"": 0.5, ""gp_rate"": 0.5, ""lm_iterations"": 10, ""max_constants"": 999, ""max_depth"": 6, ""max_evals"": 2000000, ""max_unary"": 999, ""mutation_rate"": 0.1, ""ops"": [""+"", ""-"", ""*"", ""/"", ""sin"", ""cos"", ""exp"", ""log"", ""R""], ""succ_error_tol"": 1e-06}",0.5
imcts,NguyenC,1,NguyenC-1,expression,85,8226,40,20,20,1,"[""x0""]",3.39 * x[0]**3 + 2.12 * x[0]**2 + 1.78 * x[0],0.9999999403953552,True,0.9999999999999999,0.9999999999999998,11.0,7165,0.24028295499738306,0.0,0,((x0 + 0.839622595577 - (x0 - x0)) * -0.625368694736 / x0 - x0) / (-0.294985236695 * x0 / (x0 * x0) / x0),((x0 + 0.839622595577 - (x0 - x0)) * -0.625368694736 / x0 - x0) / (-0.294985236695 * x0 / (x0 * x0) / x0),3.39*x0*(x0**2 + 0.625*x0 + 0.525),"[0.8396225955770056, -0.6253686947355132, 0.8398493813784333]","{""K"": 500, ""c"": 6.0, ""exploration_rate"": 0.1, ""gamma"": 0.5, ""gp_rate"": 0.5, ""lm_iterations"": 10, ""max_constants"": 999, ""max_depth"": 6, ""max_evals"": 2000000, ""max_unary"": 999, ""mutation_rate"": 0.1, ""ops"": [""+"", ""-"", ""*"", ""/"", ""sin"", ""cos"", ""exp"", ""log"", ""R""], ""succ_error_tol"": 1e-06}","{""K"": 500, ""c"": 6.0, ""exploration_rate"": 0.1, ""gamma"": 0.5, ""gp_rate"": 0.5, ""lm_iterations"": 10, ""max_constants"": 999, ""max_depth"": 6, ""max_evals"": 2000000, ""max_unary"": 999, ""mutation_rate"": 0.1, ""ops"": [""+"", ""-"", ""*"", ""/"", ""sin"", ""cos"", ""exp"", ""log"", ""R""], ""succ_error_tol"": 1e-06}",0.5
imcts,NguyenC,1,NguyenC-1,expression,86,14541,40,20,20,1,"[""x0""]",3.39 * x[0]**3 + 2.12 * x[0]**2 + 1.78 * x[0],0.9999999403953552,True,0.9999999999999961,0.9999999999999877,11.0,17504,0.6277864130097441,0.0,0,(x0 * x0 * (x0 * 0.904494554891 + x0 - -1.1910113864) + x0) * 1.78000005915,(x0 * x0 * (x0 * 0.904494554891 + x0 - -1.1910113864) + x0) * 1.78000005915,x0*(x0*(3.39*x0 + 2.12) + 1.78),"[0.9044945548907318, -1.1910113864005454, 1.197356055733261, 1.8392439366352034, 1.839243936635203, 0.14303131986257933, 1.6255859839128186]","{""K"": 500, ""c"": 6.0, ""exploration_rate"": 0.1, ""gamma"": 0.5, ""gp_rate"": 0.5, ""lm_iterations"": 10, ""max_constants"": 999, ""max_depth"": 6, ""max_evals"": 2000000, ""max_unary"": 999, ""mutation_rate"": 0.1, ""ops"": [""+"", ""-"", ""*"", ""/"", ""sin"", ""cos"", ""exp"", ""log"", ""R""], ""succ_error_tol"": 1e-06}","{""K"": 500, ""c"": 6.0, ""exploration_rate"": 0.1, ""gamma"": 0.5, ""gp_rate"": 0.5, ""lm_iterations"": 10, ""max_constants"": 999, ""max_depth"": 6, ""max_evals"": 2000000, ""max_unary"": 999, ""mutation_rate"": 0.1, ""ops"": [""+"", ""-"", ""*"", ""/"", ""sin"", ""cos"", ""exp"", ""log"", ""R""], ""succ_error_tol"": 1e-06}",0.5
imcts,NguyenC,1,NguyenC-1,expression,87,3152,40,20,20,1,"[""x0""]",3.39 * x[0]**3 + 2.12 * x[0]**2 + 1.78 * x[0],0.9999999403953552,True,0.9999999999999993,0.9999999999999992,15.0,15762,0.576279770990368,0.0,0,(cos(x0) * x0 * 9.29728091691e-07 + 1.05014776843 / x0 + x0 - x0 - (x0 + 0.809262169137) + x0 + x0 + x0 + 2.05999996233) * (0.847499745648 * x0 * (x0 + x0 - 1.17994135432) + x0),(cos(x0) * x0 * 9.29728091691e-07 + 1.05014776843 / x0 + x0 - x0 - (x0 + 0.809262169137) + x0 + x0 + x0 + 2.05999996233) * (0.847499745648 * x0 * (x0 + x0 - 1.17994135432) + x0),(1.69*x0 + 0.000488)*(x0*(2*x0 + 1.25) + 1.05),"[9.297280916908241e-07, 0.04893088610258183, 0.8092621691369212, 2.0599999623287832, 0.847499745648026, 1.0, 1.0, 1.1799413543220174]","{""K"": 500, ""c"": 6.0, ""exploration_rate"": 0.1, ""gamma"": 0.5, ""gp_rate"": 0.5, ""lm_iterations"": 10, ""max_constants"": 999, ""max_depth"": 6, ""max_evals"": 2000000, ""max_unary"": 999, ""mutation_rate"": 0.1, ""ops"": [""+"", ""-"", ""*"", ""/"", ""sin"", ""cos"", ""exp"", ""log"", ""R""], ""succ_error_tol"": 1e-06}","{""K"": 500, ""c"": 6.0, ""exploration_rate"": 0.1, ""gamma"": 0.5, ""gp_rate"": 0.5, ""lm_iterations"": 10, ""max_constants"": 999, ""max_depth"": 6, ""max_evals"": 2000000, ""max_unary"": 999, ""mutation_rate"": 0.1, ""ops"": [""+"", ""-"", ""*"", ""/"", ""sin"", ""cos"", ""exp"", ""log"", ""R""], ""succ_error_tol"": 1e-06}",0.5
imcts,NguyenC,1,NguyenC-1,expression,88,26531,40,20,20,1,"[""x0""]",3.39 * x[0]**3 + 2.12 * x[0]**2 + 1.78 * x[0],0.9999999403953552,True,0.9999999999999977,0.9999999999999984,11.0,12678,0.4510634019970894,0.0,0,((x0 + 0.330383414578) * x0 / 0.294985218286 + 1.77999993425 + x0) * x0,((x0 + 0.330383414578) * x0 / 0.294985218286 + 1.77999993425 + x0) * x0,x0*(3.39*x0*(x0 + 0.33) + x0 + 1.78),"[0.2147008089636478, 0.11568260561437294, 0.29498521828625207, 1.7799999342548913]","{""K"": 500, ""c"": 6.0, ""exploration_rate"": 0.1, ""gamma"": 0.5, ""gp_rate"": 0.5, ""lm_iterations"": 10, ""max_constants"": 999, ""max_depth"": 6, ""max_evals"": 2000000, ""max_unary"": 999, ""mutation_rate"": 0.1, ""ops"": [""+"", ""-"", ""*"", ""/"", ""sin"", ""cos"", ""exp"", ""log"", ""R""], ""succ_error_tol"": 1e-06}","{""K"": 500, ""c"": 6.0, ""exploration_rate"": 0.1, ""gamma"": 0.5, ""gp_rate"": 0.5, ""lm_iterations"": 10, ""max_constants"": 999, ""max_depth"": 6, ""max_evals"": 2000000, ""max_unary"": 999, ""mutation_rate"": 0.1, ""ops"": [""+"", ""-"", ""*"", ""/"", ""sin"", ""cos"", ""exp"", ""log"", ""R""], ""succ_error_tol"": 1e-06}",0.5
imcts,NguyenC,1,NguyenC-1,expression,89,1585,40,20,20,1,"[""x0""]",3.39 * x[0]**3 + 2.12 * x[0]**2 + 1.78 * x[0],0.9999999403953552,True,1.0,0.9999999999999999,11.0,9464,0.31548441300401464,0.0,0,(x0 * x0 * 1.27459768673 * (0.934421328084 + x0 * 1.49419255421) + x0) / 0.561797755236,(x0 * x0 * 1.27459768673 * (0.934421328084 + x0 * 1.49419255421) + x0) / 0.561797755236,x0*(x0*(3.39*x0 + 2.12) + 1.78),"[1.2745976867259055, 0.3641654493931612, 1.494192554210878, 0.561797755236154]","{""K"": 500, ""c"": 6.0, ""exploration_rate"": 0.1, ""gamma"": 0.5, ""gp_rate"": 0.5, ""lm_iterations"": 10, ""max_constants"": 999, ""max_depth"": 6, ""max_evals"": 2000000, ""max_unary"": 999, ""mutation_rate"": 0.1, ""ops"": [""+"", ""-"", ""*"", ""/"", ""sin"", ""cos"", ""exp"", ""log"", ""R""], ""succ_error_tol"": 1e-06}","{""K"": 500, ""c"": 6.0, ""exploration_rate"": 0.1, ""gamma"": 0.5, ""gp_rate"": 0.5, ""lm_iterations"": 10, ""max_constants"": 999, ""max_depth"": 6, ""max_evals"": 2000000, ""max_unary"": 999, ""mutation_rate"": 0.1, ""ops"": [""+"", ""-"", ""*"", ""/"", ""sin"", ""cos"", ""exp"", ""log"", ""R""], ""succ_error_tol"": 1e-06}",0.5
imcts,NguyenC,1,NguyenC-1,expression,90,3943,40,20,20,1,"[""x0""]",3.39 * x[0]**3 + 2.12 * x[0]**2 + 1.78 * x[0],0.9999999403953552,True,0.9999999999999992,0.9999999999999991,12.0,8077,0.25139847403625026,0.0,0,((1.69500004309 * x0 + -0.634999982386) * (1 + x0) - -1.5249999934) * (x0 + x0),((1.69500004309 * x0 + -0.634999982386) * (1 + x0) - -1.5249999934) * (x0 + x0),x0*(3.39*x0**2 + 2.12*x0 + 1.78),"[1.6950000430923005, -0.6349999823860717, 1.0, -1.5249999933987, 1.0]","{""K"": 500, ""c"": 6.0, ""exploration_rate"": 0.1, ""gamma"": 0.5, ""gp_rate"": 0.5, ""lm_iterations"": 10, ""max_constants"": 999, ""max_depth"": 6, ""max_evals"": 2000000, ""max_unary"": 999, ""mutation_rate"": 0.1, ""ops"": [""+"", ""-"", ""*"", ""/"", ""sin"", ""cos"", ""exp"", ""log"", ""R""], ""succ_error_tol"": 1e-06}","{""K"": 500, ""c"": 6.0, ""exploration_rate"": 0.1, ""gamma"": 0.5, ""gp_rate"": 0.5, ""lm_iterations"": 10, ""max_constants"": 999, ""max_depth"": 6, ""max_evals"": 2000000, ""max_unary"": 999, ""mutation_rate"": 0.1, ""ops"": [""+"", ""-"", ""*"", ""/"", ""sin"", ""cos"", ""exp"", ""log"", ""R""], ""succ_error_tol"": 1e-06}",0.5
imcts,NguyenC,1,NguyenC-1,expression,91,23939,40,20,20,1,"[""x0""]",3.39 * x[0]**3 + 2.12 * x[0]**2 + 1.78 * x[0],0.9999999403953552,True,0.9999999999999998,0.9999999999999998,10.0,1109,0.028567018976900727,0.0,0,((x0 - -0.625368737467) * x0 * 2.11232849826 + 1.10912833377) * 1.60486394352 * x0,((x0 - -0.625368737467) * x0 * 2.11232849826 + 1.10912833377) * 1.60486394352 * x0,x0*(3.39*x0*(x0 + 0.625) + 1.78),"[-0.6253687374668826, 2.1123284982593753, 1.109128333769838, 1.6048639435156737]","{""K"": 500, ""c"": 6.0, ""exploration_rate"": 0.1, ""gamma"": 0.5, ""gp_rate"": 0.5, ""lm_iterations"": 10, ""max_constants"": 999, ""max_depth"": 6, ""max_evals"": 2000000, ""max_unary"": 999, ""mutation_rate"": 0.1, ""ops"": [""+"", ""-"", ""*"", ""/"", ""sin"", ""cos"", ""exp"", ""log"", ""R""], ""succ_error_tol"": 1e-06}","{""K"": 500, ""c"": 6.0, ""exploration_rate"": 0.1, ""gamma"": 0.5, ""gp_rate"": 0.5, ""lm_iterations"": 10, ""max_constants"": 999, ""max_depth"": 6, ""max_evals"": 2000000, ""max_unary"": 999, ""mutation_rate"": 0.1, ""ops"": [""+"", ""-"", ""*"", ""/"", ""sin"", ""cos"", ""exp"", ""log"", ""R""], ""succ_error_tol"": 1e-06}",0.5
imcts,NguyenC,1,NguyenC-1,expression,92,19457,40,20,20,1,"[""x0""]",3.39 * x[0]**3 + 2.12 * x[0]**2 + 1.78 * x[0],1.0,True,0.9999999999999993,0.9999999999999984,12.0,8928,0.31044594798004255,0.0,0,(x0 * x0 / 0.294985268439 + (1.18856939257 * x0 + 0.997949838852) / 0.560645969161) * x0,(x0 * x0 / 0.294985268439 + (1.18856939257 * x0 + 0.997949838852) / 0.560645969161) * x0,x0*(3.39*x0**2 + 2.12*x0 + 1.78),"[0.5379517579183408, 1.8236563499101597, 1.1885693925687835, 1.5067516227474478, 0.5606459691605825]","{""K"": 500, ""c"": 6.0, ""exploration_rate"": 0.1, ""gamma"": 0.5, ""gp_rate"": 0.5, ""lm_iterations"": 10, ""max_constants"": 999, ""max_depth"": 6, ""max_evals"": 2000000, ""max_unary"": 999, ""mutation_rate"": 0.1, ""ops"": [""+"", ""-"", ""*"", ""/"", ""sin"", ""cos"", ""exp"", ""log"", ""R""], ""succ_error_tol"": 1e-06}","{""K"": 500, ""c"": 6.0, ""exploration_rate"": 0.1, ""gamma"": 0.5, ""gp_rate"": 0.5, ""lm_iterations"": 10, ""max_constants"": 999, ""max_depth"": 6, ""max_evals"": 2000000, ""max_unary"": 999, ""mutation_rate"": 0.1, ""ops"": [""+"", ""-"", ""*"", ""/"", ""sin"", ""cos"", ""exp"", ""log"", ""R""], ""succ_error_tol"": 1e-06}",0.5
imcts,NguyenC,1,NguyenC-1,expression,93,1021,40,20,20,1,"[""x0""]",3.39 * x[0]**3 + 2.12 * x[0]**2 + 1.78 * x[0],0.9999999403953552,True,0.9999999999999959,0.9999999999999969,11.0,13272,0.46743515197886154,0.0,0,(x0 - (-2.39000024624 * x0 + -2.12000024444)) * x0 * x0 - x0 * -1.77999998139,(x0 - (-2.39000024624 * x0 + -2.12000024444)) * x0 * x0 - x0 * -1.77999998139,x0*(x0*(3.39*x0 + 2.12) + 1.78),"[-2.3900002462374808, -2.120000244441285, 1.0, -1.7799999813850627]","{""K"": 500, ""c"": 6.0, ""exploration_rate"": 0.1, ""gamma"": 0.5, ""gp_rate"": 0.5, ""lm_iterations"": 10, ""max_constants"": 999, ""max_depth"": 6, ""max_evals"": 2000000, ""max_unary"": 999, ""mutation_rate"": 0.1, ""ops"": [""+"", ""-"", ""*"", ""/"", ""sin"", ""cos"", ""exp"", ""log"", ""R""], ""succ_error_tol"": 1e-06}","{""K"": 500, ""c"": 6.0, ""exploration_rate"": 0.1, ""gamma"": 0.5, ""gp_rate"": 0.5, ""lm_iterations"": 10, ""max_constants"": 999, ""max_depth"": 6, ""max_evals"": 2000000, ""max_unary"": 999, ""mutation_rate"": 0.1, ""ops"": [""+"", ""-"", ""*"", ""/"", ""sin"", ""cos"", ""exp"", ""log"", ""R""], ""succ_error_tol"": 1e-06}",0.5
imcts,NguyenC,1,NguyenC-1,expression,94,11653,40,20,20,1,"[""x0""]",3.39 * x[0]**3 + 2.12 * x[0]**2 + 1.78 * x[0],0.9999999403953552,True,0.9999999999999997,0.9999999999999996,12.0,13372,0.44949925399851054,0.0,0,(x0 * x0 + 2.39000019779 * x0 * (x0 - -0.887029227506) + 1.77999994379) * x0,(x0 * x0 + 2.39000019779 * x0 * (x0 - -0.887029227506) + 1.77999994379) * x0,x0*(3.39*x0**2 + 2.12*x0 + 1.78),"[2.390000197787712, -0.8870292275064221, 1.7799999437861995]","{""K"": 500, ""c"": 6.0, ""exploration_rate"": 0.1, ""gamma"": 0.5, ""gp_rate"": 0.5, ""lm_iterations"": 10, ""max_constants"": 999, ""max_depth"": 6, ""max_evals"": 2000000, ""max_unary"": 999, ""mutation_rate"": 0.1, ""ops"": [""+"", ""-"", ""*"", ""/"", ""sin"", ""cos"", ""exp"", ""log"", ""R""], ""succ_error_tol"": 1e-06}","{""K"": 500, ""c"": 6.0, ""exploration_rate"": 0.1, ""gamma"": 0.5, ""gp_rate"": 0.5, ""lm_iterations"": 10, ""max_constants"": 999, ""max_depth"": 6, ""max_evals"": 2000000, ""max_unary"": 999, ""mutation_rate"": 0.1, ""ops"": [""+"", ""-"", ""*"", ""/"", ""sin"", ""cos"", ""exp"", ""log"", ""R""], ""succ_error_tol"": 1e-06}",0.5
imcts,NguyenC,1,NguyenC-1,expression,95,10805,40,20,20,1,"[""x0""]",3.39 * x[0]**3 + 2.12 * x[0]**2 + 1.78 * x[0],0.9999999403953552,True,0.9999999999999967,0.999999999999997,12.0,12740,0.46794454904738814,0.0,0,(x0 / x0 - (x0 - (0.367060970231 - x0)) * (-0.80889913412 - x0) / 1.34706251001) / (0.437968095735 / x0),(x0 / x0 - (x0 - (0.367060970231 - x0)) * (-0.80889913412 - x0) / 1.34706251001) / (0.437968095735 / x0),x0*(3.39*x0**2 + 2.12*x0 + 1.78),"[0.36706097023086093, -0.8088991341201969, 1.3470625100118663, 0.43796809573537127]","{""K"": 500, ""c"": 6.0, ""exploration_rate"": 0.1, ""gamma"": 0.5, ""gp_rate"": 0.5, ""lm_iterations"": 10, ""max_constants"": 999, ""max_depth"": 6, ""max_evals"": 2000000, ""max_unary"": 999, ""mutation_rate"": 0.1, ""ops"": [""+"", ""-"", ""*"", ""/"", ""sin"", ""cos"", ""exp"", ""log"", ""R""], ""succ_error_tol"": 1e-06}","{""K"": 500, ""c"": 6.0, ""exploration_rate"": 0.1, ""gamma"": 0.5, ""gp_rate"": 0.5, ""lm_iterations"": 10, ""max_constants"": 999, ""max_depth"": 6, ""max_evals"": 2000000, ""max_unary"": 999, ""mutation_rate"": 0.1, ""ops"": [""+"", ""-"", ""*"", ""/"", ""sin"", ""cos"", ""exp"", ""log"", ""R""], ""succ_error_tol"": 1e-06}",0.5
imcts,NguyenC,1,NguyenC-1,expression,96,13417,40,20,20,1,"[""x0""]",3.39 * x[0]**3 + 2.12 * x[0]**2 + 1.78 * x[0],0.9999999403953552,True,0.9999999999999983,0.9999999999999986,11.0,3983,0.12733086803928018,0.0,0,((x0 - -0.625368712788) / (0.378401022747 / x0) + 1.38761194443) * x0 * 1.28277939777,((x0 - -0.625368712788) / (0.378401022747 / x0) + 1.38761194443) * x0 * 1.28277939777,1.28*x0*(2.64*x0*(x0 + 0.625) + 1.39),"[-0.6253687127880431, 0.37840102274738585, 1.0532707834863972, 1.0532707834863977, 0.7994881766465616, 1.2827793977726216]","{""K"": 500, ""c"": 6.0, ""exploration_rate"": 0.1, ""gamma"": 0.5, ""gp_rate"": 0.5, ""lm_iterations"": 10, ""max_constants"": 999, ""max_depth"": 6, ""max_evals"": 2000000, ""max_unary"": 999, ""mutation_rate"": 0.1, ""ops"": [""+"", ""-"", ""*"", ""/"", ""sin"", ""cos"", ""exp"", ""log"", ""R""], ""succ_error_tol"": 1e-06}","{""K"": 500, ""c"": 6.0, ""exploration_rate"": 0.1, ""gamma"": 0.5, ""gp_rate"": 0.5, ""lm_iterations"": 10, ""max_constants"": 999, ""max_depth"": 6, ""max_evals"": 2000000, ""max_unary"": 999, ""mutation_rate"": 0.1, ""ops"": [""+"", ""-"", ""*"", ""/"", ""sin"", ""cos"", ""exp"", ""log"", ""R""], ""succ_error_tol"": 1e-06}",0.5
imcts,NguyenC,1,NguyenC-1,expression,97,20227,40,20,20,1,"[""x0""]",3.39 * x[0]**3 + 2.12 * x[0]**2 + 1.78 * x[0],0.9999999403953552,True,0.9999999999999998,0.9999999999999998,13.0,390,0.011056383023969829,0.0,0,(x0 * x0 + 0.525073794128) / (0.579197742769 * 0.509299749967 / (x0 - -0.62536875021)) + -1.11315641187,(x0 * x0 + 0.525073794128) / (0.579197742769 * 0.509299749967 / (x0 - -0.62536875021)) + -1.11315641187,(3.39*x0 + 2.12)*(x0**2 + 0.525) - 1.11,"[2.588790833986076, 0.579197742768636, 0.509299749966976, -0.6253687502096107, -1.1131564118713806]","{""K"": 500, ""c"": 6.0, ""exploration_rate"": 0.1, ""gamma"": 0.5, ""gp_rate"": 0.5, ""lm_iterations"": 10, ""max_constants"": 999, ""max_depth"": 6, ""max_evals"": 2000000, ""max_unary"": 999, ""mutation_rate"": 0.1, ""ops"": [""+"", ""-"", ""*"", ""/"", ""sin"", ""cos"", ""exp"", ""log"", ""R""], ""succ_error_tol"": 1e-06}","{""K"": 500, ""c"": 6.0, ""exploration_rate"": 0.1, ""gamma"": 0.5, ""gp_rate"": 0.5, ""lm_iterations"": 10, ""max_constants"": 999, ""max_depth"": 6, ""max_evals"": 2000000, ""max_unary"": 999, ""mutation_rate"": 0.1, ""ops"": [""+"", ""-"", ""*"", ""/"", ""sin"", ""cos"", ""exp"", ""log"", ""R""], ""succ_error_tol"": 1e-06}",0.5
imcts,NguyenC,1,NguyenC-1,expression,98,7989,40,20,20,1,"[""x0""]",3.39 * x[0]**3 + 2.12 * x[0]**2 + 1.78 * x[0],0.9999999403953552,True,0.9999999999999994,0.9999999999999991,11.0,8406,0.2857465880224481,0.0,0,-0.985498856553 / (-0.408104943358 / x0) * ((x0 + 0.625368671898) * (x0 + x0) - -1.05014736839) * 0.701916500982,-0.985498856553 / (-0.408104943358 / x0) * ((x0 + 0.625368671898) * (x0 + x0) - -1.05014736839) * 0.701916500982,1.7*x0*(2*x0*(x0 + 0.625) + 1.05),"[0.13481956172073295, 0.26251459832461654, 0.7273721086675393, 0.6253686718983977, 1.1777347237100848, 0.1937066963033468, 0.7019165009815311]","{""K"": 500, ""c"": 6.0, ""exploration_rate"": 0.1, ""gamma"": 0.5, ""gp_rate"": 0.5, ""lm_iterations"": 10, ""max_constants"": 999, ""max_depth"": 6, ""max_evals"": 2000000, ""max_unary"": 999, ""mutation_rate"": 0.1, ""ops"": [""+"", ""-"", ""*"", ""/"", ""sin"", ""cos"", ""exp"", ""log"", ""R""], ""succ_error_tol"": 1e-06}","{""K"": 500, ""c"": 6.0, ""exploration_rate"": 0.1, ""gamma"": 0.5, ""gp_rate"": 0.5, ""lm_iterations"": 10, ""max_constants"": 999, ""max_depth"": 6, ""max_evals"": 2000000, ""max_unary"": 999, ""mutation_rate"": 0.1, ""ops"": [""+"", ""-"", ""*"", ""/"", ""sin"", ""cos"", ""exp"", ""log"", ""R""], ""succ_error_tol"": 1e-06}",0.5
imcts,NguyenC,1,NguyenC-1,expression,99,9692,40,20,20,1,"[""x0""]",3.39 * x[0]**3 + 2.12 * x[0]**2 + 1.78 * x[0],1.0,True,0.9999999999999981,0.9999999999999981,10.0,9683,0.329591111978516,0.0,0,3.38999972357 * ((x0 * x0 + x0 / 1.59905662223) * x0 + 0.525073805753 * (x0 + 6.46109420031e-09)),3.38999972357 * ((x0 * x0 + x0 / 1.59905662223) * x0 + 0.525073805753 * (x0 + 6.46109420031e-09)),x0*(3.39*x0*(x0 + 0.625) + 1.78),"[3.389999723574743, 1.5990566222332825, 1.6905836184711218, 6.4610942003132725e-09]","{""K"": 500, ""c"": 6.0, ""exploration_rate"": 0.1, ""gamma"": 0.5, ""gp_rate"": 0.5, ""lm_iterations"": 10, ""max_constants"": 999, ""max_depth"": 6, ""max_evals"": 2000000, ""max_unary"": 999, ""mutation_rate"": 0.1, ""ops"": [""+"", ""-"", ""*"", ""/"", ""sin"", ""cos"", ""exp"", ""log"", ""R""], ""succ_error_tol"": 1e-06}","{""K"": 500, ""c"": 6.0, ""exploration_rate"": 0.1, ""gamma"": 0.5, ""gp_rate"": 0.5, ""lm_iterations"": 10, ""max_constants"": 999, ""max_depth"": 6, ""max_evals"": 2000000, ""max_unary"": 999, ""mutation_rate"": 0.1, ""ops"": [""+"", ""-"", ""*"", ""/"", ""sin"", ""cos"", ""exp"", ""log"", ""R""], ""succ_error_tol"": 1e-06}",0.5
