algorithm,group,case_id,case_name,source_type,run,seed,samples_total,samples_train,samples_test,variables,feature_names,target_expression,reward,success,train_r2,test_r2,complexity,evaluations,time_sec,tuning_time_sec,tuning_evaluations,expression,materialized_expression,simplified_expression,coefficients,algorithm_params,tuned_params,test_ratio
imcts,NguyenC,7,NguyenC-7,expression,0,23654,40,20,20,1,"[""x0""]",log(x[0] + 1.4) + log(x[0]**2 + 1.3),0.9999999403953552,True,0.9999999999999999,0.9999999999999999,15.0,1026,0.032038617006037384,0.0,0,log(-7.06000029393 - (x0 * x0 - (x0 + -3.70000002946)) * (-0.244405747361 - (2.15559431672 + x0))),log(-7.06000029393 - (x0 * x0 - (x0 + -3.70000002946)) * (-0.244405747361 - (2.15559431672 + x0))),log((x0 + 2.4)*(x0**2 - x0 + 3.7) - 7.06),"[-7.0562521748394245, 0.36976858216888386, 4.5916232178047975, -3.7000000294567887, 3.388499460598071, 2.155594316723627]","{""K"": 500, ""c"": 6.0, ""exploration_rate"": 0.1, ""gamma"": 0.5, ""gp_rate"": 0.5, ""lm_iterations"": 10, ""max_constants"": 999, ""max_depth"": 6, ""max_evals"": 2000000, ""max_unary"": 999, ""mutation_rate"": 0.1, ""ops"": [""+"", ""-"", ""*"", ""/"", ""sin"", ""cos"", ""exp"", ""log"", ""R""], ""succ_error_tol"": 1e-06}","{""K"": 500, ""c"": 6.0, ""exploration_rate"": 0.1, ""gamma"": 0.5, ""gp_rate"": 0.5, ""lm_iterations"": 10, ""max_constants"": 999, ""max_depth"": 6, ""max_evals"": 2000000, ""max_unary"": 999, ""mutation_rate"": 0.1, ""ops"": [""+"", ""-"", ""*"", ""/"", ""sin"", ""cos"", ""exp"", ""log"", ""R""], ""succ_error_tol"": 1e-06}",0.5
imcts,NguyenC,7,NguyenC-7,expression,1,15795,40,20,20,1,"[""x0""]",log(x[0] + 1.4) + log(x[0]**2 + 1.3),0.9999999403953552,True,0.9999999999999979,0.9999999999999969,10.0,83692,3.8426130990264937,0.0,0,log(-5.51562306178e-08 + (1.39999942826 + x0) * (x0 * x0 + 1.30000053137)),log(-5.51562306178e-08 + (1.39999942826 + x0) * (x0 * x0 + 1.30000053137)),log((x0 + 1.4)*(x0**2 + 1.3)),"[-5.515623061780393e-08, 2.3999994282629764, 1.0, 3.6692986172785447]","{""K"": 500, ""c"": 6.0, ""exploration_rate"": 0.1, ""gamma"": 0.5, ""gp_rate"": 0.5, ""lm_iterations"": 10, ""max_constants"": 999, ""max_depth"": 6, ""max_evals"": 2000000, ""max_unary"": 999, ""mutation_rate"": 0.1, ""ops"": [""+"", ""-"", ""*"", ""/"", ""sin"", ""cos"", ""exp"", ""log"", ""R""], ""succ_error_tol"": 1e-06}","{""K"": 500, ""c"": 6.0, ""exploration_rate"": 0.1, ""gamma"": 0.5, ""gp_rate"": 0.5, ""lm_iterations"": 10, ""max_constants"": 999, ""max_depth"": 6, ""max_evals"": 2000000, ""max_unary"": 999, ""mutation_rate"": 0.1, ""ops"": [""+"", ""-"", ""*"", ""/"", ""sin"", ""cos"", ""exp"", ""log"", ""R""], ""succ_error_tol"": 1e-06}",0.5
imcts,NguyenC,7,NguyenC-7,expression,2,860,40,20,20,1,"[""x0""]",log(x[0] + 1.4) + log(x[0]**2 + 1.3),0.9999998807907104,True,0.9999999999999999,0.9999999999999998,13.0,94814,4.068932076042984,0.0,0,log(x0 * x0 * (x0 - -1.39999983304) - 1.30000022202 * (-0.399999737675 - (1 + x0))),log(x0 * x0 * (x0 - -1.39999983304) - 1.30000022202 * (-0.399999737675 - (1 + x0))),log(x0**2*(x0 + 1.4) + 1.3*x0 + 1.82),"[-1.3999998330354078, 1.300000222023112, 0.6703202217775821, 1.0]","{""K"": 500, ""c"": 6.0, ""exploration_rate"": 0.1, ""gamma"": 0.5, ""gp_rate"": 0.5, ""lm_iterations"": 10, ""max_constants"": 999, ""max_depth"": 6, ""max_evals"": 2000000, ""max_unary"": 999, ""mutation_rate"": 0.1, ""ops"": [""+"", ""-"", ""*"", ""/"", ""sin"", ""cos"", ""exp"", ""log"", ""R""], ""succ_error_tol"": 1e-06}","{""K"": 500, ""c"": 6.0, ""exploration_rate"": 0.1, ""gamma"": 0.5, ""gp_rate"": 0.5, ""lm_iterations"": 10, ""max_constants"": 999, ""max_depth"": 6, ""max_evals"": 2000000, ""max_unary"": 999, ""mutation_rate"": 0.1, ""ops"": [""+"", ""-"", ""*"", ""/"", ""sin"", ""cos"", ""exp"", ""log"", ""R""], ""succ_error_tol"": 1e-06}",0.5
imcts,NguyenC,7,NguyenC-7,expression,3,5390,40,20,20,1,"[""x0""]",log(x[0] + 1.4) + log(x[0]**2 + 1.3),0.9999999403953552,True,0.9999999999999988,0.9999999999999986,14.0,110623,4.7784985870239325,0.0,0,log(x0 + 1.3999973857) - (6.70587400884e-08 * exp(x0) - -0.382377796056) + log(1.90549910358 + (x0 - 1.13866661434e-06) * x0 * 1.46576797466),log(x0 + 1.3999973857) - (6.70587400884e-08 * exp(x0) - -0.382377796056) + log(1.90549910358 + (x0 - 1.13866661434e-06) * x0 * 1.46576797466),log(x0 + 1.4) + log(1.47*x0**2 + 1.91) - 0.382,"[1.3999973857014074, 1.0000000669587423, 0.5478715417462388, 0.4707322975087874, -1.4009816353105906, 0.6447439708947266, 1.1386666143391035e-06, 1.4657679746561467]","{""K"": 500, ""c"": 6.0, ""exploration_rate"": 0.1, ""gamma"": 0.5, ""gp_rate"": 0.5, ""lm_iterations"": 10, ""max_constants"": 999, ""max_depth"": 6, ""max_evals"": 2000000, ""max_unary"": 999, ""mutation_rate"": 0.1, ""ops"": [""+"", ""-"", ""*"", ""/"", ""sin"", ""cos"", ""exp"", ""log"", ""R""], ""succ_error_tol"": 1e-06}","{""K"": 500, ""c"": 6.0, ""exploration_rate"": 0.1, ""gamma"": 0.5, ""gp_rate"": 0.5, ""lm_iterations"": 10, ""max_constants"": 999, ""max_depth"": 6, ""max_evals"": 2000000, ""max_unary"": 999, ""mutation_rate"": 0.1, ""ops"": [""+"", ""-"", ""*"", ""/"", ""sin"", ""cos"", ""exp"", ""log"", ""R""], ""succ_error_tol"": 1e-06}",0.5
imcts,NguyenC,7,NguyenC-7,expression,4,16850,40,20,20,1,"[""x0""]",log(x[0] + 1.4) + log(x[0]**2 + 1.3),0.9999999403953552,True,0.999999999999999,0.999999999999818,12.0,112858,4.927564540994354,0.0,0,log((0.999998985752 * x0 - -1.4000033364 - 2.72567331654e-08 / x0) * (1.29999777345 + x0 * x0)),log((0.999998985752 * x0 - -1.4000033364 - 2.72567331654e-08 / x0) * (1.29999777345 + x0 * x0)),log((1.0*x0 + 1.4)*(x0**2 + 1.3)),"[0.9999989857516753, 0.24659614109614353, 1.0000000271567335, 1.2999977734489208]","{""K"": 500, ""c"": 6.0, ""exploration_rate"": 0.1, ""gamma"": 0.5, ""gp_rate"": 0.5, ""lm_iterations"": 10, ""max_constants"": 999, ""max_depth"": 6, ""max_evals"": 2000000, ""max_unary"": 999, ""mutation_rate"": 0.1, ""ops"": [""+"", ""-"", ""*"", ""/"", ""sin"", ""cos"", ""exp"", ""log"", ""R""], ""succ_error_tol"": 1e-06}","{""K"": 500, ""c"": 6.0, ""exploration_rate"": 0.1, ""gamma"": 0.5, ""gp_rate"": 0.5, ""lm_iterations"": 10, ""max_constants"": 999, ""max_depth"": 6, ""max_evals"": 2000000, ""max_unary"": 999, ""mutation_rate"": 0.1, ""ops"": [""+"", ""-"", ""*"", ""/"", ""sin"", ""cos"", ""exp"", ""log"", ""R""], ""succ_error_tol"": 1e-06}",0.5
imcts,NguyenC,7,NguyenC-7,expression,5,29910,40,20,20,1,"[""x0""]",log(x[0] + 1.4) + log(x[0]**2 + 1.3),0.9999999403953552,True,0.9999999999999993,0.9999999999999994,13.0,122666,5.862973643001169,0.0,0,log(x0 * x0 * (x0 + 1.39999978948) + x0 / 0.769230681557 + 1.81999997477),log(x0 * x0 * (x0 + 1.39999978948) + x0 / 0.769230681557 + 1.81999997477),log(x0**2*(x0 + 1.4) + 1.3*x0 + 1.82),"[1.3999997894847485, 1.0, 0.7692306815566272, 1.8199999747724236]","{""K"": 500, ""c"": 6.0, ""exploration_rate"": 0.1, ""gamma"": 0.5, ""gp_rate"": 0.5, ""lm_iterations"": 10, ""max_constants"": 999, ""max_depth"": 6, ""max_evals"": 2000000, ""max_unary"": 999, ""mutation_rate"": 0.1, ""ops"": [""+"", ""-"", ""*"", ""/"", ""sin"", ""cos"", ""exp"", ""log"", ""R""], ""succ_error_tol"": 1e-06}","{""K"": 500, ""c"": 6.0, ""exploration_rate"": 0.1, ""gamma"": 0.5, ""gp_rate"": 0.5, ""lm_iterations"": 10, ""max_constants"": 999, ""max_depth"": 6, ""max_evals"": 2000000, ""max_unary"": 999, ""mutation_rate"": 0.1, ""ops"": [""+"", ""-"", ""*"", ""/"", ""sin"", ""cos"", ""exp"", ""log"", ""R""], ""succ_error_tol"": 1e-06}",0.5
imcts,NguyenC,7,NguyenC-7,expression,6,4426,40,20,20,1,"[""x0""]",log(x[0] + 1.4) + log(x[0]**2 + 1.3),0.9999999403953552,True,0.999999999942554,0.9999999986368767,34.0,127076,5.9350197210442275,0.0,0,(1.03596234652 / x0 + 1.56064892979 - (x0 + 1.04902275338 * x0)) / ((-1.2550382621 - x0 - 2.09574813354 / x0) / (x0 * -0.213472564025 * (x0 + x0))) - (exp(x0 - 1.72472121834) * (x0 + -4.25771340011 - 0.772490842543) - -0.29783299163),(1.03596234652 / x0 + 1.56064892979 - (x0 + 1.04902275338 * x0)) / ((-1.2550382621 - x0 - 2.09574813354 / x0) / (x0 * -0.213472564025 * (x0 + x0))) - (exp(x0 - 1.72472121834) * (x0 + -4.25771340011 - 0.772490842543) - -0.29783299163),0.427*x0**2*(-2.05*x0 + 1.56 + 1.04/x0)/(x0 + 1.25 + 2.1/x0) - 0.178*(x0 - 5.03)*exp(x0) - 0.298,"[1.0359623465236318, 4.761910388141656, 1.0490227533807615, -1.2550382621030858, 2.09574813353556, -0.2134725640250906, 1.724721218338142, -4.257713400105917, 0.688042052081899, -0.2978329916303259]","{""K"": 500, ""c"": 6.0, ""exploration_rate"": 0.1, ""gamma"": 0.5, ""gp_rate"": 0.5, ""lm_iterations"": 10, ""max_constants"": 999, ""max_depth"": 6, ""max_evals"": 2000000, ""max_unary"": 999, ""mutation_rate"": 0.1, ""ops"": [""+"", ""-"", ""*"", ""/"", ""sin"", ""cos"", ""exp"", ""log"", ""R""], ""succ_error_tol"": 1e-06}","{""K"": 500, ""c"": 6.0, ""exploration_rate"": 0.1, ""gamma"": 0.5, ""gp_rate"": 0.5, ""lm_iterations"": 10, ""max_constants"": 999, ""max_depth"": 6, ""max_evals"": 2000000, ""max_unary"": 999, ""mutation_rate"": 0.1, ""ops"": [""+"", ""-"", ""*"", ""/"", ""sin"", ""cos"", ""exp"", ""log"", ""R""], ""succ_error_tol"": 1e-06}",0.5
imcts,NguyenC,7,NguyenC-7,expression,7,21962,40,20,20,1,"[""x0""]",log(x[0] + 1.4) + log(x[0]**2 + 1.3),0.9999998807907104,True,0.9999999999999991,0.9999999999999989,13.0,81153,3.589307013025973,0.0,0,log(1.81999997378 + 1.30000005798 * x0 + x0 * x0 * (x0 - -1.39999985941)),log(1.81999997378 + 1.30000005798 * x0 + x0 * x0 * (x0 - -1.39999985941)),log(x0**2*(x0 + 1.4) + 1.3*x0 + 1.82),"[0.5988364866827701, 1.3000000579838462, -1.3999998594061476]","{""K"": 500, ""c"": 6.0, ""exploration_rate"": 0.1, ""gamma"": 0.5, ""gp_rate"": 0.5, ""lm_iterations"": 10, ""max_constants"": 999, ""max_depth"": 6, ""max_evals"": 2000000, ""max_unary"": 999, ""mutation_rate"": 0.1, ""ops"": [""+"", ""-"", ""*"", ""/"", ""sin"", ""cos"", ""exp"", ""log"", ""R""], ""succ_error_tol"": 1e-06}","{""K"": 500, ""c"": 6.0, ""exploration_rate"": 0.1, ""gamma"": 0.5, ""gp_rate"": 0.5, ""lm_iterations"": 10, ""max_constants"": 999, ""max_depth"": 6, ""max_evals"": 2000000, ""max_unary"": 999, ""mutation_rate"": 0.1, ""ops"": [""+"", ""-"", ""*"", ""/"", ""sin"", ""cos"", ""exp"", ""log"", ""R""], ""succ_error_tol"": 1e-06}",0.5
imcts,NguyenC,7,NguyenC-7,expression,8,14423,40,20,20,1,"[""x0""]",log(x[0] + 1.4) + log(x[0]**2 + 1.3),0.9999999403953552,True,0.9999999999999998,0.9999999999999996,14.0,113900,5.05639731802512,0.0,0,log(0.927750346021 * (x0 + 1.40000008487) / 0.713654154199 * (cos(x0) / cos(x0) + x0 / 1.29999990593 * x0)),log(0.927750346021 * (x0 + 1.40000008487) / 0.713654154199 * (cos(x0) / cos(x0) + x0 / 1.29999990593 * x0)),log((1.3*x0 + 1.82)*(0.769*x0**2 + 1)),"[0.38245736381520545, 1.4000000848653205, 0.71365415419937, 1.2999999059302532]","{""K"": 500, ""c"": 6.0, ""exploration_rate"": 0.1, ""gamma"": 0.5, ""gp_rate"": 0.5, ""lm_iterations"": 10, ""max_constants"": 999, ""max_depth"": 6, ""max_evals"": 2000000, ""max_unary"": 999, ""mutation_rate"": 0.1, ""ops"": [""+"", ""-"", ""*"", ""/"", ""sin"", ""cos"", ""exp"", ""log"", ""R""], ""succ_error_tol"": 1e-06}","{""K"": 500, ""c"": 6.0, ""exploration_rate"": 0.1, ""gamma"": 0.5, ""gp_rate"": 0.5, ""lm_iterations"": 10, ""max_constants"": 999, ""max_depth"": 6, ""max_evals"": 2000000, ""max_unary"": 999, ""mutation_rate"": 0.1, ""ops"": [""+"", ""-"", ""*"", ""/"", ""sin"", ""cos"", ""exp"", ""log"", ""R""], ""succ_error_tol"": 1e-06}",0.5
imcts,NguyenC,7,NguyenC-7,expression,9,28020,40,20,20,1,"[""x0""]",log(x[0] + 1.4) + log(x[0]**2 + 1.3),0.9999998211860657,True,0.9999999999999827,0.9999999999999827,15.0,68917,3.1766668249620125,0.0,0,log((0.399999863232 + x0 + 1) / 0.769230695906 + 0.999999948598 * x0 * x0 * (1.39999947414 + x0)),log((0.399999863232 + x0 + 1) / 0.769230695906 + 0.999999948598 * x0 * x0 * (1.39999947414 + x0)),log(x0**2*(1.0*x0 + 1.4) + 1.3*x0 + 1.82),"[0.39999986323218323, 1.0, 0.7692306959059244, 1.570475695793851, 1.3999994741359516]","{""K"": 500, ""c"": 6.0, ""exploration_rate"": 0.1, ""gamma"": 0.5, ""gp_rate"": 0.5, ""lm_iterations"": 10, ""max_constants"": 999, ""max_depth"": 6, ""max_evals"": 2000000, ""max_unary"": 999, ""mutation_rate"": 0.1, ""ops"": [""+"", ""-"", ""*"", ""/"", ""sin"", ""cos"", ""exp"", ""log"", ""R""], ""succ_error_tol"": 1e-06}","{""K"": 500, ""c"": 6.0, ""exploration_rate"": 0.1, ""gamma"": 0.5, ""gp_rate"": 0.5, ""lm_iterations"": 10, ""max_constants"": 999, ""max_depth"": 6, ""max_evals"": 2000000, ""max_unary"": 999, ""mutation_rate"": 0.1, ""ops"": [""+"", ""-"", ""*"", ""/"", ""sin"", ""cos"", ""exp"", ""log"", ""R""], ""succ_error_tol"": 1e-06}",0.5
imcts,NguyenC,7,NguyenC-7,expression,10,29802,40,20,20,1,"[""x0""]",log(x[0] + 1.4) + log(x[0]**2 + 1.3),0.9999999403953552,True,0.9999999999999989,0.9999999999999987,10.0,70552,3.0292849499965087,0.0,0,log((1.39999922996 + x0) * (1.30000053774 + x0 * x0) / 0.999999919867),log((1.39999922996 + x0) * (1.30000053774 + x0 * x0) / 0.999999919867),log((x0 + 1.4)*(x0**2 + 1.3)),"[1.3999992299630943, 1.3000005377393329, -0.3753744978610095, 0.8133998035545859]","{""K"": 500, ""c"": 6.0, ""exploration_rate"": 0.1, ""gamma"": 0.5, ""gp_rate"": 0.5, ""lm_iterations"": 10, ""max_constants"": 999, ""max_depth"": 6, ""max_evals"": 2000000, ""max_unary"": 999, ""mutation_rate"": 0.1, ""ops"": [""+"", ""-"", ""*"", ""/"", ""sin"", ""cos"", ""exp"", ""log"", ""R""], ""succ_error_tol"": 1e-06}","{""K"": 500, ""c"": 6.0, ""exploration_rate"": 0.1, ""gamma"": 0.5, ""gp_rate"": 0.5, ""lm_iterations"": 10, ""max_constants"": 999, ""max_depth"": 6, ""max_evals"": 2000000, ""max_unary"": 999, ""mutation_rate"": 0.1, ""ops"": [""+"", ""-"", ""*"", ""/"", ""sin"", ""cos"", ""exp"", ""log"", ""R""], ""succ_error_tol"": 1e-06}",0.5
imcts,NguyenC,7,NguyenC-7,expression,11,21575,40,20,20,1,"[""x0""]",log(x[0] + 1.4) + log(x[0]**2 + 1.3),0.9999998807907104,True,0.9999999999999958,0.9999999999999972,16.0,89461,3.924304232990835,0.0,0,log((1.38118538428 + (x0 + 0.284934143467) * (-0.284933452966 + x0)) * (1.40000238499 + 0.999998945112 * x0)),log((1.38118538428 + (x0 + 0.284934143467) * (-0.284933452966 + x0)) * (1.40000238499 + 0.999998945112 * x0)),log((1.0*x0 + 1.4)*((x0 - 0.285)*(x0 + 0.285) + 1.38)),"[0.32294210457679345, 0.28493414346720203, -0.2849334529661025, 1.4000023849878906, -1.0548888063594637e-06]","{""K"": 500, ""c"": 6.0, ""exploration_rate"": 0.1, ""gamma"": 0.5, ""gp_rate"": 0.5, ""lm_iterations"": 10, ""max_constants"": 999, ""max_depth"": 6, ""max_evals"": 2000000, ""max_unary"": 999, ""mutation_rate"": 0.1, ""ops"": [""+"", ""-"", ""*"", ""/"", ""sin"", ""cos"", ""exp"", ""log"", ""R""], ""succ_error_tol"": 1e-06}","{""K"": 500, ""c"": 6.0, ""exploration_rate"": 0.1, ""gamma"": 0.5, ""gp_rate"": 0.5, ""lm_iterations"": 10, ""max_constants"": 999, ""max_depth"": 6, ""max_evals"": 2000000, ""max_unary"": 999, ""mutation_rate"": 0.1, ""ops"": [""+"", ""-"", ""*"", ""/"", ""sin"", ""cos"", ""exp"", ""log"", ""R""], ""succ_error_tol"": 1e-06}",0.5
imcts,NguyenC,7,NguyenC-7,expression,12,11964,40,20,20,1,"[""x0""]",log(x[0] + 1.4) + log(x[0]**2 + 1.3),0.9999999403953552,True,0.9999999999999994,0.9999999999999976,12.0,81523,3.470954301999882,0.0,0,log((1.40000064192 + x0) * ((x0 + -1.07539411075e-07) * 0.999999926994 * x0 + 1.29999951253)),log((1.40000064192 + x0) * ((x0 + -1.07539411075e-07) * 0.999999926994 * x0 + 1.29999951253)),log((x0 + 1.4)*(1.0*x0**2 + 1.3)),"[1.400000641915876, -1.0753941107469366e-07, 0.999999926993674, 0.26236388949423395]","{""K"": 500, ""c"": 6.0, ""exploration_rate"": 0.1, ""gamma"": 0.5, ""gp_rate"": 0.5, ""lm_iterations"": 10, ""max_constants"": 999, ""max_depth"": 6, ""max_evals"": 2000000, ""max_unary"": 999, ""mutation_rate"": 0.1, ""ops"": [""+"", ""-"", ""*"", ""/"", ""sin"", ""cos"", ""exp"", ""log"", ""R""], ""succ_error_tol"": 1e-06}","{""K"": 500, ""c"": 6.0, ""exploration_rate"": 0.1, ""gamma"": 0.5, ""gp_rate"": 0.5, ""lm_iterations"": 10, ""max_constants"": 999, ""max_depth"": 6, ""max_evals"": 2000000, ""max_unary"": 999, ""mutation_rate"": 0.1, ""ops"": [""+"", ""-"", ""*"", ""/"", ""sin"", ""cos"", ""exp"", ""log"", ""R""], ""succ_error_tol"": 1e-06}",0.5
imcts,NguyenC,7,NguyenC-7,expression,13,11284,40,20,20,1,"[""x0""]",log(x[0] + 1.4) + log(x[0]**2 + 1.3),0.9999999403953552,True,0.9999999999999993,0.9999999999999991,10.0,99634,4.2922078460105695,0.0,0,log((x0 * x0 + 1.29999978557) * (x0 + 1 + 0.400000468498) / 1.00000012078),log((x0 * x0 + 1.29999978557) * (x0 + 1 + 0.400000468498) / 1.00000012078),log((x0 + 1.4)*(x0**2 + 1.3)),"[1.2999997855740262, 1.0, 0.4000004684984021, 1.0, 0.6931473013353355, 1.0, 1.0]","{""K"": 500, ""c"": 6.0, ""exploration_rate"": 0.1, ""gamma"": 0.5, ""gp_rate"": 0.5, ""lm_iterations"": 10, ""max_constants"": 999, ""max_depth"": 6, ""max_evals"": 2000000, ""max_unary"": 999, ""mutation_rate"": 0.1, ""ops"": [""+"", ""-"", ""*"", ""/"", ""sin"", ""cos"", ""exp"", ""log"", ""R""], ""succ_error_tol"": 1e-06}","{""K"": 500, ""c"": 6.0, ""exploration_rate"": 0.1, ""gamma"": 0.5, ""gp_rate"": 0.5, ""lm_iterations"": 10, ""max_constants"": 999, ""max_depth"": 6, ""max_evals"": 2000000, ""max_unary"": 999, ""mutation_rate"": 0.1, ""ops"": [""+"", ""-"", ""*"", ""/"", ""sin"", ""cos"", ""exp"", ""log"", ""R""], ""succ_error_tol"": 1e-06}",0.5
imcts,NguyenC,7,NguyenC-7,expression,14,22118,40,20,20,1,"[""x0""]",log(x[0] + 1.4) + log(x[0]**2 + 1.3),0.9999998807907104,True,0.9999999999999988,0.9999999999999983,16.0,72581,3.054372344049625,0.0,0,log((0.597984143065 + x0) * 3.04355886908 - (x0 - -2.19450630238) * x0 * (0.794510316022 - x0 * 1.0000009035)),log((0.597984143065 + x0) * 3.04355886908 - (x0 - -2.19450630238) * x0 * (0.794510316022 - x0 * 1.0000009035)),log(x0*(x0 + 2.19)*(1.0*x0 - 0.795) + 3.04*x0 + 1.82),"[0.5979841430648355, 1.0, 3.043558869076498, -2.1945063023837035, 0.7945103160221888, 1.0000009035000021]","{""K"": 500, ""c"": 6.0, ""exploration_rate"": 0.1, ""gamma"": 0.5, ""gp_rate"": 0.5, ""lm_iterations"": 10, ""max_constants"": 999, ""max_depth"": 6, ""max_evals"": 2000000, ""max_unary"": 999, ""mutation_rate"": 0.1, ""ops"": [""+"", ""-"", ""*"", ""/"", ""sin"", ""cos"", ""exp"", ""log"", ""R""], ""succ_error_tol"": 1e-06}","{""K"": 500, ""c"": 6.0, ""exploration_rate"": 0.1, ""gamma"": 0.5, ""gp_rate"": 0.5, ""lm_iterations"": 10, ""max_constants"": 999, ""max_depth"": 6, ""max_evals"": 2000000, ""max_unary"": 999, ""mutation_rate"": 0.1, ""ops"": [""+"", ""-"", ""*"", ""/"", ""sin"", ""cos"", ""exp"", ""log"", ""R""], ""succ_error_tol"": 1e-06}",0.5
imcts,NguyenC,7,NguyenC-7,expression,15,6265,40,20,20,1,"[""x0""]",log(x[0] + 1.4) + log(x[0]**2 + 1.3),0.9999999403953552,True,0.9999999999999999,0.9999999999999999,13.0,24091,0.941437583998777,0.0,0,log(x0 * x0 * (1.40000004089 + x0) + 1.29999988392 * x0 + 1.82000004233 - 1.00000008269e-10),log(x0 * x0 * (1.40000004089 + x0) + 1.29999988392 * x0 + 1.82000004233 - 1.00000008269e-10),log(x0**2*(x0 + 1.4) + 1.3*x0 + 1.82),"[1.40000004088997, 1.2999998839165243, 1.599604098131126, 0.8789033301797797, 1.0, 1.0]","{""K"": 500, ""c"": 6.0, ""exploration_rate"": 0.1, ""gamma"": 0.5, ""gp_rate"": 0.5, ""lm_iterations"": 10, ""max_constants"": 999, ""max_depth"": 6, ""max_evals"": 2000000, ""max_unary"": 999, ""mutation_rate"": 0.1, ""ops"": [""+"", ""-"", ""*"", ""/"", ""sin"", ""cos"", ""exp"", ""log"", ""R""], ""succ_error_tol"": 1e-06}","{""K"": 500, ""c"": 6.0, ""exploration_rate"": 0.1, ""gamma"": 0.5, ""gp_rate"": 0.5, ""lm_iterations"": 10, ""max_constants"": 999, ""max_depth"": 6, ""max_evals"": 2000000, ""max_unary"": 999, ""mutation_rate"": 0.1, ""ops"": [""+"", ""-"", ""*"", ""/"", ""sin"", ""cos"", ""exp"", ""log"", ""R""], ""succ_error_tol"": 1e-06}",0.5
imcts,NguyenC,7,NguyenC-7,expression,16,11363,40,20,20,1,"[""x0""]",log(x[0] + 1.4) + log(x[0]**2 + 1.3),0.9999999403953552,True,1.0,1.0,14.0,34333,1.3328705559833907,0.0,0,log((x0 + 0.399999993211) * x0 * x0 + 1.82000000238 + (0.300000018243 + x0) * x0 + x0),log((x0 + 0.399999993211) * x0 * x0 + 1.82000000238 + (0.300000018243 + x0) * x0 + x0),log(x0**3 + 1.4*x0**2 + 1.3*x0 + 1.82),"[0.3999999932107066, 4.091822522725339, 2.0800359417388448, 0.30000001824345274]","{""K"": 500, ""c"": 6.0, ""exploration_rate"": 0.1, ""gamma"": 0.5, ""gp_rate"": 0.5, ""lm_iterations"": 10, ""max_constants"": 999, ""max_depth"": 6, ""max_evals"": 2000000, ""max_unary"": 999, ""mutation_rate"": 0.1, ""ops"": [""+"", ""-"", ""*"", ""/"", ""sin"", ""cos"", ""exp"", ""log"", ""R""], ""succ_error_tol"": 1e-06}","{""K"": 500, ""c"": 6.0, ""exploration_rate"": 0.1, ""gamma"": 0.5, ""gp_rate"": 0.5, ""lm_iterations"": 10, ""max_constants"": 999, ""max_depth"": 6, ""max_evals"": 2000000, ""max_unary"": 999, ""mutation_rate"": 0.1, ""ops"": [""+"", ""-"", ""*"", ""/"", ""sin"", ""cos"", ""exp"", ""log"", ""R""], ""succ_error_tol"": 1e-06}",0.5
imcts,NguyenC,7,NguyenC-7,expression,17,27495,40,20,20,1,"[""x0""]",log(x[0] + 1.4) + log(x[0]**2 + 1.3),0.9999999403953552,True,0.9999999999999988,0.9999999999999977,10.0,34550,1.340148080023937,0.0,0,log((1.29999951859 + x0 * x0) * (1.40000068049 + x0) / 1.00000006167),log((1.29999951859 + x0 * x0) * (1.40000068049 + x0) / 1.00000006167),log((x0 + 1.4)*(x0**2 + 1.3)),"[2.3020488169364546, 1.7708074380147394, 4.055202726253006, 1.0000000616723546]","{""K"": 500, ""c"": 6.0, ""exploration_rate"": 0.1, ""gamma"": 0.5, ""gp_rate"": 0.5, ""lm_iterations"": 10, ""max_constants"": 999, ""max_depth"": 6, ""max_evals"": 2000000, ""max_unary"": 999, ""mutation_rate"": 0.1, ""ops"": [""+"", ""-"", ""*"", ""/"", ""sin"", ""cos"", ""exp"", ""log"", ""R""], ""succ_error_tol"": 1e-06}","{""K"": 500, ""c"": 6.0, ""exploration_rate"": 0.1, ""gamma"": 0.5, ""gp_rate"": 0.5, ""lm_iterations"": 10, ""max_constants"": 999, ""max_depth"": 6, ""max_evals"": 2000000, ""max_unary"": 999, ""mutation_rate"": 0.1, ""ops"": [""+"", ""-"", ""*"", ""/"", ""sin"", ""cos"", ""exp"", ""log"", ""R""], ""succ_error_tol"": 1e-06}",0.5
imcts,NguyenC,7,NguyenC-7,expression,18,16023,40,20,20,1,"[""x0""]",log(x[0] + 1.4) + log(x[0]**2 + 1.3),0.9999999403953552,True,0.9999999999999991,0.999999999999999,14.0,18122,0.6673280830145814,0.0,0,log(x0 * (0.540302305868 + 0.859698096276 + x0) * 1.2999996499 * (0.7692309634 * x0 + 1 / x0)),log(x0 * (0.540302305868 + 0.859698096276 + x0) * 1.2999996499 * (0.7692309634 * x0 + 1 / x0)),log((x0 + 1.4)*(0.769*x0**2 + 1)) + 0.262,"[1.0, 0.8596980962761014, 1.0, 1.0, 0.6499998249508419, 0.7692309633999066, 1.0]","{""K"": 500, ""c"": 6.0, ""exploration_rate"": 0.1, ""gamma"": 0.5, ""gp_rate"": 0.5, ""lm_iterations"": 10, ""max_constants"": 999, ""max_depth"": 6, ""max_evals"": 2000000, ""max_unary"": 999, ""mutation_rate"": 0.1, ""ops"": [""+"", ""-"", ""*"", ""/"", ""sin"", ""cos"", ""exp"", ""log"", ""R""], ""succ_error_tol"": 1e-06}","{""K"": 500, ""c"": 6.0, ""exploration_rate"": 0.1, ""gamma"": 0.5, ""gp_rate"": 0.5, ""lm_iterations"": 10, ""max_constants"": 999, ""max_depth"": 6, ""max_evals"": 2000000, ""max_unary"": 999, ""mutation_rate"": 0.1, ""ops"": [""+"", ""-"", ""*"", ""/"", ""sin"", ""cos"", ""exp"", ""log"", ""R""], ""succ_error_tol"": 1e-06}",0.5
imcts,NguyenC,7,NguyenC-7,expression,19,8322,40,20,20,1,"[""x0""]",log(x[0] + 1.4) + log(x[0]**2 + 1.3),0.9999999403953552,True,0.9999999999999998,0.9999999999999992,14.0,90160,4.176586922025308,0.0,0,log((0.947015110857 / x0 + 0.284567296758 + x0) * x0 * (x0 + 1.11543263503) + (0.841984829253 + x0 * 0.0392169431443) / 1.10255286063),log((0.947015110857 / x0 + 0.284567296758 + x0) * x0 * (x0 + 1.11543263503) + (0.841984829253 + x0 * 0.0392169431443) / 1.10255286063),log(x0**3 + 1.4*x0**2 + 1.3*x0 + 1.82),"[0.9470151108569036, 0.28456729675834724, 1.1154326350296175, 0.5698445899232567, 0.03921694314428753, 1.1025528606287989]","{""K"": 500, ""c"": 6.0, ""exploration_rate"": 0.1, ""gamma"": 0.5, ""gp_rate"": 0.5, ""lm_iterations"": 10, ""max_constants"": 999, ""max_depth"": 6, ""max_evals"": 2000000, ""max_unary"": 999, ""mutation_rate"": 0.1, ""ops"": [""+"", ""-"", ""*"", ""/"", ""sin"", ""cos"", ""exp"", ""log"", ""R""], ""succ_error_tol"": 1e-06}","{""K"": 500, ""c"": 6.0, ""exploration_rate"": 0.1, ""gamma"": 0.5, ""gp_rate"": 0.5, ""lm_iterations"": 10, ""max_constants"": 999, ""max_depth"": 6, ""max_evals"": 2000000, ""max_unary"": 999, ""mutation_rate"": 0.1, ""ops"": [""+"", ""-"", ""*"", ""/"", ""sin"", ""cos"", ""exp"", ""log"", ""R""], ""succ_error_tol"": 1e-06}",0.5
imcts,NguyenC,7,NguyenC-7,expression,20,1685,40,20,20,1,"[""x0""]",log(x[0] + 1.4) + log(x[0]**2 + 1.3),0.9999999403953552,True,0.999999999999999,0.9999999999999986,17.0,11095,0.37830619397573173,0.0,0,log((x0 - -1.40000253244) / 1.00000072858 * (0.481193256745 + x0 * x0) + 2.37061897962 + x0 * 0.818806382609 - 1.22429021878),log((x0 - -1.40000253244) / 1.00000072858 * (0.481193256745 + x0 * x0) + 2.37061897962 + x0 * 0.818806382609 - 1.22429021878),log(0.819*x0 + (1.0*x0 + 1.4)*(x0**2 + 0.481) + 1.15),"[-1.4000025324424146, 1.0000007285808836, 0.5414761582234578, 1.1252779431833555, 0.8631510938828124, 0.8188063826093747, 1.2242902187799531]","{""K"": 500, ""c"": 6.0, ""exploration_rate"": 0.1, ""gamma"": 0.5, ""gp_rate"": 0.5, ""lm_iterations"": 10, ""max_constants"": 999, ""max_depth"": 6, ""max_evals"": 2000000, ""max_unary"": 999, ""mutation_rate"": 0.1, ""ops"": [""+"", ""-"", ""*"", ""/"", ""sin"", ""cos"", ""exp"", ""log"", ""R""], ""succ_error_tol"": 1e-06}","{""K"": 500, ""c"": 6.0, ""exploration_rate"": 0.1, ""gamma"": 0.5, ""gp_rate"": 0.5, ""lm_iterations"": 10, ""max_constants"": 999, ""max_depth"": 6, ""max_evals"": 2000000, ""max_unary"": 999, ""mutation_rate"": 0.1, ""ops"": [""+"", ""-"", ""*"", ""/"", ""sin"", ""cos"", ""exp"", ""log"", ""R""], ""succ_error_tol"": 1e-06}",0.5
imcts,NguyenC,7,NguyenC-7,expression,21,32052,40,20,20,1,"[""x0""]",log(x[0] + 1.4) + log(x[0]**2 + 1.3),0.9999999403953552,True,0.999999999999999,0.9999999999999988,11.0,2043,0.06616849801503122,0.0,0,log(1.40000029628 + x0) + log(x0 * x0 + 1.29999974552),log(1.40000029628 + x0) + log(x0 * x0 + 1.29999974552),log(x0 + 1.4) + log(x0**2 + 1.3),"[1.400000296276741, 1.2999997455173329]","{""K"": 500, ""c"": 6.0, ""exploration_rate"": 0.1, ""gamma"": 0.5, ""gp_rate"": 0.5, ""lm_iterations"": 10, ""max_constants"": 999, ""max_depth"": 6, ""max_evals"": 2000000, ""max_unary"": 999, ""mutation_rate"": 0.1, ""ops"": [""+"", ""-"", ""*"", ""/"", ""sin"", ""cos"", ""exp"", ""log"", ""R""], ""succ_error_tol"": 1e-06}","{""K"": 500, ""c"": 6.0, ""exploration_rate"": 0.1, ""gamma"": 0.5, ""gp_rate"": 0.5, ""lm_iterations"": 10, ""max_constants"": 999, ""max_depth"": 6, ""max_evals"": 2000000, ""max_unary"": 999, ""mutation_rate"": 0.1, ""ops"": [""+"", ""-"", ""*"", ""/"", ""sin"", ""cos"", ""exp"", ""log"", ""R""], ""succ_error_tol"": 1e-06}",0.5
imcts,NguyenC,7,NguyenC-7,expression,22,769,40,20,20,1,"[""x0""]",log(x[0] + 1.4) + log(x[0]**2 + 1.3),0.9999999403953552,True,0.9999999999999994,0.9999999999999996,12.0,103552,4.810938800976146,0.0,0,log(1.00000001918 * (1.30000020105 + x0 * x0) * (1.39999972128 + x0)),log(1.00000001918 * (1.30000020105 + x0 * x0) * (1.39999972128 + x0)),log((x0 + 1.4)*(1.0*x0**2 + 1.3)),"[1.0000000191838436, 1.3000002010501768, 1.3999997212831354]","{""K"": 500, ""c"": 6.0, ""exploration_rate"": 0.1, ""gamma"": 0.5, ""gp_rate"": 0.5, ""lm_iterations"": 10, ""max_constants"": 999, ""max_depth"": 6, ""max_evals"": 2000000, ""max_unary"": 999, ""mutation_rate"": 0.1, ""ops"": [""+"", ""-"", ""*"", ""/"", ""sin"", ""cos"", ""exp"", ""log"", ""R""], ""succ_error_tol"": 1e-06}","{""K"": 500, ""c"": 6.0, ""exploration_rate"": 0.1, ""gamma"": 0.5, ""gp_rate"": 0.5, ""lm_iterations"": 10, ""max_constants"": 999, ""max_depth"": 6, ""max_evals"": 2000000, ""max_unary"": 999, ""mutation_rate"": 0.1, ""ops"": [""+"", ""-"", ""*"", ""/"", ""sin"", ""cos"", ""exp"", ""log"", ""R""], ""succ_error_tol"": 1e-06}",0.5
imcts,NguyenC,7,NguyenC-7,expression,23,26967,40,20,20,1,"[""x0""]",log(x[0] + 1.4) + log(x[0]**2 + 1.3),0.9999999403953552,True,0.999999999999999,0.9999999999999979,12.0,13958,0.4930204729898833,0.0,0,log((1.30000017879 + x0 * x0) * (1.40000189973 + x0 / 1.00000090155) + -2.60156915318e-06),log((1.30000017879 + x0 * x0) * (1.40000189973 + x0 / 1.00000090155) + -2.60156915318e-06),log((1.0*x0 + 1.4)*(x0**2 + 1.3)),"[1.3000001787888074, 1.4000018997303816, 1.0000009015526699, -2.601569153178448e-06]","{""K"": 500, ""c"": 6.0, ""exploration_rate"": 0.1, ""gamma"": 0.5, ""gp_rate"": 0.5, ""lm_iterations"": 10, ""max_constants"": 999, ""max_depth"": 6, ""max_evals"": 2000000, ""max_unary"": 999, ""mutation_rate"": 0.1, ""ops"": [""+"", ""-"", ""*"", ""/"", ""sin"", ""cos"", ""exp"", ""log"", ""R""], ""succ_error_tol"": 1e-06}","{""K"": 500, ""c"": 6.0, ""exploration_rate"": 0.1, ""gamma"": 0.5, ""gp_rate"": 0.5, ""lm_iterations"": 10, ""max_constants"": 999, ""max_depth"": 6, ""max_evals"": 2000000, ""max_unary"": 999, ""mutation_rate"": 0.1, ""ops"": [""+"", ""-"", ""*"", ""/"", ""sin"", ""cos"", ""exp"", ""log"", ""R""], ""succ_error_tol"": 1e-06}",0.5
imcts,NguyenC,7,NguyenC-7,expression,24,30187,40,20,20,1,"[""x0""]",log(x[0] + 1.4) + log(x[0]**2 + 1.3),0.9999999403953552,True,0.9999999999999997,0.9999999999999997,13.0,66109,2.77356223895913,0.0,0,log(1.29999995834 * (x0 + 1.40000002283) + x0 * x0 * (1.40000009922 + x0)),log(1.29999995834 * (x0 + 1.40000002283) + x0 * x0 * (1.40000009922 + x0)),log(x0**2*(x0 + 1.4) + 1.3*x0 + 1.82),"[0.4782432581967892, 1.0, 1.252802776739702, 1.1174943485276168, 1.4000000992228074]","{""K"": 500, ""c"": 6.0, ""exploration_rate"": 0.1, ""gamma"": 0.5, ""gp_rate"": 0.5, ""lm_iterations"": 10, ""max_constants"": 999, ""max_depth"": 6, ""max_evals"": 2000000, ""max_unary"": 999, ""mutation_rate"": 0.1, ""ops"": [""+"", ""-"", ""*"", ""/"", ""sin"", ""cos"", ""exp"", ""log"", ""R""], ""succ_error_tol"": 1e-06}","{""K"": 500, ""c"": 6.0, ""exploration_rate"": 0.1, ""gamma"": 0.5, ""gp_rate"": 0.5, ""lm_iterations"": 10, ""max_constants"": 999, ""max_depth"": 6, ""max_evals"": 2000000, ""max_unary"": 999, ""mutation_rate"": 0.1, ""ops"": [""+"", ""-"", ""*"", ""/"", ""sin"", ""cos"", ""exp"", ""log"", ""R""], ""succ_error_tol"": 1e-06}",0.5
imcts,NguyenC,7,NguyenC-7,expression,25,32157,40,20,20,1,"[""x0""]",log(x[0] + 1.4) + log(x[0]**2 + 1.3),0.9999998807907104,True,0.9999999999999982,0.9999999999999973,14.0,48229,2.019762793031987,0.0,0,log((1.29999968339 + x0 * x0) * (0.714285532956 * x0 + 1) / 0.714285526017),log((1.29999968339 + x0 * x0) * (0.714285532956 * x0 + 1) / 0.714285526017),log((0.714*x0 + 1)*(x0**2 + 1.3)) + 0.336,"[1.0, 0.2999996833937405, 0.7142855329557924, 1.0, 0.7142855260171426]","{""K"": 500, ""c"": 6.0, ""exploration_rate"": 0.1, ""gamma"": 0.5, ""gp_rate"": 0.5, ""lm_iterations"": 10, ""max_constants"": 999, ""max_depth"": 6, ""max_evals"": 2000000, ""max_unary"": 999, ""mutation_rate"": 0.1, ""ops"": [""+"", ""-"", ""*"", ""/"", ""sin"", ""cos"", ""exp"", ""log"", ""R""], ""succ_error_tol"": 1e-06}","{""K"": 500, ""c"": 6.0, ""exploration_rate"": 0.1, ""gamma"": 0.5, ""gp_rate"": 0.5, ""lm_iterations"": 10, ""max_constants"": 999, ""max_depth"": 6, ""max_evals"": 2000000, ""max_unary"": 999, ""mutation_rate"": 0.1, ""ops"": [""+"", ""-"", ""*"", ""/"", ""sin"", ""cos"", ""exp"", ""log"", ""R""], ""succ_error_tol"": 1e-06}",0.5
imcts,NguyenC,7,NguyenC-7,expression,26,23333,40,20,20,1,"[""x0""]",log(x[0] + 1.4) + log(x[0]**2 + 1.3),0.9999999403953552,True,0.999999999999999,0.9999999999999982,15.0,32739,1.2744509790209122,0.0,0,log((x0 + 1.39999840883) * 1.00011886536 * x0 / 1.00011844322 * x0 + (1.39999948041 + x0) * 1.30000044944),log((x0 + 1.39999840883) * 1.00011886536 * x0 / 1.00011844322 * x0 + (1.39999948041 + x0) * 1.30000044944),log(x0**2*(1.0*x0 + 1.4) + 1.3*x0 + 1.82),"[1.399998408832976, 1.0001188653554909, 1.0001184432207566, 1.3999994804148244, 1.3000004494402584]","{""K"": 500, ""c"": 6.0, ""exploration_rate"": 0.1, ""gamma"": 0.5, ""gp_rate"": 0.5, ""lm_iterations"": 10, ""max_constants"": 999, ""max_depth"": 6, ""max_evals"": 2000000, ""max_unary"": 999, ""mutation_rate"": 0.1, ""ops"": [""+"", ""-"", ""*"", ""/"", ""sin"", ""cos"", ""exp"", ""log"", ""R""], ""succ_error_tol"": 1e-06}","{""K"": 500, ""c"": 6.0, ""exploration_rate"": 0.1, ""gamma"": 0.5, ""gp_rate"": 0.5, ""lm_iterations"": 10, ""max_constants"": 999, ""max_depth"": 6, ""max_evals"": 2000000, ""max_unary"": 999, ""mutation_rate"": 0.1, ""ops"": [""+"", ""-"", ""*"", ""/"", ""sin"", ""cos"", ""exp"", ""log"", ""R""], ""succ_error_tol"": 1e-06}",0.5
imcts,NguyenC,7,NguyenC-7,expression,27,2433,40,20,20,1,"[""x0""]",log(x[0] + 1.4) + log(x[0]**2 + 1.3),0.9999999403953552,True,0.999999999999999,0.9999999999999989,15.0,13572,0.49777522700605914,0.0,0,log(1.63999081248 * (x0 + 1.62558573832) - (0.845945552611 - x0 * -0.339991877551) - (-1.40000324401 - x0) * x0 * 0.999999125356 * x0),log(1.63999081248 * (x0 + 1.62558573832) - (0.845945552611 - x0 * -0.339991877551) - (-1.40000324401 - x0) * x0 * 0.999999125356 * x0),log(x0**2*(1.0*x0 + 1.4) + 1.3*x0 + 1.82),"[1.378154723144968, 0.8403429535441966, 1.6255857383203918, 0.9165444250663181, 1.0834555749336818, -0.3399918775509517, -1.4000032440119368, 0.9999991253564148]","{""K"": 500, ""c"": 6.0, ""exploration_rate"": 0.1, ""gamma"": 0.5, ""gp_rate"": 0.5, ""lm_iterations"": 10, ""max_constants"": 999, ""max_depth"": 6, ""max_evals"": 2000000, ""max_unary"": 999, ""mutation_rate"": 0.1, ""ops"": [""+"", ""-"", ""*"", ""/"", ""sin"", ""cos"", ""exp"", ""log"", ""R""], ""succ_error_tol"": 1e-06}","{""K"": 500, ""c"": 6.0, ""exploration_rate"": 0.1, ""gamma"": 0.5, ""gp_rate"": 0.5, ""lm_iterations"": 10, ""max_constants"": 999, ""max_depth"": 6, ""max_evals"": 2000000, ""max_unary"": 999, ""mutation_rate"": 0.1, ""ops"": [""+"", ""-"", ""*"", ""/"", ""sin"", ""cos"", ""exp"", ""log"", ""R""], ""succ_error_tol"": 1e-06}",0.5
imcts,NguyenC,7,NguyenC-7,expression,28,5311,40,20,20,1,"[""x0""]",log(x[0] + 1.4) + log(x[0]**2 + 1.3),0.9999998807907104,True,0.9999999999999987,0.9999999999999978,15.0,51156,2.053872340999078,0.0,0,log((x0 * -4.21218173905e-07 + x0) * (x0 - -1.4000010672) * x0 - (-1.30000014887 * x0 - 1.81999986768 / (x0 / x0))),log((x0 * -4.21218173905e-07 + x0) * (x0 - -1.4000010672) * x0 - (-1.30000014887 * x0 - 1.81999986768 / (x0 / x0))),log(x0**2*(1.0*x0 + 1.4) + 1.3*x0 + 1.82),"[-4.2121817390456385e-07, -1.4000010672014864, 0.27253175236202903, 1.8199998676787648]","{""K"": 500, ""c"": 6.0, ""exploration_rate"": 0.1, ""gamma"": 0.5, ""gp_rate"": 0.5, ""lm_iterations"": 10, ""max_constants"": 999, ""max_depth"": 6, ""max_evals"": 2000000, ""max_unary"": 999, ""mutation_rate"": 0.1, ""ops"": [""+"", ""-"", ""*"", ""/"", ""sin"", ""cos"", ""exp"", ""log"", ""R""], ""succ_error_tol"": 1e-06}","{""K"": 500, ""c"": 6.0, ""exploration_rate"": 0.1, ""gamma"": 0.5, ""gp_rate"": 0.5, ""lm_iterations"": 10, ""max_constants"": 999, ""max_depth"": 6, ""max_evals"": 2000000, ""max_unary"": 999, ""mutation_rate"": 0.1, ""ops"": [""+"", ""-"", ""*"", ""/"", ""sin"", ""cos"", ""exp"", ""log"", ""R""], ""succ_error_tol"": 1e-06}",0.5
imcts,NguyenC,7,NguyenC-7,expression,29,5051,40,20,20,1,"[""x0""]",log(x[0] + 1.4) + log(x[0]**2 + 1.3),0.9999999403953552,True,0.9999999999999992,0.9999999999999991,14.0,88028,3.872108659998048,0.0,0,log((x0 / 0.841470984808 + 1.49534645752 * 1.03314769663 / x0) * (x0 / 1.18839515264 + 1.17805929284) * x0),log((x0 / 0.841470984808 + 1.49534645752 * 1.03314769663 / x0) * (x0 / 1.18839515264 + 1.17805929284) * x0),log((0.841*x0 + 1.18)*(1.19*x0**2 + 1.54)),"[1.0, 1.4953464575209727, 1.033147696632735, 1.188395152635178, 1.1780592928444382]","{""K"": 500, ""c"": 6.0, ""exploration_rate"": 0.1, ""gamma"": 0.5, ""gp_rate"": 0.5, ""lm_iterations"": 10, ""max_constants"": 999, ""max_depth"": 6, ""max_evals"": 2000000, ""max_unary"": 999, ""mutation_rate"": 0.1, ""ops"": [""+"", ""-"", ""*"", ""/"", ""sin"", ""cos"", ""exp"", ""log"", ""R""], ""succ_error_tol"": 1e-06}","{""K"": 500, ""c"": 6.0, ""exploration_rate"": 0.1, ""gamma"": 0.5, ""gp_rate"": 0.5, ""lm_iterations"": 10, ""max_constants"": 999, ""max_depth"": 6, ""max_evals"": 2000000, ""max_unary"": 999, ""mutation_rate"": 0.1, ""ops"": [""+"", ""-"", ""*"", ""/"", ""sin"", ""cos"", ""exp"", ""log"", ""R""], ""succ_error_tol"": 1e-06}",0.5
imcts,NguyenC,7,NguyenC-7,expression,30,6420,40,20,20,1,"[""x0""]",log(x[0] + 1.4) + log(x[0]**2 + 1.3),0.9999999403953552,True,0.9999999999999998,0.9999999999999998,15.0,78466,3.5717340639675967,0.0,0,log((x0 + 1 + 0.400000110526) * (x0 * x0 + 0.597780328968) + 0.983107457037 + x0 * 0.702219577241),log((x0 + 1 + 0.400000110526) * (x0 * x0 + 0.597780328968) + 0.983107457037 + x0 * 0.702219577241),log(0.702*x0 + (x0 + 1.4)*(x0**2 + 0.598) + 0.983),"[1.0, 0.4000001105264365, 1.0, 0.597780328967928, 0.9831074570368693, 0.7785102802055562]","{""K"": 500, ""c"": 6.0, ""exploration_rate"": 0.1, ""gamma"": 0.5, ""gp_rate"": 0.5, ""lm_iterations"": 10, ""max_constants"": 999, ""max_depth"": 6, ""max_evals"": 2000000, ""max_unary"": 999, ""mutation_rate"": 0.1, ""ops"": [""+"", ""-"", ""*"", ""/"", ""sin"", ""cos"", ""exp"", ""log"", ""R""], ""succ_error_tol"": 1e-06}","{""K"": 500, ""c"": 6.0, ""exploration_rate"": 0.1, ""gamma"": 0.5, ""gp_rate"": 0.5, ""lm_iterations"": 10, ""max_constants"": 999, ""max_depth"": 6, ""max_evals"": 2000000, ""max_unary"": 999, ""mutation_rate"": 0.1, ""ops"": [""+"", ""-"", ""*"", ""/"", ""sin"", ""cos"", ""exp"", ""log"", ""R""], ""succ_error_tol"": 1e-06}",0.5
imcts,NguyenC,7,NguyenC-7,expression,31,17568,40,20,20,1,"[""x0""]",log(x[0] + 1.4) + log(x[0]**2 + 1.3),0.9999999403953552,True,0.9999999999999996,0.9999999999999996,11.0,28424,1.1012380549800582,0.0,0,-2.09968007541e-10 / ((x0 - 0.959763533134) / x0) + log(1.40000003977 + x0) + log(1.29999999499 + x0 * x0),-2.09968007541e-10 / ((x0 - 0.959763533134) / x0) + log(1.40000003977 + x0) + log(1.29999999499 + x0 * x0),log(x0 + 1.4) + log(x0**2 + 1.3),"[-2.0996800754082986e-10, 0.9597635331337515, 1.4000000397650034, 1.2999999949872383]","{""K"": 500, ""c"": 6.0, ""exploration_rate"": 0.1, ""gamma"": 0.5, ""gp_rate"": 0.5, ""lm_iterations"": 10, ""max_constants"": 999, ""max_depth"": 6, ""max_evals"": 2000000, ""max_unary"": 999, ""mutation_rate"": 0.1, ""ops"": [""+"", ""-"", ""*"", ""/"", ""sin"", ""cos"", ""exp"", ""log"", ""R""], ""succ_error_tol"": 1e-06}","{""K"": 500, ""c"": 6.0, ""exploration_rate"": 0.1, ""gamma"": 0.5, ""gp_rate"": 0.5, ""lm_iterations"": 10, ""max_constants"": 999, ""max_depth"": 6, ""max_evals"": 2000000, ""max_unary"": 999, ""mutation_rate"": 0.1, ""ops"": [""+"", ""-"", ""*"", ""/"", ""sin"", ""cos"", ""exp"", ""log"", ""R""], ""succ_error_tol"": 1e-06}",0.5
imcts,NguyenC,7,NguyenC-7,expression,32,20939,40,20,20,1,"[""x0""]",log(x[0] + 1.4) + log(x[0]**2 + 1.3),0.9999999403953552,True,0.9999999999999987,0.9999999999999987,15.0,20425,0.7316765080322511,0.0,0,log(1.29999997629 * x0 + 1.81999999656 - (x0 - -1.40000097335) * x0 * -0.999999626647 * x0),log(1.29999997629 * x0 + 1.81999999656 - (x0 - -1.40000097335) * x0 * -0.999999626647 * x0),log(x0**2*(1.0*x0 + 1.4) + 1.3*x0 + 1.82),"[1.2999999762874097, 1.8199999965623823, -1.4000009733456522, -0.9999996266471496]","{""K"": 500, ""c"": 6.0, ""exploration_rate"": 0.1, ""gamma"": 0.5, ""gp_rate"": 0.5, ""lm_iterations"": 10, ""max_constants"": 999, ""max_depth"": 6, ""max_evals"": 2000000, ""max_unary"": 999, ""mutation_rate"": 0.1, ""ops"": [""+"", ""-"", ""*"", ""/"", ""sin"", ""cos"", ""exp"", ""log"", ""R""], ""succ_error_tol"": 1e-06}","{""K"": 500, ""c"": 6.0, ""exploration_rate"": 0.1, ""gamma"": 0.5, ""gp_rate"": 0.5, ""lm_iterations"": 10, ""max_constants"": 999, ""max_depth"": 6, ""max_evals"": 2000000, ""max_unary"": 999, ""mutation_rate"": 0.1, ""ops"": [""+"", ""-"", ""*"", ""/"", ""sin"", ""cos"", ""exp"", ""log"", ""R""], ""succ_error_tol"": 1e-06}",0.5
imcts,NguyenC,7,NguyenC-7,expression,33,19769,40,20,20,1,"[""x0""]",log(x[0] + 1.4) + log(x[0]**2 + 1.3),0.9999999403953552,True,0.9999999999999997,0.9999999999999996,14.0,23877,0.9265961349592544,0.0,0,log((0.901725829171 + x0 * x0 / 1.44168021457) / (0.422715328018 / x0 * x0 / (0.853188235866 + x0 / 1.64090344013))),log((0.901725829171 + x0 * x0 / 1.44168021457) / (0.422715328018 / x0 * x0 / (0.853188235866 + x0 / 1.64090344013))),log((1.44*x0 + 2.02)*(0.694*x0**2 + 0.902)),"[0.9017258291707938, 1.4416802145679832, 0.42271532801832706, 0.5487288713220877, 1.6409034401339055]","{""K"": 500, ""c"": 6.0, ""exploration_rate"": 0.1, ""gamma"": 0.5, ""gp_rate"": 0.5, ""lm_iterations"": 10, ""max_constants"": 999, ""max_depth"": 6, ""max_evals"": 2000000, ""max_unary"": 999, ""mutation_rate"": 0.1, ""ops"": [""+"", ""-"", ""*"", ""/"", ""sin"", ""cos"", ""exp"", ""log"", ""R""], ""succ_error_tol"": 1e-06}","{""K"": 500, ""c"": 6.0, ""exploration_rate"": 0.1, ""gamma"": 0.5, ""gp_rate"": 0.5, ""lm_iterations"": 10, ""max_constants"": 999, ""max_depth"": 6, ""max_evals"": 2000000, ""max_unary"": 999, ""mutation_rate"": 0.1, ""ops"": [""+"", ""-"", ""*"", ""/"", ""sin"", ""cos"", ""exp"", ""log"", ""R""], ""succ_error_tol"": 1e-06}",0.5
imcts,NguyenC,7,NguyenC-7,expression,34,28693,40,20,20,1,"[""x0""]",log(x[0] + 1.4) + log(x[0]**2 + 1.3),0.9999999403953552,True,1.0,1.0,10.0,59308,2.510867096018046,0.0,0,log((1 + x0 * x0 - -0.299999936001) * (x0 + 1.40000006881)),log((1 + x0 * x0 - -0.299999936001) * (x0 + 1.40000006881)),log((x0 + 1.4)*(x0**2 + 1.3)),"[1.0, 1.237296909060765, 1.400000068805661]","{""K"": 500, ""c"": 6.0, ""exploration_rate"": 0.1, ""gamma"": 0.5, ""gp_rate"": 0.5, ""lm_iterations"": 10, ""max_constants"": 999, ""max_depth"": 6, ""max_evals"": 2000000, ""max_unary"": 999, ""mutation_rate"": 0.1, ""ops"": [""+"", ""-"", ""*"", ""/"", ""sin"", ""cos"", ""exp"", ""log"", ""R""], ""succ_error_tol"": 1e-06}","{""K"": 500, ""c"": 6.0, ""exploration_rate"": 0.1, ""gamma"": 0.5, ""gp_rate"": 0.5, ""lm_iterations"": 10, ""max_constants"": 999, ""max_depth"": 6, ""max_evals"": 2000000, ""max_unary"": 999, ""mutation_rate"": 0.1, ""ops"": [""+"", ""-"", ""*"", ""/"", ""sin"", ""cos"", ""exp"", ""log"", ""R""], ""succ_error_tol"": 1e-06}",0.5
imcts,NguyenC,7,NguyenC-7,expression,35,6396,40,20,20,1,"[""x0""]",log(x[0] + 1.4) + log(x[0]**2 + 1.3),0.9999999403953552,True,0.9999999999935617,0.9999988186630676,34.0,110951,4.927258014969993,0.0,0,(cos(x0) * 0.147746479069 + 0.0782321119842 / x0 * (x0 + -0.000261195246917)) * (2.65585709399 + sin(x0) + (x0 - 2.96499331916) * x0) + (x0 * (x0 - -1.18504447314) - -2.58633598094) / (x0 + 2.25422341232 / x0),(cos(x0) * 0.147746479069 + 0.0782321119842 / x0 * (x0 + -0.000261195246917)) * (2.65585709399 + sin(x0) + (x0 - 2.96499331916) * x0) + (x0 * (x0 - -1.18504447314) - -2.58633598094) / (x0 + 2.25422341232 / x0),(0.148*cos(x0) + 0.078)*(x0*(x0 - 2.96) + sin(x0) + 2.66) + (x0*(x0 + 1.19) + 2.59)/(x0 + 2.25/x0),"[1.0, 0.14774647906917657, 0.07823211198419894, -0.0002611952469173577, 1.0803869813211255, 0.406794094368446, 2.9649933191604805, -1.185044473142702, -2.586335980937778, 2.254223412322461]","{""K"": 500, ""c"": 6.0, ""exploration_rate"": 0.1, ""gamma"": 0.5, ""gp_rate"": 0.5, ""lm_iterations"": 10, ""max_constants"": 999, ""max_depth"": 6, ""max_evals"": 2000000, ""max_unary"": 999, ""mutation_rate"": 0.1, ""ops"": [""+"", ""-"", ""*"", ""/"", ""sin"", ""cos"", ""exp"", ""log"", ""R""], ""succ_error_tol"": 1e-06}","{""K"": 500, ""c"": 6.0, ""exploration_rate"": 0.1, ""gamma"": 0.5, ""gp_rate"": 0.5, ""lm_iterations"": 10, ""max_constants"": 999, ""max_depth"": 6, ""max_evals"": 2000000, ""max_unary"": 999, ""mutation_rate"": 0.1, ""ops"": [""+"", ""-"", ""*"", ""/"", ""sin"", ""cos"", ""exp"", ""log"", ""R""], ""succ_error_tol"": 1e-06}",0.5
imcts,NguyenC,7,NguyenC-7,expression,36,29419,40,20,20,1,"[""x0""]",log(x[0] + 1.4) + log(x[0]**2 + 1.3),0.9999999403953552,True,0.9999999999999989,0.9999999999999978,10.0,75730,3.2344854390248656,0.0,0,log(((x0 - 4.20050731219e-08) * x0 + 1.30000019224) * (1.39999978258 + x0)),log(((x0 - 4.20050731219e-08) * x0 + 1.30000019224) * (1.39999978258 + x0)),log((x0 + 1.4)*(x0**2 + 1.3)),"[4.2005073121850876e-08, 1.3000001922446365, 1.6301349628659174, 1.1643822971597024]","{""K"": 500, ""c"": 6.0, ""exploration_rate"": 0.1, ""gamma"": 0.5, ""gp_rate"": 0.5, ""lm_iterations"": 10, ""max_constants"": 999, ""max_depth"": 6, ""max_evals"": 2000000, ""max_unary"": 999, ""mutation_rate"": 0.1, ""ops"": [""+"", ""-"", ""*"", ""/"", ""sin"", ""cos"", ""exp"", ""log"", ""R""], ""succ_error_tol"": 1e-06}","{""K"": 500, ""c"": 6.0, ""exploration_rate"": 0.1, ""gamma"": 0.5, ""gp_rate"": 0.5, ""lm_iterations"": 10, ""max_constants"": 999, ""max_depth"": 6, ""max_evals"": 2000000, ""max_unary"": 999, ""mutation_rate"": 0.1, ""ops"": [""+"", ""-"", ""*"", ""/"", ""sin"", ""cos"", ""exp"", ""log"", ""R""], ""succ_error_tol"": 1e-06}",0.5
imcts,NguyenC,7,NguyenC-7,expression,37,27480,40,20,20,1,"[""x0""]",log(x[0] + 1.4) + log(x[0]**2 + 1.3),0.9999999403953552,True,0.9999999999999992,0.9999999999999987,10.0,98278,4.169804398028646,0.0,0,log((1.29999977302 - (x0 * 1.04445065466e-07 - x0 * x0)) * (x0 + 1.40000026876)),log((1.29999977302 - (x0 * 1.04445065466e-07 - x0 * x0)) * (x0 + 1.40000026876)),log((x0 + 1.4)*(x0**2 + 1.3)),"[0.2946151904274284, 1.12292498023307, 1.0444506546635485e-07, 4.05520105662713]","{""K"": 500, ""c"": 6.0, ""exploration_rate"": 0.1, ""gamma"": 0.5, ""gp_rate"": 0.5, ""lm_iterations"": 10, ""max_constants"": 999, ""max_depth"": 6, ""max_evals"": 2000000, ""max_unary"": 999, ""mutation_rate"": 0.1, ""ops"": [""+"", ""-"", ""*"", ""/"", ""sin"", ""cos"", ""exp"", ""log"", ""R""], ""succ_error_tol"": 1e-06}","{""K"": 500, ""c"": 6.0, ""exploration_rate"": 0.1, ""gamma"": 0.5, ""gp_rate"": 0.5, ""lm_iterations"": 10, ""max_constants"": 999, ""max_depth"": 6, ""max_evals"": 2000000, ""max_unary"": 999, ""mutation_rate"": 0.1, ""ops"": [""+"", ""-"", ""*"", ""/"", ""sin"", ""cos"", ""exp"", ""log"", ""R""], ""succ_error_tol"": 1e-06}",0.5
imcts,NguyenC,7,NguyenC-7,expression,38,32304,40,20,20,1,"[""x0""]",log(x[0] + 1.4) + log(x[0]**2 + 1.3),0.9999998807907104,True,0.9999999999999997,0.9999999999999999,10.0,40682,1.6821106750285253,0.0,0,log((x0 + 1.39999985011) * ((x0 - -5.85776587284e-08) * x0 + 1.30000011299)),log((x0 + 1.39999985011) * ((x0 - -5.85776587284e-08) * x0 + 1.30000011299)),log((x0 + 1.4)*(x0**2 + 1.3)),"[1.3999998501063904, -5.857765872839082e-08, 1.3000001129916665]","{""K"": 500, ""c"": 6.0, ""exploration_rate"": 0.1, ""gamma"": 0.5, ""gp_rate"": 0.5, ""lm_iterations"": 10, ""max_constants"": 999, ""max_depth"": 6, ""max_evals"": 2000000, ""max_unary"": 999, ""mutation_rate"": 0.1, ""ops"": [""+"", ""-"", ""*"", ""/"", ""sin"", ""cos"", ""exp"", ""log"", ""R""], ""succ_error_tol"": 1e-06}","{""K"": 500, ""c"": 6.0, ""exploration_rate"": 0.1, ""gamma"": 0.5, ""gp_rate"": 0.5, ""lm_iterations"": 10, ""max_constants"": 999, ""max_depth"": 6, ""max_evals"": 2000000, ""max_unary"": 999, ""mutation_rate"": 0.1, ""ops"": [""+"", ""-"", ""*"", ""/"", ""sin"", ""cos"", ""exp"", ""log"", ""R""], ""succ_error_tol"": 1e-06}",0.5
imcts,NguyenC,7,NguyenC-7,expression,39,8666,40,20,20,1,"[""x0""]",log(x[0] + 1.4) + log(x[0]**2 + 1.3),0.9999999403953552,True,1.0,1.0,10.0,10186,0.3489284679526463,0.0,0,log((1.39999999715 + x0) * (1.30000000238 - (-1.36353322555e-08 * x0 - x0 * x0))),log((1.39999999715 + x0) * (1.30000000238 - (-1.36353322555e-08 * x0 - x0 * x0))),log((x0 + 1.4)*(x0**2 + 1.3)),"[1.3999999971454664, 1.300000002378213, -1.3635332255521418e-08]","{""K"": 500, ""c"": 6.0, ""exploration_rate"": 0.1, ""gamma"": 0.5, ""gp_rate"": 0.5, ""lm_iterations"": 10, ""max_constants"": 999, ""max_depth"": 6, ""max_evals"": 2000000, ""max_unary"": 999, ""mutation_rate"": 0.1, ""ops"": [""+"", ""-"", ""*"", ""/"", ""sin"", ""cos"", ""exp"", ""log"", ""R""], ""succ_error_tol"": 1e-06}","{""K"": 500, ""c"": 6.0, ""exploration_rate"": 0.1, ""gamma"": 0.5, ""gp_rate"": 0.5, ""lm_iterations"": 10, ""max_constants"": 999, ""max_depth"": 6, ""max_evals"": 2000000, ""max_unary"": 999, ""mutation_rate"": 0.1, ""ops"": [""+"", ""-"", ""*"", ""/"", ""sin"", ""cos"", ""exp"", ""log"", ""R""], ""succ_error_tol"": 1e-06}",0.5
imcts,NguyenC,7,NguyenC-7,expression,40,25658,40,20,20,1,"[""x0""]",log(x[0] + 1.4) + log(x[0]**2 + 1.3),0.9999999403953552,True,0.9999999999999999,0.9999999999999999,14.0,27039,1.0708439590525813,0.0,0,log((0.1560371161 * x0 * 2 + 1.81445161837 * (1.64079127732 + x0)) * (0.611325714031 + x0 * x0 / 2.12652593168)),log((0.1560371161 * x0 * 2 + 1.81445161837 * (1.64079127732 + x0)) * (0.611325714031 + x0 * x0 / 2.12652593168)),log((2.13*x0 + 2.98)*(0.47*x0**2 + 0.611)),"[0.15603711610015472, 1.0, 1.0, 0.59578328342643, 1.640791277321407, 0.9098129763348343, 2.1265259316833074]","{""K"": 500, ""c"": 6.0, ""exploration_rate"": 0.1, ""gamma"": 0.5, ""gp_rate"": 0.5, ""lm_iterations"": 10, ""max_constants"": 999, ""max_depth"": 6, ""max_evals"": 2000000, ""max_unary"": 999, ""mutation_rate"": 0.1, ""ops"": [""+"", ""-"", ""*"", ""/"", ""sin"", ""cos"", ""exp"", ""log"", ""R""], ""succ_error_tol"": 1e-06}","{""K"": 500, ""c"": 6.0, ""exploration_rate"": 0.1, ""gamma"": 0.5, ""gp_rate"": 0.5, ""lm_iterations"": 10, ""max_constants"": 999, ""max_depth"": 6, ""max_evals"": 2000000, ""max_unary"": 999, ""mutation_rate"": 0.1, ""ops"": [""+"", ""-"", ""*"", ""/"", ""sin"", ""cos"", ""exp"", ""log"", ""R""], ""succ_error_tol"": 1e-06}",0.5
imcts,NguyenC,7,NguyenC-7,expression,41,18942,40,20,20,1,"[""x0""]",log(x[0] + 1.4) + log(x[0]**2 + 1.3),0.9999999403953552,True,0.9999999999999961,0.9999999999999928,15.0,112824,4.915087050001603,0.0,0,log(0.999998735087 * x0 * x0 * (x0 + 1.40000423998) + (x0 + 1.93435417658) * 0.940882597295 + x0 * 0.359116117005),log(0.999998735087 * x0 * x0 * (x0 + 1.40000423998) + (x0 + 1.93435417658) * 0.940882597295 + x0 * 0.359116117005),log(x0**2*(1.0*x0 + 1.4) + 1.3*x0 + 1.82),"[0.9999987350870344, 1.4000042399821904, 1.9343541765814318, 1.225226532449304, -1.024109497093532]","{""K"": 500, ""c"": 6.0, ""exploration_rate"": 0.1, ""gamma"": 0.5, ""gp_rate"": 0.5, ""lm_iterations"": 10, ""max_constants"": 999, ""max_depth"": 6, ""max_evals"": 2000000, ""max_unary"": 999, ""mutation_rate"": 0.1, ""ops"": [""+"", ""-"", ""*"", ""/"", ""sin"", ""cos"", ""exp"", ""log"", ""R""], ""succ_error_tol"": 1e-06}","{""K"": 500, ""c"": 6.0, ""exploration_rate"": 0.1, ""gamma"": 0.5, ""gp_rate"": 0.5, ""lm_iterations"": 10, ""max_constants"": 999, ""max_depth"": 6, ""max_evals"": 2000000, ""max_unary"": 999, ""mutation_rate"": 0.1, ""ops"": [""+"", ""-"", ""*"", ""/"", ""sin"", ""cos"", ""exp"", ""log"", ""R""], ""succ_error_tol"": 1e-06}",0.5
imcts,NguyenC,7,NguyenC-7,expression,42,24233,40,20,20,1,"[""x0""]",log(x[0] + 1.4) + log(x[0]**2 + 1.3),0.9999998807907104,True,0.9999999999999994,0.9999999999999989,12.0,69772,3.0532315330347046,0.0,0,log((x0 + 1.8161480288 + -0.416146836547) * 0.999999773294 * (1.29999937084 + x0 * x0)),log((x0 + 1.8161480288 + -0.416146836547) * 0.999999773294 * (1.29999937084 + x0 * x0)),log((1.0*x0 + 1.4)*(x0**2 + 1.3)),"[1.8161480287962422, 1.0, 1.0, -0.0010766417078260776, 0.046390275574961004, 1.2999993708403215]","{""K"": 500, ""c"": 6.0, ""exploration_rate"": 0.1, ""gamma"": 0.5, ""gp_rate"": 0.5, ""lm_iterations"": 10, ""max_constants"": 999, ""max_depth"": 6, ""max_evals"": 2000000, ""max_unary"": 999, ""mutation_rate"": 0.1, ""ops"": [""+"", ""-"", ""*"", ""/"", ""sin"", ""cos"", ""exp"", ""log"", ""R""], ""succ_error_tol"": 1e-06}","{""K"": 500, ""c"": 6.0, ""exploration_rate"": 0.1, ""gamma"": 0.5, ""gp_rate"": 0.5, ""lm_iterations"": 10, ""max_constants"": 999, ""max_depth"": 6, ""max_evals"": 2000000, ""max_unary"": 999, ""mutation_rate"": 0.1, ""ops"": [""+"", ""-"", ""*"", ""/"", ""sin"", ""cos"", ""exp"", ""log"", ""R""], ""succ_error_tol"": 1e-06}",0.5
imcts,NguyenC,7,NguyenC-7,expression,43,18431,40,20,20,1,"[""x0""]",log(x[0] + 1.4) + log(x[0]**2 + 1.3),0.9999999403953552,True,0.9999999999999999,1.0,13.0,91466,3.9797919819829985,0.0,0,log(1.40000007967 + x0 + (0.299999958857 + x0 * x0) * (x0 - -1.39999999696)),log(1.40000007967 + x0 + (0.299999958857 + x0 * x0) * (x0 - -1.39999999696)),log(x0 + (x0 + 1.4)*(x0**2 + 0.3) + 1.4),"[1.4000000796676197, 0.9642185879123711, 0.6642186290549784, -1.3999999969560062]","{""K"": 500, ""c"": 6.0, ""exploration_rate"": 0.1, ""gamma"": 0.5, ""gp_rate"": 0.5, ""lm_iterations"": 10, ""max_constants"": 999, ""max_depth"": 6, ""max_evals"": 2000000, ""max_unary"": 999, ""mutation_rate"": 0.1, ""ops"": [""+"", ""-"", ""*"", ""/"", ""sin"", ""cos"", ""exp"", ""log"", ""R""], ""succ_error_tol"": 1e-06}","{""K"": 500, ""c"": 6.0, ""exploration_rate"": 0.1, ""gamma"": 0.5, ""gp_rate"": 0.5, ""lm_iterations"": 10, ""max_constants"": 999, ""max_depth"": 6, ""max_evals"": 2000000, ""max_unary"": 999, ""mutation_rate"": 0.1, ""ops"": [""+"", ""-"", ""*"", ""/"", ""sin"", ""cos"", ""exp"", ""log"", ""R""], ""succ_error_tol"": 1e-06}",0.5
imcts,NguyenC,7,NguyenC-7,expression,44,32219,40,20,20,1,"[""x0""]",log(x[0] + 1.4) + log(x[0]**2 + 1.3),0.9999999403953552,True,0.9999999999630421,0.999999999555459,27.0,111108,4.883936478989199,0.0,0,x0 * -0.690372133111 - sin(x0 / 0.971327414245) + sin(x0 + 0.0930327164142) + 1.38352568673 + x0 + log((0.956794764291 + x0) / 0.98616933756 + sin(-0.587659719704 - x0)),x0 * -0.690372133111 - sin(x0 / 0.971327414245) + sin(x0 + 0.0930327164142) + 1.38352568673 + x0 + log((0.956794764291 + x0) / 0.98616933756 + sin(-0.587659719704 - x0)),0.31*x0 + log(1.01*x0 - sin(x0 + 0.588) + 0.97) - sin(1.03*x0) + sin(x0 + 0.093) + 1.38,"[-0.6903721331109509, 0.9713274142448695, 0.09303271641416595, 1.3835256867291592, 0.9567947642905894, 0.9861693375601492, -0.5876597197043302]","{""K"": 500, ""c"": 6.0, ""exploration_rate"": 0.1, ""gamma"": 0.5, ""gp_rate"": 0.5, ""lm_iterations"": 10, ""max_constants"": 999, ""max_depth"": 6, ""max_evals"": 2000000, ""max_unary"": 999, ""mutation_rate"": 0.1, ""ops"": [""+"", ""-"", ""*"", ""/"", ""sin"", ""cos"", ""exp"", ""log"", ""R""], ""succ_error_tol"": 1e-06}","{""K"": 500, ""c"": 6.0, ""exploration_rate"": 0.1, ""gamma"": 0.5, ""gp_rate"": 0.5, ""lm_iterations"": 10, ""max_constants"": 999, ""max_depth"": 6, ""max_evals"": 2000000, ""max_unary"": 999, ""mutation_rate"": 0.1, ""ops"": [""+"", ""-"", ""*"", ""/"", ""sin"", ""cos"", ""exp"", ""log"", ""R""], ""succ_error_tol"": 1e-06}",0.5
imcts,NguyenC,7,NguyenC-7,expression,45,2747,40,20,20,1,"[""x0""]",log(x[0] + 1.4) + log(x[0]**2 + 1.3),0.9999999403953552,True,0.9999999999999997,0.9999999999999997,12.0,10585,0.37967113603372127,0.0,0,log((1.30000005488 + (x0 + 5.13188241979e-08) / (1.00000004947 / x0)) * (x0 + 1.3999999377)),log((1.30000005488 + (x0 + 5.13188241979e-08) / (1.00000004947 / x0)) * (x0 + 1.3999999377)),log((x0 + 1.4)*(1.0*x0**2 + 1.3)),"[1.3000000548822663, 5.131882419793423e-08, 1.0000000494716152, -3.4847607934151617]","{""K"": 500, ""c"": 6.0, ""exploration_rate"": 0.1, ""gamma"": 0.5, ""gp_rate"": 0.5, ""lm_iterations"": 10, ""max_constants"": 999, ""max_depth"": 6, ""max_evals"": 2000000, ""max_unary"": 999, ""mutation_rate"": 0.1, ""ops"": [""+"", ""-"", ""*"", ""/"", ""sin"", ""cos"", ""exp"", ""log"", ""R""], ""succ_error_tol"": 1e-06}","{""K"": 500, ""c"": 6.0, ""exploration_rate"": 0.1, ""gamma"": 0.5, ""gp_rate"": 0.5, ""lm_iterations"": 10, ""max_constants"": 999, ""max_depth"": 6, ""max_evals"": 2000000, ""max_unary"": 999, ""mutation_rate"": 0.1, ""ops"": [""+"", ""-"", ""*"", ""/"", ""sin"", ""cos"", ""exp"", ""log"", ""R""], ""succ_error_tol"": 1e-06}",0.5
imcts,NguyenC,7,NguyenC-7,expression,46,25551,40,20,20,1,"[""x0""]",log(x[0] + 1.4) + log(x[0]**2 + 1.3),0.9999998807907104,True,1.0,1.0,10.0,85832,3.7873269430128857,0.0,0,log((1.30000004222 + x0 * x0) * (1.39999995778 + x0) / 0.999999999762),log((1.30000004222 + x0 * x0) * (1.39999995778 + x0) / 0.999999999762),log((x0 + 1.4)*(x0**2 + 1.3)),"[1.3000000422241138, 1.3999999577817448, 1.411595677519898, 1.0]","{""K"": 500, ""c"": 6.0, ""exploration_rate"": 0.1, ""gamma"": 0.5, ""gp_rate"": 0.5, ""lm_iterations"": 10, ""max_constants"": 999, ""max_depth"": 6, ""max_evals"": 2000000, ""max_unary"": 999, ""mutation_rate"": 0.1, ""ops"": [""+"", ""-"", ""*"", ""/"", ""sin"", ""cos"", ""exp"", ""log"", ""R""], ""succ_error_tol"": 1e-06}","{""K"": 500, ""c"": 6.0, ""exploration_rate"": 0.1, ""gamma"": 0.5, ""gp_rate"": 0.5, ""lm_iterations"": 10, ""max_constants"": 999, ""max_depth"": 6, ""max_evals"": 2000000, ""max_unary"": 999, ""mutation_rate"": 0.1, ""ops"": [""+"", ""-"", ""*"", ""/"", ""sin"", ""cos"", ""exp"", ""log"", ""R""], ""succ_error_tol"": 1e-06}",0.5
imcts,NguyenC,7,NguyenC-7,expression,47,26382,40,20,20,1,"[""x0""]",log(x[0] + 1.4) + log(x[0]**2 + 1.3),0.9999999403953552,True,0.9999999999999988,0.9999999999999974,14.0,60484,2.5850990299950354,0.0,0,log((2.52541630002 * x0 + 3.53557829591) * (0.514767257693 + (-6.50227900045e-07 + x0) * x0 / 2.52541448054)),log((2.52541630002 * x0 + 3.53557829591) * (0.514767257693 + (-6.50227900045e-07 + x0) * x0 / 2.52541448054)),log((2.52*x0 + 3.54)*(0.396*x0**2 + 0.515)),"[2.5254163000223606, 1.2628768774582424, 0.5147672576927926, -6.502279000450147e-07, 2.5254144805372265]","{""K"": 500, ""c"": 6.0, ""exploration_rate"": 0.1, ""gamma"": 0.5, ""gp_rate"": 0.5, ""lm_iterations"": 10, ""max_constants"": 999, ""max_depth"": 6, ""max_evals"": 2000000, ""max_unary"": 999, ""mutation_rate"": 0.1, ""ops"": [""+"", ""-"", ""*"", ""/"", ""sin"", ""cos"", ""exp"", ""log"", ""R""], ""succ_error_tol"": 1e-06}","{""K"": 500, ""c"": 6.0, ""exploration_rate"": 0.1, ""gamma"": 0.5, ""gp_rate"": 0.5, ""lm_iterations"": 10, ""max_constants"": 999, ""max_depth"": 6, ""max_evals"": 2000000, ""max_unary"": 999, ""mutation_rate"": 0.1, ""ops"": [""+"", ""-"", ""*"", ""/"", ""sin"", ""cos"", ""exp"", ""log"", ""R""], ""succ_error_tol"": 1e-06}",0.5
imcts,NguyenC,7,NguyenC-7,expression,48,189,40,20,20,1,"[""x0""]",log(x[0] + 1.4) + log(x[0]**2 + 1.3),0.9999998807907104,True,0.9999999999999999,0.9999999999999999,13.0,95978,4.3003094419837,0.0,0,log(1.59971243076 * (1.13770447669 - x0 + x0 / 0.842081347898) + x0 - 1 + 1 + (1.40000001977 + x0) * x0 * x0),log(1.59971243076 * (1.13770447669 - x0 + x0 / 0.842081347898) + x0 - 1 + 1 + (1.40000001977 + x0) * x0 * x0),log(x0**2*(x0 + 1.4) + 1.3*x0 + 1.82),"[1.5997124307602513, 1.1377044766854518, 0.8420813478982785, 1.0, 1.0, 1.0, 1.4000000197673983]","{""K"": 500, ""c"": 6.0, ""exploration_rate"": 0.1, ""gamma"": 0.5, ""gp_rate"": 0.5, ""lm_iterations"": 10, ""max_constants"": 999, ""max_depth"": 6, ""max_evals"": 2000000, ""max_unary"": 999, ""mutation_rate"": 0.1, ""ops"": [""+"", ""-"", ""*"", ""/"", ""sin"", ""cos"", ""exp"", ""log"", ""R""], ""succ_error_tol"": 1e-06}","{""K"": 500, ""c"": 6.0, ""exploration_rate"": 0.1, ""gamma"": 0.5, ""gp_rate"": 0.5, ""lm_iterations"": 10, ""max_constants"": 999, ""max_depth"": 6, ""max_evals"": 2000000, ""max_unary"": 999, ""mutation_rate"": 0.1, ""ops"": [""+"", ""-"", ""*"", ""/"", ""sin"", ""cos"", ""exp"", ""log"", ""R""], ""succ_error_tol"": 1e-06}",0.5
imcts,NguyenC,7,NguyenC-7,expression,49,31677,40,20,20,1,"[""x0""]",log(x[0] + 1.4) + log(x[0]**2 + 1.3),0.9999999403953552,True,0.9999999999999999,0.9999999999999999,14.0,114876,5.279778225987684,0.0,0,log((x0 * x0 * -0.230769233943 + x0 * x0 + x0 / x0) * (1.8200000329 - (0 - 1.29999997259 * x0))),log((x0 * x0 * -0.230769233943 + x0 * x0 + x0 / x0) * (1.8200000329 - (0 - 1.29999997259 * x0))),log((1.3*x0 + 1.82)*(0.769*x0**2 + 1)),"[0.7939226551984233, 1.0, 0.5988365191091909, 1.0, 1.0, 1.2999999725915632]","{""K"": 500, ""c"": 6.0, ""exploration_rate"": 0.1, ""gamma"": 0.5, ""gp_rate"": 0.5, ""lm_iterations"": 10, ""max_constants"": 999, ""max_depth"": 6, ""max_evals"": 2000000, ""max_unary"": 999, ""mutation_rate"": 0.1, ""ops"": [""+"", ""-"", ""*"", ""/"", ""sin"", ""cos"", ""exp"", ""log"", ""R""], ""succ_error_tol"": 1e-06}","{""K"": 500, ""c"": 6.0, ""exploration_rate"": 0.1, ""gamma"": 0.5, ""gp_rate"": 0.5, ""lm_iterations"": 10, ""max_constants"": 999, ""max_depth"": 6, ""max_evals"": 2000000, ""max_unary"": 999, ""mutation_rate"": 0.1, ""ops"": [""+"", ""-"", ""*"", ""/"", ""sin"", ""cos"", ""exp"", ""log"", ""R""], ""succ_error_tol"": 1e-06}",0.5
imcts,NguyenC,7,NguyenC-7,expression,50,19118,40,20,20,1,"[""x0""]",log(x[0] + 1.4) + log(x[0]**2 + 1.3),0.9999999403953552,True,1.0,1.0,10.0,43659,1.7154086829978041,0.0,0,log((0.540302305868 + x0 * x0 + 0.759697661673) * (0.55852905637 + 0.841470984808 + x0)),log((0.540302305868 + x0 * x0 + 0.759697661673) * (0.55852905637 + 0.841470984808 + x0)),log((x0 + 1.4)*(x0**2 + 1.3)),"[1.0, 0.7596976616730201, 0.5585290563699896, 1.0, 1.0]","{""K"": 500, ""c"": 6.0, ""exploration_rate"": 0.1, ""gamma"": 0.5, ""gp_rate"": 0.5, ""lm_iterations"": 10, ""max_constants"": 999, ""max_depth"": 6, ""max_evals"": 2000000, ""max_unary"": 999, ""mutation_rate"": 0.1, ""ops"": [""+"", ""-"", ""*"", ""/"", ""sin"", ""cos"", ""exp"", ""log"", ""R""], ""succ_error_tol"": 1e-06}","{""K"": 500, ""c"": 6.0, ""exploration_rate"": 0.1, ""gamma"": 0.5, ""gp_rate"": 0.5, ""lm_iterations"": 10, ""max_constants"": 999, ""max_depth"": 6, ""max_evals"": 2000000, ""max_unary"": 999, ""mutation_rate"": 0.1, ""ops"": [""+"", ""-"", ""*"", ""/"", ""sin"", ""cos"", ""exp"", ""log"", ""R""], ""succ_error_tol"": 1e-06}",0.5
imcts,NguyenC,7,NguyenC-7,expression,51,3005,40,20,20,1,"[""x0""]",log(x[0] + 1.4) + log(x[0]**2 + 1.3),0.9999998807907104,True,0.9999999999999997,0.9999999999999997,14.0,54204,2.29179952602135,0.0,0,log((x0 * (x0 + x0) + 2.600000312) * (x0 / 0.666666659133 - x0 + 0.699999917886)),log((x0 * (x0 + x0) + 2.600000312) * (x0 / 0.666666659133 - x0 + 0.699999917886)),log((0.5*x0 + 0.7)*(2*x0**2 + 2.6)),"[1.3120346327790875, 0.27583134204891857, 0.6666666591332123, -0.7953989451670236]","{""K"": 500, ""c"": 6.0, ""exploration_rate"": 0.1, ""gamma"": 0.5, ""gp_rate"": 0.5, ""lm_iterations"": 10, ""max_constants"": 999, ""max_depth"": 6, ""max_evals"": 2000000, ""max_unary"": 999, ""mutation_rate"": 0.1, ""ops"": [""+"", ""-"", ""*"", ""/"", ""sin"", ""cos"", ""exp"", ""log"", ""R""], ""succ_error_tol"": 1e-06}","{""K"": 500, ""c"": 6.0, ""exploration_rate"": 0.1, ""gamma"": 0.5, ""gp_rate"": 0.5, ""lm_iterations"": 10, ""max_constants"": 999, ""max_depth"": 6, ""max_evals"": 2000000, ""max_unary"": 999, ""mutation_rate"": 0.1, ""ops"": [""+"", ""-"", ""*"", ""/"", ""sin"", ""cos"", ""exp"", ""log"", ""R""], ""succ_error_tol"": 1e-06}",0.5
imcts,NguyenC,7,NguyenC-7,expression,52,21042,40,20,20,1,"[""x0""]",log(x[0] + 1.4) + log(x[0]**2 + 1.3),0.9999999403953552,True,0.9999999999999983,0.9999999999999983,10.0,136805,5.983194044034462,0.0,0,log(x0 * 1.00000086523 * (x0 + 1.39999755988) * (x0 + 1.30000108051 / x0 + -7.32003125164e-07)),log(x0 * 1.00000086523 * (x0 + 1.39999755988) * (x0 + 1.30000108051 / x0 + -7.32003125164e-07)),log((x0 + 1.4)*(x0**2 + 1.3)),"[1.0000008652342978, 1.3999975598750967, 1.3000010805121023, 0.5707970587980219, 1.0]","{""K"": 500, ""c"": 6.0, ""exploration_rate"": 0.1, ""gamma"": 0.5, ""gp_rate"": 0.5, ""lm_iterations"": 10, ""max_constants"": 999, ""max_depth"": 6, ""max_evals"": 2000000, ""max_unary"": 999, ""mutation_rate"": 0.1, ""ops"": [""+"", ""-"", ""*"", ""/"", ""sin"", ""cos"", ""exp"", ""log"", ""R""], ""succ_error_tol"": 1e-06}","{""K"": 500, ""c"": 6.0, ""exploration_rate"": 0.1, ""gamma"": 0.5, ""gp_rate"": 0.5, ""lm_iterations"": 10, ""max_constants"": 999, ""max_depth"": 6, ""max_evals"": 2000000, ""max_unary"": 999, ""mutation_rate"": 0.1, ""ops"": [""+"", ""-"", ""*"", ""/"", ""sin"", ""cos"", ""exp"", ""log"", ""R""], ""succ_error_tol"": 1e-06}",0.5
imcts,NguyenC,7,NguyenC-7,expression,53,1899,40,20,20,1,"[""x0""]",log(x[0] + 1.4) + log(x[0]**2 + 1.3),0.9999998807907104,True,0.9999999999812699,0.9999999999320165,34.0,131436,5.952840541023761,0.0,0,(11.1593779138 * x0 + cos(x0) + 2.30414159653 + (x0 + x0 + -12.7658188935) / (1.9343472761 / x0 + x0 - -0.843773659569)) / (x0 + 5.51857806276 + (x0 + x0) * exp(x0) * 0.00195168315444),(11.1593779138 * x0 + cos(x0) + 2.30414159653 + (x0 + x0 + -12.7658188935) / (1.9343472761 / x0 + x0 - -0.843773659569)) / (x0 + 5.51857806276 + (x0 + x0) * exp(x0) * 0.00195168315444),(11.2*x0 + (2*x0 - 12.8)/(x0 + 0.844 + 1.93/x0) + cos(x0) + 2.3)/(0.00403*x0*exp(x0) + x0 + 5.52),"[11.15937791377277, 2.3041415965296093, -12.765818893521521, 1.934347276099583, -0.8437736595688138, 5.518578062759393, 1.0019535888276239]","{""K"": 500, ""c"": 6.0, ""exploration_rate"": 0.1, ""gamma"": 0.5, ""gp_rate"": 0.5, ""lm_iterations"": 10, ""max_constants"": 999, ""max_depth"": 6, ""max_evals"": 2000000, ""max_unary"": 999, ""mutation_rate"": 0.1, ""ops"": [""+"", ""-"", ""*"", ""/"", ""sin"", ""cos"", ""exp"", ""log"", ""R""], ""succ_error_tol"": 1e-06}","{""K"": 500, ""c"": 6.0, ""exploration_rate"": 0.1, ""gamma"": 0.5, ""gp_rate"": 0.5, ""lm_iterations"": 10, ""max_constants"": 999, ""max_depth"": 6, ""max_evals"": 2000000, ""max_unary"": 999, ""mutation_rate"": 0.1, ""ops"": [""+"", ""-"", ""*"", ""/"", ""sin"", ""cos"", ""exp"", ""log"", ""R""], ""succ_error_tol"": 1e-06}",0.5
imcts,NguyenC,7,NguyenC-7,expression,54,24118,40,20,20,1,"[""x0""]",log(x[0] + 1.4) + log(x[0]**2 + 1.3),0.9999998807907104,True,0.9999999999841499,0.9999999999813262,13.0,15999,0.588640478963498,0.0,0,log(x0 * x0 * (x0 + 1.39999818408) + (x0 + 1.39999897658) * 1.29999999614 + exp(x0 - 11.9329261901)),log(x0 * x0 * (x0 + 1.39999818408) + (x0 + 1.39999897658) * 1.29999999614 + exp(x0 - 11.9329261901)),log(x0**2*(x0 + 1.4) + 1.3*x0 + 1.82),"[1.3999981840751166, 1.399998976577653, 1.299999996139677, 11.932926190084867]","{""K"": 500, ""c"": 6.0, ""exploration_rate"": 0.1, ""gamma"": 0.5, ""gp_rate"": 0.5, ""lm_iterations"": 10, ""max_constants"": 999, ""max_depth"": 6, ""max_evals"": 2000000, ""max_unary"": 999, ""mutation_rate"": 0.1, ""ops"": [""+"", ""-"", ""*"", ""/"", ""sin"", ""cos"", ""exp"", ""log"", ""R""], ""succ_error_tol"": 1e-06}","{""K"": 500, ""c"": 6.0, ""exploration_rate"": 0.1, ""gamma"": 0.5, ""gp_rate"": 0.5, ""lm_iterations"": 10, ""max_constants"": 999, ""max_depth"": 6, ""max_evals"": 2000000, ""max_unary"": 999, ""mutation_rate"": 0.1, ""ops"": [""+"", ""-"", ""*"", ""/"", ""sin"", ""cos"", ""exp"", ""log"", ""R""], ""succ_error_tol"": 1e-06}",0.5
imcts,NguyenC,7,NguyenC-7,expression,55,1267,40,20,20,1,"[""x0""]",log(x[0] + 1.4) + log(x[0]**2 + 1.3),0.9999999403953552,True,0.9999999999999972,0.9999999999999973,14.0,104638,4.561947623034939,0.0,0,log(((1.28572956752 - x0) * -0.5046983373 + 1.35548369821) * (2.57579458805 + x0 * 1.98138144046 * x0)),log(((1.28572956752 - x0) * -0.5046983373 + 1.35548369821) * (2.57579458805 + x0 * 1.98138144046 * x0)),log((0.505*x0 + 0.707)*(1.98*x0**2 + 2.58)),"[1.2857295675243, -0.5046983373003259, 1.3554836982089726, 2.1109545434249615, 0.7675799776893574, 1.232420022310643, 1.9813814404606318]","{""K"": 500, ""c"": 6.0, ""exploration_rate"": 0.1, ""gamma"": 0.5, ""gp_rate"": 0.5, ""lm_iterations"": 10, ""max_constants"": 999, ""max_depth"": 6, ""max_evals"": 2000000, ""max_unary"": 999, ""mutation_rate"": 0.1, ""ops"": [""+"", ""-"", ""*"", ""/"", ""sin"", ""cos"", ""exp"", ""log"", ""R""], ""succ_error_tol"": 1e-06}","{""K"": 500, ""c"": 6.0, ""exploration_rate"": 0.1, ""gamma"": 0.5, ""gp_rate"": 0.5, ""lm_iterations"": 10, ""max_constants"": 999, ""max_depth"": 6, ""max_evals"": 2000000, ""max_unary"": 999, ""mutation_rate"": 0.1, ""ops"": [""+"", ""-"", ""*"", ""/"", ""sin"", ""cos"", ""exp"", ""log"", ""R""], ""succ_error_tol"": 1e-06}",0.5
imcts,NguyenC,7,NguyenC-7,expression,56,31551,40,20,20,1,"[""x0""]",log(x[0] + 1.4) + log(x[0]**2 + 1.3),0.9999999403953552,True,0.9999999999999996,0.9999999999999993,10.0,79633,3.4386173599632457,0.0,0,log(2.10623406089e-07 + (3.24827952382 + -1.84827952739 + x0) * (x0 * x0 - -1.29999986447)),log(2.10623406089e-07 + (3.24827952382 + -1.84827952739 + x0) * (x0 * x0 - -1.29999986447)),log((x0 + 1.4)*(x0**2 + 1.3)),"[2.106234060886945e-07, -1.7574611825112683, -1.848279527390781, -1.8482795273907815, 0.5028051832463108, -2.5854941591440737]","{""K"": 500, ""c"": 6.0, ""exploration_rate"": 0.1, ""gamma"": 0.5, ""gp_rate"": 0.5, ""lm_iterations"": 10, ""max_constants"": 999, ""max_depth"": 6, ""max_evals"": 2000000, ""max_unary"": 999, ""mutation_rate"": 0.1, ""ops"": [""+"", ""-"", ""*"", ""/"", ""sin"", ""cos"", ""exp"", ""log"", ""R""], ""succ_error_tol"": 1e-06}","{""K"": 500, ""c"": 6.0, ""exploration_rate"": 0.1, ""gamma"": 0.5, ""gp_rate"": 0.5, ""lm_iterations"": 10, ""max_constants"": 999, ""max_depth"": 6, ""max_evals"": 2000000, ""max_unary"": 999, ""mutation_rate"": 0.1, ""ops"": [""+"", ""-"", ""*"", ""/"", ""sin"", ""cos"", ""exp"", ""log"", ""R""], ""succ_error_tol"": 1e-06}",0.5
imcts,NguyenC,7,NguyenC-7,expression,57,17912,40,20,20,1,"[""x0""]",log(x[0] + 1.4) + log(x[0]**2 + 1.3),0.9999999403953552,True,1.0,0.9999999999999999,12.0,56926,2.306680341018364,0.0,0,log(x0 + 1.81999999945 - (x0 * 1.13588970524 + x0 * x0) * (0.735889780113 - (x0 + 1))),log(x0 + 1.81999999945 - (x0 * 1.13588970524 + x0 * x0) * (0.735889780113 - (x0 + 1))),log(x0*(x0 + 0.264)*(x0 + 1.14) + x0 + 1.82),"[1.819999999447187, 1.135889705238809, 0.7358897801129684, 1.0]","{""K"": 500, ""c"": 6.0, ""exploration_rate"": 0.1, ""gamma"": 0.5, ""gp_rate"": 0.5, ""lm_iterations"": 10, ""max_constants"": 999, ""max_depth"": 6, ""max_evals"": 2000000, ""max_unary"": 999, ""mutation_rate"": 0.1, ""ops"": [""+"", ""-"", ""*"", ""/"", ""sin"", ""cos"", ""exp"", ""log"", ""R""], ""succ_error_tol"": 1e-06}","{""K"": 500, ""c"": 6.0, ""exploration_rate"": 0.1, ""gamma"": 0.5, ""gp_rate"": 0.5, ""lm_iterations"": 10, ""max_constants"": 999, ""max_depth"": 6, ""max_evals"": 2000000, ""max_unary"": 999, ""mutation_rate"": 0.1, ""ops"": [""+"", ""-"", ""*"", ""/"", ""sin"", ""cos"", ""exp"", ""log"", ""R""], ""succ_error_tol"": 1e-06}",0.5
imcts,NguyenC,7,NguyenC-7,expression,58,11394,40,20,20,1,"[""x0""]",log(x[0] + 1.4) + log(x[0]**2 + 1.3),0.9999999403953552,True,0.9999999999999999,0.9999999999999999,14.0,5452,0.17713641899172217,0.0,0,log(x0 * (x0 + 0.963511697542) * (0.436488256726 + x0) - (x0 / 1.13682218264 * -0.999765261807 - 1.81999998518)),log(x0 * (x0 + 0.963511697542) * (0.436488256726 + x0) - (x0 / 1.13682218264 * -0.999765261807 - 1.81999998518)),log(x0*(x0 + 0.436)*(x0 + 0.964) + 0.879*x0 + 1.82),"[0.9635116975417949, 1.547264072339281, 1.1368221826420297, -1.592464154434031, 1.8199999851758644]","{""K"": 500, ""c"": 6.0, ""exploration_rate"": 0.1, ""gamma"": 0.5, ""gp_rate"": 0.5, ""lm_iterations"": 10, ""max_constants"": 999, ""max_depth"": 6, ""max_evals"": 2000000, ""max_unary"": 999, ""mutation_rate"": 0.1, ""ops"": [""+"", ""-"", ""*"", ""/"", ""sin"", ""cos"", ""exp"", ""log"", ""R""], ""succ_error_tol"": 1e-06}","{""K"": 500, ""c"": 6.0, ""exploration_rate"": 0.1, ""gamma"": 0.5, ""gp_rate"": 0.5, ""lm_iterations"": 10, ""max_constants"": 999, ""max_depth"": 6, ""max_evals"": 2000000, ""max_unary"": 999, ""mutation_rate"": 0.1, ""ops"": [""+"", ""-"", ""*"", ""/"", ""sin"", ""cos"", ""exp"", ""log"", ""R""], ""succ_error_tol"": 1e-06}",0.5
imcts,NguyenC,7,NguyenC-7,expression,59,3556,40,20,20,1,"[""x0""]",log(x[0] + 1.4) + log(x[0]**2 + 1.3),0.9999999403953552,True,0.9999999999999993,0.9999999999999988,14.0,47273,1.9355770680122077,0.0,0,log(1.45999996055 + (x0 + 0.400000176751) * x0 * (1 + x0 + 0.899999742479 / x0)),log(1.45999996055 + (x0 + 0.400000176751) * x0 * (1 + x0 + 0.899999742479 / x0)),log((x0 + 0.4)*(x0*(x0 + 1) + 0.9) + 1.46),"[1.4599999605488616, 0.40000017675109195, 1.0, 0.8999997424789214]","{""K"": 500, ""c"": 6.0, ""exploration_rate"": 0.1, ""gamma"": 0.5, ""gp_rate"": 0.5, ""lm_iterations"": 10, ""max_constants"": 999, ""max_depth"": 6, ""max_evals"": 2000000, ""max_unary"": 999, ""mutation_rate"": 0.1, ""ops"": [""+"", ""-"", ""*"", ""/"", ""sin"", ""cos"", ""exp"", ""log"", ""R""], ""succ_error_tol"": 1e-06}","{""K"": 500, ""c"": 6.0, ""exploration_rate"": 0.1, ""gamma"": 0.5, ""gp_rate"": 0.5, ""lm_iterations"": 10, ""max_constants"": 999, ""max_depth"": 6, ""max_evals"": 2000000, ""max_unary"": 999, ""mutation_rate"": 0.1, ""ops"": [""+"", ""-"", ""*"", ""/"", ""sin"", ""cos"", ""exp"", ""log"", ""R""], ""succ_error_tol"": 1e-06}",0.5
imcts,NguyenC,7,NguyenC-7,expression,60,3890,40,20,20,1,"[""x0""]",log(x[0] + 1.4) + log(x[0]**2 + 1.3),0.9999999403953552,True,0.999999999999994,0.9999999999999891,10.0,26649,1.0136021340149455,0.0,0,log((6.58826828755e-08 + x0 * (1.39999971575 + x0)) * (1.2999999046 / x0 - (-4.11258945831e-07 - x0))),log((6.58826828755e-08 + x0 * (1.39999971575 + x0)) * (1.2999999046 / x0 - (-4.11258945831e-07 - x0))),log((x0 + 1.4)*(x0**2 + 1.3)),"[6.58826828754638e-08, 1.3999997157465043, 1.299999904598612, -4.112589458314964e-07]","{""K"": 500, ""c"": 6.0, ""exploration_rate"": 0.1, ""gamma"": 0.5, ""gp_rate"": 0.5, ""lm_iterations"": 10, ""max_constants"": 999, ""max_depth"": 6, ""max_evals"": 2000000, ""max_unary"": 999, ""mutation_rate"": 0.1, ""ops"": [""+"", ""-"", ""*"", ""/"", ""sin"", ""cos"", ""exp"", ""log"", ""R""], ""succ_error_tol"": 1e-06}","{""K"": 500, ""c"": 6.0, ""exploration_rate"": 0.1, ""gamma"": 0.5, ""gp_rate"": 0.5, ""lm_iterations"": 10, ""max_constants"": 999, ""max_depth"": 6, ""max_evals"": 2000000, ""max_unary"": 999, ""mutation_rate"": 0.1, ""ops"": [""+"", ""-"", ""*"", ""/"", ""sin"", ""cos"", ""exp"", ""log"", ""R""], ""succ_error_tol"": 1e-06}",0.5
imcts,NguyenC,7,NguyenC-7,expression,61,8838,40,20,20,1,"[""x0""]",log(x[0] + 1.4) + log(x[0]**2 + 1.3),0.9999999403953552,True,0.9999999999999989,0.9999999999999983,10.0,72025,3.099926048947964,0.0,0,log((1.30000002507 + x0 * x0) * (1.4000000625 + x0) / 1.00000006168),log((1.30000002507 + x0 * x0) * (1.4000000625 + x0) / 1.00000006168),log((x0 + 1.4)*(x0**2 + 1.3)),"[1.3000000250729264, 1.400000062495901, 1.0000000616760873]","{""K"": 500, ""c"": 6.0, ""exploration_rate"": 0.1, ""gamma"": 0.5, ""gp_rate"": 0.5, ""lm_iterations"": 10, ""max_constants"": 999, ""max_depth"": 6, ""max_evals"": 2000000, ""max_unary"": 999, ""mutation_rate"": 0.1, ""ops"": [""+"", ""-"", ""*"", ""/"", ""sin"", ""cos"", ""exp"", ""log"", ""R""], ""succ_error_tol"": 1e-06}","{""K"": 500, ""c"": 6.0, ""exploration_rate"": 0.1, ""gamma"": 0.5, ""gp_rate"": 0.5, ""lm_iterations"": 10, ""max_constants"": 999, ""max_depth"": 6, ""max_evals"": 2000000, ""max_unary"": 999, ""mutation_rate"": 0.1, ""ops"": [""+"", ""-"", ""*"", ""/"", ""sin"", ""cos"", ""exp"", ""log"", ""R""], ""succ_error_tol"": 1e-06}",0.5
imcts,NguyenC,7,NguyenC-7,expression,62,30740,40,20,20,1,"[""x0""]",log(x[0] + 1.4) + log(x[0]**2 + 1.3),0.9999999403953552,True,0.9999999999999994,0.999999999999999,12.0,6066,0.18374758400022984,0.0,0,log((1.30000046165 + x0 * (-1.5778179399e-07 + x0)) * (x0 / 0.999999813108 + 1.39999945882)),log((1.30000046165 + x0 * (-1.5778179399e-07 + x0)) * (x0 / 0.999999813108 + 1.39999945882)),log((1.0*x0 + 1.4)*(x0**2 + 1.3)),"[1.300000461651715, -1.5778179398972078e-07, 0.9999998131077991, 1.018855237517942, 0.7277540224003548]","{""K"": 500, ""c"": 6.0, ""exploration_rate"": 0.1, ""gamma"": 0.5, ""gp_rate"": 0.5, ""lm_iterations"": 10, ""max_constants"": 999, ""max_depth"": 6, ""max_evals"": 2000000, ""max_unary"": 999, ""mutation_rate"": 0.1, ""ops"": [""+"", ""-"", ""*"", ""/"", ""sin"", ""cos"", ""exp"", ""log"", ""R""], ""succ_error_tol"": 1e-06}","{""K"": 500, ""c"": 6.0, ""exploration_rate"": 0.1, ""gamma"": 0.5, ""gp_rate"": 0.5, ""lm_iterations"": 10, ""max_constants"": 999, ""max_depth"": 6, ""max_evals"": 2000000, ""max_unary"": 999, ""mutation_rate"": 0.1, ""ops"": [""+"", ""-"", ""*"", ""/"", ""sin"", ""cos"", ""exp"", ""log"", ""R""], ""succ_error_tol"": 1e-06}",0.5
imcts,NguyenC,7,NguyenC-7,expression,63,27464,40,20,20,1,"[""x0""]",log(x[0] + 1.4) + log(x[0]**2 + 1.3),0.9999999403953552,True,0.9999999999999993,0.999999999999999,10.0,151730,6.8444016839494,0.0,0,log((1.30000022409 + x0 * x0) * (1.39999972938 + x0)),log((1.30000022409 + x0 * x0) * (1.39999972938 + x0)),log((x0 + 1.4)*(x0**2 + 1.3)),"[1.3000002240868374, 1.399999729383028]","{""K"": 500, ""c"": 6.0, ""exploration_rate"": 0.1, ""gamma"": 0.5, ""gp_rate"": 0.5, ""lm_iterations"": 10, ""max_constants"": 999, ""max_depth"": 6, ""max_evals"": 2000000, ""max_unary"": 999, ""mutation_rate"": 0.1, ""ops"": [""+"", ""-"", ""*"", ""/"", ""sin"", ""cos"", ""exp"", ""log"", ""R""], ""succ_error_tol"": 1e-06}","{""K"": 500, ""c"": 6.0, ""exploration_rate"": 0.1, ""gamma"": 0.5, ""gp_rate"": 0.5, ""lm_iterations"": 10, ""max_constants"": 999, ""max_depth"": 6, ""max_evals"": 2000000, ""max_unary"": 999, ""mutation_rate"": 0.1, ""ops"": [""+"", ""-"", ""*"", ""/"", ""sin"", ""cos"", ""exp"", ""log"", ""R""], ""succ_error_tol"": 1e-06}",0.5
imcts,NguyenC,7,NguyenC-7,expression,64,14502,40,20,20,1,"[""x0""]",log(x[0] + 1.4) + log(x[0]**2 + 1.3),0.9999999403953552,True,0.9999999999999999,0.9999999999999998,15.0,12290,0.41793670499464497,0.0,0,log(0.649999937483 + x0 * 0.49999999161 * x0) + log(x0 + x0 + 2.80000032271),log(0.649999937483 + x0 * 0.49999999161 * x0) + log(x0 + x0 + 2.80000032271),log(2*x0 + 2.8) + log(0.5*x0**2 + 0.65),"[0.6499999374834268, 0.4999999916097755, 2.800000322710686]","{""K"": 500, ""c"": 6.0, ""exploration_rate"": 0.1, ""gamma"": 0.5, ""gp_rate"": 0.5, ""lm_iterations"": 10, ""max_constants"": 999, ""max_depth"": 6, ""max_evals"": 2000000, ""max_unary"": 999, ""mutation_rate"": 0.1, ""ops"": [""+"", ""-"", ""*"", ""/"", ""sin"", ""cos"", ""exp"", ""log"", ""R""], ""succ_error_tol"": 1e-06}","{""K"": 500, ""c"": 6.0, ""exploration_rate"": 0.1, ""gamma"": 0.5, ""gp_rate"": 0.5, ""lm_iterations"": 10, ""max_constants"": 999, ""max_depth"": 6, ""max_evals"": 2000000, ""max_unary"": 999, ""mutation_rate"": 0.1, ""ops"": [""+"", ""-"", ""*"", ""/"", ""sin"", ""cos"", ""exp"", ""log"", ""R""], ""succ_error_tol"": 1e-06}",0.5
imcts,NguyenC,7,NguyenC-7,expression,65,21777,40,20,20,1,"[""x0""]",log(x[0] + 1.4) + log(x[0]**2 + 1.3),0.9999999403953552,True,0.9999999999999999,0.9999999999999999,10.0,30620,1.1778350370004773,0.0,0,log((x0 + 1.4000001307) * (x0 * x0 + 1.29999982102) + 1.16458659938e-07),log((x0 + 1.4000001307) * (x0 * x0 + 1.29999982102) + 1.16458659938e-07),log((x0 + 1.4)*(x0**2 + 1.3)),"[1.4000001306972443, 0.9021138854718641, 0.39788593554727336, -0.9999998835413401, 1.0]","{""K"": 500, ""c"": 6.0, ""exploration_rate"": 0.1, ""gamma"": 0.5, ""gp_rate"": 0.5, ""lm_iterations"": 10, ""max_constants"": 999, ""max_depth"": 6, ""max_evals"": 2000000, ""max_unary"": 999, ""mutation_rate"": 0.1, ""ops"": [""+"", ""-"", ""*"", ""/"", ""sin"", ""cos"", ""exp"", ""log"", ""R""], ""succ_error_tol"": 1e-06}","{""K"": 500, ""c"": 6.0, ""exploration_rate"": 0.1, ""gamma"": 0.5, ""gp_rate"": 0.5, ""lm_iterations"": 10, ""max_constants"": 999, ""max_depth"": 6, ""max_evals"": 2000000, ""max_unary"": 999, ""mutation_rate"": 0.1, ""ops"": [""+"", ""-"", ""*"", ""/"", ""sin"", ""cos"", ""exp"", ""log"", ""R""], ""succ_error_tol"": 1e-06}",0.5
imcts,NguyenC,7,NguyenC-7,expression,66,10627,40,20,20,1,"[""x0""]",log(x[0] + 1.4) + log(x[0]**2 + 1.3),0.9999999403953552,True,0.9999999999999988,0.9999999999999987,16.0,16006,0.5719310879940167,0.0,0,log((2 + (x0 - 0.836660328641) * (x0 + 0.836661100749)) * (1.40000135914 + x0 / 1.00000087133)),log((2 + (x0 - 0.836660328641) * (x0 + 0.836661100749)) * (1.40000135914 + x0 / 1.00000087133)),log((1.0*x0 + 1.4)*((x0 - 0.837)*(x0 + 0.837) + 2)),"[1.0, 1.0, 0.836660328640654, 0.8366611007493912, 0.34316921799864314, 1.0000008713315012]","{""K"": 500, ""c"": 6.0, ""exploration_rate"": 0.1, ""gamma"": 0.5, ""gp_rate"": 0.5, ""lm_iterations"": 10, ""max_constants"": 999, ""max_depth"": 6, ""max_evals"": 2000000, ""max_unary"": 999, ""mutation_rate"": 0.1, ""ops"": [""+"", ""-"", ""*"", ""/"", ""sin"", ""cos"", ""exp"", ""log"", ""R""], ""succ_error_tol"": 1e-06}","{""K"": 500, ""c"": 6.0, ""exploration_rate"": 0.1, ""gamma"": 0.5, ""gp_rate"": 0.5, ""lm_iterations"": 10, ""max_constants"": 999, ""max_depth"": 6, ""max_evals"": 2000000, ""max_unary"": 999, ""mutation_rate"": 0.1, ""ops"": [""+"", ""-"", ""*"", ""/"", ""sin"", ""cos"", ""exp"", ""log"", ""R""], ""succ_error_tol"": 1e-06}",0.5
imcts,NguyenC,7,NguyenC-7,expression,67,8792,40,20,20,1,"[""x0""]",log(x[0] + 1.4) + log(x[0]**2 + 1.3),0.9999999403953552,True,0.9999999999016814,0.9999999991145779,34.0,67831,2.923517699993681,0.0,0,(0.74400670206 * (x0 * 0.903640182407 + x0 + -2.26508611132) + sin(0.849784014339 * x0) * (2.73245460268 / x0 - x0 / x0)) * (sin(x0 * 1.21677042101) + exp(0.657124143722 - x0) + -0.98861267546 + x0 * 0.995684513869),(0.74400670206 * (x0 * 0.903640182407 + x0 + -2.26508611132) + sin(0.849784014339 * x0) * (2.73245460268 / x0 - x0 / x0)) * (sin(x0 * 1.21677042101) + exp(0.657124143722 - x0) + -0.98861267546 + x0 * 0.995684513869),-(-1.42*x0 + (1 - 2.73/x0)*sin(0.85*x0) + 1.69)*(0.996*x0 + sin(1.22*x0) - 0.989 + 1.93*exp(-x0)),"[-0.2957052360444693, 0.9036401824072552, -2.2650861113175194, 0.8497840143385502, 2.7324546026807837, 1.216770421005657, 0.6571241437224804, -1.4197400308751476, 0.9956845138689168]","{""K"": 500, ""c"": 6.0, ""exploration_rate"": 0.1, ""gamma"": 0.5, ""gp_rate"": 0.5, ""lm_iterations"": 10, ""max_constants"": 999, ""max_depth"": 6, ""max_evals"": 2000000, ""max_unary"": 999, ""mutation_rate"": 0.1, ""ops"": [""+"", ""-"", ""*"", ""/"", ""sin"", ""cos"", ""exp"", ""log"", ""R""], ""succ_error_tol"": 1e-06}","{""K"": 500, ""c"": 6.0, ""exploration_rate"": 0.1, ""gamma"": 0.5, ""gp_rate"": 0.5, ""lm_iterations"": 10, ""max_constants"": 999, ""max_depth"": 6, ""max_evals"": 2000000, ""max_unary"": 999, ""mutation_rate"": 0.1, ""ops"": [""+"", ""-"", ""*"", ""/"", ""sin"", ""cos"", ""exp"", ""log"", ""R""], ""succ_error_tol"": 1e-06}",0.5
imcts,NguyenC,7,NguyenC-7,expression,68,10555,40,20,20,1,"[""x0""]",log(x[0] + 1.4) + log(x[0]**2 + 1.3),0.9999998807907104,True,0.9999999999999994,0.9999999999999996,10.0,24353,0.936343865992967,0.0,0,log((x0 + 1.39999979168) * (1.30000018754 + x0 * x0)),log((x0 + 1.39999979168) * (1.30000018754 + x0 * x0)),log((x0 + 1.4)*(x0**2 + 1.3)),"[1.2276282977275679, 0.2654716332670328]","{""K"": 500, ""c"": 6.0, ""exploration_rate"": 0.1, ""gamma"": 0.5, ""gp_rate"": 0.5, ""lm_iterations"": 10, ""max_constants"": 999, ""max_depth"": 6, ""max_evals"": 2000000, ""max_unary"": 999, ""mutation_rate"": 0.1, ""ops"": [""+"", ""-"", ""*"", ""/"", ""sin"", ""cos"", ""exp"", ""log"", ""R""], ""succ_error_tol"": 1e-06}","{""K"": 500, ""c"": 6.0, ""exploration_rate"": 0.1, ""gamma"": 0.5, ""gp_rate"": 0.5, ""lm_iterations"": 10, ""max_constants"": 999, ""max_depth"": 6, ""max_evals"": 2000000, ""max_unary"": 999, ""mutation_rate"": 0.1, ""ops"": [""+"", ""-"", ""*"", ""/"", ""sin"", ""cos"", ""exp"", ""log"", ""R""], ""succ_error_tol"": 1e-06}",0.5
imcts,NguyenC,7,NguyenC-7,expression,69,10253,40,20,20,1,"[""x0""]",log(x[0] + 1.4) + log(x[0]**2 + 1.3),0.9999998807907104,True,0.9999999999999993,0.9999999999999996,10.0,38922,1.5756186519865878,0.0,0,log((0.474505752364 + x0 * x0 + 0.825494182083) * (x0 + 0.385925370085 + 0.841470984808 - -0.17260374615)),log((0.474505752364 + x0 * x0 + 0.825494182083) * (x0 + 0.385925370085 + 0.841470984808 - -0.17260374615)),log((x0 + 1.4)*(x0**2 + 1.3)),"[1.0, 2.10745601084692, 0.8254941820833747, 0.3859253700852397, 1.0, 1.0]","{""K"": 500, ""c"": 6.0, ""exploration_rate"": 0.1, ""gamma"": 0.5, ""gp_rate"": 0.5, ""lm_iterations"": 10, ""max_constants"": 999, ""max_depth"": 6, ""max_evals"": 2000000, ""max_unary"": 999, ""mutation_rate"": 0.1, ""ops"": [""+"", ""-"", ""*"", ""/"", ""sin"", ""cos"", ""exp"", ""log"", ""R""], ""succ_error_tol"": 1e-06}","{""K"": 500, ""c"": 6.0, ""exploration_rate"": 0.1, ""gamma"": 0.5, ""gp_rate"": 0.5, ""lm_iterations"": 10, ""max_constants"": 999, ""max_depth"": 6, ""max_evals"": 2000000, ""max_unary"": 999, ""mutation_rate"": 0.1, ""ops"": [""+"", ""-"", ""*"", ""/"", ""sin"", ""cos"", ""exp"", ""log"", ""R""], ""succ_error_tol"": 1e-06}",0.5
imcts,NguyenC,7,NguyenC-7,expression,70,8433,40,20,20,1,"[""x0""]",log(x[0] + 1.4) + log(x[0]**2 + 1.3),0.9999999403953552,True,0.9999999999195663,0.9999989513726102,27.0,102216,4.406083668000065,0.0,0,(-0.168276243047 * x0 - 0.999998059553 / x0 * -0.000307598606813 + x0 / ((x0 + 6.24619443278) / 13.3032943652)) / cos((27.1734041285 - x0) / 17.5135582946 / exp(x0 / 0.519473733364)),(-0.168276243047 * x0 - 0.999998059553 / x0 * -0.000307598606813 + x0 / ((x0 + 6.24619443278) / 13.3032943652)) / cos((27.1734041285 - x0) / 17.5135582946 / exp(x0 / 0.519473733364)),x0*(0.921 - 0.0126*x0)/((0.075*x0 + 0.47)*cos((0.057*x0 - 1.55)*exp(-1.93*x0))),"[-0.1682762430468621, 0.9999980595529614, 0.9996924485967884, 6.246194432778734, 2.5880117011883628, 27.17340412850688, 17.513558294576207, 0.519473733363571]","{""K"": 500, ""c"": 6.0, ""exploration_rate"": 0.1, ""gamma"": 0.5, ""gp_rate"": 0.5, ""lm_iterations"": 10, ""max_constants"": 999, ""max_depth"": 6, ""max_evals"": 2000000, ""max_unary"": 999, ""mutation_rate"": 0.1, ""ops"": [""+"", ""-"", ""*"", ""/"", ""sin"", ""cos"", ""exp"", ""log"", ""R""], ""succ_error_tol"": 1e-06}","{""K"": 500, ""c"": 6.0, ""exploration_rate"": 0.1, ""gamma"": 0.5, ""gp_rate"": 0.5, ""lm_iterations"": 10, ""max_constants"": 999, ""max_depth"": 6, ""max_evals"": 2000000, ""max_unary"": 999, ""mutation_rate"": 0.1, ""ops"": [""+"", ""-"", ""*"", ""/"", ""sin"", ""cos"", ""exp"", ""log"", ""R""], ""succ_error_tol"": 1e-06}",0.5
imcts,NguyenC,7,NguyenC-7,expression,71,10233,40,20,20,1,"[""x0""]",log(x[0] + 1.4) + log(x[0]**2 + 1.3),0.9999999403953552,True,0.9999999999999992,0.9999999999999972,13.0,97389,4.177665306022391,0.0,0,log(x0 * x0 * (1.4000027167 + x0) + 1.82000232799 + 1.30000114217 * x0) + exp(x0 * 2.03306258137e-07) - 0.999864832441 + -0.000136453351104,log(x0 * x0 * (1.4000027167 + x0) + 1.82000232799 + 1.30000114217 * x0) + exp(x0 * 2.03306258137e-07) - 0.999864832441 + -0.000136453351104,log(x0**2*(x0 + 1.4) + 1.3*x0 + 1.82),"[1.4000027167012166, 1.820002327989351, 1.3000011421685638, 2.0330625813687848e-07, -4.107912831660884, 7.85411808732601]","{""K"": 500, ""c"": 6.0, ""exploration_rate"": 0.1, ""gamma"": 0.5, ""gp_rate"": 0.5, ""lm_iterations"": 10, ""max_constants"": 999, ""max_depth"": 6, ""max_evals"": 2000000, ""max_unary"": 999, ""mutation_rate"": 0.1, ""ops"": [""+"", ""-"", ""*"", ""/"", ""sin"", ""cos"", ""exp"", ""log"", ""R""], ""succ_error_tol"": 1e-06}","{""K"": 500, ""c"": 6.0, ""exploration_rate"": 0.1, ""gamma"": 0.5, ""gp_rate"": 0.5, ""lm_iterations"": 10, ""max_constants"": 999, ""max_depth"": 6, ""max_evals"": 2000000, ""max_unary"": 999, ""mutation_rate"": 0.1, ""ops"": [""+"", ""-"", ""*"", ""/"", ""sin"", ""cos"", ""exp"", ""log"", ""R""], ""succ_error_tol"": 1e-06}",0.5
imcts,NguyenC,7,NguyenC-7,expression,72,11016,40,20,20,1,"[""x0""]",log(x[0] + 1.4) + log(x[0]**2 + 1.3),0.9999998807907104,True,0.999999999943675,0.999940542767531,30.0,110121,4.647189309995156,0.0,0,cos(-0.94992646049 - x0) + 0.841470984808 / (x0 / -0.00114490386772) + sin(x0 / 0.693183810971 - 0.368250687911) + exp(x0 + -0.621714527483) - cos(x0) + log((x0 + -2.2917875628) / -0.975639099834),cos(-0.94992646049 - x0) + 0.841470984808 / (x0 / -0.00114490386772) + sin(x0 / 0.693183810971 - 0.368250687911) + exp(x0 + -0.621714527483) - cos(x0) + log((x0 + -2.2917875628) / -0.975639099834),0.537*exp(x0) + log(2.35 - 1.02*x0) + sin(1.44*x0 - 0.368) - cos(x0) + cos(x0 + 0.95) - 0.000977/x0,"[-0.9499264604898277, 1.0, -0.0011449038677235994, 0.6931838109705466, 1.445204288710034, -0.6217145274831776, -2.2917875628025186, 3.362773379183216]","{""K"": 500, ""c"": 6.0, ""exploration_rate"": 0.1, ""gamma"": 0.5, ""gp_rate"": 0.5, ""lm_iterations"": 10, ""max_constants"": 999, ""max_depth"": 6, ""max_evals"": 2000000, ""max_unary"": 999, ""mutation_rate"": 0.1, ""ops"": [""+"", ""-"", ""*"", ""/"", ""sin"", ""cos"", ""exp"", ""log"", ""R""], ""succ_error_tol"": 1e-06}","{""K"": 500, ""c"": 6.0, ""exploration_rate"": 0.1, ""gamma"": 0.5, ""gp_rate"": 0.5, ""lm_iterations"": 10, ""max_constants"": 999, ""max_depth"": 6, ""max_evals"": 2000000, ""max_unary"": 999, ""mutation_rate"": 0.1, ""ops"": [""+"", ""-"", ""*"", ""/"", ""sin"", ""cos"", ""exp"", ""log"", ""R""], ""succ_error_tol"": 1e-06}",0.5
imcts,NguyenC,7,NguyenC-7,expression,73,23897,40,20,20,1,"[""x0""]",log(x[0] + 1.4) + log(x[0]**2 + 1.3),0.9999999403953552,True,0.9999999999999992,0.9999999999999994,16.0,40960,1.5966889929841273,0.0,0,log((-0.131216513402 + 2.31060195044 + 1.55670459176 * x0) * (0.835097804914 + -0.0462552269715 * x0 + (x0 + 0.0720054658977) * x0 * 0.642382811136)),log((-0.131216513402 + 2.31060195044 + 1.55670459176 * x0) * (0.835097804914 + -0.0462552269715 * x0 + (x0 + 0.0720054658977) * x0 * 0.642382811136)),log(1.0*x0**3 + 1.4*x0**2 + 1.3*x0 + 1.82),"[-0.13121651340247154, 0.8375080751955474, 1.5567045917598006, 0.8350978049135956, -0.04625522697152175, 0.07200546589772727, 0.642382811135825]","{""K"": 500, ""c"": 6.0, ""exploration_rate"": 0.1, ""gamma"": 0.5, ""gp_rate"": 0.5, ""lm_iterations"": 10, ""max_constants"": 999, ""max_depth"": 6, ""max_evals"": 2000000, ""max_unary"": 999, ""mutation_rate"": 0.1, ""ops"": [""+"", ""-"", ""*"", ""/"", ""sin"", ""cos"", ""exp"", ""log"", ""R""], ""succ_error_tol"": 1e-06}","{""K"": 500, ""c"": 6.0, ""exploration_rate"": 0.1, ""gamma"": 0.5, ""gp_rate"": 0.5, ""lm_iterations"": 10, ""max_constants"": 999, ""max_depth"": 6, ""max_evals"": 2000000, ""max_unary"": 999, ""mutation_rate"": 0.1, ""ops"": [""+"", ""-"", ""*"", ""/"", ""sin"", ""cos"", ""exp"", ""log"", ""R""], ""succ_error_tol"": 1e-06}",0.5
imcts,NguyenC,7,NguyenC-7,expression,74,2612,40,20,20,1,"[""x0""]",log(x[0] + 1.4) + log(x[0]**2 + 1.3),0.9999998807907104,True,0.9999999999999994,0.9999999999999992,14.0,85042,3.629192733031232,0.0,0,log((x0 * (x0 + x0) - (x0 - (2.60000072886 + x0))) * (0.500000034032 * x0 + 1.69999977195 - 1)),log((x0 * (x0 + x0) - (x0 - (2.60000072886 + x0))) * (0.500000034032 * x0 + 1.69999977195 - 1)),log((0.5*x0 + 0.7)*(2*x0**2 + 2.6)),"[2.6000007288642393, 0.5000000340317529, 1.294381885940461, 1.3133680179016178, 1.0]","{""K"": 500, ""c"": 6.0, ""exploration_rate"": 0.1, ""gamma"": 0.5, ""gp_rate"": 0.5, ""lm_iterations"": 10, ""max_constants"": 999, ""max_depth"": 6, ""max_evals"": 2000000, ""max_unary"": 999, ""mutation_rate"": 0.1, ""ops"": [""+"", ""-"", ""*"", ""/"", ""sin"", ""cos"", ""exp"", ""log"", ""R""], ""succ_error_tol"": 1e-06}","{""K"": 500, ""c"": 6.0, ""exploration_rate"": 0.1, ""gamma"": 0.5, ""gp_rate"": 0.5, ""lm_iterations"": 10, ""max_constants"": 999, ""max_depth"": 6, ""max_evals"": 2000000, ""max_unary"": 999, ""mutation_rate"": 0.1, ""ops"": [""+"", ""-"", ""*"", ""/"", ""sin"", ""cos"", ""exp"", ""log"", ""R""], ""succ_error_tol"": 1e-06}",0.5
imcts,NguyenC,7,NguyenC-7,expression,75,23425,40,20,20,1,"[""x0""]",log(x[0] + 1.4) + log(x[0]**2 + 1.3),0.9999999403953552,True,0.9999999999999997,0.9999999999999997,10.0,108131,4.668413989013061,0.0,0,log((x0 * x0 - -1.30000022723) * (x0 - -1.39999977834) + -4.1460746133e-08),log((x0 * x0 - -1.30000022723) * (x0 - -1.39999977834) + -4.1460746133e-08),log((x0 + 1.4)*(x0**2 + 1.3)),"[-1.300000227227546, -1.3999997783380749, -4.1460746133036254e-08]","{""K"": 500, ""c"": 6.0, ""exploration_rate"": 0.1, ""gamma"": 0.5, ""gp_rate"": 0.5, ""lm_iterations"": 10, ""max_constants"": 999, ""max_depth"": 6, ""max_evals"": 2000000, ""max_unary"": 999, ""mutation_rate"": 0.1, ""ops"": [""+"", ""-"", ""*"", ""/"", ""sin"", ""cos"", ""exp"", ""log"", ""R""], ""succ_error_tol"": 1e-06}","{""K"": 500, ""c"": 6.0, ""exploration_rate"": 0.1, ""gamma"": 0.5, ""gp_rate"": 0.5, ""lm_iterations"": 10, ""max_constants"": 999, ""max_depth"": 6, ""max_evals"": 2000000, ""max_unary"": 999, ""mutation_rate"": 0.1, ""ops"": [""+"", ""-"", ""*"", ""/"", ""sin"", ""cos"", ""exp"", ""log"", ""R""], ""succ_error_tol"": 1e-06}",0.5
imcts,NguyenC,7,NguyenC-7,expression,76,25939,40,20,20,1,"[""x0""]",log(x[0] + 1.4) + log(x[0]**2 + 1.3),0.9999999403953552,True,0.9999999999999989,0.9999999999999984,12.0,38411,1.5850186250172555,0.0,0,log((1.29999972117 - (-1.39468283454e-07 - x0) * x0) * (x0 / 1.00000010623 + 1.40000031831)),log((1.29999972117 - (-1.39468283454e-07 - x0) * x0) * (x0 / 1.00000010623 + 1.40000031831)),log((1.0*x0 + 1.4)*(x0**2 + 1.3)),"[1.2999997211713363, -1.3946828345412553e-07, 1.0622605698884403e-07, 1.4000003183096243]","{""K"": 500, ""c"": 6.0, ""exploration_rate"": 0.1, ""gamma"": 0.5, ""gp_rate"": 0.5, ""lm_iterations"": 10, ""max_constants"": 999, ""max_depth"": 6, ""max_evals"": 2000000, ""max_unary"": 999, ""mutation_rate"": 0.1, ""ops"": [""+"", ""-"", ""*"", ""/"", ""sin"", ""cos"", ""exp"", ""log"", ""R""], ""succ_error_tol"": 1e-06}","{""K"": 500, ""c"": 6.0, ""exploration_rate"": 0.1, ""gamma"": 0.5, ""gp_rate"": 0.5, ""lm_iterations"": 10, ""max_constants"": 999, ""max_depth"": 6, ""max_evals"": 2000000, ""max_unary"": 999, ""mutation_rate"": 0.1, ""ops"": [""+"", ""-"", ""*"", ""/"", ""sin"", ""cos"", ""exp"", ""log"", ""R""], ""succ_error_tol"": 1e-06}",0.5
imcts,NguyenC,7,NguyenC-7,expression,77,22619,40,20,20,1,"[""x0""]",log(x[0] + 1.4) + log(x[0]**2 + 1.3),0.9999999403953552,True,0.9999999999999972,0.9999999999999961,14.0,31636,1.1941730959806591,0.0,0,log((0.828151358217 + x0 / 0.628323518923 - x0) * (2.19766586979 + x0 * 1.69051183664 * x0)),log((0.828151358217 + x0 / 0.628323518923 - x0) * (2.19766586979 + x0 * 1.69051183664 * x0)),log((0.592*x0 + 0.828)*(1.69*x0**2 + 2.2)),"[0.8281513582174642, 0.6283235189225814, 0.7892645787346698, 0.7892645787346698, 0.7873636472716312, 0.7873636472716313, 1.6905118366417704]","{""K"": 500, ""c"": 6.0, ""exploration_rate"": 0.1, ""gamma"": 0.5, ""gp_rate"": 0.5, ""lm_iterations"": 10, ""max_constants"": 999, ""max_depth"": 6, ""max_evals"": 2000000, ""max_unary"": 999, ""mutation_rate"": 0.1, ""ops"": [""+"", ""-"", ""*"", ""/"", ""sin"", ""cos"", ""exp"", ""log"", ""R""], ""succ_error_tol"": 1e-06}","{""K"": 500, ""c"": 6.0, ""exploration_rate"": 0.1, ""gamma"": 0.5, ""gp_rate"": 0.5, ""lm_iterations"": 10, ""max_constants"": 999, ""max_depth"": 6, ""max_evals"": 2000000, ""max_unary"": 999, ""mutation_rate"": 0.1, ""ops"": [""+"", ""-"", ""*"", ""/"", ""sin"", ""cos"", ""exp"", ""log"", ""R""], ""succ_error_tol"": 1e-06}",0.5
imcts,NguyenC,7,NguyenC-7,expression,78,21870,40,20,20,1,"[""x0""]",log(x[0] + 1.4) + log(x[0]**2 + 1.3),0.9999999403953552,True,0.9999999999999991,0.9999999999999989,10.0,113652,5.23899502895074,0.0,0,log((x0 + 0.955092955667 + 0.444907219384) * (x0 * x0 + 1.29999994347) / 1.00000007024),log((x0 + 0.955092955667 + 0.444907219384) * (x0 * x0 + 1.29999994347) / 1.00000007024),log((x0 + 1.4)*(x0**2 + 1.3)),"[0.9550929556672447, -0.8098895143206222, 1.2999999434746048, 1.00000007024407]","{""K"": 500, ""c"": 6.0, ""exploration_rate"": 0.1, ""gamma"": 0.5, ""gp_rate"": 0.5, ""lm_iterations"": 10, ""max_constants"": 999, ""max_depth"": 6, ""max_evals"": 2000000, ""max_unary"": 999, ""mutation_rate"": 0.1, ""ops"": [""+"", ""-"", ""*"", ""/"", ""sin"", ""cos"", ""exp"", ""log"", ""R""], ""succ_error_tol"": 1e-06}","{""K"": 500, ""c"": 6.0, ""exploration_rate"": 0.1, ""gamma"": 0.5, ""gp_rate"": 0.5, ""lm_iterations"": 10, ""max_constants"": 999, ""max_depth"": 6, ""max_evals"": 2000000, ""max_unary"": 999, ""mutation_rate"": 0.1, ""ops"": [""+"", ""-"", ""*"", ""/"", ""sin"", ""cos"", ""exp"", ""log"", ""R""], ""succ_error_tol"": 1e-06}",0.5
imcts,NguyenC,7,NguyenC-7,expression,79,23483,40,20,20,1,"[""x0""]",log(x[0] + 1.4) + log(x[0]**2 + 1.3),0.9999999403953552,True,0.9999999999999998,0.9999999999999997,11.0,49874,1.960233509016689,0.0,0,log(x0 + 1.39999968943) - (3.37929107044e-08 * (x0 - x0 * x0) - log(1.3000002863 + x0 * x0)),log(x0 + 1.39999968943) - (3.37929107044e-08 * (x0 - x0 * x0) - log(1.3000002863 + x0 * x0)),log(x0 + 1.4) + log(x0**2 + 1.3),"[1.3999996894259377, 3.37929107043929e-08, 1.3000002862985451]","{""K"": 500, ""c"": 6.0, ""exploration_rate"": 0.1, ""gamma"": 0.5, ""gp_rate"": 0.5, ""lm_iterations"": 10, ""max_constants"": 999, ""max_depth"": 6, ""max_evals"": 2000000, ""max_unary"": 999, ""mutation_rate"": 0.1, ""ops"": [""+"", ""-"", ""*"", ""/"", ""sin"", ""cos"", ""exp"", ""log"", ""R""], ""succ_error_tol"": 1e-06}","{""K"": 500, ""c"": 6.0, ""exploration_rate"": 0.1, ""gamma"": 0.5, ""gp_rate"": 0.5, ""lm_iterations"": 10, ""max_constants"": 999, ""max_depth"": 6, ""max_evals"": 2000000, ""max_unary"": 999, ""mutation_rate"": 0.1, ""ops"": [""+"", ""-"", ""*"", ""/"", ""sin"", ""cos"", ""exp"", ""log"", ""R""], ""succ_error_tol"": 1e-06}",0.5
imcts,NguyenC,7,NguyenC-7,expression,80,26054,40,20,20,1,"[""x0""]",log(x[0] + 1.4) + log(x[0]**2 + 1.3),0.9999999403953552,True,0.9999999999999978,0.9999999999999983,12.0,28576,1.1290566170355305,0.0,0,log((1.29999947058 + x0 * x0 / 1.0000000479) * (1.59572335894 + x0 + 0.902138632559 - 1.09786136744)),log((1.29999947058 + x0 * x0 / 1.0000000479) * (1.59572335894 + x0 + 0.902138632559 - 1.09786136744)),log((x0 + 1.4)*(1.0*x0**2 + 1.3)),"[0.873512257653222, 0.6306676396829529, 1.0000000479021376, 1.5957233589435909, 0.9021386325587758, 1.0978613674412243]","{""K"": 500, ""c"": 6.0, ""exploration_rate"": 0.1, ""gamma"": 0.5, ""gp_rate"": 0.5, ""lm_iterations"": 10, ""max_constants"": 999, ""max_depth"": 6, ""max_evals"": 2000000, ""max_unary"": 999, ""mutation_rate"": 0.1, ""ops"": [""+"", ""-"", ""*"", ""/"", ""sin"", ""cos"", ""exp"", ""log"", ""R""], ""succ_error_tol"": 1e-06}","{""K"": 500, ""c"": 6.0, ""exploration_rate"": 0.1, ""gamma"": 0.5, ""gp_rate"": 0.5, ""lm_iterations"": 10, ""max_constants"": 999, ""max_depth"": 6, ""max_evals"": 2000000, ""max_unary"": 999, ""mutation_rate"": 0.1, ""ops"": [""+"", ""-"", ""*"", ""/"", ""sin"", ""cos"", ""exp"", ""log"", ""R""], ""succ_error_tol"": 1e-06}",0.5
imcts,NguyenC,7,NguyenC-7,expression,81,15787,40,20,20,1,"[""x0""]",log(x[0] + 1.4) + log(x[0]**2 + 1.3),0.9999999403953552,True,0.9999999999999994,0.9999999999999993,10.0,28140,1.0858706890139729,0.0,0,log((1.30000019904 + x0 * x0) * (x0 + 1.39999979744)),log((1.30000019904 + x0 * x0) * (x0 + 1.39999979744)),log((x0 + 1.4)*(x0**2 + 1.3)),"[0.2623644175754714, 1.3999997974449645]","{""K"": 500, ""c"": 6.0, ""exploration_rate"": 0.1, ""gamma"": 0.5, ""gp_rate"": 0.5, ""lm_iterations"": 10, ""max_constants"": 999, ""max_depth"": 6, ""max_evals"": 2000000, ""max_unary"": 999, ""mutation_rate"": 0.1, ""ops"": [""+"", ""-"", ""*"", ""/"", ""sin"", ""cos"", ""exp"", ""log"", ""R""], ""succ_error_tol"": 1e-06}","{""K"": 500, ""c"": 6.0, ""exploration_rate"": 0.1, ""gamma"": 0.5, ""gp_rate"": 0.5, ""lm_iterations"": 10, ""max_constants"": 999, ""max_depth"": 6, ""max_evals"": 2000000, ""max_unary"": 999, ""mutation_rate"": 0.1, ""ops"": [""+"", ""-"", ""*"", ""/"", ""sin"", ""cos"", ""exp"", ""log"", ""R""], ""succ_error_tol"": 1e-06}",0.5
imcts,NguyenC,7,NguyenC-7,expression,82,27132,40,20,20,1,"[""x0""]",log(x[0] + 1.4) + log(x[0]**2 + 1.3),0.9999999403953552,True,0.9999999999999999,0.9999999999999999,13.0,106075,4.639491178968456,0.0,0,log((1.39999996577 + x0) * x0 * x0 + 0.819999971024 + 1.30000002686 * x0 + 1),log((1.39999996577 + x0) * x0 * x0 + 0.819999971024 + 1.30000002686 * x0 + 1),log(x0**2*(x0 + 1.4) + 1.3*x0 + 1.82),"[1.3999999657733562, 0.8199999710242579, 1.3000000268639356, 1.0]","{""K"": 500, ""c"": 6.0, ""exploration_rate"": 0.1, ""gamma"": 0.5, ""gp_rate"": 0.5, ""lm_iterations"": 10, ""max_constants"": 999, ""max_depth"": 6, ""max_evals"": 2000000, ""max_unary"": 999, ""mutation_rate"": 0.1, ""ops"": [""+"", ""-"", ""*"", ""/"", ""sin"", ""cos"", ""exp"", ""log"", ""R""], ""succ_error_tol"": 1e-06}","{""K"": 500, ""c"": 6.0, ""exploration_rate"": 0.1, ""gamma"": 0.5, ""gp_rate"": 0.5, ""lm_iterations"": 10, ""max_constants"": 999, ""max_depth"": 6, ""max_evals"": 2000000, ""max_unary"": 999, ""mutation_rate"": 0.1, ""ops"": [""+"", ""-"", ""*"", ""/"", ""sin"", ""cos"", ""exp"", ""log"", ""R""], ""succ_error_tol"": 1e-06}",0.5
imcts,NguyenC,7,NguyenC-7,expression,83,17159,40,20,20,1,"[""x0""]",log(x[0] + 1.4) + log(x[0]**2 + 1.3),0.9999999403953552,True,0.9999999999999984,0.9999999999999982,10.0,23563,0.8786634260322899,0.0,0,log((1.39999947217 + x0) * (1.30000042281 / x0 + 7.52460844439e-08 + x0) * x0),log((1.39999947217 + x0) * (1.30000042281 / x0 + 7.52460844439e-08 + x0) * x0),log((x0 + 1.4)*(x0**2 + 1.3)),"[1.3999994721728473, 1.300000422812685, 7.524608444388266e-08]","{""K"": 500, ""c"": 6.0, ""exploration_rate"": 0.1, ""gamma"": 0.5, ""gp_rate"": 0.5, ""lm_iterations"": 10, ""max_constants"": 999, ""max_depth"": 6, ""max_evals"": 2000000, ""max_unary"": 999, ""mutation_rate"": 0.1, ""ops"": [""+"", ""-"", ""*"", ""/"", ""sin"", ""cos"", ""exp"", ""log"", ""R""], ""succ_error_tol"": 1e-06}","{""K"": 500, ""c"": 6.0, ""exploration_rate"": 0.1, ""gamma"": 0.5, ""gp_rate"": 0.5, ""lm_iterations"": 10, ""max_constants"": 999, ""max_depth"": 6, ""max_evals"": 2000000, ""max_unary"": 999, ""mutation_rate"": 0.1, ""ops"": [""+"", ""-"", ""*"", ""/"", ""sin"", ""cos"", ""exp"", ""log"", ""R""], ""succ_error_tol"": 1e-06}",0.5
imcts,NguyenC,7,NguyenC-7,expression,84,12206,40,20,20,1,"[""x0""]",log(x[0] + 1.4) + log(x[0]**2 + 1.3),0.9999998807907104,True,0.9999999999999972,0.9999999999999966,15.0,123251,5.587258620013017,0.0,0,log((x0 + 1.29999986855) * x0 + 1.8200000723 + (-0.600000149881 + x0 + 1) * x0 * x0),log((x0 + 1.29999986855) * x0 + 1.8200000723 + (-0.600000149881 + x0 + 1) * x0 * x0),log(x0**2*(x0 + 0.4) + x0*(x0 + 1.3) + 1.82),"[1.2999998685537122, 1.8200000722998846, -0.6000001498809336, 1.0]","{""K"": 500, ""c"": 6.0, ""exploration_rate"": 0.1, ""gamma"": 0.5, ""gp_rate"": 0.5, ""lm_iterations"": 10, ""max_constants"": 999, ""max_depth"": 6, ""max_evals"": 2000000, ""max_unary"": 999, ""mutation_rate"": 0.1, ""ops"": [""+"", ""-"", ""*"", ""/"", ""sin"", ""cos"", ""exp"", ""log"", ""R""], ""succ_error_tol"": 1e-06}","{""K"": 500, ""c"": 6.0, ""exploration_rate"": 0.1, ""gamma"": 0.5, ""gp_rate"": 0.5, ""lm_iterations"": 10, ""max_constants"": 999, ""max_depth"": 6, ""max_evals"": 2000000, ""max_unary"": 999, ""mutation_rate"": 0.1, ""ops"": [""+"", ""-"", ""*"", ""/"", ""sin"", ""cos"", ""exp"", ""log"", ""R""], ""succ_error_tol"": 1e-06}",0.5
imcts,NguyenC,7,NguyenC-7,expression,85,8226,40,20,20,1,"[""x0""]",log(x[0] + 1.4) + log(x[0]**2 + 1.3),0.9999999403953552,True,0.9999999999999956,0.9999999999993783,10.0,192034,9.123858890961856,0.0,0,log((1.30000315078 / x0 + x0 + 6.39352130415e-08) * exp(x0 * 3.95464623721e-07) * ((x0 + 1.39999562114) * x0 + 7.62860684124e-08)),log((1.30000315078 / x0 + x0 + 6.39352130415e-08) * exp(x0 * 3.95464623721e-07) * ((x0 + 1.39999562114) * x0 + 7.62860684124e-08)),log((x0 + 1.4)*(x0**2 + 1.3)),"[1.300003150775921, 6.393521304153768e-08, 3.954646237208253e-07, 1.3999956211351143, 1.5707962505088282]","{""K"": 500, ""c"": 6.0, ""exploration_rate"": 0.1, ""gamma"": 0.5, ""gp_rate"": 0.5, ""lm_iterations"": 10, ""max_constants"": 999, ""max_depth"": 6, ""max_evals"": 2000000, ""max_unary"": 999, ""mutation_rate"": 0.1, ""ops"": [""+"", ""-"", ""*"", ""/"", ""sin"", ""cos"", ""exp"", ""log"", ""R""], ""succ_error_tol"": 1e-06}","{""K"": 500, ""c"": 6.0, ""exploration_rate"": 0.1, ""gamma"": 0.5, ""gp_rate"": 0.5, ""lm_iterations"": 10, ""max_constants"": 999, ""max_depth"": 6, ""max_evals"": 2000000, ""max_unary"": 999, ""mutation_rate"": 0.1, ""ops"": [""+"", ""-"", ""*"", ""/"", ""sin"", ""cos"", ""exp"", ""log"", ""R""], ""succ_error_tol"": 1e-06}",0.5
imcts,NguyenC,7,NguyenC-7,expression,86,14541,40,20,20,1,"[""x0""]",log(x[0] + 1.4) + log(x[0]**2 + 1.3),0.9999999403953552,True,0.9999999999999977,0.9999999999999932,14.0,65548,2.7193408479797654,0.0,0,log((2.04967683469 + x0 / 0.683035521554) / 1.10414458583 * (0.980419532633 - x0 / 1.32596234447 * (-9.37374596841e-07 - x0))),log((2.04967683469 + x0 / 0.683035521554) / 1.10414458583 * (0.980419532633 - x0 / 1.32596234447 * (-9.37374596841e-07 - x0))),log((1.33*x0 + 1.86)*(0.754*x0**2 + 0.98)),"[0.7176821391080315, 0.6830355215541805, 1.1041445858305852, 0.9804195326333495, 1.3259623444730753, -9.373745968409423e-07]","{""K"": 500, ""c"": 6.0, ""exploration_rate"": 0.1, ""gamma"": 0.5, ""gp_rate"": 0.5, ""lm_iterations"": 10, ""max_constants"": 999, ""max_depth"": 6, ""max_evals"": 2000000, ""max_unary"": 999, ""mutation_rate"": 0.1, ""ops"": [""+"", ""-"", ""*"", ""/"", ""sin"", ""cos"", ""exp"", ""log"", ""R""], ""succ_error_tol"": 1e-06}","{""K"": 500, ""c"": 6.0, ""exploration_rate"": 0.1, ""gamma"": 0.5, ""gp_rate"": 0.5, ""lm_iterations"": 10, ""max_constants"": 999, ""max_depth"": 6, ""max_evals"": 2000000, ""max_unary"": 999, ""mutation_rate"": 0.1, ""ops"": [""+"", ""-"", ""*"", ""/"", ""sin"", ""cos"", ""exp"", ""log"", ""R""], ""succ_error_tol"": 1e-06}",0.5
imcts,NguyenC,7,NguyenC-7,expression,87,3152,40,20,20,1,"[""x0""]",log(x[0] + 1.4) + log(x[0]**2 + 1.3),0.9999999403953552,True,0.9999999999999994,0.9999999999999996,13.0,73711,3.2110426150029525,0.0,0,log(x0 - -1.39999986906 - (x0 + 1.39999980577) * (-0.300000145753 - x0 * x0)),log(x0 - -1.39999986906 - (x0 + 1.39999980577) * (-0.300000145753 - x0 * x0)),log(x0 + (x0 + 1.4)*(x0**2 + 0.3) + 1.4),"[-1.3999998690562196, 1.39999980576759, -0.13956961270887894, -0.16043053304388022]","{""K"": 500, ""c"": 6.0, ""exploration_rate"": 0.1, ""gamma"": 0.5, ""gp_rate"": 0.5, ""lm_iterations"": 10, ""max_constants"": 999, ""max_depth"": 6, ""max_evals"": 2000000, ""max_unary"": 999, ""mutation_rate"": 0.1, ""ops"": [""+"", ""-"", ""*"", ""/"", ""sin"", ""cos"", ""exp"", ""log"", ""R""], ""succ_error_tol"": 1e-06}","{""K"": 500, ""c"": 6.0, ""exploration_rate"": 0.1, ""gamma"": 0.5, ""gp_rate"": 0.5, ""lm_iterations"": 10, ""max_constants"": 999, ""max_depth"": 6, ""max_evals"": 2000000, ""max_unary"": 999, ""mutation_rate"": 0.1, ""ops"": [""+"", ""-"", ""*"", ""/"", ""sin"", ""cos"", ""exp"", ""log"", ""R""], ""succ_error_tol"": 1e-06}",0.5
imcts,NguyenC,7,NguyenC-7,expression,88,26531,40,20,20,1,"[""x0""]",log(x[0] + 1.4) + log(x[0]**2 + 1.3),0.9999999403953552,True,0.9999999999999992,0.9999999999999987,12.0,26783,1.0428047419991344,0.0,0,log((x0 + 1.40000237498) * 0.999999333579 * (x0 * x0 + 1.30000015133) - 2.02342465462e-06),log((x0 + 1.40000237498) * 0.999999333579 * (x0 * x0 + 1.30000015133) - 2.02342465462e-06),log((1.0*x0 + 1.4)*(x0**2 + 1.3)),"[1.4000023749780686, 1.0000131171169748, 1.0000137835469938, 1.3000001513264527, 1.0000020233267017]","{""K"": 500, ""c"": 6.0, ""exploration_rate"": 0.1, ""gamma"": 0.5, ""gp_rate"": 0.5, ""lm_iterations"": 10, ""max_constants"": 999, ""max_depth"": 6, ""max_evals"": 2000000, ""max_unary"": 999, ""mutation_rate"": 0.1, ""ops"": [""+"", ""-"", ""*"", ""/"", ""sin"", ""cos"", ""exp"", ""log"", ""R""], ""succ_error_tol"": 1e-06}","{""K"": 500, ""c"": 6.0, ""exploration_rate"": 0.1, ""gamma"": 0.5, ""gp_rate"": 0.5, ""lm_iterations"": 10, ""max_constants"": 999, ""max_depth"": 6, ""max_evals"": 2000000, ""max_unary"": 999, ""mutation_rate"": 0.1, ""ops"": [""+"", ""-"", ""*"", ""/"", ""sin"", ""cos"", ""exp"", ""log"", ""R""], ""succ_error_tol"": 1e-06}",0.5
imcts,NguyenC,7,NguyenC-7,expression,89,1585,40,20,20,1,"[""x0""]",log(x[0] + 1.4) + log(x[0]**2 + 1.3),0.9999999403953552,True,0.9999999999999982,0.9999999999999791,15.0,110331,4.780940302996896,0.0,0,log(1.81999949141 + x0 * 1.30000268626 + (x0 + 2.79998896756 + x0) * x0 / (1.99999739344 / x0)),log(1.81999949141 + x0 * 1.30000268626 + (x0 + 2.79998896756 + x0) * x0 / (1.99999739344 / x0)),log(x0**2*(1.0*x0 + 1.4) + 1.3*x0 + 1.82),"[1.8199994914072426, 3.669306524224541, 2.7999889675644956, 1.999997393444743]","{""K"": 500, ""c"": 6.0, ""exploration_rate"": 0.1, ""gamma"": 0.5, ""gp_rate"": 0.5, ""lm_iterations"": 10, ""max_constants"": 999, ""max_depth"": 6, ""max_evals"": 2000000, ""max_unary"": 999, ""mutation_rate"": 0.1, ""ops"": [""+"", ""-"", ""*"", ""/"", ""sin"", ""cos"", ""exp"", ""log"", ""R""], ""succ_error_tol"": 1e-06}","{""K"": 500, ""c"": 6.0, ""exploration_rate"": 0.1, ""gamma"": 0.5, ""gp_rate"": 0.5, ""lm_iterations"": 10, ""max_constants"": 999, ""max_depth"": 6, ""max_evals"": 2000000, ""max_unary"": 999, ""mutation_rate"": 0.1, ""ops"": [""+"", ""-"", ""*"", ""/"", ""sin"", ""cos"", ""exp"", ""log"", ""R""], ""succ_error_tol"": 1e-06}",0.5
imcts,NguyenC,7,NguyenC-7,expression,90,3943,40,20,20,1,"[""x0""]",log(x[0] + 1.4) + log(x[0]**2 + 1.3),0.9999998807907104,True,0.9999999999999983,0.9999999999999983,17.0,86316,3.7737067629932426,0.0,0,log((2.39999966426 + x0) * 1.00000020772 * (x0 * x0 - (x0 - 3.69999924076)) + -7.05999876839),log((2.39999966426 + x0) * 1.00000020772 * (x0 * x0 - (x0 - 3.69999924076)) + -7.05999876839),log((1.0*x0 + 2.4)*(x0**2 - x0 + 3.7) - 7.06),"[2.3999996642612964, 1.0000002077167192, 3.699999240757214, 3.2998991482120816, 7.432507174817021]","{""K"": 500, ""c"": 6.0, ""exploration_rate"": 0.1, ""gamma"": 0.5, ""gp_rate"": 0.5, ""lm_iterations"": 10, ""max_constants"": 999, ""max_depth"": 6, ""max_evals"": 2000000, ""max_unary"": 999, ""mutation_rate"": 0.1, ""ops"": [""+"", ""-"", ""*"", ""/"", ""sin"", ""cos"", ""exp"", ""log"", ""R""], ""succ_error_tol"": 1e-06}","{""K"": 500, ""c"": 6.0, ""exploration_rate"": 0.1, ""gamma"": 0.5, ""gp_rate"": 0.5, ""lm_iterations"": 10, ""max_constants"": 999, ""max_depth"": 6, ""max_evals"": 2000000, ""max_unary"": 999, ""mutation_rate"": 0.1, ""ops"": [""+"", ""-"", ""*"", ""/"", ""sin"", ""cos"", ""exp"", ""log"", ""R""], ""succ_error_tol"": 1e-06}",0.5
imcts,NguyenC,7,NguyenC-7,expression,91,23939,40,20,20,1,"[""x0""]",log(x[0] + 1.4) + log(x[0]**2 + 1.3),0.9999999403953552,True,0.9999999999999997,0.9999999999999997,14.0,78202,3.371211910038255,0.0,0,log((1.0109164542 + 0.722083165034 * x0) / 0.692791436386 * (1.24726475069 + (x0 - 1.44602939145e-07) * 0.959434470648 * x0)),log((1.0109164542 + 0.722083165034 * x0) / 0.692791436386 * (1.24726475069 + (x0 - 1.44602939145e-07) * 0.959434470648 * x0)),log((1.04*x0 + 1.46)*(0.959*x0**2 + 1.25)),"[1.0109164542034692, 0.7220831650340378, 0.6927914363856291, 1.2472647506861068, 1.4460293914528378e-07, 0.9594344706479025]","{""K"": 500, ""c"": 6.0, ""exploration_rate"": 0.1, ""gamma"": 0.5, ""gp_rate"": 0.5, ""lm_iterations"": 10, ""max_constants"": 999, ""max_depth"": 6, ""max_evals"": 2000000, ""max_unary"": 999, ""mutation_rate"": 0.1, ""ops"": [""+"", ""-"", ""*"", ""/"", ""sin"", ""cos"", ""exp"", ""log"", ""R""], ""succ_error_tol"": 1e-06}","{""K"": 500, ""c"": 6.0, ""exploration_rate"": 0.1, ""gamma"": 0.5, ""gp_rate"": 0.5, ""lm_iterations"": 10, ""max_constants"": 999, ""max_depth"": 6, ""max_evals"": 2000000, ""max_unary"": 999, ""mutation_rate"": 0.1, ""ops"": [""+"", ""-"", ""*"", ""/"", ""sin"", ""cos"", ""exp"", ""log"", ""R""], ""succ_error_tol"": 1e-06}",0.5
imcts,NguyenC,7,NguyenC-7,expression,92,19457,40,20,20,1,"[""x0""]",log(x[0] + 1.4) + log(x[0]**2 + 1.3),0.9999999403953552,True,0.9999999999999993,0.9999999999999988,10.0,26358,1.016263387980871,0.0,0,log((x0 + 1 / (x0 * 0.769230523747)) / (0.999999952777 / x0 / (x0 + 1.39999944595))),log((x0 + 1 / (x0 * 0.769230523747)) / (0.999999952777 / x0 / (x0 + 1.39999944595))),log((x0 + 1.4)*(x0**2 + 1.3)),"[1.0, 0.7692305237473283, 0.9999999527773982, 1.0, 1.3999994459476093, 1.0]","{""K"": 500, ""c"": 6.0, ""exploration_rate"": 0.1, ""gamma"": 0.5, ""gp_rate"": 0.5, ""lm_iterations"": 10, ""max_constants"": 999, ""max_depth"": 6, ""max_evals"": 2000000, ""max_unary"": 999, ""mutation_rate"": 0.1, ""ops"": [""+"", ""-"", ""*"", ""/"", ""sin"", ""cos"", ""exp"", ""log"", ""R""], ""succ_error_tol"": 1e-06}","{""K"": 500, ""c"": 6.0, ""exploration_rate"": 0.1, ""gamma"": 0.5, ""gp_rate"": 0.5, ""lm_iterations"": 10, ""max_constants"": 999, ""max_depth"": 6, ""max_evals"": 2000000, ""max_unary"": 999, ""mutation_rate"": 0.1, ""ops"": [""+"", ""-"", ""*"", ""/"", ""sin"", ""cos"", ""exp"", ""log"", ""R""], ""succ_error_tol"": 1e-06}",0.5
imcts,NguyenC,7,NguyenC-7,expression,93,1021,40,20,20,1,"[""x0""]",log(x[0] + 1.4) + log(x[0]**2 + 1.3),0.9999999403953552,True,0.9999999999999997,0.9999999999999998,15.0,64817,2.7195879289647564,0.0,0,log((1.92778177588 - (0.527782934846 - x0)) * x0 / 1.99999938919 * (x0 + x0) + 1.81999990611 + x0 * 1.3000004571),log((1.92778177588 - (0.527782934846 - x0)) * x0 / 1.99999938919 * (x0 + x0) + 1.81999990611 + x0 * 1.3000004571),log(x0**2*(1.0*x0 + 1.4) + 1.3*x0 + 1.82),"[1.9277817758819005, 0.5277829348455747, 1.9999993891864063, 1.8199999061052754, 1.3000004570982933]","{""K"": 500, ""c"": 6.0, ""exploration_rate"": 0.1, ""gamma"": 0.5, ""gp_rate"": 0.5, ""lm_iterations"": 10, ""max_constants"": 999, ""max_depth"": 6, ""max_evals"": 2000000, ""max_unary"": 999, ""mutation_rate"": 0.1, ""ops"": [""+"", ""-"", ""*"", ""/"", ""sin"", ""cos"", ""exp"", ""log"", ""R""], ""succ_error_tol"": 1e-06}","{""K"": 500, ""c"": 6.0, ""exploration_rate"": 0.1, ""gamma"": 0.5, ""gp_rate"": 0.5, ""lm_iterations"": 10, ""max_constants"": 999, ""max_depth"": 6, ""max_evals"": 2000000, ""max_unary"": 999, ""mutation_rate"": 0.1, ""ops"": [""+"", ""-"", ""*"", ""/"", ""sin"", ""cos"", ""exp"", ""log"", ""R""], ""succ_error_tol"": 1e-06}",0.5
imcts,NguyenC,7,NguyenC-7,expression,94,11653,40,20,20,1,"[""x0""]",log(x[0] + 1.4) + log(x[0]**2 + 1.3),0.9999999403953552,True,0.9999999999999998,0.9999999999999998,10.0,38548,1.4936062120250426,0.0,0,log((1.29999989722 + x0 * x0) * (x0 + 2.24147110458 - 0.841470984808) + -2.33458752032e-08),log((1.29999989722 + x0 * x0) * (x0 + 2.24147110458 - 0.841470984808) + -2.33458752032e-08),log((x0 + 1.4)*(x0**2 + 1.3)),"[1.2999998972181714, 2.2414711045767772, 1.0, -2.334587520320622e-08]","{""K"": 500, ""c"": 6.0, ""exploration_rate"": 0.1, ""gamma"": 0.5, ""gp_rate"": 0.5, ""lm_iterations"": 10, ""max_constants"": 999, ""max_depth"": 6, ""max_evals"": 2000000, ""max_unary"": 999, ""mutation_rate"": 0.1, ""ops"": [""+"", ""-"", ""*"", ""/"", ""sin"", ""cos"", ""exp"", ""log"", ""R""], ""succ_error_tol"": 1e-06}","{""K"": 500, ""c"": 6.0, ""exploration_rate"": 0.1, ""gamma"": 0.5, ""gp_rate"": 0.5, ""lm_iterations"": 10, ""max_constants"": 999, ""max_depth"": 6, ""max_evals"": 2000000, ""max_unary"": 999, ""mutation_rate"": 0.1, ""ops"": [""+"", ""-"", ""*"", ""/"", ""sin"", ""cos"", ""exp"", ""log"", ""R""], ""succ_error_tol"": 1e-06}",0.5
imcts,NguyenC,7,NguyenC-7,expression,95,10805,40,20,20,1,"[""x0""]",log(x[0] + 1.4) + log(x[0]**2 + 1.3),0.9999998807907104,True,0.9999999999999996,0.9999999999999996,12.0,183762,8.281797255971469,0.0,0,log((1.81999994207 / x0 - -1.30000008813 + (1.40000004095 + x0) * x0) * x0),log((1.81999994207 / x0 - -1.30000008813 + (1.40000004095 + x0) * x0) * x0),log(x0*(x0*(x0 + 1.4) + 1.3) + 1.82),"[1.8199999420749995, -1.4252209455834088, 1.0963237299734165, 1.4000000409517854]","{""K"": 500, ""c"": 6.0, ""exploration_rate"": 0.1, ""gamma"": 0.5, ""gp_rate"": 0.5, ""lm_iterations"": 10, ""max_constants"": 999, ""max_depth"": 6, ""max_evals"": 2000000, ""max_unary"": 999, ""mutation_rate"": 0.1, ""ops"": [""+"", ""-"", ""*"", ""/"", ""sin"", ""cos"", ""exp"", ""log"", ""R""], ""succ_error_tol"": 1e-06}","{""K"": 500, ""c"": 6.0, ""exploration_rate"": 0.1, ""gamma"": 0.5, ""gp_rate"": 0.5, ""lm_iterations"": 10, ""max_constants"": 999, ""max_depth"": 6, ""max_evals"": 2000000, ""max_unary"": 999, ""mutation_rate"": 0.1, ""ops"": [""+"", ""-"", ""*"", ""/"", ""sin"", ""cos"", ""exp"", ""log"", ""R""], ""succ_error_tol"": 1e-06}",0.5
imcts,NguyenC,7,NguyenC-7,expression,96,13417,40,20,20,1,"[""x0""]",log(x[0] + 1.4) + log(x[0]**2 + 1.3),0.9999999403953552,True,0.9999999999999982,0.9999999999999979,14.0,39514,1.5870308040175587,0.0,0,log((x0 - x0 + (x0 + 1.40000057094) * 1.29999949613) * (1 + x0 * 0.769231044331 * x0)),log((x0 - x0 + (x0 + 1.40000057094) * 1.29999949613) * (1 + x0 * 0.769231044331 * x0)),log((1.3*x0 + 1.82)*(0.769*x0**2 + 1)),"[1.4000005709354455, 1.2999994961320125, 1.0, 0.7692310443306678]","{""K"": 500, ""c"": 6.0, ""exploration_rate"": 0.1, ""gamma"": 0.5, ""gp_rate"": 0.5, ""lm_iterations"": 10, ""max_constants"": 999, ""max_depth"": 6, ""max_evals"": 2000000, ""max_unary"": 999, ""mutation_rate"": 0.1, ""ops"": [""+"", ""-"", ""*"", ""/"", ""sin"", ""cos"", ""exp"", ""log"", ""R""], ""succ_error_tol"": 1e-06}","{""K"": 500, ""c"": 6.0, ""exploration_rate"": 0.1, ""gamma"": 0.5, ""gp_rate"": 0.5, ""lm_iterations"": 10, ""max_constants"": 999, ""max_depth"": 6, ""max_evals"": 2000000, ""max_unary"": 999, ""mutation_rate"": 0.1, ""ops"": [""+"", ""-"", ""*"", ""/"", ""sin"", ""cos"", ""exp"", ""log"", ""R""], ""succ_error_tol"": 1e-06}",0.5
imcts,NguyenC,7,NguyenC-7,expression,97,20227,40,20,20,1,"[""x0""]",log(x[0] + 1.4) + log(x[0]**2 + 1.3),0.9999999403953552,True,0.9999999999999993,0.9999999999999993,10.0,41143,1.628512981988024,0.0,0,log((1.40000027506 + x0) * (0.841470984808 + 0.458528768116 + x0 * x0)),log((1.40000027506 + x0) * (0.841470984808 + 0.458528768116 + x0 * x0)),log((x0 + 1.4)*(x0**2 + 1.3)),"[1.4000002750649307, 1.0, 1.0944573624381415]","{""K"": 500, ""c"": 6.0, ""exploration_rate"": 0.1, ""gamma"": 0.5, ""gp_rate"": 0.5, ""lm_iterations"": 10, ""max_constants"": 999, ""max_depth"": 6, ""max_evals"": 2000000, ""max_unary"": 999, ""mutation_rate"": 0.1, ""ops"": [""+"", ""-"", ""*"", ""/"", ""sin"", ""cos"", ""exp"", ""log"", ""R""], ""succ_error_tol"": 1e-06}","{""K"": 500, ""c"": 6.0, ""exploration_rate"": 0.1, ""gamma"": 0.5, ""gp_rate"": 0.5, ""lm_iterations"": 10, ""max_constants"": 999, ""max_depth"": 6, ""max_evals"": 2000000, ""max_unary"": 999, ""mutation_rate"": 0.1, ""ops"": [""+"", ""-"", ""*"", ""/"", ""sin"", ""cos"", ""exp"", ""log"", ""R""], ""succ_error_tol"": 1e-06}",0.5
imcts,NguyenC,7,NguyenC-7,expression,98,7989,40,20,20,1,"[""x0""]",log(x[0] + 1.4) + log(x[0]**2 + 1.3),0.9999999403953552,True,0.9999999999999963,0.9999999999999968,15.0,108786,4.683614462963305,0.0,0,log((x0 + 1.39999924294) * 1.30000063409 + x0 / (2.22448073609 / x0) * 2.22448202784 * (1.39999816844 + x0)),log((x0 + 1.39999924294) * 1.30000063409 + x0 / (2.22448073609 / x0) * 2.22448202784 * (1.39999816844 + x0)),log(x0**2*(1.0*x0 + 1.4) + 1.3*x0 + 1.82),"[1.399999242942353, 1.3000006339897887, 1.0, 2.224480736091449, 0.799524092039229, 1.39999816843822]","{""K"": 500, ""c"": 6.0, ""exploration_rate"": 0.1, ""gamma"": 0.5, ""gp_rate"": 0.5, ""lm_iterations"": 10, ""max_constants"": 999, ""max_depth"": 6, ""max_evals"": 2000000, ""max_unary"": 999, ""mutation_rate"": 0.1, ""ops"": [""+"", ""-"", ""*"", ""/"", ""sin"", ""cos"", ""exp"", ""log"", ""R""], ""succ_error_tol"": 1e-06}","{""K"": 500, ""c"": 6.0, ""exploration_rate"": 0.1, ""gamma"": 0.5, ""gp_rate"": 0.5, ""lm_iterations"": 10, ""max_constants"": 999, ""max_depth"": 6, ""max_evals"": 2000000, ""max_unary"": 999, ""mutation_rate"": 0.1, ""ops"": [""+"", ""-"", ""*"", ""/"", ""sin"", ""cos"", ""exp"", ""log"", ""R""], ""succ_error_tol"": 1e-06}",0.5
imcts,NguyenC,7,NguyenC-7,expression,99,9692,40,20,20,1,"[""x0""]",log(x[0] + 1.4) + log(x[0]**2 + 1.3),0.9999999403953552,True,0.9999999999999971,0.9999999999999967,14.0,98153,4.3844962699804455,0.0,0,log(((2.5780644586 + x0) / 0.841470984808 + x0) * (0.456955363094 * x0 * (x0 - -1.07633261746e-06) + 0.59404149671)),log(((2.5780644586 + x0) / 0.841470984808 + x0) * (0.456955363094 * x0 * (x0 - -1.07633261746e-06) + 0.59404149671)),log((2.19*x0 + 3.06)*(0.457*x0**2 + 0.594)),"[2.5780644585976287, 1.0, 0.4569553630936561, -1.0763326174621774e-06, 0.594041496710114]","{""K"": 500, ""c"": 6.0, ""exploration_rate"": 0.1, ""gamma"": 0.5, ""gp_rate"": 0.5, ""lm_iterations"": 10, ""max_constants"": 999, ""max_depth"": 6, ""max_evals"": 2000000, ""max_unary"": 999, ""mutation_rate"": 0.1, ""ops"": [""+"", ""-"", ""*"", ""/"", ""sin"", ""cos"", ""exp"", ""log"", ""R""], ""succ_error_tol"": 1e-06}","{""K"": 500, ""c"": 6.0, ""exploration_rate"": 0.1, ""gamma"": 0.5, ""gp_rate"": 0.5, ""lm_iterations"": 10, ""max_constants"": 999, ""max_depth"": 6, ""max_evals"": 2000000, ""max_unary"": 999, ""mutation_rate"": 0.1, ""ops"": [""+"", ""-"", ""*"", ""/"", ""sin"", ""cos"", ""exp"", ""log"", ""R""], ""succ_error_tol"": 1e-06}",0.5
