algorithm,group,case_id,case_name,source_type,run,seed,samples_total,samples_train,samples_test,variables,feature_names,target_expression,reward,success,train_r2,test_r2,complexity,evaluations,time_sec,tuning_time_sec,tuning_evaluations,expression,materialized_expression,simplified_expression,coefficients,algorithm_params,tuned_params,test_ratio
imcts,NguyenC,5,NguyenC-5,expression,0,23654,40,20,20,1,"[""x0""]",sin(x[0]**2) * cos(x[0]) - 0.75,0.9999998807907104,True,0.9999999999999988,0.999999999999999,10.0,16095,0.5840972419828176,0.0,0,-0.749999999976 - sin(x0 * x0) * -1.00000001917 * cos(x0),-0.749999999976 - sin(x0 * x0) * -1.00000001917 * cos(x0),1.0*sin(x0**2)*cos(x0) - 0.75,"[-0.20969769410739536, 1.0, -1.0000000191745522]","{""K"": 500, ""c"": 6.0, ""exploration_rate"": 0.1, ""gamma"": 0.5, ""gp_rate"": 0.5, ""lm_iterations"": 10, ""max_constants"": 999, ""max_depth"": 6, ""max_evals"": 2000000, ""max_unary"": 999, ""mutation_rate"": 0.1, ""ops"": [""+"", ""-"", ""*"", ""/"", ""sin"", ""cos"", ""exp"", ""log"", ""R""], ""succ_error_tol"": 1e-06}","{""K"": 500, ""c"": 6.0, ""exploration_rate"": 0.1, ""gamma"": 0.5, ""gp_rate"": 0.5, ""lm_iterations"": 10, ""max_constants"": 999, ""max_depth"": 6, ""max_evals"": 2000000, ""max_unary"": 999, ""mutation_rate"": 0.1, ""ops"": [""+"", ""-"", ""*"", ""/"", ""sin"", ""cos"", ""exp"", ""log"", ""R""], ""succ_error_tol"": 1e-06}",0.5
imcts,NguyenC,5,NguyenC-5,expression,1,15795,40,20,20,1,"[""x0""]",sin(x[0]**2) * cos(x[0]) - 0.75,0.9999999403953552,True,0.9999999999999992,0.9999999999999988,9.0,5983,0.19532231299672276,0.0,0,1.51379136968e-08 / sin(1.57888897953 - x0) + cos(x0) * sin(x0 * x0) + -0.750000022475,1.51379136968e-08 / sin(1.57888897953 - x0) + cos(x0) * sin(x0 * x0) + -0.750000022475,sin(x0**2)*cos(x0) - 0.75,"[1.0000000150379138, 1.5788889795295344, -0.7500000224751191]","{""K"": 500, ""c"": 6.0, ""exploration_rate"": 0.1, ""gamma"": 0.5, ""gp_rate"": 0.5, ""lm_iterations"": 10, ""max_constants"": 999, ""max_depth"": 6, ""max_evals"": 2000000, ""max_unary"": 999, ""mutation_rate"": 0.1, ""ops"": [""+"", ""-"", ""*"", ""/"", ""sin"", ""cos"", ""exp"", ""log"", ""R""], ""succ_error_tol"": 1e-06}","{""K"": 500, ""c"": 6.0, ""exploration_rate"": 0.1, ""gamma"": 0.5, ""gp_rate"": 0.5, ""lm_iterations"": 10, ""max_constants"": 999, ""max_depth"": 6, ""max_evals"": 2000000, ""max_unary"": 999, ""mutation_rate"": 0.1, ""ops"": [""+"", ""-"", ""*"", ""/"", ""sin"", ""cos"", ""exp"", ""log"", ""R""], ""succ_error_tol"": 1e-06}",0.5
imcts,NguyenC,5,NguyenC-5,expression,2,860,40,20,20,1,"[""x0""]",sin(x[0]**2) * cos(x[0]) - 0.75,0.9999999403953552,True,0.9999999999999991,0.9999999999999987,10.0,22355,0.8456830069771968,0.0,0,(x0 / 1.00000002064 / x0 - -7.43076076226e-08 * cos(x0)) * cos(x0) * sin(x0 * x0) + -0.750000011632,(x0 / 1.00000002064 / x0 - -7.43076076226e-08 * cos(x0)) * cos(x0) * sin(x0 * x0) + -0.750000011632,1.0*sin(x0**2)*cos(x0) - 0.75,"[1.0000000206355482, 1.0, -1.0000000743076076, -0.7500000116324461]","{""K"": 500, ""c"": 6.0, ""exploration_rate"": 0.1, ""gamma"": 0.5, ""gp_rate"": 0.5, ""lm_iterations"": 10, ""max_constants"": 999, ""max_depth"": 6, ""max_evals"": 2000000, ""max_unary"": 999, ""mutation_rate"": 0.1, ""ops"": [""+"", ""-"", ""*"", ""/"", ""sin"", ""cos"", ""exp"", ""log"", ""R""], ""succ_error_tol"": 1e-06}","{""K"": 500, ""c"": 6.0, ""exploration_rate"": 0.1, ""gamma"": 0.5, ""gp_rate"": 0.5, ""lm_iterations"": 10, ""max_constants"": 999, ""max_depth"": 6, ""max_evals"": 2000000, ""max_unary"": 999, ""mutation_rate"": 0.1, ""ops"": [""+"", ""-"", ""*"", ""/"", ""sin"", ""cos"", ""exp"", ""log"", ""R""], ""succ_error_tol"": 1e-06}",0.5
imcts,NguyenC,5,NguyenC-5,expression,3,5390,40,20,20,1,"[""x0""]",sin(x[0]**2) * cos(x[0]) - 0.75,0.9999998807907104,True,0.9999999999999988,0.9999999999999987,14.0,10287,0.36277957598213106,0.0,0,-0.749999991234 - x0 * 6.45501848418e-10 - cos(3.14159265119 + x0) * sin(0.999999981719 * x0 * x0),-0.749999991234 - x0 * 6.45501848418e-10 - cos(3.14159265119 + x0) * sin(0.999999981719 * x0 * x0),-sin(1.0*x0**2)*cos(x0 + 3.14) - 0.75,"[0.4723665567817112, 6.45501848418381e-10, 3.1415926511862073, 0.9999999817190197]","{""K"": 500, ""c"": 6.0, ""exploration_rate"": 0.1, ""gamma"": 0.5, ""gp_rate"": 0.5, ""lm_iterations"": 10, ""max_constants"": 999, ""max_depth"": 6, ""max_evals"": 2000000, ""max_unary"": 999, ""mutation_rate"": 0.1, ""ops"": [""+"", ""-"", ""*"", ""/"", ""sin"", ""cos"", ""exp"", ""log"", ""R""], ""succ_error_tol"": 1e-06}","{""K"": 500, ""c"": 6.0, ""exploration_rate"": 0.1, ""gamma"": 0.5, ""gp_rate"": 0.5, ""lm_iterations"": 10, ""max_constants"": 999, ""max_depth"": 6, ""max_evals"": 2000000, ""max_unary"": 999, ""mutation_rate"": 0.1, ""ops"": [""+"", ""-"", ""*"", ""/"", ""sin"", ""cos"", ""exp"", ""log"", ""R""], ""succ_error_tol"": 1e-06}",0.5
imcts,NguyenC,5,NguyenC-5,expression,4,16850,40,20,20,1,"[""x0""]",sin(x[0]**2) * cos(x[0]) - 0.75,0.9999998807907104,True,0.9999999999999943,0.9999999999999922,12.0,29840,1.1335394100169651,0.0,0,sin(x0 * x0 * 0.999999961625) * 0.999999978272 * cos(x0) - 0.749999999603,sin(x0 * x0 * 0.999999961625) * 0.999999978272 * cos(x0) - 0.749999999603,1.0*sin(1.0*x0**2)*cos(x0) - 0.75,"[0.9999999616251043, 1.5705878648620264, 0.8480620783814438]","{""K"": 500, ""c"": 6.0, ""exploration_rate"": 0.1, ""gamma"": 0.5, ""gp_rate"": 0.5, ""lm_iterations"": 10, ""max_constants"": 999, ""max_depth"": 6, ""max_evals"": 2000000, ""max_unary"": 999, ""mutation_rate"": 0.1, ""ops"": [""+"", ""-"", ""*"", ""/"", ""sin"", ""cos"", ""exp"", ""log"", ""R""], ""succ_error_tol"": 1e-06}","{""K"": 500, ""c"": 6.0, ""exploration_rate"": 0.1, ""gamma"": 0.5, ""gp_rate"": 0.5, ""lm_iterations"": 10, ""max_constants"": 999, ""max_depth"": 6, ""max_evals"": 2000000, ""max_unary"": 999, ""mutation_rate"": 0.1, ""ops"": [""+"", ""-"", ""*"", ""/"", ""sin"", ""cos"", ""exp"", ""log"", ""R""], ""succ_error_tol"": 1e-06}",0.5
imcts,NguyenC,5,NguyenC-5,expression,5,29910,40,20,20,1,"[""x0""]",sin(x[0]**2) * cos(x[0]) - 0.75,0.9999998807907104,True,0.9999999999999991,0.9999999999999993,10.0,30211,1.2113788120332174,0.0,0,-0.749999995974 + sin(x0 * x0) / 0.999999998014 * cos(-1.3780332884 + x0 + 1.37803327962),-0.749999995974 + sin(x0 * x0) / 0.999999998014 * cos(-1.3780332884 + x0 + 1.37803327962),1.0*sin(x0**2)*cos(x0) - 0.75,"[0.5289655684566859, 1.0480258055003977, 1.0794824093517126, 0.9999999980144016, -1.3780332884005784, 1.378033279619806]","{""K"": 500, ""c"": 6.0, ""exploration_rate"": 0.1, ""gamma"": 0.5, ""gp_rate"": 0.5, ""lm_iterations"": 10, ""max_constants"": 999, ""max_depth"": 6, ""max_evals"": 2000000, ""max_unary"": 999, ""mutation_rate"": 0.1, ""ops"": [""+"", ""-"", ""*"", ""/"", ""sin"", ""cos"", ""exp"", ""log"", ""R""], ""succ_error_tol"": 1e-06}","{""K"": 500, ""c"": 6.0, ""exploration_rate"": 0.1, ""gamma"": 0.5, ""gp_rate"": 0.5, ""lm_iterations"": 10, ""max_constants"": 999, ""max_depth"": 6, ""max_evals"": 2000000, ""max_unary"": 999, ""mutation_rate"": 0.1, ""ops"": [""+"", ""-"", ""*"", ""/"", ""sin"", ""cos"", ""exp"", ""log"", ""R""], ""succ_error_tol"": 1e-06}",0.5
imcts,NguyenC,5,NguyenC-5,expression,6,4426,40,20,20,1,"[""x0""]",sin(x[0]**2) * cos(x[0]) - 0.75,0.9999993443489075,True,0.9999999999995838,0.999999999999558,10.0,42886,1.628538288990967,0.0,0,sin((x0 - 6.85041620817e-05) * (6.8502458799e-05 + x0)) * cos(x0) * 0.999999629523 + -0.750000011153,sin((x0 - 6.85041620817e-05) * (6.8502458799e-05 + x0)) * cos(x0) * 0.999999629523 + -0.750000011153,1.0*sin(x0**2)*cos(x0) - 0.75,"[6.850416208169983e-05, 6.850245879896162e-05, 0.0008607865354379095, -0.7500000111533679]","{""K"": 500, ""c"": 6.0, ""exploration_rate"": 0.1, ""gamma"": 0.5, ""gp_rate"": 0.5, ""lm_iterations"": 10, ""max_constants"": 999, ""max_depth"": 6, ""max_evals"": 2000000, ""max_unary"": 999, ""mutation_rate"": 0.1, ""ops"": [""+"", ""-"", ""*"", ""/"", ""sin"", ""cos"", ""exp"", ""log"", ""R""], ""succ_error_tol"": 1e-06}","{""K"": 500, ""c"": 6.0, ""exploration_rate"": 0.1, ""gamma"": 0.5, ""gp_rate"": 0.5, ""lm_iterations"": 10, ""max_constants"": 999, ""max_depth"": 6, ""max_evals"": 2000000, ""max_unary"": 999, ""mutation_rate"": 0.1, ""ops"": [""+"", ""-"", ""*"", ""/"", ""sin"", ""cos"", ""exp"", ""log"", ""R""], ""succ_error_tol"": 1e-06}",0.5
imcts,NguyenC,5,NguyenC-5,expression,7,21962,40,20,20,1,"[""x0""]",sin(x[0]**2) * cos(x[0]) - 0.75,0.9999999403953552,True,0.9999999999999989,0.999999999999999,10.0,34194,1.3397134400438517,0.0,0,cos(x0) * sin(x0 * x0) / 1.00000002204 - 0.749999999937,cos(x0) * sin(x0 * x0) / 1.00000002204 - 0.749999999937,1.0*sin(x0**2)*cos(x0) - 0.75,"[1.0000000220408336, -0.28768207253641054]","{""K"": 500, ""c"": 6.0, ""exploration_rate"": 0.1, ""gamma"": 0.5, ""gp_rate"": 0.5, ""lm_iterations"": 10, ""max_constants"": 999, ""max_depth"": 6, ""max_evals"": 2000000, ""max_unary"": 999, ""mutation_rate"": 0.1, ""ops"": [""+"", ""-"", ""*"", ""/"", ""sin"", ""cos"", ""exp"", ""log"", ""R""], ""succ_error_tol"": 1e-06}","{""K"": 500, ""c"": 6.0, ""exploration_rate"": 0.1, ""gamma"": 0.5, ""gp_rate"": 0.5, ""lm_iterations"": 10, ""max_constants"": 999, ""max_depth"": 6, ""max_evals"": 2000000, ""max_unary"": 999, ""mutation_rate"": 0.1, ""ops"": [""+"", ""-"", ""*"", ""/"", ""sin"", ""cos"", ""exp"", ""log"", ""R""], ""succ_error_tol"": 1e-06}",0.5
imcts,NguyenC,5,NguyenC-5,expression,8,14423,40,20,20,1,"[""x0""]",sin(x[0]**2) * cos(x[0]) - 0.75,0.9999999403953552,True,0.9999999999999992,0.9999999999999972,9.0,118351,5.397384657990187,0.0,0,(-1.11588115151e-08 + cos(x0)) * sin(x0 * x0) + sin(3.98965473249 - -1.46427447597e-08 * x0),(-1.11588115151e-08 + cos(x0)) * sin(x0 * x0) + sin(3.98965473249 - -1.46427447597e-08 * x0),sin(x0**2)*cos(x0) - 0.75,"[0.39692208572961185, -2.8113355029271125e-08, 1.383704693948281, -1.464274475967598e-08]","{""K"": 500, ""c"": 6.0, ""exploration_rate"": 0.1, ""gamma"": 0.5, ""gp_rate"": 0.5, ""lm_iterations"": 10, ""max_constants"": 999, ""max_depth"": 6, ""max_evals"": 2000000, ""max_unary"": 999, ""mutation_rate"": 0.1, ""ops"": [""+"", ""-"", ""*"", ""/"", ""sin"", ""cos"", ""exp"", ""log"", ""R""], ""succ_error_tol"": 1e-06}","{""K"": 500, ""c"": 6.0, ""exploration_rate"": 0.1, ""gamma"": 0.5, ""gp_rate"": 0.5, ""lm_iterations"": 10, ""max_constants"": 999, ""max_depth"": 6, ""max_evals"": 2000000, ""max_unary"": 999, ""mutation_rate"": 0.1, ""ops"": [""+"", ""-"", ""*"", ""/"", ""sin"", ""cos"", ""exp"", ""log"", ""R""], ""succ_error_tol"": 1e-06}",0.5
imcts,NguyenC,5,NguyenC-5,expression,9,28020,40,20,20,1,"[""x0""]",sin(x[0]**2) * cos(x[0]) - 0.75,0.9999998807907104,True,0.9999999999999993,0.9999999999999994,11.0,10869,0.42131765000522137,0.0,0,sin(x0 * (x0 + -6.60860821906e-09)) * cos(x0 * 1.00000001403) + -0.749999995874,sin(x0 * (x0 + -6.60860821906e-09)) * cos(x0 * 1.00000001403) + -0.749999995874,sin(x0**2)*cos(1.0*x0) - 0.75,"[-6.608608219062073e-09, 1.0000000140321736, -0.749999995874069]","{""K"": 500, ""c"": 6.0, ""exploration_rate"": 0.1, ""gamma"": 0.5, ""gp_rate"": 0.5, ""lm_iterations"": 10, ""max_constants"": 999, ""max_depth"": 6, ""max_evals"": 2000000, ""max_unary"": 999, ""mutation_rate"": 0.1, ""ops"": [""+"", ""-"", ""*"", ""/"", ""sin"", ""cos"", ""exp"", ""log"", ""R""], ""succ_error_tol"": 1e-06}","{""K"": 500, ""c"": 6.0, ""exploration_rate"": 0.1, ""gamma"": 0.5, ""gp_rate"": 0.5, ""lm_iterations"": 10, ""max_constants"": 999, ""max_depth"": 6, ""max_evals"": 2000000, ""max_unary"": 999, ""mutation_rate"": 0.1, ""ops"": [""+"", ""-"", ""*"", ""/"", ""sin"", ""cos"", ""exp"", ""log"", ""R""], ""succ_error_tol"": 1e-06}",0.5
imcts,NguyenC,5,NguyenC-5,expression,10,29802,40,20,20,1,"[""x0""]",sin(x[0]**2) * cos(x[0]) - 0.75,0.9999999403953552,True,1.0,1.0,9.0,30212,1.147685661970172,0.0,0,sin(x0 * x0 - 5.07863306835e-10) * cos(x0) + -0.749999998484,sin(x0 * x0 - 5.07863306835e-10) * cos(x0) + -0.749999998484,sin(x0**2)*cos(x0) - 0.75,"[1.0000000004078633, -0.749999998484175]","{""K"": 500, ""c"": 6.0, ""exploration_rate"": 0.1, ""gamma"": 0.5, ""gp_rate"": 0.5, ""lm_iterations"": 10, ""max_constants"": 999, ""max_depth"": 6, ""max_evals"": 2000000, ""max_unary"": 999, ""mutation_rate"": 0.1, ""ops"": [""+"", ""-"", ""*"", ""/"", ""sin"", ""cos"", ""exp"", ""log"", ""R""], ""succ_error_tol"": 1e-06}","{""K"": 500, ""c"": 6.0, ""exploration_rate"": 0.1, ""gamma"": 0.5, ""gp_rate"": 0.5, ""lm_iterations"": 10, ""max_constants"": 999, ""max_depth"": 6, ""max_evals"": 2000000, ""max_unary"": 999, ""mutation_rate"": 0.1, ""ops"": [""+"", ""-"", ""*"", ""/"", ""sin"", ""cos"", ""exp"", ""log"", ""R""], ""succ_error_tol"": 1e-06}",0.5
imcts,NguyenC,5,NguyenC-5,expression,11,21575,40,20,20,1,"[""x0""]",sin(x[0]**2) * cos(x[0]) - 0.75,0.9999998807907104,True,0.9999999999999972,0.9999999999999843,10.0,49839,2.0414098770124838,0.0,0,1.00000005293 * (sin(x0 * x0) * cos(-5.12314697371e-08 - x0) - 0.749999959404),1.00000005293 * (sin(x0 * x0) * cos(-5.12314697371e-08 - x0) - 0.749999959404),1.0*sin(x0**2)*cos(x0) - 0.75,"[1.0000000529321647, -5.123146973711284e-08, 0.7499999594041034]","{""K"": 500, ""c"": 6.0, ""exploration_rate"": 0.1, ""gamma"": 0.5, ""gp_rate"": 0.5, ""lm_iterations"": 10, ""max_constants"": 999, ""max_depth"": 6, ""max_evals"": 2000000, ""max_unary"": 999, ""mutation_rate"": 0.1, ""ops"": [""+"", ""-"", ""*"", ""/"", ""sin"", ""cos"", ""exp"", ""log"", ""R""], ""succ_error_tol"": 1e-06}","{""K"": 500, ""c"": 6.0, ""exploration_rate"": 0.1, ""gamma"": 0.5, ""gp_rate"": 0.5, ""lm_iterations"": 10, ""max_constants"": 999, ""max_depth"": 6, ""max_evals"": 2000000, ""max_unary"": 999, ""mutation_rate"": 0.1, ""ops"": [""+"", ""-"", ""*"", ""/"", ""sin"", ""cos"", ""exp"", ""log"", ""R""], ""succ_error_tol"": 1e-06}",0.5
imcts,NguyenC,5,NguyenC-5,expression,12,11964,40,20,20,1,"[""x0""]",sin(x[0]**2) * cos(x[0]) - 0.75,0.9999998211860657,True,0.9999999999999905,0.9999999999999926,14.0,35917,1.3916946530225687,0.0,0,sin(x0 / 1.00000004197 - 1.57079633418) * sin(x0 * x0) * -0.999999886453 + -0.749999988172,sin(x0 / 1.00000004197 - 1.57079633418) * sin(x0 * x0) * -0.999999886453 + -0.749999988172,-1.0*sin(x0**2)*sin(1.0*x0 - 1.57) - 0.75,"[1.0000000419745396, 1.027230813252069, 0.5435655209237036, 1.1445781857696655, -0.7499999881722694]","{""K"": 500, ""c"": 6.0, ""exploration_rate"": 0.1, ""gamma"": 0.5, ""gp_rate"": 0.5, ""lm_iterations"": 10, ""max_constants"": 999, ""max_depth"": 6, ""max_evals"": 2000000, ""max_unary"": 999, ""mutation_rate"": 0.1, ""ops"": [""+"", ""-"", ""*"", ""/"", ""sin"", ""cos"", ""exp"", ""log"", ""R""], ""succ_error_tol"": 1e-06}","{""K"": 500, ""c"": 6.0, ""exploration_rate"": 0.1, ""gamma"": 0.5, ""gp_rate"": 0.5, ""lm_iterations"": 10, ""max_constants"": 999, ""max_depth"": 6, ""max_evals"": 2000000, ""max_unary"": 999, ""mutation_rate"": 0.1, ""ops"": [""+"", ""-"", ""*"", ""/"", ""sin"", ""cos"", ""exp"", ""log"", ""R""], ""succ_error_tol"": 1e-06}",0.5
imcts,NguyenC,5,NguyenC-5,expression,13,11284,40,20,20,1,"[""x0""]",sin(x[0]**2) * cos(x[0]) - 0.75,0.9999998807907104,True,0.9999999999999994,0.9999999999999991,10.0,32455,1.310700875998009,0.0,0,-0.750000001619 - cos(x0) * (-1.00000000239 - x0 * 1.78247762928e-08) * sin(x0 * x0),-0.750000001619 - cos(x0) * (-1.00000000239 - x0 * 1.78247762928e-08) * sin(x0 * x0),1.0*sin(x0**2)*cos(x0) - 0.75,"[0.2660703831532159, 0.2062961687231329, -1.000000002392145, 1.7824776292781296e-08]","{""K"": 500, ""c"": 6.0, ""exploration_rate"": 0.1, ""gamma"": 0.5, ""gp_rate"": 0.5, ""lm_iterations"": 10, ""max_constants"": 999, ""max_depth"": 6, ""max_evals"": 2000000, ""max_unary"": 999, ""mutation_rate"": 0.1, ""ops"": [""+"", ""-"", ""*"", ""/"", ""sin"", ""cos"", ""exp"", ""log"", ""R""], ""succ_error_tol"": 1e-06}","{""K"": 500, ""c"": 6.0, ""exploration_rate"": 0.1, ""gamma"": 0.5, ""gp_rate"": 0.5, ""lm_iterations"": 10, ""max_constants"": 999, ""max_depth"": 6, ""max_evals"": 2000000, ""max_unary"": 999, ""mutation_rate"": 0.1, ""ops"": [""+"", ""-"", ""*"", ""/"", ""sin"", ""cos"", ""exp"", ""log"", ""R""], ""succ_error_tol"": 1e-06}",0.5
imcts,NguyenC,5,NguyenC-5,expression,14,22118,40,20,20,1,"[""x0""]",sin(x[0]**2) * cos(x[0]) - 0.75,0.9999999403953552,True,0.999999999999999,0.9999999999999996,9.0,17174,0.6506868739961646,0.0,0,cos(7.02608075786e-09 - x0 + x0 + x0) * sin(x0 * x0) - 0.750000003432,cos(7.02608075786e-09 - x0 + x0 + x0) * sin(x0 * x0) - 0.750000003432,sin(x0**2)*cos(x0) - 0.75,"[7.026080757856322e-09, 2.117000023777496]","{""K"": 500, ""c"": 6.0, ""exploration_rate"": 0.1, ""gamma"": 0.5, ""gp_rate"": 0.5, ""lm_iterations"": 10, ""max_constants"": 999, ""max_depth"": 6, ""max_evals"": 2000000, ""max_unary"": 999, ""mutation_rate"": 0.1, ""ops"": [""+"", ""-"", ""*"", ""/"", ""sin"", ""cos"", ""exp"", ""log"", ""R""], ""succ_error_tol"": 1e-06}","{""K"": 500, ""c"": 6.0, ""exploration_rate"": 0.1, ""gamma"": 0.5, ""gp_rate"": 0.5, ""lm_iterations"": 10, ""max_constants"": 999, ""max_depth"": 6, ""max_evals"": 2000000, ""max_unary"": 999, ""mutation_rate"": 0.1, ""ops"": [""+"", ""-"", ""*"", ""/"", ""sin"", ""cos"", ""exp"", ""log"", ""R""], ""succ_error_tol"": 1e-06}",0.5
imcts,NguyenC,5,NguyenC-5,expression,15,6265,40,20,20,1,"[""x0""]",sin(x[0]**2) * cos(x[0]) - 0.75,0.9999999403953552,True,0.9999999999999979,0.9999999999999972,10.0,31554,1.208373823959846,0.0,0,-0.750000011987 + cos(x0) / 1.99677468077 * sin(x0 * x0) * (x0 + -1.00000001941 * x0 + 1.99677475341),-0.750000011987 + cos(x0) / 1.99677468077 * sin(x0 * x0) * (x0 + -1.00000001941 * x0 + 1.99677475341),1.0*sin(x0**2)*cos(x0) - 0.75,"[-0.7500000119872409, 1.9967746807694198, -1.0000000194102963, 7.365262960822481]","{""K"": 500, ""c"": 6.0, ""exploration_rate"": 0.1, ""gamma"": 0.5, ""gp_rate"": 0.5, ""lm_iterations"": 10, ""max_constants"": 999, ""max_depth"": 6, ""max_evals"": 2000000, ""max_unary"": 999, ""mutation_rate"": 0.1, ""ops"": [""+"", ""-"", ""*"", ""/"", ""sin"", ""cos"", ""exp"", ""log"", ""R""], ""succ_error_tol"": 1e-06}","{""K"": 500, ""c"": 6.0, ""exploration_rate"": 0.1, ""gamma"": 0.5, ""gp_rate"": 0.5, ""lm_iterations"": 10, ""max_constants"": 999, ""max_depth"": 6, ""max_evals"": 2000000, ""max_unary"": 999, ""mutation_rate"": 0.1, ""ops"": [""+"", ""-"", ""*"", ""/"", ""sin"", ""cos"", ""exp"", ""log"", ""R""], ""succ_error_tol"": 1e-06}",0.5
imcts,NguyenC,5,NguyenC-5,expression,16,11363,40,20,20,1,"[""x0""]",sin(x[0]**2) * cos(x[0]) - 0.75,0.9999999403953552,True,0.9999999999999994,0.9999999999999996,9.0,23374,0.9007663539960049,0.0,0,-0.74999983036 + (-1.26800845516e-07 + cos(x0)) * sin(x0 * x0 + -1.65424317085e-07),-0.74999983036 + (-1.26800845516e-07 + cos(x0)) * sin(x0 * x0 + -1.65424317085e-07),sin(x0**2)*cos(x0) - 0.75,"[-0.7499998303603101, -1.2680084551625032e-07, -1.6542431708506172e-07]","{""K"": 500, ""c"": 6.0, ""exploration_rate"": 0.1, ""gamma"": 0.5, ""gp_rate"": 0.5, ""lm_iterations"": 10, ""max_constants"": 999, ""max_depth"": 6, ""max_evals"": 2000000, ""max_unary"": 999, ""mutation_rate"": 0.1, ""ops"": [""+"", ""-"", ""*"", ""/"", ""sin"", ""cos"", ""exp"", ""log"", ""R""], ""succ_error_tol"": 1e-06}","{""K"": 500, ""c"": 6.0, ""exploration_rate"": 0.1, ""gamma"": 0.5, ""gp_rate"": 0.5, ""lm_iterations"": 10, ""max_constants"": 999, ""max_depth"": 6, ""max_evals"": 2000000, ""max_unary"": 999, ""mutation_rate"": 0.1, ""ops"": [""+"", ""-"", ""*"", ""/"", ""sin"", ""cos"", ""exp"", ""log"", ""R""], ""succ_error_tol"": 1e-06}",0.5
imcts,NguyenC,5,NguyenC-5,expression,17,27495,40,20,20,1,"[""x0""]",sin(x[0]**2) * cos(x[0]) - 0.75,0.9999999403953552,True,0.999999999999998,0.9999999999999968,9.0,25615,0.9447986489976756,0.0,0,sin((8.71872120761e-09 + x0) * x0) * cos(x0) - 0.750000008133 * exp(-3.49733514869e-08 * x0 * x0),sin((8.71872120761e-09 + x0) * x0) * cos(x0) - 0.750000008133 * exp(-3.49733514869e-08 * x0 * x0),sin(x0**2)*cos(x0) - 0.75,"[8.718721207614243e-09, 0.7500000081329363, 1.570796361768248]","{""K"": 500, ""c"": 6.0, ""exploration_rate"": 0.1, ""gamma"": 0.5, ""gp_rate"": 0.5, ""lm_iterations"": 10, ""max_constants"": 999, ""max_depth"": 6, ""max_evals"": 2000000, ""max_unary"": 999, ""mutation_rate"": 0.1, ""ops"": [""+"", ""-"", ""*"", ""/"", ""sin"", ""cos"", ""exp"", ""log"", ""R""], ""succ_error_tol"": 1e-06}","{""K"": 500, ""c"": 6.0, ""exploration_rate"": 0.1, ""gamma"": 0.5, ""gp_rate"": 0.5, ""lm_iterations"": 10, ""max_constants"": 999, ""max_depth"": 6, ""max_evals"": 2000000, ""max_unary"": 999, ""mutation_rate"": 0.1, ""ops"": [""+"", ""-"", ""*"", ""/"", ""sin"", ""cos"", ""exp"", ""log"", ""R""], ""succ_error_tol"": 1e-06}",0.5
imcts,NguyenC,5,NguyenC-5,expression,18,16023,40,20,20,1,"[""x0""]",sin(x[0]**2) * cos(x[0]) - 0.75,0.9999998807907104,True,0.9999999999999977,0.9999999999999987,11.0,46119,1.9957322039990686,0.0,0,-3.70197903443e-08 / (cos(x0) - 1.51291177894) + -0.750000081028 - cos(x0) * sin((7.78179446459e-09 - x0) / (0.999999879623 / x0)),-3.70197903443e-08 / (cos(x0) - 1.51291177894) + -0.750000081028 - cos(x0) * sin((7.78179446459e-09 - x0) / (0.999999879623 / x0)),sin(1.0*x0**2)*cos(x0) - 0.75,"[0.7475480056534143, 0.7475480231832553, 0.7526407198821985, 0.7602710590612393, -3.607353491145296, 3.5238940175182476, 7.781794464586898e-09, 0.9999998796227643]","{""K"": 500, ""c"": 6.0, ""exploration_rate"": 0.1, ""gamma"": 0.5, ""gp_rate"": 0.5, ""lm_iterations"": 10, ""max_constants"": 999, ""max_depth"": 6, ""max_evals"": 2000000, ""max_unary"": 999, ""mutation_rate"": 0.1, ""ops"": [""+"", ""-"", ""*"", ""/"", ""sin"", ""cos"", ""exp"", ""log"", ""R""], ""succ_error_tol"": 1e-06}","{""K"": 500, ""c"": 6.0, ""exploration_rate"": 0.1, ""gamma"": 0.5, ""gp_rate"": 0.5, ""lm_iterations"": 10, ""max_constants"": 999, ""max_depth"": 6, ""max_evals"": 2000000, ""max_unary"": 999, ""mutation_rate"": 0.1, ""ops"": [""+"", ""-"", ""*"", ""/"", ""sin"", ""cos"", ""exp"", ""log"", ""R""], ""succ_error_tol"": 1e-06}",0.5
imcts,NguyenC,5,NguyenC-5,expression,19,8322,40,20,20,1,"[""x0""]",sin(x[0]**2) * cos(x[0]) - 0.75,0.9999999403953552,True,0.9999999999999999,0.9999999999999999,9.0,18212,0.6752770900493488,0.0,0,-0.750000001885 + cos(x0) * sin(x0 * x0),-0.750000001885 + cos(x0) * sin(x0 * x0),sin(x0**2)*cos(x0) - 0.75,[-0.7500000018851354],"{""K"": 500, ""c"": 6.0, ""exploration_rate"": 0.1, ""gamma"": 0.5, ""gp_rate"": 0.5, ""lm_iterations"": 10, ""max_constants"": 999, ""max_depth"": 6, ""max_evals"": 2000000, ""max_unary"": 999, ""mutation_rate"": 0.1, ""ops"": [""+"", ""-"", ""*"", ""/"", ""sin"", ""cos"", ""exp"", ""log"", ""R""], ""succ_error_tol"": 1e-06}","{""K"": 500, ""c"": 6.0, ""exploration_rate"": 0.1, ""gamma"": 0.5, ""gp_rate"": 0.5, ""lm_iterations"": 10, ""max_constants"": 999, ""max_depth"": 6, ""max_evals"": 2000000, ""max_unary"": 999, ""mutation_rate"": 0.1, ""ops"": [""+"", ""-"", ""*"", ""/"", ""sin"", ""cos"", ""exp"", ""log"", ""R""], ""succ_error_tol"": 1e-06}",0.5
imcts,NguyenC,5,NguyenC-5,expression,20,1685,40,20,20,1,"[""x0""]",sin(x[0]**2) * cos(x[0]) - 0.75,0.9999998807907104,True,0.9999999999999983,0.9999999999999987,10.0,50985,2.0964732600259595,0.0,0,(cos(x0) * sin(x0 * x0) - 0.749999924412) * (1.80142155688e-07 * x0 * x0 + 1.00000011139),(cos(x0) * sin(x0 * x0) - 0.749999924412) * (1.80142155688e-07 * x0 * x0 + 1.00000011139),1.0*sin(x0**2)*cos(x0) - 0.75,"[0.9746447152513098, -0.22464479083909494, 1.8014215568804418e-07, 1.0000001113912877]","{""K"": 500, ""c"": 6.0, ""exploration_rate"": 0.1, ""gamma"": 0.5, ""gp_rate"": 0.5, ""lm_iterations"": 10, ""max_constants"": 999, ""max_depth"": 6, ""max_evals"": 2000000, ""max_unary"": 999, ""mutation_rate"": 0.1, ""ops"": [""+"", ""-"", ""*"", ""/"", ""sin"", ""cos"", ""exp"", ""log"", ""R""], ""succ_error_tol"": 1e-06}","{""K"": 500, ""c"": 6.0, ""exploration_rate"": 0.1, ""gamma"": 0.5, ""gp_rate"": 0.5, ""lm_iterations"": 10, ""max_constants"": 999, ""max_depth"": 6, ""max_evals"": 2000000, ""max_unary"": 999, ""mutation_rate"": 0.1, ""ops"": [""+"", ""-"", ""*"", ""/"", ""sin"", ""cos"", ""exp"", ""log"", ""R""], ""succ_error_tol"": 1e-06}",0.5
imcts,NguyenC,5,NguyenC-5,expression,21,32052,40,20,20,1,"[""x0""]",sin(x[0]**2) * cos(x[0]) - 0.75,0.9999998807907104,True,1.0,1.0,11.0,53956,2.2032236120430753,0.0,0,sin(x0 + 1.57079632472) * sin(x0 * x0) + -0.750000000085,sin(x0 + 1.57079632472) * sin(x0 * x0) + -0.750000000085,sin(x0**2)*sin(x0 + 1.57) - 0.75,"[1.5707963247199084, 1.4178200794787121, 0.9992681958807813, 1.0]","{""K"": 500, ""c"": 6.0, ""exploration_rate"": 0.1, ""gamma"": 0.5, ""gp_rate"": 0.5, ""lm_iterations"": 10, ""max_constants"": 999, ""max_depth"": 6, ""max_evals"": 2000000, ""max_unary"": 999, ""mutation_rate"": 0.1, ""ops"": [""+"", ""-"", ""*"", ""/"", ""sin"", ""cos"", ""exp"", ""log"", ""R""], ""succ_error_tol"": 1e-06}","{""K"": 500, ""c"": 6.0, ""exploration_rate"": 0.1, ""gamma"": 0.5, ""gp_rate"": 0.5, ""lm_iterations"": 10, ""max_constants"": 999, ""max_depth"": 6, ""max_evals"": 2000000, ""max_unary"": 999, ""mutation_rate"": 0.1, ""ops"": [""+"", ""-"", ""*"", ""/"", ""sin"", ""cos"", ""exp"", ""log"", ""R""], ""succ_error_tol"": 1e-06}",0.5
imcts,NguyenC,5,NguyenC-5,expression,22,769,40,20,20,1,"[""x0""]",sin(x[0]**2) * cos(x[0]) - 0.75,0.9999999403953552,True,0.9999999999999993,0.9999999999999994,13.0,72803,3.275972998002544,0.0,0,cos(x0 / 1.0000000085) * cos((x0 + 1.25331413697) * (x0 - 1.25331413028)) - 0.750000005112,cos(x0 / 1.0000000085) * cos((x0 + 1.25331413697) * (x0 - 1.25331413028)) - 0.750000005112,cos(1.0*x0)*cos(x0**2 - 1.57) - 0.75,"[1.0000000085039125, 1.2533141369737044, 1.2533141302798727, 0.7500000051122789]","{""K"": 500, ""c"": 6.0, ""exploration_rate"": 0.1, ""gamma"": 0.5, ""gp_rate"": 0.5, ""lm_iterations"": 10, ""max_constants"": 999, ""max_depth"": 6, ""max_evals"": 2000000, ""max_unary"": 999, ""mutation_rate"": 0.1, ""ops"": [""+"", ""-"", ""*"", ""/"", ""sin"", ""cos"", ""exp"", ""log"", ""R""], ""succ_error_tol"": 1e-06}","{""K"": 500, ""c"": 6.0, ""exploration_rate"": 0.1, ""gamma"": 0.5, ""gp_rate"": 0.5, ""lm_iterations"": 10, ""max_constants"": 999, ""max_depth"": 6, ""max_evals"": 2000000, ""max_unary"": 999, ""mutation_rate"": 0.1, ""ops"": [""+"", ""-"", ""*"", ""/"", ""sin"", ""cos"", ""exp"", ""log"", ""R""], ""succ_error_tol"": 1e-06}",0.5
imcts,NguyenC,5,NguyenC-5,expression,23,26967,40,20,20,1,"[""x0""]",sin(x[0]**2) * cos(x[0]) - 0.75,0.9999998807907104,True,0.9999999999999984,0.9999999999999992,9.0,58901,2.515947578998748,0.0,0,sin(3.07634364181e-07 + x0 * x0) * cos(x0) + 2.13132342108e-07 * x0 * x0 + -0.750000307708,sin(3.07634364181e-07 + x0 * x0) * cos(x0) + 2.13132342108e-07 * x0 * x0 + -0.750000307708,sin(x0**2)*cos(x0) - 0.75,"[1.0000003075344115, 2.1313234210840193e-07, -0.7500003077082376]","{""K"": 500, ""c"": 6.0, ""exploration_rate"": 0.1, ""gamma"": 0.5, ""gp_rate"": 0.5, ""lm_iterations"": 10, ""max_constants"": 999, ""max_depth"": 6, ""max_evals"": 2000000, ""max_unary"": 999, ""mutation_rate"": 0.1, ""ops"": [""+"", ""-"", ""*"", ""/"", ""sin"", ""cos"", ""exp"", ""log"", ""R""], ""succ_error_tol"": 1e-06}","{""K"": 500, ""c"": 6.0, ""exploration_rate"": 0.1, ""gamma"": 0.5, ""gp_rate"": 0.5, ""lm_iterations"": 10, ""max_constants"": 999, ""max_depth"": 6, ""max_evals"": 2000000, ""max_unary"": 999, ""mutation_rate"": 0.1, ""ops"": [""+"", ""-"", ""*"", ""/"", ""sin"", ""cos"", ""exp"", ""log"", ""R""], ""succ_error_tol"": 1e-06}",0.5
imcts,NguyenC,5,NguyenC-5,expression,24,30187,40,20,20,1,"[""x0""]",sin(x[0]**2) * cos(x[0]) - 0.75,0.9999998807907104,True,0.9999999999999997,0.9999999999999989,11.0,16593,0.5561685109860264,0.0,0,cos(x0 * x0 - 1.57079633231) * cos(x0 - 1.57615624226e-08) + -0.749999994338,cos(x0 * x0 - 1.57079633231) * cos(x0 - 1.57615624226e-08) + -0.749999994338,cos(x0)*cos(x0**2 - 1.57) - 0.75,"[1.57079633230953, 1.5761562422555156e-08, -0.7499999943382823]","{""K"": 500, ""c"": 6.0, ""exploration_rate"": 0.1, ""gamma"": 0.5, ""gp_rate"": 0.5, ""lm_iterations"": 10, ""max_constants"": 999, ""max_depth"": 6, ""max_evals"": 2000000, ""max_unary"": 999, ""mutation_rate"": 0.1, ""ops"": [""+"", ""-"", ""*"", ""/"", ""sin"", ""cos"", ""exp"", ""log"", ""R""], ""succ_error_tol"": 1e-06}","{""K"": 500, ""c"": 6.0, ""exploration_rate"": 0.1, ""gamma"": 0.5, ""gp_rate"": 0.5, ""lm_iterations"": 10, ""max_constants"": 999, ""max_depth"": 6, ""max_evals"": 2000000, ""max_unary"": 999, ""mutation_rate"": 0.1, ""ops"": [""+"", ""-"", ""*"", ""/"", ""sin"", ""cos"", ""exp"", ""log"", ""R""], ""succ_error_tol"": 1e-06}",0.5
imcts,NguyenC,5,NguyenC-5,expression,25,32157,40,20,20,1,"[""x0""]",sin(x[0]**2) * cos(x[0]) - 0.75,0.9999998807907104,True,0.9999999999999976,0.9999999999999978,10.0,6650,0.2109978860244155,0.0,0,-0.750000006516 + cos(1.92287044842e-08 + x0) * sin(x0 * x0) * 1.00000001034,-0.750000006516 + cos(1.92287044842e-08 + x0) * sin(x0 * x0) * 1.00000001034,1.0*sin(x0**2)*cos(x0) - 0.75,"[-0.750000006516476, 1.922870448417356e-08, 0.43107595500493207, 1.0]","{""K"": 500, ""c"": 6.0, ""exploration_rate"": 0.1, ""gamma"": 0.5, ""gp_rate"": 0.5, ""lm_iterations"": 10, ""max_constants"": 999, ""max_depth"": 6, ""max_evals"": 2000000, ""max_unary"": 999, ""mutation_rate"": 0.1, ""ops"": [""+"", ""-"", ""*"", ""/"", ""sin"", ""cos"", ""exp"", ""log"", ""R""], ""succ_error_tol"": 1e-06}","{""K"": 500, ""c"": 6.0, ""exploration_rate"": 0.1, ""gamma"": 0.5, ""gp_rate"": 0.5, ""lm_iterations"": 10, ""max_constants"": 999, ""max_depth"": 6, ""max_evals"": 2000000, ""max_unary"": 999, ""mutation_rate"": 0.1, ""ops"": [""+"", ""-"", ""*"", ""/"", ""sin"", ""cos"", ""exp"", ""log"", ""R""], ""succ_error_tol"": 1e-06}",0.5
imcts,NguyenC,5,NguyenC-5,expression,26,23333,40,20,20,1,"[""x0""]",sin(x[0]**2) * cos(x[0]) - 0.75,0.9999998807907104,True,0.9999999999999992,0.9999999999999994,15.0,85841,3.5121813340228982,0.0,0,sin(x0 * 2.03510268815e-07 + 1.57079633224 + x0) * cos(1.5707971428 - x0 * x0) - exp(-1.26385591611e-06 * cos(x0)) * 0.750000126948,sin(x0 * 2.03510268815e-07 + 1.57079633224 + x0) * cos(1.5707971428 - x0 * x0) - exp(-1.26385591611e-06 * cos(x0)) * 0.750000126948,sin(1.0*x0 + 1.57)*cos(x0**2 - 1.57) - 0.75,"[2.0351026881492933e-07, 1.5707963322357914, 0.451583224771423, -1.2638559161135063e-06, 0.7540261765459811, 1.2113678149008436, 1.2113678149008436]","{""K"": 500, ""c"": 6.0, ""exploration_rate"": 0.1, ""gamma"": 0.5, ""gp_rate"": 0.5, ""lm_iterations"": 10, ""max_constants"": 999, ""max_depth"": 6, ""max_evals"": 2000000, ""max_unary"": 999, ""mutation_rate"": 0.1, ""ops"": [""+"", ""-"", ""*"", ""/"", ""sin"", ""cos"", ""exp"", ""log"", ""R""], ""succ_error_tol"": 1e-06}","{""K"": 500, ""c"": 6.0, ""exploration_rate"": 0.1, ""gamma"": 0.5, ""gp_rate"": 0.5, ""lm_iterations"": 10, ""max_constants"": 999, ""max_depth"": 6, ""max_evals"": 2000000, ""max_unary"": 999, ""mutation_rate"": 0.1, ""ops"": [""+"", ""-"", ""*"", ""/"", ""sin"", ""cos"", ""exp"", ""log"", ""R""], ""succ_error_tol"": 1e-06}",0.5
imcts,NguyenC,5,NguyenC-5,expression,27,2433,40,20,20,1,"[""x0""]",sin(x[0]**2) * cos(x[0]) - 0.75,0.9999998807907104,True,0.9999999999999982,0.9999999999999978,12.0,83208,3.4292021499713883,0.0,0,x0 * 8.73663868974e-09 - 0.749999710597 + -1.00340533057e-12 / (2 * x0) + -7.5676379865e-07 * cos(x0) - cos(x0) * -0.999999954994 * cos(1.57079586383 - x0 * x0),x0 * 8.73663868974e-09 - 0.749999710597 + -1.00340533057e-12 / (2 * x0) + -7.5676379865e-07 * cos(x0) - cos(x0) * -0.999999954994 * cos(1.57079586383 - x0 * x0),1.0*cos(x0)*cos(x0**2 - 1.57) - 0.75,"[8.73663868974303e-09, 0.7499997105965447, -1.0034053305696484e-12, 2.000000000000502, -7.567637986501551e-07, -0.9999999549935077, 1.5707958638325858]","{""K"": 500, ""c"": 6.0, ""exploration_rate"": 0.1, ""gamma"": 0.5, ""gp_rate"": 0.5, ""lm_iterations"": 10, ""max_constants"": 999, ""max_depth"": 6, ""max_evals"": 2000000, ""max_unary"": 999, ""mutation_rate"": 0.1, ""ops"": [""+"", ""-"", ""*"", ""/"", ""sin"", ""cos"", ""exp"", ""log"", ""R""], ""succ_error_tol"": 1e-06}","{""K"": 500, ""c"": 6.0, ""exploration_rate"": 0.1, ""gamma"": 0.5, ""gp_rate"": 0.5, ""lm_iterations"": 10, ""max_constants"": 999, ""max_depth"": 6, ""max_evals"": 2000000, ""max_unary"": 999, ""mutation_rate"": 0.1, ""ops"": [""+"", ""-"", ""*"", ""/"", ""sin"", ""cos"", ""exp"", ""log"", ""R""], ""succ_error_tol"": 1e-06}",0.5
imcts,NguyenC,5,NguyenC-5,expression,28,5311,40,20,20,1,"[""x0""]",sin(x[0]**2) * cos(x[0]) - 0.75,0.9999998807907104,True,0.9999999999999969,0.9999999999999963,11.0,36011,1.2842979049892165,0.0,0,sin(x0 * 0.999999965816 * x0) * cos(x0) + -0.750000001258,sin(x0 * 0.999999965816 * x0) * cos(x0) + -0.750000001258,sin(1.0*x0**2)*cos(x0) - 0.75,"[0.999999965816036, 0.4723665520469066, 1.0]","{""K"": 500, ""c"": 6.0, ""exploration_rate"": 0.1, ""gamma"": 0.5, ""gp_rate"": 0.5, ""lm_iterations"": 10, ""max_constants"": 999, ""max_depth"": 6, ""max_evals"": 2000000, ""max_unary"": 999, ""mutation_rate"": 0.1, ""ops"": [""+"", ""-"", ""*"", ""/"", ""sin"", ""cos"", ""exp"", ""log"", ""R""], ""succ_error_tol"": 1e-06}","{""K"": 500, ""c"": 6.0, ""exploration_rate"": 0.1, ""gamma"": 0.5, ""gp_rate"": 0.5, ""lm_iterations"": 10, ""max_constants"": 999, ""max_depth"": 6, ""max_evals"": 2000000, ""max_unary"": 999, ""mutation_rate"": 0.1, ""ops"": [""+"", ""-"", ""*"", ""/"", ""sin"", ""cos"", ""exp"", ""log"", ""R""], ""succ_error_tol"": 1e-06}",0.5
imcts,NguyenC,5,NguyenC-5,expression,29,5051,40,20,20,1,"[""x0""]",sin(x[0]**2) * cos(x[0]) - 0.75,0.9999999403953552,True,0.9999999999999972,0.9999999999999982,15.0,20706,0.818026565015316,0.0,0,sin(x0 * x0 - x0 * 0.999999977792 - 4.34369159702e-09) + -0.750000017402 + cos(x0 * x0) * sin(x0 - -1.6991541981e-08),sin(x0 * x0 - x0 * 0.999999977792 - 4.34369159702e-09) + -0.750000017402 + cos(x0 * x0) * sin(x0 - -1.6991541981e-08),sin(x0)*cos(x0**2) + sin(x0*(x0 - 1.0)) - 0.75,"[0.9999999777918914, 4.3436915970189635e-09, -0.750000017402445, -1.699154198101769e-08]","{""K"": 500, ""c"": 6.0, ""exploration_rate"": 0.1, ""gamma"": 0.5, ""gp_rate"": 0.5, ""lm_iterations"": 10, ""max_constants"": 999, ""max_depth"": 6, ""max_evals"": 2000000, ""max_unary"": 999, ""mutation_rate"": 0.1, ""ops"": [""+"", ""-"", ""*"", ""/"", ""sin"", ""cos"", ""exp"", ""log"", ""R""], ""succ_error_tol"": 1e-06}","{""K"": 500, ""c"": 6.0, ""exploration_rate"": 0.1, ""gamma"": 0.5, ""gp_rate"": 0.5, ""lm_iterations"": 10, ""max_constants"": 999, ""max_depth"": 6, ""max_evals"": 2000000, ""max_unary"": 999, ""mutation_rate"": 0.1, ""ops"": [""+"", ""-"", ""*"", ""/"", ""sin"", ""cos"", ""exp"", ""log"", ""R""], ""succ_error_tol"": 1e-06}",0.5
imcts,NguyenC,5,NguyenC-5,expression,30,6420,40,20,20,1,"[""x0""]",sin(x[0]**2) * cos(x[0]) - 0.75,0.9999998807907104,True,0.9999999999999984,0.9999999999999954,13.0,30999,1.2762107769958675,0.0,0,-0.750000001368 + cos((x0 - -1.47676101478e-08) * 0.999999976929) * sin(x0 * x0 * 0.999999952135),-0.750000001368 + cos((x0 - -1.47676101478e-08) * 0.999999976929) * sin(x0 * x0 * 0.999999952135),sin(1.0*x0**2)*cos(1.0*x0) - 0.75,"[-0.7500000013680289, -1.4767610147830012e-08, 0.9999999769290078, 0.9999999521345594]","{""K"": 500, ""c"": 6.0, ""exploration_rate"": 0.1, ""gamma"": 0.5, ""gp_rate"": 0.5, ""lm_iterations"": 10, ""max_constants"": 999, ""max_depth"": 6, ""max_evals"": 2000000, ""max_unary"": 999, ""mutation_rate"": 0.1, ""ops"": [""+"", ""-"", ""*"", ""/"", ""sin"", ""cos"", ""exp"", ""log"", ""R""], ""succ_error_tol"": 1e-06}","{""K"": 500, ""c"": 6.0, ""exploration_rate"": 0.1, ""gamma"": 0.5, ""gp_rate"": 0.5, ""lm_iterations"": 10, ""max_constants"": 999, ""max_depth"": 6, ""max_evals"": 2000000, ""max_unary"": 999, ""mutation_rate"": 0.1, ""ops"": [""+"", ""-"", ""*"", ""/"", ""sin"", ""cos"", ""exp"", ""log"", ""R""], ""succ_error_tol"": 1e-06}",0.5
imcts,NguyenC,5,NguyenC-5,expression,31,17568,40,20,20,1,"[""x0""]",sin(x[0]**2) * cos(x[0]) - 0.75,0.9999999403953552,True,1.0,0.9999999999999999,11.0,28450,1.1028479289961979,0.0,0,-1.59147098354 + sin(x0 * x0) * cos(x0) + sin(x0 / x0),-1.59147098354 + sin(x0 * x0) * cos(x0) + sin(x0 / x0),sin(x0**2)*cos(x0) - 1.59 + sin(1),[0.20362586093359075],"{""K"": 500, ""c"": 6.0, ""exploration_rate"": 0.1, ""gamma"": 0.5, ""gp_rate"": 0.5, ""lm_iterations"": 10, ""max_constants"": 999, ""max_depth"": 6, ""max_evals"": 2000000, ""max_unary"": 999, ""mutation_rate"": 0.1, ""ops"": [""+"", ""-"", ""*"", ""/"", ""sin"", ""cos"", ""exp"", ""log"", ""R""], ""succ_error_tol"": 1e-06}","{""K"": 500, ""c"": 6.0, ""exploration_rate"": 0.1, ""gamma"": 0.5, ""gp_rate"": 0.5, ""lm_iterations"": 10, ""max_constants"": 999, ""max_depth"": 6, ""max_evals"": 2000000, ""max_unary"": 999, ""mutation_rate"": 0.1, ""ops"": [""+"", ""-"", ""*"", ""/"", ""sin"", ""cos"", ""exp"", ""log"", ""R""], ""succ_error_tol"": 1e-06}",0.5
imcts,NguyenC,5,NguyenC-5,expression,32,20939,40,20,20,1,"[""x0""]",sin(x[0]**2) * cos(x[0]) - 0.75,0.9999999403953552,True,0.9999999999999988,0.999999999999999,11.0,11405,0.38871194201055914,0.0,0,-0.750000002799 - sin((x0 + -1.50114081237e-08) * x0 * -1.000000001) * cos(x0),-0.750000002799 - sin((x0 + -1.50114081237e-08) * x0 * -1.000000001) * cos(x0),sin(1.0*x0**2)*cos(x0) - 0.75,"[-0.7500000027992403, -1.501140812367713e-08, -1.0000000010038612]","{""K"": 500, ""c"": 6.0, ""exploration_rate"": 0.1, ""gamma"": 0.5, ""gp_rate"": 0.5, ""lm_iterations"": 10, ""max_constants"": 999, ""max_depth"": 6, ""max_evals"": 2000000, ""max_unary"": 999, ""mutation_rate"": 0.1, ""ops"": [""+"", ""-"", ""*"", ""/"", ""sin"", ""cos"", ""exp"", ""log"", ""R""], ""succ_error_tol"": 1e-06}","{""K"": 500, ""c"": 6.0, ""exploration_rate"": 0.1, ""gamma"": 0.5, ""gp_rate"": 0.5, ""lm_iterations"": 10, ""max_constants"": 999, ""max_depth"": 6, ""max_evals"": 2000000, ""max_unary"": 999, ""mutation_rate"": 0.1, ""ops"": [""+"", ""-"", ""*"", ""/"", ""sin"", ""cos"", ""exp"", ""log"", ""R""], ""succ_error_tol"": 1e-06}",0.5
imcts,NguyenC,5,NguyenC-5,expression,33,19769,40,20,20,1,"[""x0""]",sin(x[0]**2) * cos(x[0]) - 0.75,0.9999999403953552,True,0.9999999999999988,0.9999999999999987,12.0,17254,0.6291508210124448,0.0,0,cos(1.57079651695 + x0 * x0) * (-1.5716331543e-07 - cos(-8.28968667192e-09 - x0)) - (6.13496226739e-09 / exp(x0) - -0.750000193474),cos(1.57079651695 + x0 * x0) * (-1.5716331543e-07 - cos(-8.28968667192e-09 - x0)) - (6.13496226739e-09 / exp(x0) - -0.750000193474),-cos(x0)*cos(x0**2 + 1.57) - 0.75,"[1.570796516953085, -1.5716331542978266e-07, -8.28968667192412e-09, 6.134962267388856e-09, -1.7500001934735332, 1.0, 1.0]","{""K"": 500, ""c"": 6.0, ""exploration_rate"": 0.1, ""gamma"": 0.5, ""gp_rate"": 0.5, ""lm_iterations"": 10, ""max_constants"": 999, ""max_depth"": 6, ""max_evals"": 2000000, ""max_unary"": 999, ""mutation_rate"": 0.1, ""ops"": [""+"", ""-"", ""*"", ""/"", ""sin"", ""cos"", ""exp"", ""log"", ""R""], ""succ_error_tol"": 1e-06}","{""K"": 500, ""c"": 6.0, ""exploration_rate"": 0.1, ""gamma"": 0.5, ""gp_rate"": 0.5, ""lm_iterations"": 10, ""max_constants"": 999, ""max_depth"": 6, ""max_evals"": 2000000, ""max_unary"": 999, ""mutation_rate"": 0.1, ""ops"": [""+"", ""-"", ""*"", ""/"", ""sin"", ""cos"", ""exp"", ""log"", ""R""], ""succ_error_tol"": 1e-06}",0.5
imcts,NguyenC,5,NguyenC-5,expression,34,28693,40,20,20,1,"[""x0""]",sin(x[0]**2) * cos(x[0]) - 0.75,0.9999999403953552,True,0.9999999999999992,0.9999999999999988,9.0,3610,0.10549546399852261,0.0,0,-0.750000005036 + cos(2.34038656734e-09 + x0) * sin(x0 * x0),-0.750000005036 + cos(2.34038656734e-09 + x0) * sin(x0 * x0),sin(x0**2)*cos(x0) - 0.75,"[-0.7500000050355898, 2.3403865673426887e-09]","{""K"": 500, ""c"": 6.0, ""exploration_rate"": 0.1, ""gamma"": 0.5, ""gp_rate"": 0.5, ""lm_iterations"": 10, ""max_constants"": 999, ""max_depth"": 6, ""max_evals"": 2000000, ""max_unary"": 999, ""mutation_rate"": 0.1, ""ops"": [""+"", ""-"", ""*"", ""/"", ""sin"", ""cos"", ""exp"", ""log"", ""R""], ""succ_error_tol"": 1e-06}","{""K"": 500, ""c"": 6.0, ""exploration_rate"": 0.1, ""gamma"": 0.5, ""gp_rate"": 0.5, ""lm_iterations"": 10, ""max_constants"": 999, ""max_depth"": 6, ""max_evals"": 2000000, ""max_unary"": 999, ""mutation_rate"": 0.1, ""ops"": [""+"", ""-"", ""*"", ""/"", ""sin"", ""cos"", ""exp"", ""log"", ""R""], ""succ_error_tol"": 1e-06}",0.5
imcts,NguyenC,5,NguyenC-5,expression,35,6396,40,20,20,1,"[""x0""]",sin(x[0]**2) * cos(x[0]) - 0.75,0.9999999403953552,True,0.9999999999999984,0.9999999999999993,10.0,29261,1.1592149609932676,0.0,0,-0.749999997805 - 1.65900585422e-07 * x0 + cos(x0 + -1.56461609307e-07) * 1.00000000492 * sin((x0 - -1.61864348085e-07) * x0),-0.749999997805 - 1.65900585422e-07 * x0 + cos(x0 + -1.56461609307e-07) * 1.00000000492 * sin((x0 - -1.61864348085e-07) * x0),1.0*sin(x0**2)*cos(x0) - 0.75,"[-0.7499999978054435, 1.6590058542176688e-07, -1.5646160930674e-07, 1.0000000049162627, -1.6186434808487365e-07]","{""K"": 500, ""c"": 6.0, ""exploration_rate"": 0.1, ""gamma"": 0.5, ""gp_rate"": 0.5, ""lm_iterations"": 10, ""max_constants"": 999, ""max_depth"": 6, ""max_evals"": 2000000, ""max_unary"": 999, ""mutation_rate"": 0.1, ""ops"": [""+"", ""-"", ""*"", ""/"", ""sin"", ""cos"", ""exp"", ""log"", ""R""], ""succ_error_tol"": 1e-06}","{""K"": 500, ""c"": 6.0, ""exploration_rate"": 0.1, ""gamma"": 0.5, ""gp_rate"": 0.5, ""lm_iterations"": 10, ""max_constants"": 999, ""max_depth"": 6, ""max_evals"": 2000000, ""max_unary"": 999, ""mutation_rate"": 0.1, ""ops"": [""+"", ""-"", ""*"", ""/"", ""sin"", ""cos"", ""exp"", ""log"", ""R""], ""succ_error_tol"": 1e-06}",0.5
imcts,NguyenC,5,NguyenC-5,expression,36,29419,40,20,20,1,"[""x0""]",sin(x[0]**2) * cos(x[0]) - 0.75,0.9999999403953552,True,0.9999999999999998,0.9999999999999997,13.0,57216,2.2351646299939603,0.0,0,-0.749999996273 - sin(-0.999999989421 * x0 * x0) * cos(x0 * 0.999999993867),-0.749999996273 - sin(-0.999999989421 * x0 * x0) * cos(x0 * 0.999999993867),sin(1.0*x0**2)*cos(1.0*x0) - 0.75,"[-0.7499999962734936, -0.9999999894212582, 0.9999999938667146]","{""K"": 500, ""c"": 6.0, ""exploration_rate"": 0.1, ""gamma"": 0.5, ""gp_rate"": 0.5, ""lm_iterations"": 10, ""max_constants"": 999, ""max_depth"": 6, ""max_evals"": 2000000, ""max_unary"": 999, ""mutation_rate"": 0.1, ""ops"": [""+"", ""-"", ""*"", ""/"", ""sin"", ""cos"", ""exp"", ""log"", ""R""], ""succ_error_tol"": 1e-06}","{""K"": 500, ""c"": 6.0, ""exploration_rate"": 0.1, ""gamma"": 0.5, ""gp_rate"": 0.5, ""lm_iterations"": 10, ""max_constants"": 999, ""max_depth"": 6, ""max_evals"": 2000000, ""max_unary"": 999, ""mutation_rate"": 0.1, ""ops"": [""+"", ""-"", ""*"", ""/"", ""sin"", ""cos"", ""exp"", ""log"", ""R""], ""succ_error_tol"": 1e-06}",0.5
imcts,NguyenC,5,NguyenC-5,expression,37,27480,40,20,20,1,"[""x0""]",sin(x[0]**2) * cos(x[0]) - 0.75,0.9999998807907104,True,0.9999999999999959,0.9999999999999941,11.0,16469,0.5998128019855358,0.0,0,sin(x0 / (1.00000000423 / x0)) * (cos(1.95259033993e-08 + x0) + -3.47963527129e-08) + -0.749999982527,sin(x0 / (1.00000000423 / x0)) * (cos(1.95259033993e-08 + x0) + -3.47963527129e-08) + -0.749999982527,sin(1.0*x0**2)*cos(x0) - 0.75,"[1.000000004226999, 1.952590339928059e-08, -3.4796352712896124e-08, 0.8480620526489231, 1.0, 1.0]","{""K"": 500, ""c"": 6.0, ""exploration_rate"": 0.1, ""gamma"": 0.5, ""gp_rate"": 0.5, ""lm_iterations"": 10, ""max_constants"": 999, ""max_depth"": 6, ""max_evals"": 2000000, ""max_unary"": 999, ""mutation_rate"": 0.1, ""ops"": [""+"", ""-"", ""*"", ""/"", ""sin"", ""cos"", ""exp"", ""log"", ""R""], ""succ_error_tol"": 1e-06}","{""K"": 500, ""c"": 6.0, ""exploration_rate"": 0.1, ""gamma"": 0.5, ""gp_rate"": 0.5, ""lm_iterations"": 10, ""max_constants"": 999, ""max_depth"": 6, ""max_evals"": 2000000, ""max_unary"": 999, ""mutation_rate"": 0.1, ""ops"": [""+"", ""-"", ""*"", ""/"", ""sin"", ""cos"", ""exp"", ""log"", ""R""], ""succ_error_tol"": 1e-06}",0.5
imcts,NguyenC,5,NguyenC-5,expression,38,32304,40,20,20,1,"[""x0""]",sin(x[0]**2) * cos(x[0]) - 0.75,0.9999999403953552,True,0.9999999999999989,0.9999999999999987,9.0,9428,0.3365271589718759,0.0,0,cos(1 + x0 - 0.999999988081) * sin(x0 * (1.09892321758e-08 + x0)) - 0.749999996262,cos(1 + x0 - 0.999999988081) * sin(x0 * (1.09892321758e-08 + x0)) - 0.749999996262,sin(x0**2)*cos(x0) - 0.75,"[1.0, 0.9999999880805078, 1.0989232175808578e-08, 0.7499999962621067]","{""K"": 500, ""c"": 6.0, ""exploration_rate"": 0.1, ""gamma"": 0.5, ""gp_rate"": 0.5, ""lm_iterations"": 10, ""max_constants"": 999, ""max_depth"": 6, ""max_evals"": 2000000, ""max_unary"": 999, ""mutation_rate"": 0.1, ""ops"": [""+"", ""-"", ""*"", ""/"", ""sin"", ""cos"", ""exp"", ""log"", ""R""], ""succ_error_tol"": 1e-06}","{""K"": 500, ""c"": 6.0, ""exploration_rate"": 0.1, ""gamma"": 0.5, ""gp_rate"": 0.5, ""lm_iterations"": 10, ""max_constants"": 999, ""max_depth"": 6, ""max_evals"": 2000000, ""max_unary"": 999, ""mutation_rate"": 0.1, ""ops"": [""+"", ""-"", ""*"", ""/"", ""sin"", ""cos"", ""exp"", ""log"", ""R""], ""succ_error_tol"": 1e-06}",0.5
imcts,NguyenC,5,NguyenC-5,expression,39,8666,40,20,20,1,"[""x0""]",sin(x[0]**2) * cos(x[0]) - 0.75,0.9999998807907104,True,0.9999999999999906,0.9999999999999927,14.0,49234,1.9264482979779132,0.0,0,sin((1.57079622428 - x0) / 0.99999999002) * 0.999999966775 * sin(x0 * x0) - (0.750000002725 + -4.84817040331e-08 * x0),sin((1.57079622428 - x0) / 0.99999999002) * 0.999999966775 * sin(x0 * x0) - (0.750000002725 + -4.84817040331e-08 * x0),-1.0*sin(x0**2)*sin(1.0*x0 - 1.57) - 0.75,"[1.5707962242817881, 0.9999999900195641, 1.0, 0.6367242637904927, 0.7500000027252958, 1.0, -4.848170403305542e-08]","{""K"": 500, ""c"": 6.0, ""exploration_rate"": 0.1, ""gamma"": 0.5, ""gp_rate"": 0.5, ""lm_iterations"": 10, ""max_constants"": 999, ""max_depth"": 6, ""max_evals"": 2000000, ""max_unary"": 999, ""mutation_rate"": 0.1, ""ops"": [""+"", ""-"", ""*"", ""/"", ""sin"", ""cos"", ""exp"", ""log"", ""R""], ""succ_error_tol"": 1e-06}","{""K"": 500, ""c"": 6.0, ""exploration_rate"": 0.1, ""gamma"": 0.5, ""gp_rate"": 0.5, ""lm_iterations"": 10, ""max_constants"": 999, ""max_depth"": 6, ""max_evals"": 2000000, ""max_unary"": 999, ""mutation_rate"": 0.1, ""ops"": [""+"", ""-"", ""*"", ""/"", ""sin"", ""cos"", ""exp"", ""log"", ""R""], ""succ_error_tol"": 1e-06}",0.5
imcts,NguyenC,5,NguyenC-5,expression,40,25658,40,20,20,1,"[""x0""]",sin(x[0]**2) * cos(x[0]) - 0.75,0.9999999403953552,True,0.999999999999999,0.9999999999999992,10.0,18907,0.6849744750070386,0.0,0,(sin(x0 * x0) + -0.749999992592 / cos(x0)) * cos(-6.80262926083e-09 + x0) * 1.0000000204,(sin(x0 * x0) + -0.749999992592 / cos(x0)) * cos(-6.80262926083e-09 + x0) * 1.0000000204,1.0*sin(x0**2)*cos(x0) - 0.75,"[-0.74999999259231, 0.9999999930973708, 1.0000000204005797]","{""K"": 500, ""c"": 6.0, ""exploration_rate"": 0.1, ""gamma"": 0.5, ""gp_rate"": 0.5, ""lm_iterations"": 10, ""max_constants"": 999, ""max_depth"": 6, ""max_evals"": 2000000, ""max_unary"": 999, ""mutation_rate"": 0.1, ""ops"": [""+"", ""-"", ""*"", ""/"", ""sin"", ""cos"", ""exp"", ""log"", ""R""], ""succ_error_tol"": 1e-06}","{""K"": 500, ""c"": 6.0, ""exploration_rate"": 0.1, ""gamma"": 0.5, ""gp_rate"": 0.5, ""lm_iterations"": 10, ""max_constants"": 999, ""max_depth"": 6, ""max_evals"": 2000000, ""max_unary"": 999, ""mutation_rate"": 0.1, ""ops"": [""+"", ""-"", ""*"", ""/"", ""sin"", ""cos"", ""exp"", ""log"", ""R""], ""succ_error_tol"": 1e-06}",0.5
imcts,NguyenC,5,NguyenC-5,expression,41,18942,40,20,20,1,"[""x0""]",sin(x[0]**2) * cos(x[0]) - 0.75,0.9999998807907104,True,0.9999999999999996,0.9999999999999996,10.0,29775,1.1317375210346654,0.0,0,0.999999999362 * (sin(x0 * x0) * cos(x0 - -1.271597411e-08) - 0.750000001464),0.999999999362 * (sin(x0 * x0) * cos(x0 - -1.271597411e-08) - 0.750000001464),1.0*sin(x0**2)*cos(x0) - 0.75,"[0.9999999993624006, -1.2715974109999124e-08, 0.7332285441196277, 0.7639842741107411, 0.47428909549688913, 0.25137985340442426]","{""K"": 500, ""c"": 6.0, ""exploration_rate"": 0.1, ""gamma"": 0.5, ""gp_rate"": 0.5, ""lm_iterations"": 10, ""max_constants"": 999, ""max_depth"": 6, ""max_evals"": 2000000, ""max_unary"": 999, ""mutation_rate"": 0.1, ""ops"": [""+"", ""-"", ""*"", ""/"", ""sin"", ""cos"", ""exp"", ""log"", ""R""], ""succ_error_tol"": 1e-06}","{""K"": 500, ""c"": 6.0, ""exploration_rate"": 0.1, ""gamma"": 0.5, ""gp_rate"": 0.5, ""lm_iterations"": 10, ""max_constants"": 999, ""max_depth"": 6, ""max_evals"": 2000000, ""max_unary"": 999, ""mutation_rate"": 0.1, ""ops"": [""+"", ""-"", ""*"", ""/"", ""sin"", ""cos"", ""exp"", ""log"", ""R""], ""succ_error_tol"": 1e-06}",0.5
imcts,NguyenC,5,NguyenC-5,expression,42,24233,40,20,20,1,"[""x0""]",sin(x[0]**2) * cos(x[0]) - 0.75,0.9999998807907104,True,0.9999999999999984,0.999999999999996,11.0,69633,3.0604067710228264,0.0,0,sin(x0 * x0 - -2.46383626234e-07) * sin(1.57079629103 + x0) - (1.07620364465e-07 * cos(x0 + x0) + 0.750000143844),sin(x0 * x0 - -2.46383626234e-07) * sin(1.57079629103 + x0) - (1.07620364465e-07 * cos(x0 + x0) + 0.750000143844),sin(x0**2)*sin(x0 + 1.57) - 0.75,"[-2.4638362623417235e-07, 1.5707962910329698, 5.381018223239111e-08, 1.0, 1.0, 0.7500001438444981, 1.0]","{""K"": 500, ""c"": 6.0, ""exploration_rate"": 0.1, ""gamma"": 0.5, ""gp_rate"": 0.5, ""lm_iterations"": 10, ""max_constants"": 999, ""max_depth"": 6, ""max_evals"": 2000000, ""max_unary"": 999, ""mutation_rate"": 0.1, ""ops"": [""+"", ""-"", ""*"", ""/"", ""sin"", ""cos"", ""exp"", ""log"", ""R""], ""succ_error_tol"": 1e-06}","{""K"": 500, ""c"": 6.0, ""exploration_rate"": 0.1, ""gamma"": 0.5, ""gp_rate"": 0.5, ""lm_iterations"": 10, ""max_constants"": 999, ""max_depth"": 6, ""max_evals"": 2000000, ""max_unary"": 999, ""mutation_rate"": 0.1, ""ops"": [""+"", ""-"", ""*"", ""/"", ""sin"", ""cos"", ""exp"", ""log"", ""R""], ""succ_error_tol"": 1e-06}",0.5
imcts,NguyenC,5,NguyenC-5,expression,43,18431,40,20,20,1,"[""x0""]",sin(x[0]**2) * cos(x[0]) - 0.75,0.9999998807907104,True,0.9999999999999991,0.9999999999999987,13.0,17125,0.6011597340111621,0.0,0,-0.749999995783 + cos(x0 * 1.0000000271) * sin(x0 * x0 / 0.99999998591),-0.749999995783 + cos(x0 * 1.0000000271) * sin(x0 * x0 / 0.99999998591),sin(1.0*x0**2)*cos(1.0*x0) - 0.75,"[-0.7499999957831021, 1.000000027100269, 0.9999999859096642, 1.0]","{""K"": 500, ""c"": 6.0, ""exploration_rate"": 0.1, ""gamma"": 0.5, ""gp_rate"": 0.5, ""lm_iterations"": 10, ""max_constants"": 999, ""max_depth"": 6, ""max_evals"": 2000000, ""max_unary"": 999, ""mutation_rate"": 0.1, ""ops"": [""+"", ""-"", ""*"", ""/"", ""sin"", ""cos"", ""exp"", ""log"", ""R""], ""succ_error_tol"": 1e-06}","{""K"": 500, ""c"": 6.0, ""exploration_rate"": 0.1, ""gamma"": 0.5, ""gp_rate"": 0.5, ""lm_iterations"": 10, ""max_constants"": 999, ""max_depth"": 6, ""max_evals"": 2000000, ""max_unary"": 999, ""mutation_rate"": 0.1, ""ops"": [""+"", ""-"", ""*"", ""/"", ""sin"", ""cos"", ""exp"", ""log"", ""R""], ""succ_error_tol"": 1e-06}",0.5
imcts,NguyenC,5,NguyenC-5,expression,44,32219,40,20,20,1,"[""x0""]",sin(x[0]**2) * cos(x[0]) - 0.75,0.9999998807907104,True,0.9999999999545607,0.9999999999506607,12.0,32746,1.2905026270309463,0.0,0,(sin(x0 * x0) * cos(x0 / 1.00000041682) - 0.749997286339) / (x0 * -1.8601519784e-08 / 1.84478579745 + 0.999996560489),(sin(x0 * x0) * cos(x0 / 1.00000041682) - 0.749997286339) / (x0 * -1.8601519784e-08 / 1.84478579745 + 0.999996560489),1.0*sin(x0**2)*cos(1.0*x0) - 0.75,"[1.0000004168162218, 0.7499972863386931, -1.860151978402071e-08, 1.3582289193854131, 1.3582289193854131, 0.9999965604886327]","{""K"": 500, ""c"": 6.0, ""exploration_rate"": 0.1, ""gamma"": 0.5, ""gp_rate"": 0.5, ""lm_iterations"": 10, ""max_constants"": 999, ""max_depth"": 6, ""max_evals"": 2000000, ""max_unary"": 999, ""mutation_rate"": 0.1, ""ops"": [""+"", ""-"", ""*"", ""/"", ""sin"", ""cos"", ""exp"", ""log"", ""R""], ""succ_error_tol"": 1e-06}","{""K"": 500, ""c"": 6.0, ""exploration_rate"": 0.1, ""gamma"": 0.5, ""gp_rate"": 0.5, ""lm_iterations"": 10, ""max_constants"": 999, ""max_depth"": 6, ""max_evals"": 2000000, ""max_unary"": 999, ""mutation_rate"": 0.1, ""ops"": [""+"", ""-"", ""*"", ""/"", ""sin"", ""cos"", ""exp"", ""log"", ""R""], ""succ_error_tol"": 1e-06}",0.5
imcts,NguyenC,5,NguyenC-5,expression,45,2747,40,20,20,1,"[""x0""]",sin(x[0]**2) * cos(x[0]) - 0.75,0.9999998807907104,True,0.9999999999999996,0.9999999999999998,11.0,7526,0.2557308599934913,0.0,0,cos(x0) * sin(0.869693408763 * x0 * 1.14983050079 * x0) + -0.749999999342,cos(x0) * sin(0.869693408763 * x0 * 1.14983050079 * x0) + -0.749999999342,sin(1.0*x0**2)*cos(x0) - 0.75,"[0.8696934087629377, 1.1498305007933116, 1.4580772767408292, 0.6599880376392612, 0.6395778441773757]","{""K"": 500, ""c"": 6.0, ""exploration_rate"": 0.1, ""gamma"": 0.5, ""gp_rate"": 0.5, ""lm_iterations"": 10, ""max_constants"": 999, ""max_depth"": 6, ""max_evals"": 2000000, ""max_unary"": 999, ""mutation_rate"": 0.1, ""ops"": [""+"", ""-"", ""*"", ""/"", ""sin"", ""cos"", ""exp"", ""log"", ""R""], ""succ_error_tol"": 1e-06}","{""K"": 500, ""c"": 6.0, ""exploration_rate"": 0.1, ""gamma"": 0.5, ""gp_rate"": 0.5, ""lm_iterations"": 10, ""max_constants"": 999, ""max_depth"": 6, ""max_evals"": 2000000, ""max_unary"": 999, ""mutation_rate"": 0.1, ""ops"": [""+"", ""-"", ""*"", ""/"", ""sin"", ""cos"", ""exp"", ""log"", ""R""], ""succ_error_tol"": 1e-06}",0.5
imcts,NguyenC,5,NguyenC-5,expression,46,25551,40,20,20,1,"[""x0""]",sin(x[0]**2) * cos(x[0]) - 0.75,0.9999999403953552,True,0.9999999999999989,0.9999999999999987,10.0,16240,0.5579337870003656,0.0,0,0.999999883895 * cos(x0) * (sin(x0 * x0) - 1.08886032924e-07) - cos(2.57733383763 * (x0 - x0 - 2.71828182846)),0.999999883895 * cos(x0) * (sin(x0 * x0) - 1.08886032924e-07) - cos(2.57733383763 * (x0 - x0 - 2.71828182846)),1.0*sin(x0**2)*cos(x0) - 0.75,"[0.9999998838953252, 1.0000001087860388, 0.9467554683435334, 1.0, 1.0, 1.0]","{""K"": 500, ""c"": 6.0, ""exploration_rate"": 0.1, ""gamma"": 0.5, ""gp_rate"": 0.5, ""lm_iterations"": 10, ""max_constants"": 999, ""max_depth"": 6, ""max_evals"": 2000000, ""max_unary"": 999, ""mutation_rate"": 0.1, ""ops"": [""+"", ""-"", ""*"", ""/"", ""sin"", ""cos"", ""exp"", ""log"", ""R""], ""succ_error_tol"": 1e-06}","{""K"": 500, ""c"": 6.0, ""exploration_rate"": 0.1, ""gamma"": 0.5, ""gp_rate"": 0.5, ""lm_iterations"": 10, ""max_constants"": 999, ""max_depth"": 6, ""max_evals"": 2000000, ""max_unary"": 999, ""mutation_rate"": 0.1, ""ops"": [""+"", ""-"", ""*"", ""/"", ""sin"", ""cos"", ""exp"", ""log"", ""R""], ""succ_error_tol"": 1e-06}",0.5
imcts,NguyenC,5,NguyenC-5,expression,47,26382,40,20,20,1,"[""x0""]",sin(x[0]**2) * cos(x[0]) - 0.75,0.9999998807907104,True,0.999999999999998,0.9999999999999963,12.0,58956,2.545642388984561,0.0,0,-0.749999943453 + (cos(x0) * -0.999999925292 + sin(x0) * -8.74761923436e-09) * cos(x0 * x0 + 1.57079628536),-0.749999943453 + (cos(x0) * -0.999999925292 + sin(x0) * -8.74761923436e-09) * cos(x0 * x0 + 1.57079628536),-1.0*cos(x0)*cos(x0**2 + 1.57) - 0.75,"[-0.7499999434527669, -0.9999999252924615, 1.5707963355425159, 0.6228019441320649, 0.9479943412318361]","{""K"": 500, ""c"": 6.0, ""exploration_rate"": 0.1, ""gamma"": 0.5, ""gp_rate"": 0.5, ""lm_iterations"": 10, ""max_constants"": 999, ""max_depth"": 6, ""max_evals"": 2000000, ""max_unary"": 999, ""mutation_rate"": 0.1, ""ops"": [""+"", ""-"", ""*"", ""/"", ""sin"", ""cos"", ""exp"", ""log"", ""R""], ""succ_error_tol"": 1e-06}","{""K"": 500, ""c"": 6.0, ""exploration_rate"": 0.1, ""gamma"": 0.5, ""gp_rate"": 0.5, ""lm_iterations"": 10, ""max_constants"": 999, ""max_depth"": 6, ""max_evals"": 2000000, ""max_unary"": 999, ""mutation_rate"": 0.1, ""ops"": [""+"", ""-"", ""*"", ""/"", ""sin"", ""cos"", ""exp"", ""log"", ""R""], ""succ_error_tol"": 1e-06}",0.5
imcts,NguyenC,5,NguyenC-5,expression,48,189,40,20,20,1,"[""x0""]",sin(x[0]**2) * cos(x[0]) - 0.75,0.9999998807907104,True,0.9999999999999997,0.9999999999999997,10.0,20569,0.8154626250034198,0.0,0,cos(x0) * 0.52712353983 * (-0.988855664678 / (0.694998798919 * cos(x0)) - sin(x0 * x0) * -1.8970885027),cos(x0) * 0.52712353983 * (-0.988855664678 / (0.694998798919 * cos(x0)) - sin(x0 * x0) * -1.8970885027),1.0*sin(x0**2)*cos(x0) - 0.75,"[0.32135951824752573, 0.32135951824752573, 0.76808488585125, -1.438876915547799, 1.1601766394744113, 1.0959954508689078, 0.6949987989194251, -1.897088502701815]","{""K"": 500, ""c"": 6.0, ""exploration_rate"": 0.1, ""gamma"": 0.5, ""gp_rate"": 0.5, ""lm_iterations"": 10, ""max_constants"": 999, ""max_depth"": 6, ""max_evals"": 2000000, ""max_unary"": 999, ""mutation_rate"": 0.1, ""ops"": [""+"", ""-"", ""*"", ""/"", ""sin"", ""cos"", ""exp"", ""log"", ""R""], ""succ_error_tol"": 1e-06}","{""K"": 500, ""c"": 6.0, ""exploration_rate"": 0.1, ""gamma"": 0.5, ""gp_rate"": 0.5, ""lm_iterations"": 10, ""max_constants"": 999, ""max_depth"": 6, ""max_evals"": 2000000, ""max_unary"": 999, ""mutation_rate"": 0.1, ""ops"": [""+"", ""-"", ""*"", ""/"", ""sin"", ""cos"", ""exp"", ""log"", ""R""], ""succ_error_tol"": 1e-06}",0.5
imcts,NguyenC,5,NguyenC-5,expression,49,31677,40,20,20,1,"[""x0""]",sin(x[0]**2) * cos(x[0]) - 0.75,0.9999998807907104,True,0.9999999999999997,0.9999999999999998,9.0,3984,0.13534919603262097,0.0,0,sin(x0 * x0 + 2.33727130103e-09) * cos(x0) - 0.749999999088,sin(x0 * x0 + 2.33727130103e-09) * cos(x0) - 0.749999999088,sin(x0**2)*cos(x0) - 0.75,"[1.0, 2.3372713010282762e-09, 0.7499999990880585]","{""K"": 500, ""c"": 6.0, ""exploration_rate"": 0.1, ""gamma"": 0.5, ""gp_rate"": 0.5, ""lm_iterations"": 10, ""max_constants"": 999, ""max_depth"": 6, ""max_evals"": 2000000, ""max_unary"": 999, ""mutation_rate"": 0.1, ""ops"": [""+"", ""-"", ""*"", ""/"", ""sin"", ""cos"", ""exp"", ""log"", ""R""], ""succ_error_tol"": 1e-06}","{""K"": 500, ""c"": 6.0, ""exploration_rate"": 0.1, ""gamma"": 0.5, ""gp_rate"": 0.5, ""lm_iterations"": 10, ""max_constants"": 999, ""max_depth"": 6, ""max_evals"": 2000000, ""max_unary"": 999, ""mutation_rate"": 0.1, ""ops"": [""+"", ""-"", ""*"", ""/"", ""sin"", ""cos"", ""exp"", ""log"", ""R""], ""succ_error_tol"": 1e-06}",0.5
imcts,NguyenC,5,NguyenC-5,expression,50,19118,40,20,20,1,"[""x0""]",sin(x[0]**2) * cos(x[0]) - 0.75,0.9999999403953552,True,0.9999999999999981,0.9999999999999982,12.0,241828,11.139310256985482,0.0,0,0.999999987485 * (sin(x0 * x0) * sin(x0 + 1.57079633282) - 0.749999999488),0.999999987485 * (sin(x0 * x0) * sin(x0 + 1.57079633282) - 0.749999999488),1.0*sin(x0**2)*sin(x0 + 1.57) - 0.75,"[0.23685040549450292, -0.6329384610868813, 1.0, 1.0, 1.5707963328249481, 0.7499999994877149]","{""K"": 500, ""c"": 6.0, ""exploration_rate"": 0.1, ""gamma"": 0.5, ""gp_rate"": 0.5, ""lm_iterations"": 10, ""max_constants"": 999, ""max_depth"": 6, ""max_evals"": 2000000, ""max_unary"": 999, ""mutation_rate"": 0.1, ""ops"": [""+"", ""-"", ""*"", ""/"", ""sin"", ""cos"", ""exp"", ""log"", ""R""], ""succ_error_tol"": 1e-06}","{""K"": 500, ""c"": 6.0, ""exploration_rate"": 0.1, ""gamma"": 0.5, ""gp_rate"": 0.5, ""lm_iterations"": 10, ""max_constants"": 999, ""max_depth"": 6, ""max_evals"": 2000000, ""max_unary"": 999, ""mutation_rate"": 0.1, ""ops"": [""+"", ""-"", ""*"", ""/"", ""sin"", ""cos"", ""exp"", ""log"", ""R""], ""succ_error_tol"": 1e-06}",0.5
imcts,NguyenC,5,NguyenC-5,expression,51,3005,40,20,20,1,"[""x0""]",sin(x[0]**2) * cos(x[0]) - 0.75,0.9999999403953552,True,0.9999999999999957,0.999999999999995,13.0,43704,1.7518235489842482,0.0,0,-0.750000013927 - sin(-0.999999968879 * (1.57079638566 + x0)) * sin(x0 * x0),-0.750000013927 - sin(-0.999999968879 * (1.57079638566 + x0)) * sin(x0 * x0),sin(x0**2)*sin(1.0*x0 + 1.57) - 0.75,"[0.4919738308351118, 1.0, -1.0000000311207722, 1.5707963856629596]","{""K"": 500, ""c"": 6.0, ""exploration_rate"": 0.1, ""gamma"": 0.5, ""gp_rate"": 0.5, ""lm_iterations"": 10, ""max_constants"": 999, ""max_depth"": 6, ""max_evals"": 2000000, ""max_unary"": 999, ""mutation_rate"": 0.1, ""ops"": [""+"", ""-"", ""*"", ""/"", ""sin"", ""cos"", ""exp"", ""log"", ""R""], ""succ_error_tol"": 1e-06}","{""K"": 500, ""c"": 6.0, ""exploration_rate"": 0.1, ""gamma"": 0.5, ""gp_rate"": 0.5, ""lm_iterations"": 10, ""max_constants"": 999, ""max_depth"": 6, ""max_evals"": 2000000, ""max_unary"": 999, ""mutation_rate"": 0.1, ""ops"": [""+"", ""-"", ""*"", ""/"", ""sin"", ""cos"", ""exp"", ""log"", ""R""], ""succ_error_tol"": 1e-06}",0.5
imcts,NguyenC,5,NguyenC-5,expression,52,21042,40,20,20,1,"[""x0""]",sin(x[0]**2) * cos(x[0]) - 0.75,0.9999999403953552,True,0.9999999999999997,0.9999999999999994,9.0,51296,2.028208344010636,0.0,0,-1.74999999656 + cos(x0) * sin(x0 * x0) + 1,-1.74999999656 + cos(x0) * sin(x0 * x0) + 1,sin(x0**2)*cos(x0) - 0.75,"[-1.7499999965552049, 1.0]","{""K"": 500, ""c"": 6.0, ""exploration_rate"": 0.1, ""gamma"": 0.5, ""gp_rate"": 0.5, ""lm_iterations"": 10, ""max_constants"": 999, ""max_depth"": 6, ""max_evals"": 2000000, ""max_unary"": 999, ""mutation_rate"": 0.1, ""ops"": [""+"", ""-"", ""*"", ""/"", ""sin"", ""cos"", ""exp"", ""log"", ""R""], ""succ_error_tol"": 1e-06}","{""K"": 500, ""c"": 6.0, ""exploration_rate"": 0.1, ""gamma"": 0.5, ""gp_rate"": 0.5, ""lm_iterations"": 10, ""max_constants"": 999, ""max_depth"": 6, ""max_evals"": 2000000, ""max_unary"": 999, ""mutation_rate"": 0.1, ""ops"": [""+"", ""-"", ""*"", ""/"", ""sin"", ""cos"", ""exp"", ""log"", ""R""], ""succ_error_tol"": 1e-06}",0.5
imcts,NguyenC,5,NguyenC-5,expression,53,1899,40,20,20,1,"[""x0""]",sin(x[0]**2) * cos(x[0]) - 0.75,0.9999999403953552,True,0.999999999965397,0.9999999999595155,14.0,44238,1.766047288023401,0.0,0,sin(x0) - 0.749999843573 - cos(x0 - 1.57079616255) - (cos(x0) - 2.11291691635e-07) * sin(x0 * x0) / -0.999996046896,sin(x0) - 0.749999843573 - cos(x0 - 1.57079616255) - (cos(x0) - 2.11291691635e-07) * sin(x0 * x0) / -0.999996046896,1.0*sin(x0**2)*cos(x0) + 0.000249*cos(x0) - 0.75,"[0.749999843573066, 1.0, 1.5707961625465934, 1.0, 1.0, 2.1129169163490183e-07, 1.0, 0.43201547223688125, 1.0, 1.0]","{""K"": 500, ""c"": 6.0, ""exploration_rate"": 0.1, ""gamma"": 0.5, ""gp_rate"": 0.5, ""lm_iterations"": 10, ""max_constants"": 999, ""max_depth"": 6, ""max_evals"": 2000000, ""max_unary"": 999, ""mutation_rate"": 0.1, ""ops"": [""+"", ""-"", ""*"", ""/"", ""sin"", ""cos"", ""exp"", ""log"", ""R""], ""succ_error_tol"": 1e-06}","{""K"": 500, ""c"": 6.0, ""exploration_rate"": 0.1, ""gamma"": 0.5, ""gp_rate"": 0.5, ""lm_iterations"": 10, ""max_constants"": 999, ""max_depth"": 6, ""max_evals"": 2000000, ""max_unary"": 999, ""mutation_rate"": 0.1, ""ops"": [""+"", ""-"", ""*"", ""/"", ""sin"", ""cos"", ""exp"", ""log"", ""R""], ""succ_error_tol"": 1e-06}",0.5
imcts,NguyenC,5,NguyenC-5,expression,54,24118,40,20,20,1,"[""x0""]",sin(x[0]**2) * cos(x[0]) - 0.75,0.9999999403953552,True,0.9999999999999991,0.9999999999999992,13.0,47565,1.8809987719869241,0.0,0,sin(1.57079632342 + 0.999999994107 * x0) * sin(-1.5201225552e-08 * x0 + x0 * x0) - 0.750000000152,sin(1.57079632342 + 0.999999994107 * x0) * sin(-1.5201225552e-08 * x0 + x0 * x0) - 0.750000000152,sin(x0**2)*sin(1.0*x0 + 1.57) - 0.75,"[1.5707963234198465, 0.9999999941069687, -1.5201225551995576e-08, 0.7500000001524212]","{""K"": 500, ""c"": 6.0, ""exploration_rate"": 0.1, ""gamma"": 0.5, ""gp_rate"": 0.5, ""lm_iterations"": 10, ""max_constants"": 999, ""max_depth"": 6, ""max_evals"": 2000000, ""max_unary"": 999, ""mutation_rate"": 0.1, ""ops"": [""+"", ""-"", ""*"", ""/"", ""sin"", ""cos"", ""exp"", ""log"", ""R""], ""succ_error_tol"": 1e-06}","{""K"": 500, ""c"": 6.0, ""exploration_rate"": 0.1, ""gamma"": 0.5, ""gp_rate"": 0.5, ""lm_iterations"": 10, ""max_constants"": 999, ""max_depth"": 6, ""max_evals"": 2000000, ""max_unary"": 999, ""mutation_rate"": 0.1, ""ops"": [""+"", ""-"", ""*"", ""/"", ""sin"", ""cos"", ""exp"", ""log"", ""R""], ""succ_error_tol"": 1e-06}",0.5
imcts,NguyenC,5,NguyenC-5,expression,55,1267,40,20,20,1,"[""x0""]",sin(x[0]**2) * cos(x[0]) - 0.75,0.9999998807907104,True,0.9999999999999967,0.9999999999999913,12.0,51094,1.9802519690128975,0.0,0,log(0.47236654928 - x0 * 2.73003897274e-07) - (sin(x0 * x0) + x0 - x0 * 0.999999436837) * cos(x0 + 3.14159232451),log(0.47236654928 - x0 * 2.73003897274e-07) - (sin(x0 * x0) + x0 - x0 * 0.999999436837) * cos(x0 + 3.14159232451),-sin(x0**2)*cos(x0 + 3.14) - 0.751,"[0.4723665492797569, 2.7300389727369204e-07, 0.9999994368365751, 3.141592324514693]","{""K"": 500, ""c"": 6.0, ""exploration_rate"": 0.1, ""gamma"": 0.5, ""gp_rate"": 0.5, ""lm_iterations"": 10, ""max_constants"": 999, ""max_depth"": 6, ""max_evals"": 2000000, ""max_unary"": 999, ""mutation_rate"": 0.1, ""ops"": [""+"", ""-"", ""*"", ""/"", ""sin"", ""cos"", ""exp"", ""log"", ""R""], ""succ_error_tol"": 1e-06}","{""K"": 500, ""c"": 6.0, ""exploration_rate"": 0.1, ""gamma"": 0.5, ""gp_rate"": 0.5, ""lm_iterations"": 10, ""max_constants"": 999, ""max_depth"": 6, ""max_evals"": 2000000, ""max_unary"": 999, ""mutation_rate"": 0.1, ""ops"": [""+"", ""-"", ""*"", ""/"", ""sin"", ""cos"", ""exp"", ""log"", ""R""], ""succ_error_tol"": 1e-06}",0.5
imcts,NguyenC,5,NguyenC-5,expression,56,31551,40,20,20,1,"[""x0""]",sin(x[0]**2) * cos(x[0]) - 0.75,0.9999994039535522,True,0.9999999999996337,0.9999999999997846,10.0,12836,0.45056354301050305,0.0,0,-0.999999730153 * sin(x0 * x0) * (x0 * -1.01975232455e-08 - cos(x0)) - 0.750000005067,-0.999999730153 * sin(x0 * x0) * (x0 * -1.01975232455e-08 - cos(x0)) - 0.750000005067,1.0*sin(x0**2)*cos(x0) - 0.75,"[-1.5715309652082508, -1.0197523245529793e-08, 1.0, 1.060880100387703, 1.0]","{""K"": 500, ""c"": 6.0, ""exploration_rate"": 0.1, ""gamma"": 0.5, ""gp_rate"": 0.5, ""lm_iterations"": 10, ""max_constants"": 999, ""max_depth"": 6, ""max_evals"": 2000000, ""max_unary"": 999, ""mutation_rate"": 0.1, ""ops"": [""+"", ""-"", ""*"", ""/"", ""sin"", ""cos"", ""exp"", ""log"", ""R""], ""succ_error_tol"": 1e-06}","{""K"": 500, ""c"": 6.0, ""exploration_rate"": 0.1, ""gamma"": 0.5, ""gp_rate"": 0.5, ""lm_iterations"": 10, ""max_constants"": 999, ""max_depth"": 6, ""max_evals"": 2000000, ""max_unary"": 999, ""mutation_rate"": 0.1, ""ops"": [""+"", ""-"", ""*"", ""/"", ""sin"", ""cos"", ""exp"", ""log"", ""R""], ""succ_error_tol"": 1e-06}",0.5
imcts,NguyenC,5,NguyenC-5,expression,57,17912,40,20,20,1,"[""x0""]",sin(x[0]**2) * cos(x[0]) - 0.75,0.9999998807907104,True,0.9999999999999997,0.9999999999999996,11.0,21171,0.7684391800430603,0.0,0,-0.750000004017 + cos(x0 * 0.999999986796) * sin(x0 * x0),-0.750000004017 + cos(x0 * 0.999999986796) * sin(x0 * x0),sin(x0**2)*cos(1.0*x0) - 0.75,"[-0.7500000040166839, 0.9999999867961423]","{""K"": 500, ""c"": 6.0, ""exploration_rate"": 0.1, ""gamma"": 0.5, ""gp_rate"": 0.5, ""lm_iterations"": 10, ""max_constants"": 999, ""max_depth"": 6, ""max_evals"": 2000000, ""max_unary"": 999, ""mutation_rate"": 0.1, ""ops"": [""+"", ""-"", ""*"", ""/"", ""sin"", ""cos"", ""exp"", ""log"", ""R""], ""succ_error_tol"": 1e-06}","{""K"": 500, ""c"": 6.0, ""exploration_rate"": 0.1, ""gamma"": 0.5, ""gp_rate"": 0.5, ""lm_iterations"": 10, ""max_constants"": 999, ""max_depth"": 6, ""max_evals"": 2000000, ""max_unary"": 999, ""mutation_rate"": 0.1, ""ops"": [""+"", ""-"", ""*"", ""/"", ""sin"", ""cos"", ""exp"", ""log"", ""R""], ""succ_error_tol"": 1e-06}",0.5
imcts,NguyenC,5,NguyenC-5,expression,58,11394,40,20,20,1,"[""x0""]",sin(x[0]**2) * cos(x[0]) - 0.75,0.9999999403953552,True,0.9999999999999991,0.999999999999999,10.0,99467,4.089823319984134,0.0,0,-0.74999999665 - cos(x0) * -1.00000000794 * sin(x0 * x0),-0.74999999665 - cos(x0) * -1.00000000794 * sin(x0 * x0),1.0*sin(x0**2)*cos(x0) - 0.75,"[-0.7499999966504038, 2.8304877311449257, 0.9519959149338744]","{""K"": 500, ""c"": 6.0, ""exploration_rate"": 0.1, ""gamma"": 0.5, ""gp_rate"": 0.5, ""lm_iterations"": 10, ""max_constants"": 999, ""max_depth"": 6, ""max_evals"": 2000000, ""max_unary"": 999, ""mutation_rate"": 0.1, ""ops"": [""+"", ""-"", ""*"", ""/"", ""sin"", ""cos"", ""exp"", ""log"", ""R""], ""succ_error_tol"": 1e-06}","{""K"": 500, ""c"": 6.0, ""exploration_rate"": 0.1, ""gamma"": 0.5, ""gp_rate"": 0.5, ""lm_iterations"": 10, ""max_constants"": 999, ""max_depth"": 6, ""max_evals"": 2000000, ""max_unary"": 999, ""mutation_rate"": 0.1, ""ops"": [""+"", ""-"", ""*"", ""/"", ""sin"", ""cos"", ""exp"", ""log"", ""R""], ""succ_error_tol"": 1e-06}",0.5
imcts,NguyenC,5,NguyenC-5,expression,59,3556,40,20,20,1,"[""x0""]",sin(x[0]**2) * cos(x[0]) - 0.75,0.9999998807907104,True,0.9999999999999994,0.9999999999999996,10.0,22953,0.8212526959832758,0.0,0,-0.749999996801 + sin(x0 * (x0 - -8.38475363388e-09)) * (-2.54007733026e-08 * x0 + 2.38597301286) * cos(x0) / 2.38597301438,-0.749999996801 + sin(x0 * (x0 - -8.38475363388e-09)) * (-2.54007733026e-08 * x0 + 2.38597301286) * cos(x0) / 2.38597301438,1.0*sin(x0**2)*cos(x0) - 0.75,"[-0.7499999968009826, -8.384753633877367e-09, -2.5400773302612024e-08, 2.3859730128582797, 0.8696070136276262]","{""K"": 500, ""c"": 6.0, ""exploration_rate"": 0.1, ""gamma"": 0.5, ""gp_rate"": 0.5, ""lm_iterations"": 10, ""max_constants"": 999, ""max_depth"": 6, ""max_evals"": 2000000, ""max_unary"": 999, ""mutation_rate"": 0.1, ""ops"": [""+"", ""-"", ""*"", ""/"", ""sin"", ""cos"", ""exp"", ""log"", ""R""], ""succ_error_tol"": 1e-06}","{""K"": 500, ""c"": 6.0, ""exploration_rate"": 0.1, ""gamma"": 0.5, ""gp_rate"": 0.5, ""lm_iterations"": 10, ""max_constants"": 999, ""max_depth"": 6, ""max_evals"": 2000000, ""max_unary"": 999, ""mutation_rate"": 0.1, ""ops"": [""+"", ""-"", ""*"", ""/"", ""sin"", ""cos"", ""exp"", ""log"", ""R""], ""succ_error_tol"": 1e-06}",0.5
imcts,NguyenC,5,NguyenC-5,expression,60,3890,40,20,20,1,"[""x0""]",sin(x[0]**2) * cos(x[0]) - 0.75,0.9999998807907104,True,1.0,1.0,12.0,16298,0.5608972540358081,0.0,0,cos(x0) * -0.999999996 * cos(1.57079631886 + x0 * x0) + -0.749999993204,cos(x0) * -0.999999996 * cos(1.57079631886 + x0 * x0) + -0.749999993204,-1.0*cos(x0)*cos(x0**2 + 1.57) - 0.75,"[-0.9999999959998113, 0.6047262365177388, 0.9660700823432645, -0.749999993203666]","{""K"": 500, ""c"": 6.0, ""exploration_rate"": 0.1, ""gamma"": 0.5, ""gp_rate"": 0.5, ""lm_iterations"": 10, ""max_constants"": 999, ""max_depth"": 6, ""max_evals"": 2000000, ""max_unary"": 999, ""mutation_rate"": 0.1, ""ops"": [""+"", ""-"", ""*"", ""/"", ""sin"", ""cos"", ""exp"", ""log"", ""R""], ""succ_error_tol"": 1e-06}","{""K"": 500, ""c"": 6.0, ""exploration_rate"": 0.1, ""gamma"": 0.5, ""gp_rate"": 0.5, ""lm_iterations"": 10, ""max_constants"": 999, ""max_depth"": 6, ""max_evals"": 2000000, ""max_unary"": 999, ""mutation_rate"": 0.1, ""ops"": [""+"", ""-"", ""*"", ""/"", ""sin"", ""cos"", ""exp"", ""log"", ""R""], ""succ_error_tol"": 1e-06}",0.5
imcts,NguyenC,5,NguyenC-5,expression,61,8838,40,20,20,1,"[""x0""]",sin(x[0]**2) * cos(x[0]) - 0.75,0.9999999403953552,True,0.9999999999999968,0.9999999999999941,16.0,65591,2.637164830986876,0.0,0,cos(x0 * x0 - 1.57079631589) * sin(1.57079631535 - x0 / 0.999999980955) + -0.749999996912,cos(x0 * x0 - 1.57079631589) * sin(1.57079631535 - x0 / 0.999999980955) + -0.749999996912,-sin(1.0*x0 - 1.57)*cos(x0**2 - 1.57) - 0.75,"[1.5707963158887746, 1.5707963153515068, 0.9999999809550291, 0.4723665540998478]","{""K"": 500, ""c"": 6.0, ""exploration_rate"": 0.1, ""gamma"": 0.5, ""gp_rate"": 0.5, ""lm_iterations"": 10, ""max_constants"": 999, ""max_depth"": 6, ""max_evals"": 2000000, ""max_unary"": 999, ""mutation_rate"": 0.1, ""ops"": [""+"", ""-"", ""*"", ""/"", ""sin"", ""cos"", ""exp"", ""log"", ""R""], ""succ_error_tol"": 1e-06}","{""K"": 500, ""c"": 6.0, ""exploration_rate"": 0.1, ""gamma"": 0.5, ""gp_rate"": 0.5, ""lm_iterations"": 10, ""max_constants"": 999, ""max_depth"": 6, ""max_evals"": 2000000, ""max_unary"": 999, ""mutation_rate"": 0.1, ""ops"": [""+"", ""-"", ""*"", ""/"", ""sin"", ""cos"", ""exp"", ""log"", ""R""], ""succ_error_tol"": 1e-06}",0.5
imcts,NguyenC,5,NguyenC-5,expression,62,30740,40,20,20,1,"[""x0""]",sin(x[0]**2) * cos(x[0]) - 0.75,0.9999992251396179,True,0.9999999999993422,0.9999999999996517,14.0,35581,1.3572866329923272,0.0,0,sin((-1.39760800219e-07 - x0) * x0 * 0.999999640699) * cos(3.14159242168 - x0) + exp(x0 - x0) + -1.74999999471,sin((-1.39760800219e-07 - x0) * x0 * 0.999999640699) * cos(3.14159242168 - x0) + exp(x0 - x0) + -1.74999999471,-sin(1.0*x0**2)*cos(x0 - 3.14) - 0.75,"[-1.3976080021863447e-07, 0.9999996406985698, 1.1447298120300256, 0.17466063339304524]","{""K"": 500, ""c"": 6.0, ""exploration_rate"": 0.1, ""gamma"": 0.5, ""gp_rate"": 0.5, ""lm_iterations"": 10, ""max_constants"": 999, ""max_depth"": 6, ""max_evals"": 2000000, ""max_unary"": 999, ""mutation_rate"": 0.1, ""ops"": [""+"", ""-"", ""*"", ""/"", ""sin"", ""cos"", ""exp"", ""log"", ""R""], ""succ_error_tol"": 1e-06}","{""K"": 500, ""c"": 6.0, ""exploration_rate"": 0.1, ""gamma"": 0.5, ""gp_rate"": 0.5, ""lm_iterations"": 10, ""max_constants"": 999, ""max_depth"": 6, ""max_evals"": 2000000, ""max_unary"": 999, ""mutation_rate"": 0.1, ""ops"": [""+"", ""-"", ""*"", ""/"", ""sin"", ""cos"", ""exp"", ""log"", ""R""], ""succ_error_tol"": 1e-06}",0.5
imcts,NguyenC,5,NguyenC-5,expression,63,27464,40,20,20,1,"[""x0""]",sin(x[0]**2) * cos(x[0]) - 0.75,0.9999998807907104,True,0.9999999999999998,0.9999999999999999,11.0,17243,0.623820579960011,0.0,0,sin(x0 * x0) * (sin(-1.36842517192e-07 * x0) + sin(x0 + 1.57079617389)) - 0.749999999332,sin(x0 * x0) * (sin(-1.36842517192e-07 * x0) + sin(x0 + 1.57079617389)) - 0.749999999332,sin(x0**2)*sin(x0 + 1.57) - 0.75,"[-1.3684251719154665e-07, 1.5707961738924863, 0.7499999993318134]","{""K"": 500, ""c"": 6.0, ""exploration_rate"": 0.1, ""gamma"": 0.5, ""gp_rate"": 0.5, ""lm_iterations"": 10, ""max_constants"": 999, ""max_depth"": 6, ""max_evals"": 2000000, ""max_unary"": 999, ""mutation_rate"": 0.1, ""ops"": [""+"", ""-"", ""*"", ""/"", ""sin"", ""cos"", ""exp"", ""log"", ""R""], ""succ_error_tol"": 1e-06}","{""K"": 500, ""c"": 6.0, ""exploration_rate"": 0.1, ""gamma"": 0.5, ""gp_rate"": 0.5, ""lm_iterations"": 10, ""max_constants"": 999, ""max_depth"": 6, ""max_evals"": 2000000, ""max_unary"": 999, ""mutation_rate"": 0.1, ""ops"": [""+"", ""-"", ""*"", ""/"", ""sin"", ""cos"", ""exp"", ""log"", ""R""], ""succ_error_tol"": 1e-06}",0.5
imcts,NguyenC,5,NguyenC-5,expression,64,14502,40,20,20,1,"[""x0""]",sin(x[0]**2) * cos(x[0]) - 0.75,0.9999998807907104,True,0.9999999999999977,0.9999999999999991,11.0,18201,0.6594769739895128,0.0,0,sin((x0 - 1.20656457141e-08) / (0.999999990347 / x0)) * cos(x0) - 0.750000004414,sin((x0 - 1.20656457141e-08) / (0.999999990347 / x0)) * cos(x0) - 0.750000004414,sin(1.0*x0**2)*cos(x0) - 0.75,"[1.2065645714112083e-08, 0.9999999903474657, 0.7500000044139982]","{""K"": 500, ""c"": 6.0, ""exploration_rate"": 0.1, ""gamma"": 0.5, ""gp_rate"": 0.5, ""lm_iterations"": 10, ""max_constants"": 999, ""max_depth"": 6, ""max_evals"": 2000000, ""max_unary"": 999, ""mutation_rate"": 0.1, ""ops"": [""+"", ""-"", ""*"", ""/"", ""sin"", ""cos"", ""exp"", ""log"", ""R""], ""succ_error_tol"": 1e-06}","{""K"": 500, ""c"": 6.0, ""exploration_rate"": 0.1, ""gamma"": 0.5, ""gp_rate"": 0.5, ""lm_iterations"": 10, ""max_constants"": 999, ""max_depth"": 6, ""max_evals"": 2000000, ""max_unary"": 999, ""mutation_rate"": 0.1, ""ops"": [""+"", ""-"", ""*"", ""/"", ""sin"", ""cos"", ""exp"", ""log"", ""R""], ""succ_error_tol"": 1e-06}",0.5
imcts,NguyenC,5,NguyenC-5,expression,65,21777,40,20,20,1,"[""x0""]",sin(x[0]**2) * cos(x[0]) - 0.75,0.9999998807907104,True,0.9999999999999999,0.9999999999999997,12.0,54166,2.228432443982456,0.0,0,((x0 + 0.735180090581) * -1.08660687811e-09 - 0.999999991175) * (0.750000005951 + sin(-1.57079632708 + x0) * sin(x0 * x0)),((x0 + 0.735180090581) * -1.08660687811e-09 - 0.999999991175) * (0.750000005951 + sin(-1.57079632708 + x0) * sin(x0 * x0)),-1.0*sin(x0**2)*sin(x0 - 1.57) - 0.75,"[0.7351800905807373, -3.0742400149755515e-09, 0.3534554468138355, 0.9999999911753858, 0.750000005951163, -1.5707963270756993]","{""K"": 500, ""c"": 6.0, ""exploration_rate"": 0.1, ""gamma"": 0.5, ""gp_rate"": 0.5, ""lm_iterations"": 10, ""max_constants"": 999, ""max_depth"": 6, ""max_evals"": 2000000, ""max_unary"": 999, ""mutation_rate"": 0.1, ""ops"": [""+"", ""-"", ""*"", ""/"", ""sin"", ""cos"", ""exp"", ""log"", ""R""], ""succ_error_tol"": 1e-06}","{""K"": 500, ""c"": 6.0, ""exploration_rate"": 0.1, ""gamma"": 0.5, ""gp_rate"": 0.5, ""lm_iterations"": 10, ""max_constants"": 999, ""max_depth"": 6, ""max_evals"": 2000000, ""max_unary"": 999, ""mutation_rate"": 0.1, ""ops"": [""+"", ""-"", ""*"", ""/"", ""sin"", ""cos"", ""exp"", ""log"", ""R""], ""succ_error_tol"": 1e-06}",0.5
imcts,NguyenC,5,NguyenC-5,expression,66,10627,40,20,20,1,"[""x0""]",sin(x[0]**2) * cos(x[0]) - 0.75,0.9999999403953552,True,1.0,1.0,9.0,40990,1.6436674519791268,0.0,0,-0.749999999596 + sin(x0 * x0) * cos(x0),-0.749999999596 + sin(x0 * x0) * cos(x0),sin(x0**2)*cos(x0) - 0.75,[-2.2935305752194464],"{""K"": 500, ""c"": 6.0, ""exploration_rate"": 0.1, ""gamma"": 0.5, ""gp_rate"": 0.5, ""lm_iterations"": 10, ""max_constants"": 999, ""max_depth"": 6, ""max_evals"": 2000000, ""max_unary"": 999, ""mutation_rate"": 0.1, ""ops"": [""+"", ""-"", ""*"", ""/"", ""sin"", ""cos"", ""exp"", ""log"", ""R""], ""succ_error_tol"": 1e-06}","{""K"": 500, ""c"": 6.0, ""exploration_rate"": 0.1, ""gamma"": 0.5, ""gp_rate"": 0.5, ""lm_iterations"": 10, ""max_constants"": 999, ""max_depth"": 6, ""max_evals"": 2000000, ""max_unary"": 999, ""mutation_rate"": 0.1, ""ops"": [""+"", ""-"", ""*"", ""/"", ""sin"", ""cos"", ""exp"", ""log"", ""R""], ""succ_error_tol"": 1e-06}",0.5
imcts,NguyenC,5,NguyenC-5,expression,67,8792,40,20,20,1,"[""x0""]",sin(x[0]**2) * cos(x[0]) - 0.75,0.9999998807907104,True,0.9999999999999992,0.9999999999999991,10.0,74506,2.9986444750102237,0.0,0,sin(x0 * x0 + 6.01489066095e-08) * cos(x0) * 1.0000000825 + -0.7500000649,sin(x0 * x0 + 6.01489066095e-08) * cos(x0) * 1.0000000825 + -0.7500000649,1.0*sin(x0**2)*cos(x0) - 0.75,"[6.014890660953764e-08, 1.000000082503124, -0.22182226063954963, 1.0143431437899255]","{""K"": 500, ""c"": 6.0, ""exploration_rate"": 0.1, ""gamma"": 0.5, ""gp_rate"": 0.5, ""lm_iterations"": 10, ""max_constants"": 999, ""max_depth"": 6, ""max_evals"": 2000000, ""max_unary"": 999, ""mutation_rate"": 0.1, ""ops"": [""+"", ""-"", ""*"", ""/"", ""sin"", ""cos"", ""exp"", ""log"", ""R""], ""succ_error_tol"": 1e-06}","{""K"": 500, ""c"": 6.0, ""exploration_rate"": 0.1, ""gamma"": 0.5, ""gp_rate"": 0.5, ""lm_iterations"": 10, ""max_constants"": 999, ""max_depth"": 6, ""max_evals"": 2000000, ""max_unary"": 999, ""mutation_rate"": 0.1, ""ops"": [""+"", ""-"", ""*"", ""/"", ""sin"", ""cos"", ""exp"", ""log"", ""R""], ""succ_error_tol"": 1e-06}",0.5
imcts,NguyenC,5,NguyenC-5,expression,68,10555,40,20,20,1,"[""x0""]",sin(x[0]**2) * cos(x[0]) - 0.75,0.9999998807907104,True,0.9999999999999992,0.9999999999999799,14.0,25503,0.8919875199790113,0.0,0,-0.749999999307 - sin(x0 * x0) / 0.999999937038 * sin(x0 - 1.57079627464 + x0 * 1.53515322277e-07),-0.749999999307 - sin(x0 * x0) / 0.999999937038 * sin(x0 - 1.57079627464 + x0 * 1.53515322277e-07),-1.0*sin(x0**2)*sin(1.0*x0 - 1.57) - 0.75,"[-0.7499999993073818, 1.3302412221496538, 0.7746875275980416, 1.570796274643542, 1.535153222769557e-07]","{""K"": 500, ""c"": 6.0, ""exploration_rate"": 0.1, ""gamma"": 0.5, ""gp_rate"": 0.5, ""lm_iterations"": 10, ""max_constants"": 999, ""max_depth"": 6, ""max_evals"": 2000000, ""max_unary"": 999, ""mutation_rate"": 0.1, ""ops"": [""+"", ""-"", ""*"", ""/"", ""sin"", ""cos"", ""exp"", ""log"", ""R""], ""succ_error_tol"": 1e-06}","{""K"": 500, ""c"": 6.0, ""exploration_rate"": 0.1, ""gamma"": 0.5, ""gp_rate"": 0.5, ""lm_iterations"": 10, ""max_constants"": 999, ""max_depth"": 6, ""max_evals"": 2000000, ""max_unary"": 999, ""mutation_rate"": 0.1, ""ops"": [""+"", ""-"", ""*"", ""/"", ""sin"", ""cos"", ""exp"", ""log"", ""R""], ""succ_error_tol"": 1e-06}",0.5
imcts,NguyenC,5,NguyenC-5,expression,69,10253,40,20,20,1,"[""x0""]",sin(x[0]**2) * cos(x[0]) - 0.75,0.9999998807907104,True,0.9999999999999982,0.9999999999999881,9.0,32362,1.2571234420174733,0.0,0,-0.750000010917 + sin(x0 * x0 + 1.31353143933e-08) * (cos(4.02761216385e-08 - x0) + -2.02547040749e-08),-0.750000010917 + sin(x0 * x0 + 1.31353143933e-08) * (cos(4.02761216385e-08 - x0) + -2.02547040749e-08),sin(x0**2)*cos(x0) - 0.75,"[-3.3044478948837206, 2.5544478839663833, 1.3135314393296319e-08, 4.0276121638543243e-08, 1.5707963470496007]","{""K"": 500, ""c"": 6.0, ""exploration_rate"": 0.1, ""gamma"": 0.5, ""gp_rate"": 0.5, ""lm_iterations"": 10, ""max_constants"": 999, ""max_depth"": 6, ""max_evals"": 2000000, ""max_unary"": 999, ""mutation_rate"": 0.1, ""ops"": [""+"", ""-"", ""*"", ""/"", ""sin"", ""cos"", ""exp"", ""log"", ""R""], ""succ_error_tol"": 1e-06}","{""K"": 500, ""c"": 6.0, ""exploration_rate"": 0.1, ""gamma"": 0.5, ""gp_rate"": 0.5, ""lm_iterations"": 10, ""max_constants"": 999, ""max_depth"": 6, ""max_evals"": 2000000, ""max_unary"": 999, ""mutation_rate"": 0.1, ""ops"": [""+"", ""-"", ""*"", ""/"", ""sin"", ""cos"", ""exp"", ""log"", ""R""], ""succ_error_tol"": 1e-06}",0.5
imcts,NguyenC,5,NguyenC-5,expression,70,8433,40,20,20,1,"[""x0""]",sin(x[0]**2) * cos(x[0]) - 0.75,0.9999997019767761,True,0.9999999999999425,0.9999999999999719,10.0,24603,0.9277762490091845,0.0,0,-1.00000001551 * x0 + x0 + -0.74999999589 - -0.949842101672 * 1.05280653054 * cos(x0) * sin(x0 * (-6.3507207193e-08 + x0)),-1.00000001551 * x0 + x0 + -0.74999999589 - -0.949842101672 * 1.05280653054 * cos(x0) * sin(x0 * (-6.3507207193e-08 + x0)),1.0*sin(x0**2)*cos(x0) - 0.75,"[-1.0000000155106423, -0.7499999958900391, 2.823526933318345, 1.0528065305419392, -6.35072071929828e-08]","{""K"": 500, ""c"": 6.0, ""exploration_rate"": 0.1, ""gamma"": 0.5, ""gp_rate"": 0.5, ""lm_iterations"": 10, ""max_constants"": 999, ""max_depth"": 6, ""max_evals"": 2000000, ""max_unary"": 999, ""mutation_rate"": 0.1, ""ops"": [""+"", ""-"", ""*"", ""/"", ""sin"", ""cos"", ""exp"", ""log"", ""R""], ""succ_error_tol"": 1e-06}","{""K"": 500, ""c"": 6.0, ""exploration_rate"": 0.1, ""gamma"": 0.5, ""gp_rate"": 0.5, ""lm_iterations"": 10, ""max_constants"": 999, ""max_depth"": 6, ""max_evals"": 2000000, ""max_unary"": 999, ""mutation_rate"": 0.1, ""ops"": [""+"", ""-"", ""*"", ""/"", ""sin"", ""cos"", ""exp"", ""log"", ""R""], ""succ_error_tol"": 1e-06}",0.5
imcts,NguyenC,5,NguyenC-5,expression,71,10233,40,20,20,1,"[""x0""]",sin(x[0]**2) * cos(x[0]) - 0.75,0.9999997019767761,True,0.999999999999914,0.9999999999998805,9.0,24076,0.8713473139796406,0.0,0,(-2.53925740754e-07 * x0 + -4.11846002224e-08 - cos(x0)) * sin((-2.38776032729e-05 + x0) * (-2.42586236138e-05 - x0)) + -4.07469880486e-07 * sin(x0) - (-6.66713594437e-10 / x0 + 0.750000061234),(-2.53925740754e-07 * x0 + -4.11846002224e-08 - cos(x0)) * sin((-2.38776032729e-05 + x0) * (-2.42586236138e-05 - x0)) + -4.07469880486e-07 * sin(x0) - (-6.66713594437e-10 / x0 + 0.750000061234),sin(x0**2)*cos(x0) - 0.75,"[-2.5392574075424647e-07, -4.118460022235712e-08, -2.3877603272873254e-05, -2.4258623613762284e-05, -4.0746988048560205e-07, -6.667135944365466e-10, 0.7500000612337946]","{""K"": 500, ""c"": 6.0, ""exploration_rate"": 0.1, ""gamma"": 0.5, ""gp_rate"": 0.5, ""lm_iterations"": 10, ""max_constants"": 999, ""max_depth"": 6, ""max_evals"": 2000000, ""max_unary"": 999, ""mutation_rate"": 0.1, ""ops"": [""+"", ""-"", ""*"", ""/"", ""sin"", ""cos"", ""exp"", ""log"", ""R""], ""succ_error_tol"": 1e-06}","{""K"": 500, ""c"": 6.0, ""exploration_rate"": 0.1, ""gamma"": 0.5, ""gp_rate"": 0.5, ""lm_iterations"": 10, ""max_constants"": 999, ""max_depth"": 6, ""max_evals"": 2000000, ""max_unary"": 999, ""mutation_rate"": 0.1, ""ops"": [""+"", ""-"", ""*"", ""/"", ""sin"", ""cos"", ""exp"", ""log"", ""R""], ""succ_error_tol"": 1e-06}",0.5
imcts,NguyenC,5,NguyenC-5,expression,72,11016,40,20,20,1,"[""x0""]",sin(x[0]**2) * cos(x[0]) - 0.75,0.9999998211860657,True,0.9999999999999973,0.999999999999999,10.0,80311,3.1114211219828576,0.0,0,(sin(x0) + cos(x0) - cos(1.57079643376 - x0)) * sin(x0 * x0) + -0.750000108755 + cos(x0) * 9.97035883891e-08,(sin(x0) + cos(x0) - cos(1.57079643376 - x0)) * sin(x0 * x0) + -0.750000108755 + cos(x0) * 9.97035883891e-08,1.0*sin(x0**2)*cos(x0) - 0.75,"[1.570796433764394, -0.7500001087551185, 9.970358838909371e-08, 1.0]","{""K"": 500, ""c"": 6.0, ""exploration_rate"": 0.1, ""gamma"": 0.5, ""gp_rate"": 0.5, ""lm_iterations"": 10, ""max_constants"": 999, ""max_depth"": 6, ""max_evals"": 2000000, ""max_unary"": 999, ""mutation_rate"": 0.1, ""ops"": [""+"", ""-"", ""*"", ""/"", ""sin"", ""cos"", ""exp"", ""log"", ""R""], ""succ_error_tol"": 1e-06}","{""K"": 500, ""c"": 6.0, ""exploration_rate"": 0.1, ""gamma"": 0.5, ""gp_rate"": 0.5, ""lm_iterations"": 10, ""max_constants"": 999, ""max_depth"": 6, ""max_evals"": 2000000, ""max_unary"": 999, ""mutation_rate"": 0.1, ""ops"": [""+"", ""-"", ""*"", ""/"", ""sin"", ""cos"", ""exp"", ""log"", ""R""], ""succ_error_tol"": 1e-06}",0.5
imcts,NguyenC,5,NguyenC-5,expression,73,23897,40,20,20,1,"[""x0""]",sin(x[0]**2) * cos(x[0]) - 0.75,0.9999998807907104,True,1.0,1.0,11.0,56032,2.3337251039920375,0.0,0,-0.749999999165 + sin(x0 * 0.999999997499 * x0) * cos(x0),-0.749999999165 + sin(x0 * 0.999999997499 * x0) * cos(x0),sin(1.0*x0**2)*cos(x0) - 0.75,"[-2.2935305758711726, 0.9999999974988663]","{""K"": 500, ""c"": 6.0, ""exploration_rate"": 0.1, ""gamma"": 0.5, ""gp_rate"": 0.5, ""lm_iterations"": 10, ""max_constants"": 999, ""max_depth"": 6, ""max_evals"": 2000000, ""max_unary"": 999, ""mutation_rate"": 0.1, ""ops"": [""+"", ""-"", ""*"", ""/"", ""sin"", ""cos"", ""exp"", ""log"", ""R""], ""succ_error_tol"": 1e-06}","{""K"": 500, ""c"": 6.0, ""exploration_rate"": 0.1, ""gamma"": 0.5, ""gp_rate"": 0.5, ""lm_iterations"": 10, ""max_constants"": 999, ""max_depth"": 6, ""max_evals"": 2000000, ""max_unary"": 999, ""mutation_rate"": 0.1, ""ops"": [""+"", ""-"", ""*"", ""/"", ""sin"", ""cos"", ""exp"", ""log"", ""R""], ""succ_error_tol"": 1e-06}",0.5
imcts,NguyenC,5,NguyenC-5,expression,74,2612,40,20,20,1,"[""x0""]",sin(x[0]**2) * cos(x[0]) - 0.75,0.9999998807907104,True,0.9999999999999992,0.9999999999999992,9.0,42632,1.7932602150249295,0.0,0,9.4488242265e-07 * (x0 + 0.000273886783399) * sin(x0) - 1.59147098009 + sin(x0 * x0) * (-9.24235189142e-07 + cos(x0)) + x0 + 0.841470984808 - x0,9.4488242265e-07 * (x0 + 0.000273886783399) * sin(x0) - 1.59147098009 + sin(x0 * x0) * (-9.24235189142e-07 + cos(x0)) + x0 + 0.841470984808 - x0,sin(x0**2)*cos(x0) - 0.75,"[9.448824226495234e-07, 0.0002738867833985092, 0.3928889081393184, 0.8397296608191176, -9.242351891422626e-07, 1.0]","{""K"": 500, ""c"": 6.0, ""exploration_rate"": 0.1, ""gamma"": 0.5, ""gp_rate"": 0.5, ""lm_iterations"": 10, ""max_constants"": 999, ""max_depth"": 6, ""max_evals"": 2000000, ""max_unary"": 999, ""mutation_rate"": 0.1, ""ops"": [""+"", ""-"", ""*"", ""/"", ""sin"", ""cos"", ""exp"", ""log"", ""R""], ""succ_error_tol"": 1e-06}","{""K"": 500, ""c"": 6.0, ""exploration_rate"": 0.1, ""gamma"": 0.5, ""gp_rate"": 0.5, ""lm_iterations"": 10, ""max_constants"": 999, ""max_depth"": 6, ""max_evals"": 2000000, ""max_unary"": 999, ""mutation_rate"": 0.1, ""ops"": [""+"", ""-"", ""*"", ""/"", ""sin"", ""cos"", ""exp"", ""log"", ""R""], ""succ_error_tol"": 1e-06}",0.5
imcts,NguyenC,5,NguyenC-5,expression,75,23425,40,20,20,1,"[""x0""]",sin(x[0]**2) * cos(x[0]) - 0.75,0.9999999403953552,True,0.9999999999999984,0.9999999999999979,14.0,22084,0.8129879530170001,0.0,0,cos(x0 / 1.00000860002) * 1.00000634094 * cos(x0 * x0 - 1.57078363393) + -0.750012682939,cos(x0 / 1.00000860002) * 1.00000634094 * cos(x0 * x0 - 1.57078363393) + -0.750012682939,1.0*cos(1.0*x0)*cos(x0**2 - 1.57) - 0.75,"[1.0000086000193869, 1.00000634094108, 0.45157462472535087, -2.2935113995987177]","{""K"": 500, ""c"": 6.0, ""exploration_rate"": 0.1, ""gamma"": 0.5, ""gp_rate"": 0.5, ""lm_iterations"": 10, ""max_constants"": 999, ""max_depth"": 6, ""max_evals"": 2000000, ""max_unary"": 999, ""mutation_rate"": 0.1, ""ops"": [""+"", ""-"", ""*"", ""/"", ""sin"", ""cos"", ""exp"", ""log"", ""R""], ""succ_error_tol"": 1e-06}","{""K"": 500, ""c"": 6.0, ""exploration_rate"": 0.1, ""gamma"": 0.5, ""gp_rate"": 0.5, ""lm_iterations"": 10, ""max_constants"": 999, ""max_depth"": 6, ""max_evals"": 2000000, ""max_unary"": 999, ""mutation_rate"": 0.1, ""ops"": [""+"", ""-"", ""*"", ""/"", ""sin"", ""cos"", ""exp"", ""log"", ""R""], ""succ_error_tol"": 1e-06}",0.5
imcts,NguyenC,5,NguyenC-5,expression,76,25939,40,20,20,1,"[""x0""]",sin(x[0]**2) * cos(x[0]) - 0.75,0.9999999403953552,True,0.9999999999999993,0.9999999999999993,14.0,23900,0.8968266530428082,0.0,0,-0.750000048537 + 1.00000006811 * sin(x0 + 1.57079632642) * cos(x0 * x0 - 1.57079628692),-0.750000048537 + 1.00000006811 * sin(x0 + 1.57079632642) * cos(x0 * x0 - 1.57079628692),1.0*sin(x0 + 1.57)*cos(x0**2 - 1.57) - 0.75,"[-0.8480621523632841, 1.0000000681063625, 1.570796326416494, 1.5707962869236782]","{""K"": 500, ""c"": 6.0, ""exploration_rate"": 0.1, ""gamma"": 0.5, ""gp_rate"": 0.5, ""lm_iterations"": 10, ""max_constants"": 999, ""max_depth"": 6, ""max_evals"": 2000000, ""max_unary"": 999, ""mutation_rate"": 0.1, ""ops"": [""+"", ""-"", ""*"", ""/"", ""sin"", ""cos"", ""exp"", ""log"", ""R""], ""succ_error_tol"": 1e-06}","{""K"": 500, ""c"": 6.0, ""exploration_rate"": 0.1, ""gamma"": 0.5, ""gp_rate"": 0.5, ""lm_iterations"": 10, ""max_constants"": 999, ""max_depth"": 6, ""max_evals"": 2000000, ""max_unary"": 999, ""mutation_rate"": 0.1, ""ops"": [""+"", ""-"", ""*"", ""/"", ""sin"", ""cos"", ""exp"", ""log"", ""R""], ""succ_error_tol"": 1e-06}",0.5
imcts,NguyenC,5,NguyenC-5,expression,77,22619,40,20,20,1,"[""x0""]",sin(x[0]**2) * cos(x[0]) - 0.75,0.9999999403953552,True,0.9999999999999999,0.9999999999999999,11.0,72702,3.0812931539840065,0.0,0,-0.749999998768 + sin(1.57079632816 + x0) * sin(x0 * x0) - cos(2.21321831542 + x0 * 1.63625379546) * 1.46682829326e-09,-0.749999998768 + sin(1.57079632816 + x0) * sin(x0 * x0) - cos(2.21321831542 + x0 * 1.63625379546) * 1.46682829326e-09,sin(x0**2)*sin(x0 + 1.57) - 0.75,"[-0.7499999987675726, 1.5707963281583186, 1.0516425686125366, 1.1615757468081114, 1.6362537954644436, 1.4668282932599445e-09]","{""K"": 500, ""c"": 6.0, ""exploration_rate"": 0.1, ""gamma"": 0.5, ""gp_rate"": 0.5, ""lm_iterations"": 10, ""max_constants"": 999, ""max_depth"": 6, ""max_evals"": 2000000, ""max_unary"": 999, ""mutation_rate"": 0.1, ""ops"": [""+"", ""-"", ""*"", ""/"", ""sin"", ""cos"", ""exp"", ""log"", ""R""], ""succ_error_tol"": 1e-06}","{""K"": 500, ""c"": 6.0, ""exploration_rate"": 0.1, ""gamma"": 0.5, ""gp_rate"": 0.5, ""lm_iterations"": 10, ""max_constants"": 999, ""max_depth"": 6, ""max_evals"": 2000000, ""max_unary"": 999, ""mutation_rate"": 0.1, ""ops"": [""+"", ""-"", ""*"", ""/"", ""sin"", ""cos"", ""exp"", ""log"", ""R""], ""succ_error_tol"": 1e-06}",0.5
imcts,NguyenC,5,NguyenC-5,expression,78,21870,40,20,20,1,"[""x0""]",sin(x[0]**2) * cos(x[0]) - 0.75,0.9999999403953552,True,0.9999999999999974,0.9999999999999972,12.0,22291,0.8406652639969252,0.0,0,sin(x0 * (x0 + 8.8361478613e-09)) * (7.72651922246e-07 * x0 + sin(1.57079542855 - x0)) + -0.749999996217,sin(x0 * (x0 + 8.8361478613e-09)) * (7.72651922246e-07 * x0 + sin(1.57079542855 - x0)) + -0.749999996217,-sin(x0**2)*sin(x0 - 1.57) - 0.75,"[8.8361478613033e-09, 7.726519222463757e-07, 1.5707954285465289, -0.7499999962173263]","{""K"": 500, ""c"": 6.0, ""exploration_rate"": 0.1, ""gamma"": 0.5, ""gp_rate"": 0.5, ""lm_iterations"": 10, ""max_constants"": 999, ""max_depth"": 6, ""max_evals"": 2000000, ""max_unary"": 999, ""mutation_rate"": 0.1, ""ops"": [""+"", ""-"", ""*"", ""/"", ""sin"", ""cos"", ""exp"", ""log"", ""R""], ""succ_error_tol"": 1e-06}","{""K"": 500, ""c"": 6.0, ""exploration_rate"": 0.1, ""gamma"": 0.5, ""gp_rate"": 0.5, ""lm_iterations"": 10, ""max_constants"": 999, ""max_depth"": 6, ""max_evals"": 2000000, ""max_unary"": 999, ""mutation_rate"": 0.1, ""ops"": [""+"", ""-"", ""*"", ""/"", ""sin"", ""cos"", ""exp"", ""log"", ""R""], ""succ_error_tol"": 1e-06}",0.5
imcts,NguyenC,5,NguyenC-5,expression,79,23483,40,20,20,1,"[""x0""]",sin(x[0]**2) * cos(x[0]) - 0.75,0.9999999403953552,True,0.9999999999999984,0.9999999999999974,10.0,9301,0.30244603496976197,0.0,0,-0.749999989154 + 0.999999964128 * cos(x0) * sin(x0 * x0),-0.749999989154 + 0.999999964128 * cos(x0) * sin(x0 * x0),1.0*sin(x0**2)*cos(x0) - 0.75,"[-0.749999989153797, 0.9999999641282787]","{""K"": 500, ""c"": 6.0, ""exploration_rate"": 0.1, ""gamma"": 0.5, ""gp_rate"": 0.5, ""lm_iterations"": 10, ""max_constants"": 999, ""max_depth"": 6, ""max_evals"": 2000000, ""max_unary"": 999, ""mutation_rate"": 0.1, ""ops"": [""+"", ""-"", ""*"", ""/"", ""sin"", ""cos"", ""exp"", ""log"", ""R""], ""succ_error_tol"": 1e-06}","{""K"": 500, ""c"": 6.0, ""exploration_rate"": 0.1, ""gamma"": 0.5, ""gp_rate"": 0.5, ""lm_iterations"": 10, ""max_constants"": 999, ""max_depth"": 6, ""max_evals"": 2000000, ""max_unary"": 999, ""mutation_rate"": 0.1, ""ops"": [""+"", ""-"", ""*"", ""/"", ""sin"", ""cos"", ""exp"", ""log"", ""R""], ""succ_error_tol"": 1e-06}",0.5
imcts,NguyenC,5,NguyenC-5,expression,80,26054,40,20,20,1,"[""x0""]",sin(x[0]**2) * cos(x[0]) - 0.75,0.9999998807907104,True,0.9999999999999971,0.9999999999999901,13.0,141992,6.491636927996296,0.0,0,sin(0.999999995041 * x0 * x0) * cos(-2.9452074446e-08 + 1.00000004193 * x0) + -0.750000003864,sin(0.999999995041 * x0 * x0) * cos(-2.9452074446e-08 + 1.00000004193 * x0) + -0.750000003864,sin(1.0*x0**2)*cos(1.0*x0) - 0.75,"[0.9999999950409445, -2.9452074446022525e-08, 1.000000041925543, -0.7500000038637691]","{""K"": 500, ""c"": 6.0, ""exploration_rate"": 0.1, ""gamma"": 0.5, ""gp_rate"": 0.5, ""lm_iterations"": 10, ""max_constants"": 999, ""max_depth"": 6, ""max_evals"": 2000000, ""max_unary"": 999, ""mutation_rate"": 0.1, ""ops"": [""+"", ""-"", ""*"", ""/"", ""sin"", ""cos"", ""exp"", ""log"", ""R""], ""succ_error_tol"": 1e-06}","{""K"": 500, ""c"": 6.0, ""exploration_rate"": 0.1, ""gamma"": 0.5, ""gp_rate"": 0.5, ""lm_iterations"": 10, ""max_constants"": 999, ""max_depth"": 6, ""max_evals"": 2000000, ""max_unary"": 999, ""mutation_rate"": 0.1, ""ops"": [""+"", ""-"", ""*"", ""/"", ""sin"", ""cos"", ""exp"", ""log"", ""R""], ""succ_error_tol"": 1e-06}",0.5
imcts,NguyenC,5,NguyenC-5,expression,81,15787,40,20,20,1,"[""x0""]",sin(x[0]**2) * cos(x[0]) - 0.75,0.9999998807907104,True,0.9999999999999983,0.9999999999999986,14.0,41400,1.6457959430408664,0.0,0,1.99694503382e-08 * x0 * 0.999999999997 / (exp(x0) + -24.7819985248) - 0.749970070175 - -0.999984810443 * cos(1.00002013152 * x0) * cos(x0 * x0 - 1.57082624211),1.99694503382e-08 * x0 * 0.999999999997 / (exp(x0) + -24.7819985248) - 0.749970070175 - -0.999984810443 * cos(1.00002013152 * x0) * cos(x0 * x0 - 1.57082624211),1.0*cos(1.0*x0)*cos(x0**2 - 1.57) - 0.75,"[1.0000000198694505, 0.9999999999974111, -10.751141847479643, 14.030856677352103, 0.7499700701748335, -0.9999848104429895, 1.0000201315191495, 1.497429306726012, 1.049015292442505]","{""K"": 500, ""c"": 6.0, ""exploration_rate"": 0.1, ""gamma"": 0.5, ""gp_rate"": 0.5, ""lm_iterations"": 10, ""max_constants"": 999, ""max_depth"": 6, ""max_evals"": 2000000, ""max_unary"": 999, ""mutation_rate"": 0.1, ""ops"": [""+"", ""-"", ""*"", ""/"", ""sin"", ""cos"", ""exp"", ""log"", ""R""], ""succ_error_tol"": 1e-06}","{""K"": 500, ""c"": 6.0, ""exploration_rate"": 0.1, ""gamma"": 0.5, ""gp_rate"": 0.5, ""lm_iterations"": 10, ""max_constants"": 999, ""max_depth"": 6, ""max_evals"": 2000000, ""max_unary"": 999, ""mutation_rate"": 0.1, ""ops"": [""+"", ""-"", ""*"", ""/"", ""sin"", ""cos"", ""exp"", ""log"", ""R""], ""succ_error_tol"": 1e-06}",0.5
imcts,NguyenC,5,NguyenC-5,expression,82,27132,40,20,20,1,"[""x0""]",sin(x[0]**2) * cos(x[0]) - 0.75,0.9999999403953552,True,0.9999999999999988,0.9999999999999984,14.0,16724,0.5998192089609802,0.0,0,sin(1.00000007274 * (1.57079620308 - x0)) * sin(x0 * x0 + -4.94158716276e-08) - 0.749999946278,sin(1.00000007274 * (1.57079620308 - x0)) * sin(x0 * x0 + -4.94158716276e-08) - 0.749999946278,-sin(x0**2)*sin(1.0*x0 - 1.57) - 0.75,"[0.7489325670152214, 0.2510675057274746, 1.5707962030777947, -4.94158716275696e-08, 0.7499999462781997]","{""K"": 500, ""c"": 6.0, ""exploration_rate"": 0.1, ""gamma"": 0.5, ""gp_rate"": 0.5, ""lm_iterations"": 10, ""max_constants"": 999, ""max_depth"": 6, ""max_evals"": 2000000, ""max_unary"": 999, ""mutation_rate"": 0.1, ""ops"": [""+"", ""-"", ""*"", ""/"", ""sin"", ""cos"", ""exp"", ""log"", ""R""], ""succ_error_tol"": 1e-06}","{""K"": 500, ""c"": 6.0, ""exploration_rate"": 0.1, ""gamma"": 0.5, ""gp_rate"": 0.5, ""lm_iterations"": 10, ""max_constants"": 999, ""max_depth"": 6, ""max_evals"": 2000000, ""max_unary"": 999, ""mutation_rate"": 0.1, ""ops"": [""+"", ""-"", ""*"", ""/"", ""sin"", ""cos"", ""exp"", ""log"", ""R""], ""succ_error_tol"": 1e-06}",0.5
imcts,NguyenC,5,NguyenC-5,expression,83,17159,40,20,20,1,"[""x0""]",sin(x[0]**2) * cos(x[0]) - 0.75,0.9999998807907104,True,0.9999999999999943,0.9999999999999976,11.0,7516,0.24593329901108518,0.0,0,sin(x0 * 0.999999991047 * x0) * cos(x0) + -0.749999989503,sin(x0 * 0.999999991047 * x0) * cos(x0) + -0.749999989503,sin(1.0*x0**2)*cos(x0) - 0.75,"[0.999999991047248, -0.7499999895027607]","{""K"": 500, ""c"": 6.0, ""exploration_rate"": 0.1, ""gamma"": 0.5, ""gp_rate"": 0.5, ""lm_iterations"": 10, ""max_constants"": 999, ""max_depth"": 6, ""max_evals"": 2000000, ""max_unary"": 999, ""mutation_rate"": 0.1, ""ops"": [""+"", ""-"", ""*"", ""/"", ""sin"", ""cos"", ""exp"", ""log"", ""R""], ""succ_error_tol"": 1e-06}","{""K"": 500, ""c"": 6.0, ""exploration_rate"": 0.1, ""gamma"": 0.5, ""gp_rate"": 0.5, ""lm_iterations"": 10, ""max_constants"": 999, ""max_depth"": 6, ""max_evals"": 2000000, ""max_unary"": 999, ""mutation_rate"": 0.1, ""ops"": [""+"", ""-"", ""*"", ""/"", ""sin"", ""cos"", ""exp"", ""log"", ""R""], ""succ_error_tol"": 1e-06}",0.5
imcts,NguyenC,5,NguyenC-5,expression,84,12206,40,20,20,1,"[""x0""]",sin(x[0]**2) * cos(x[0]) - 0.75,0.9999999403953552,True,0.9999999999944951,0.9999999999945047,17.0,38119,1.4847596720210277,0.0,0,0.749999996037 * (sin(x0 * 0.00144320357073 + -1.57063006429) + 1.33333338475 * cos(x0) * sin(x0 * x0)),0.749999996037 * (sin(x0 * 0.00144320357073 + -1.57063006429) + 1.33333338475 * cos(x0) * sin(x0 * x0)),1.0*sin(x0**2)*cos(x0) + 0.75*sin(0.00101*x0 - 1.57),"[0.7512095550152795, 0.9744851441566243, 0.0014432035707278917, 0.20791414170422162, 2.3348216109522855, 1.001488226203149]","{""K"": 500, ""c"": 6.0, ""exploration_rate"": 0.1, ""gamma"": 0.5, ""gp_rate"": 0.5, ""lm_iterations"": 10, ""max_constants"": 999, ""max_depth"": 6, ""max_evals"": 2000000, ""max_unary"": 999, ""mutation_rate"": 0.1, ""ops"": [""+"", ""-"", ""*"", ""/"", ""sin"", ""cos"", ""exp"", ""log"", ""R""], ""succ_error_tol"": 1e-06}","{""K"": 500, ""c"": 6.0, ""exploration_rate"": 0.1, ""gamma"": 0.5, ""gp_rate"": 0.5, ""lm_iterations"": 10, ""max_constants"": 999, ""max_depth"": 6, ""max_evals"": 2000000, ""max_unary"": 999, ""mutation_rate"": 0.1, ""ops"": [""+"", ""-"", ""*"", ""/"", ""sin"", ""cos"", ""exp"", ""log"", ""R""], ""succ_error_tol"": 1e-06}",0.5
imcts,NguyenC,5,NguyenC-5,expression,85,8226,40,20,20,1,"[""x0""]",sin(x[0]**2) * cos(x[0]) - 0.75,0.9999998807907104,True,1.0,1.0,9.0,10037,0.3521505600074306,0.0,0,-0.750000003447 - cos(x0) * sin(-5.20791766624e-09 - x0 * x0),-0.750000003447 - cos(x0) * sin(-5.20791766624e-09 - x0 * x0),sin(x0**2)*cos(x0) - 0.75,"[0.47236655101269637, 0.9999999946920823]","{""K"": 500, ""c"": 6.0, ""exploration_rate"": 0.1, ""gamma"": 0.5, ""gp_rate"": 0.5, ""lm_iterations"": 10, ""max_constants"": 999, ""max_depth"": 6, ""max_evals"": 2000000, ""max_unary"": 999, ""mutation_rate"": 0.1, ""ops"": [""+"", ""-"", ""*"", ""/"", ""sin"", ""cos"", ""exp"", ""log"", ""R""], ""succ_error_tol"": 1e-06}","{""K"": 500, ""c"": 6.0, ""exploration_rate"": 0.1, ""gamma"": 0.5, ""gp_rate"": 0.5, ""lm_iterations"": 10, ""max_constants"": 999, ""max_depth"": 6, ""max_evals"": 2000000, ""max_unary"": 999, ""mutation_rate"": 0.1, ""ops"": [""+"", ""-"", ""*"", ""/"", ""sin"", ""cos"", ""exp"", ""log"", ""R""], ""succ_error_tol"": 1e-06}",0.5
imcts,NguyenC,5,NguyenC-5,expression,86,14541,40,20,20,1,"[""x0""]",sin(x[0]**2) * cos(x[0]) - 0.75,0.9999999403953552,True,0.9999999999999977,0.9999999999999752,11.0,20149,0.7266796639887616,0.0,0,-0.749999786771 + cos(x0 * x0 - 1.57079653396) * (cos(x0 - 6.41433681309e-08) - 1.14321085836e-07),-0.749999786771 + cos(x0 * x0 - 1.57079653396) * (cos(x0 - 6.41433681309e-08) - 1.14321085836e-07),cos(x0)*cos(x0**2 - 1.57) - 0.75,"[-0.7499997867710085, 1.5707965339607446, 6.41433681309408e-08, 1.0000001142210924]","{""K"": 500, ""c"": 6.0, ""exploration_rate"": 0.1, ""gamma"": 0.5, ""gp_rate"": 0.5, ""lm_iterations"": 10, ""max_constants"": 999, ""max_depth"": 6, ""max_evals"": 2000000, ""max_unary"": 999, ""mutation_rate"": 0.1, ""ops"": [""+"", ""-"", ""*"", ""/"", ""sin"", ""cos"", ""exp"", ""log"", ""R""], ""succ_error_tol"": 1e-06}","{""K"": 500, ""c"": 6.0, ""exploration_rate"": 0.1, ""gamma"": 0.5, ""gp_rate"": 0.5, ""lm_iterations"": 10, ""max_constants"": 999, ""max_depth"": 6, ""max_evals"": 2000000, ""max_unary"": 999, ""mutation_rate"": 0.1, ""ops"": [""+"", ""-"", ""*"", ""/"", ""sin"", ""cos"", ""exp"", ""log"", ""R""], ""succ_error_tol"": 1e-06}",0.5
imcts,NguyenC,5,NguyenC-5,expression,87,3152,40,20,20,1,"[""x0""]",sin(x[0]**2) * cos(x[0]) - 0.75,0.9999998807907104,True,0.9999999999999987,0.9999999999999981,11.0,9471,0.3029776969924569,0.0,0,log(0.472366554377 / exp(x0 * 1.31111521073e-08)) - sin(x0 * -1.00000003266 * x0) * (-3.45498700551e-08 + cos(x0)),log(0.472366554377 / exp(x0 * 1.31111521073e-08)) - sin(x0 * -1.00000003266 * x0) * (-3.45498700551e-08 + cos(x0)),sin(1.0*x0**2)*cos(x0) - 0.751,"[0.47236655437701414, 1.3111152107285567e-08, -1.0000000326581961, -3.454987005512748e-08]","{""K"": 500, ""c"": 6.0, ""exploration_rate"": 0.1, ""gamma"": 0.5, ""gp_rate"": 0.5, ""lm_iterations"": 10, ""max_constants"": 999, ""max_depth"": 6, ""max_evals"": 2000000, ""max_unary"": 999, ""mutation_rate"": 0.1, ""ops"": [""+"", ""-"", ""*"", ""/"", ""sin"", ""cos"", ""exp"", ""log"", ""R""], ""succ_error_tol"": 1e-06}","{""K"": 500, ""c"": 6.0, ""exploration_rate"": 0.1, ""gamma"": 0.5, ""gp_rate"": 0.5, ""lm_iterations"": 10, ""max_constants"": 999, ""max_depth"": 6, ""max_evals"": 2000000, ""max_unary"": 999, ""mutation_rate"": 0.1, ""ops"": [""+"", ""-"", ""*"", ""/"", ""sin"", ""cos"", ""exp"", ""log"", ""R""], ""succ_error_tol"": 1e-06}",0.5
imcts,NguyenC,5,NguyenC-5,expression,88,26531,40,20,20,1,"[""x0""]",sin(x[0]**2) * cos(x[0]) - 0.75,0.9999999403953552,True,0.9999999999999984,0.9999999999999994,12.0,70994,3.000323998974636,0.0,0,-0.749999998293 + sin(x0 - 1.57079631199) * sin(x0 * x0) * -0.999999995237,-0.749999998293 + sin(x0 - 1.57079631199) * sin(x0 * x0) * -0.999999995237,-1.0*sin(x0**2)*sin(x0 - 1.57) - 0.75,"[-0.7499999982929961, 1.5707963119910329, -0.9999999952367498]","{""K"": 500, ""c"": 6.0, ""exploration_rate"": 0.1, ""gamma"": 0.5, ""gp_rate"": 0.5, ""lm_iterations"": 10, ""max_constants"": 999, ""max_depth"": 6, ""max_evals"": 2000000, ""max_unary"": 999, ""mutation_rate"": 0.1, ""ops"": [""+"", ""-"", ""*"", ""/"", ""sin"", ""cos"", ""exp"", ""log"", ""R""], ""succ_error_tol"": 1e-06}","{""K"": 500, ""c"": 6.0, ""exploration_rate"": 0.1, ""gamma"": 0.5, ""gp_rate"": 0.5, ""lm_iterations"": 10, ""max_constants"": 999, ""max_depth"": 6, ""max_evals"": 2000000, ""max_unary"": 999, ""mutation_rate"": 0.1, ""ops"": [""+"", ""-"", ""*"", ""/"", ""sin"", ""cos"", ""exp"", ""log"", ""R""], ""succ_error_tol"": 1e-06}",0.5
imcts,NguyenC,5,NguyenC-5,expression,89,1585,40,20,20,1,"[""x0""]",sin(x[0]**2) * cos(x[0]) - 0.75,0.9999998807907104,True,0.9999999999841552,0.9999999999945589,11.0,59923,2.509059274045285,0.0,0,sin(x0 - 0.54142283254) * -4.50043741326e-08 - (-0.249999890417 + cos(x0) + 0.999999870121 - cos(x0)) - sin((0.000816520369826 + x0) * (0.000816471512491 - x0)) * cos(x0),sin(x0 - 0.54142283254) * -4.50043741326e-08 - (-0.249999890417 + cos(x0) + 0.999999870121 - cos(x0)) - sin((0.000816520369826 + x0) * (0.000816471512491 - x0)) * cos(x0),sin(x0**2 - 1.01e-6)*cos(x0) - 0.75,"[0.5414228325396477, -4.5004374132560223e-08, -0.2499998904166573, 0.999999870121469, 0.0008165203698256582, 0.0008164715124912252]","{""K"": 500, ""c"": 6.0, ""exploration_rate"": 0.1, ""gamma"": 0.5, ""gp_rate"": 0.5, ""lm_iterations"": 10, ""max_constants"": 999, ""max_depth"": 6, ""max_evals"": 2000000, ""max_unary"": 999, ""mutation_rate"": 0.1, ""ops"": [""+"", ""-"", ""*"", ""/"", ""sin"", ""cos"", ""exp"", ""log"", ""R""], ""succ_error_tol"": 1e-06}","{""K"": 500, ""c"": 6.0, ""exploration_rate"": 0.1, ""gamma"": 0.5, ""gp_rate"": 0.5, ""lm_iterations"": 10, ""max_constants"": 999, ""max_depth"": 6, ""max_evals"": 2000000, ""max_unary"": 999, ""mutation_rate"": 0.1, ""ops"": [""+"", ""-"", ""*"", ""/"", ""sin"", ""cos"", ""exp"", ""log"", ""R""], ""succ_error_tol"": 1e-06}",0.5
imcts,NguyenC,5,NguyenC-5,expression,90,3943,40,20,20,1,"[""x0""]",sin(x[0]**2) * cos(x[0]) - 0.75,0.9999998807907104,True,0.9999999999999984,0.9999999999999988,13.0,17311,0.5985188969643787,0.0,0,sin(1.57079632639 + x0) * sin(1.1766155824 * x0 / (1.17661552909 / x0)) + -0.750000008571,sin(1.57079632639 + x0) * sin(1.1766155824 * x0 / (1.17661552909 / x0)) + -0.750000008571,sin(1.0*x0**2)*sin(x0 + 1.57) - 0.75,"[1.57079632638684, 1.1766155824008957, 1.1766155290929086, -0.750000008570747]","{""K"": 500, ""c"": 6.0, ""exploration_rate"": 0.1, ""gamma"": 0.5, ""gp_rate"": 0.5, ""lm_iterations"": 10, ""max_constants"": 999, ""max_depth"": 6, ""max_evals"": 2000000, ""max_unary"": 999, ""mutation_rate"": 0.1, ""ops"": [""+"", ""-"", ""*"", ""/"", ""sin"", ""cos"", ""exp"", ""log"", ""R""], ""succ_error_tol"": 1e-06}","{""K"": 500, ""c"": 6.0, ""exploration_rate"": 0.1, ""gamma"": 0.5, ""gp_rate"": 0.5, ""lm_iterations"": 10, ""max_constants"": 999, ""max_depth"": 6, ""max_evals"": 2000000, ""max_unary"": 999, ""mutation_rate"": 0.1, ""ops"": [""+"", ""-"", ""*"", ""/"", ""sin"", ""cos"", ""exp"", ""log"", ""R""], ""succ_error_tol"": 1e-06}",0.5
imcts,NguyenC,5,NguyenC-5,expression,91,23939,40,20,20,1,"[""x0""]",sin(x[0]**2) * cos(x[0]) - 0.75,0.9999998807907104,True,0.9999999999999992,0.9999999999999992,11.0,7077,0.2274249710026197,0.0,0,(cos(x0) - -3.52115496188e-09) * sin(x0 * x0 * 0.999999993148) - (x0 / x0 * x0 + 1 - x0 + -0.25000000446),(cos(x0) - -3.52115496188e-09) * sin(x0 * x0 * 0.999999993148) - (x0 / x0 * x0 + 1 - x0 + -0.25000000446),sin(1.0*x0**2)*cos(x0) - 0.75,"[-7.0423100177410975e-09, 2.000000026692187, 0.9999999931479127, 1.0, 1.2220895741089688, 1.0, 1.0]","{""K"": 500, ""c"": 6.0, ""exploration_rate"": 0.1, ""gamma"": 0.5, ""gp_rate"": 0.5, ""lm_iterations"": 10, ""max_constants"": 999, ""max_depth"": 6, ""max_evals"": 2000000, ""max_unary"": 999, ""mutation_rate"": 0.1, ""ops"": [""+"", ""-"", ""*"", ""/"", ""sin"", ""cos"", ""exp"", ""log"", ""R""], ""succ_error_tol"": 1e-06}","{""K"": 500, ""c"": 6.0, ""exploration_rate"": 0.1, ""gamma"": 0.5, ""gp_rate"": 0.5, ""lm_iterations"": 10, ""max_constants"": 999, ""max_depth"": 6, ""max_evals"": 2000000, ""max_unary"": 999, ""mutation_rate"": 0.1, ""ops"": [""+"", ""-"", ""*"", ""/"", ""sin"", ""cos"", ""exp"", ""log"", ""R""], ""succ_error_tol"": 1e-06}",0.5
imcts,NguyenC,5,NguyenC-5,expression,92,19457,40,20,20,1,"[""x0""]",sin(x[0]**2) * cos(x[0]) - 0.75,0.9999999403953552,True,0.9999999999999982,0.9999999999999974,12.0,55961,2.298403868044261,0.0,0,-0.750000013086 + cos(x0 * 1.00000000603) * sin(x0 * x0) * 1.00000003612,-0.750000013086 + cos(x0 * 1.00000000603) * sin(x0 * x0) * 1.00000003612,1.0*sin(x0**2)*cos(1.0*x0) - 0.75,"[-0.7500000130862083, 1.000000006028433, 1.0000000361209742]","{""K"": 500, ""c"": 6.0, ""exploration_rate"": 0.1, ""gamma"": 0.5, ""gp_rate"": 0.5, ""lm_iterations"": 10, ""max_constants"": 999, ""max_depth"": 6, ""max_evals"": 2000000, ""max_unary"": 999, ""mutation_rate"": 0.1, ""ops"": [""+"", ""-"", ""*"", ""/"", ""sin"", ""cos"", ""exp"", ""log"", ""R""], ""succ_error_tol"": 1e-06}","{""K"": 500, ""c"": 6.0, ""exploration_rate"": 0.1, ""gamma"": 0.5, ""gp_rate"": 0.5, ""lm_iterations"": 10, ""max_constants"": 999, ""max_depth"": 6, ""max_evals"": 2000000, ""max_unary"": 999, ""mutation_rate"": 0.1, ""ops"": [""+"", ""-"", ""*"", ""/"", ""sin"", ""cos"", ""exp"", ""log"", ""R""], ""succ_error_tol"": 1e-06}",0.5
imcts,NguyenC,5,NguyenC-5,expression,93,1021,40,20,20,1,"[""x0""]",sin(x[0]**2) * cos(x[0]) - 0.75,0.9999999403953552,True,0.9999999999999992,0.9999999999999991,9.0,12989,0.43455299496417865,0.0,0,cos(x0) * sin(x0 * x0) - 0.750000004635,cos(x0) * sin(x0 * x0) - 0.750000004635,sin(x0**2)*cos(x0) - 0.75,[0.7500000046347344],"{""K"": 500, ""c"": 6.0, ""exploration_rate"": 0.1, ""gamma"": 0.5, ""gp_rate"": 0.5, ""lm_iterations"": 10, ""max_constants"": 999, ""max_depth"": 6, ""max_evals"": 2000000, ""max_unary"": 999, ""mutation_rate"": 0.1, ""ops"": [""+"", ""-"", ""*"", ""/"", ""sin"", ""cos"", ""exp"", ""log"", ""R""], ""succ_error_tol"": 1e-06}","{""K"": 500, ""c"": 6.0, ""exploration_rate"": 0.1, ""gamma"": 0.5, ""gp_rate"": 0.5, ""lm_iterations"": 10, ""max_constants"": 999, ""max_depth"": 6, ""max_evals"": 2000000, ""max_unary"": 999, ""mutation_rate"": 0.1, ""ops"": [""+"", ""-"", ""*"", ""/"", ""sin"", ""cos"", ""exp"", ""log"", ""R""], ""succ_error_tol"": 1e-06}",0.5
imcts,NguyenC,5,NguyenC-5,expression,94,11653,40,20,20,1,"[""x0""]",sin(x[0]**2) * cos(x[0]) - 0.75,0.9999998807907104,True,1.0,1.0,9.0,185449,8.429912102990784,0.0,0,-0.749999996191 + sin(-4.25179596525e-09 + x0 * x0) * cos(x0),-0.749999996191 + sin(-4.25179596525e-09 + x0 * x0) * cos(x0),sin(x0**2)*cos(x0) - 0.75,"[2.41885840001701, -4.251795965254281e-09]","{""K"": 500, ""c"": 6.0, ""exploration_rate"": 0.1, ""gamma"": 0.5, ""gp_rate"": 0.5, ""lm_iterations"": 10, ""max_constants"": 999, ""max_depth"": 6, ""max_evals"": 2000000, ""max_unary"": 999, ""mutation_rate"": 0.1, ""ops"": [""+"", ""-"", ""*"", ""/"", ""sin"", ""cos"", ""exp"", ""log"", ""R""], ""succ_error_tol"": 1e-06}","{""K"": 500, ""c"": 6.0, ""exploration_rate"": 0.1, ""gamma"": 0.5, ""gp_rate"": 0.5, ""lm_iterations"": 10, ""max_constants"": 999, ""max_depth"": 6, ""max_evals"": 2000000, ""max_unary"": 999, ""mutation_rate"": 0.1, ""ops"": [""+"", ""-"", ""*"", ""/"", ""sin"", ""cos"", ""exp"", ""log"", ""R""], ""succ_error_tol"": 1e-06}",0.5
imcts,NguyenC,5,NguyenC-5,expression,95,10805,40,20,20,1,"[""x0""]",sin(x[0]**2) * cos(x[0]) - 0.75,0.9999995231628418,True,0.999999999999739,0.9999999999996587,12.0,45343,1.780843938991893,0.0,0,-0.749999995731 - (cos(x0) * -0.999994587303 + -1.14165871135e-06) * sin(x0 / 0.999995893039 * (x0 + -9.31733962327e-09)),-0.749999995731 - (cos(x0) * -0.999994587303 + -1.14165871135e-06) * sin(x0 / 0.999995893039 * (x0 + -9.31733962327e-09)),1.0*sin(1.0*x0**2)*cos(x0) - 0.75,"[-0.7499999957314041, -0.9999945873030118, -1.1416587113459616e-06, 0.9999958930393946, -9.317339623272401e-09]","{""K"": 500, ""c"": 6.0, ""exploration_rate"": 0.1, ""gamma"": 0.5, ""gp_rate"": 0.5, ""lm_iterations"": 10, ""max_constants"": 999, ""max_depth"": 6, ""max_evals"": 2000000, ""max_unary"": 999, ""mutation_rate"": 0.1, ""ops"": [""+"", ""-"", ""*"", ""/"", ""sin"", ""cos"", ""exp"", ""log"", ""R""], ""succ_error_tol"": 1e-06}","{""K"": 500, ""c"": 6.0, ""exploration_rate"": 0.1, ""gamma"": 0.5, ""gp_rate"": 0.5, ""lm_iterations"": 10, ""max_constants"": 999, ""max_depth"": 6, ""max_evals"": 2000000, ""max_unary"": 999, ""mutation_rate"": 0.1, ""ops"": [""+"", ""-"", ""*"", ""/"", ""sin"", ""cos"", ""exp"", ""log"", ""R""], ""succ_error_tol"": 1e-06}",0.5
imcts,NguyenC,5,NguyenC-5,expression,96,13417,40,20,20,1,"[""x0""]",sin(x[0]**2) * cos(x[0]) - 0.75,0.9999998807907104,True,0.9999999999999986,0.9999999999999992,12.0,48765,1.9796154460054822,0.0,0,-0.749999996698 - sin(x0 * x0) * sin(x0 - 1.57079631158) * (cos(0.000361603273033 * x0) - -1.80329646176e-08),-0.749999996698 - sin(x0 * x0) * sin(x0 - 1.57079631158) * (cos(0.000361603273033 * x0) - -1.80329646176e-08),-sin(x0**2)*sin(x0 - 1.57) - 0.75,"[-0.7499999966982351, 1.5707963115821801, 0.00036160327303340724, 0.9999999818670355]","{""K"": 500, ""c"": 6.0, ""exploration_rate"": 0.1, ""gamma"": 0.5, ""gp_rate"": 0.5, ""lm_iterations"": 10, ""max_constants"": 999, ""max_depth"": 6, ""max_evals"": 2000000, ""max_unary"": 999, ""mutation_rate"": 0.1, ""ops"": [""+"", ""-"", ""*"", ""/"", ""sin"", ""cos"", ""exp"", ""log"", ""R""], ""succ_error_tol"": 1e-06}","{""K"": 500, ""c"": 6.0, ""exploration_rate"": 0.1, ""gamma"": 0.5, ""gp_rate"": 0.5, ""lm_iterations"": 10, ""max_constants"": 999, ""max_depth"": 6, ""max_evals"": 2000000, ""max_unary"": 999, ""mutation_rate"": 0.1, ""ops"": [""+"", ""-"", ""*"", ""/"", ""sin"", ""cos"", ""exp"", ""log"", ""R""], ""succ_error_tol"": 1e-06}",0.5
imcts,NguyenC,5,NguyenC-5,expression,97,20227,40,20,20,1,"[""x0""]",sin(x[0]**2) * cos(x[0]) - 0.75,0.9999999403953552,True,0.999999999999999,0.9999999999999991,12.0,17722,0.6391366809839383,0.0,0,-0.749999999896 - sin((x0 - -1.46670223593e-08) * x0) * sin(-2.570796327 + x0 + 1),-0.749999999896 - sin((x0 - -1.46670223593e-08) * x0) * sin(-2.570796327 + x0 + 1),-sin(x0**2)*sin(x0 - 1.57) - 0.75,"[-0.7499999998956463, -1.4667022359329927e-08, -2.5707963269954117, 1.0]","{""K"": 500, ""c"": 6.0, ""exploration_rate"": 0.1, ""gamma"": 0.5, ""gp_rate"": 0.5, ""lm_iterations"": 10, ""max_constants"": 999, ""max_depth"": 6, ""max_evals"": 2000000, ""max_unary"": 999, ""mutation_rate"": 0.1, ""ops"": [""+"", ""-"", ""*"", ""/"", ""sin"", ""cos"", ""exp"", ""log"", ""R""], ""succ_error_tol"": 1e-06}","{""K"": 500, ""c"": 6.0, ""exploration_rate"": 0.1, ""gamma"": 0.5, ""gp_rate"": 0.5, ""lm_iterations"": 10, ""max_constants"": 999, ""max_depth"": 6, ""max_evals"": 2000000, ""max_unary"": 999, ""mutation_rate"": 0.1, ""ops"": [""+"", ""-"", ""*"", ""/"", ""sin"", ""cos"", ""exp"", ""log"", ""R""], ""succ_error_tol"": 1e-06}",0.5
imcts,NguyenC,5,NguyenC-5,expression,98,7989,40,20,20,1,"[""x0""]",sin(x[0]**2) * cos(x[0]) - 0.75,0.9999998807907104,True,0.9999999999999989,0.9999999999999986,10.0,53151,2.1548791410168633,0.0,0,-0.749999996381 + (cos(x0) + 4.61528657514e-08) * sin(x0 * x0) / 1.00000009774,-0.749999996381 + (cos(x0) + 4.61528657514e-08) * sin(x0 * x0) / 1.00000009774,1.0*sin(x0**2)*cos(x0) - 0.75,"[0.4723665543506311, 1.0000000461528658, 1.0, 1.0000000977350776]","{""K"": 500, ""c"": 6.0, ""exploration_rate"": 0.1, ""gamma"": 0.5, ""gp_rate"": 0.5, ""lm_iterations"": 10, ""max_constants"": 999, ""max_depth"": 6, ""max_evals"": 2000000, ""max_unary"": 999, ""mutation_rate"": 0.1, ""ops"": [""+"", ""-"", ""*"", ""/"", ""sin"", ""cos"", ""exp"", ""log"", ""R""], ""succ_error_tol"": 1e-06}","{""K"": 500, ""c"": 6.0, ""exploration_rate"": 0.1, ""gamma"": 0.5, ""gp_rate"": 0.5, ""lm_iterations"": 10, ""max_constants"": 999, ""max_depth"": 6, ""max_evals"": 2000000, ""max_unary"": 999, ""mutation_rate"": 0.1, ""ops"": [""+"", ""-"", ""*"", ""/"", ""sin"", ""cos"", ""exp"", ""log"", ""R""], ""succ_error_tol"": 1e-06}",0.5
imcts,NguyenC,5,NguyenC-5,expression,99,9692,40,20,20,1,"[""x0""]",sin(x[0]**2) * cos(x[0]) - 0.75,0.9999999403953552,True,0.9999999999999981,0.9999999999999988,12.0,53120,2.0703483029501513,0.0,0,sin(x0 - x0 - (1.57079630449 - x0)) * (1.59815832002e-08 - sin(x0 * x0)) - sin(0.848062059764 * exp(x0 - x0)),sin(x0 - x0 - (1.57079630449 - x0)) * (1.59815832002e-08 - sin(x0 * x0)) - sin(0.848062059764 * exp(x0 - x0)),-sin(x0**2)*sin(x0 - 1.57) - 0.75,"[1.5707963044932147, 1.5981583200222667e-08, 0.848062059763522]","{""K"": 500, ""c"": 6.0, ""exploration_rate"": 0.1, ""gamma"": 0.5, ""gp_rate"": 0.5, ""lm_iterations"": 10, ""max_constants"": 999, ""max_depth"": 6, ""max_evals"": 2000000, ""max_unary"": 999, ""mutation_rate"": 0.1, ""ops"": [""+"", ""-"", ""*"", ""/"", ""sin"", ""cos"", ""exp"", ""log"", ""R""], ""succ_error_tol"": 1e-06}","{""K"": 500, ""c"": 6.0, ""exploration_rate"": 0.1, ""gamma"": 0.5, ""gp_rate"": 0.5, ""lm_iterations"": 10, ""max_constants"": 999, ""max_depth"": 6, ""max_evals"": 2000000, ""max_unary"": 999, ""mutation_rate"": 0.1, ""ops"": [""+"", ""-"", ""*"", ""/"", ""sin"", ""cos"", ""exp"", ""log"", ""R""], ""succ_error_tol"": 1e-06}",0.5
