algorithm,group,case_id,case_name,source_type,run,seed,samples_total,samples_train,samples_test,variables,feature_names,target_expression,reward,success,train_r2,test_r2,complexity,evaluations,time_sec,tuning_time_sec,tuning_evaluations,expression,materialized_expression,simplified_expression,coefficients,algorithm_params,tuned_params,test_ratio
imcts,Nguyen,4,Nguyen-4,expression,0,23654,40,20,20,1,"[""x0""]",x[0]**6 + x[0]**5 + x[0]**4 + x[0]**3 + x[0]**2 + x[0],1.0,True,1.0,1.0,12.0,133772,0.7546371519565582,0.0,0,(x0 * x0 * x0 * x0 + x0) * (x0 + x0 * x0 + x0 / x0),(x0 * x0 * x0 * x0 + x0) * (x0 + x0 * x0 + x0 / x0),(x0**4 + x0)*(x0**2 + x0 + 1),[],"{""K"": 500, ""c"": 6.0, ""exploration_rate"": 0.1, ""gamma"": 0.5, ""gp_rate"": 0.5, ""lm_iterations"": 10, ""max_constants"": 999, ""max_depth"": 6, ""max_evals"": 2000000, ""max_unary"": 999, ""mutation_rate"": 0.1, ""ops"": [""+"", ""-"", ""*"", ""/"", ""sin"", ""cos"", ""exp"", ""log""], ""succ_error_tol"": 1e-06}","{""K"": 500, ""c"": 6.0, ""exploration_rate"": 0.1, ""gamma"": 0.5, ""gp_rate"": 0.5, ""lm_iterations"": 10, ""max_constants"": 999, ""max_depth"": 6, ""max_evals"": 2000000, ""max_unary"": 999, ""mutation_rate"": 0.1, ""ops"": [""+"", ""-"", ""*"", ""/"", ""sin"", ""cos"", ""exp"", ""log""], ""succ_error_tol"": 1e-06}",0.5
imcts,Nguyen,4,Nguyen-4,expression,1,15795,40,20,20,1,"[""x0""]",x[0]**6 + x[0]**5 + x[0]**4 + x[0]**3 + x[0]**2 + x[0],0.9999999403953552,True,1.0,1.0,13.0,162226,0.9263845820096321,0.0,0,(x0 + x0 * x0) * (x0 * x0 * x0 * x0 + x0 * x0 + x0 / x0),(x0 + x0 * x0) * (x0 * x0 * x0 * x0 + x0 * x0 + x0 / x0),x0*(x0 + 1)*(x0**4 + x0**2 + 1),[],"{""K"": 500, ""c"": 6.0, ""exploration_rate"": 0.1, ""gamma"": 0.5, ""gp_rate"": 0.5, ""lm_iterations"": 10, ""max_constants"": 999, ""max_depth"": 6, ""max_evals"": 2000000, ""max_unary"": 999, ""mutation_rate"": 0.1, ""ops"": [""+"", ""-"", ""*"", ""/"", ""sin"", ""cos"", ""exp"", ""log""], ""succ_error_tol"": 1e-06}","{""K"": 500, ""c"": 6.0, ""exploration_rate"": 0.1, ""gamma"": 0.5, ""gp_rate"": 0.5, ""lm_iterations"": 10, ""max_constants"": 999, ""max_depth"": 6, ""max_evals"": 2000000, ""max_unary"": 999, ""mutation_rate"": 0.1, ""ops"": [""+"", ""-"", ""*"", ""/"", ""sin"", ""cos"", ""exp"", ""log""], ""succ_error_tol"": 1e-06}",0.5
imcts,Nguyen,4,Nguyen-4,expression,2,860,40,20,20,1,"[""x0""]",x[0]**6 + x[0]**5 + x[0]**4 + x[0]**3 + x[0]**2 + x[0],0.9999999403953552,True,1.0,1.0,13.0,547515,3.6625177930109203,0.0,0,((x0 + x0) / x0 + (x0 + x0) * x0 + (x0 + x0) * x0 * x0 * x0) * (x0 + x0 * x0) * x0 / (x0 + x0),((x0 + x0) / x0 + (x0 + x0) * x0 + (x0 + x0) * x0 * x0 * x0) * (x0 + x0 * x0) * x0 / (x0 + x0),x0*(x0 + 1)*(x0**4 + x0**2 + 1),[],"{""K"": 500, ""c"": 6.0, ""exploration_rate"": 0.1, ""gamma"": 0.5, ""gp_rate"": 0.5, ""lm_iterations"": 10, ""max_constants"": 999, ""max_depth"": 6, ""max_evals"": 2000000, ""max_unary"": 999, ""mutation_rate"": 0.1, ""ops"": [""+"", ""-"", ""*"", ""/"", ""sin"", ""cos"", ""exp"", ""log""], ""succ_error_tol"": 1e-06}","{""K"": 500, ""c"": 6.0, ""exploration_rate"": 0.1, ""gamma"": 0.5, ""gp_rate"": 0.5, ""lm_iterations"": 10, ""max_constants"": 999, ""max_depth"": 6, ""max_evals"": 2000000, ""max_unary"": 999, ""mutation_rate"": 0.1, ""ops"": [""+"", ""-"", ""*"", ""/"", ""sin"", ""cos"", ""exp"", ""log""], ""succ_error_tol"": 1e-06}",0.5
imcts,Nguyen,4,Nguyen-4,expression,3,5390,40,20,20,1,"[""x0""]",x[0]**6 + x[0]**5 + x[0]**4 + x[0]**3 + x[0]**2 + x[0],0.9999999403953552,True,1.0,1.0,17.0,57806,0.26959388400427997,0.0,0,(x0 * x0 * x0 + x0) * (x0 * x0 + x0) * x0 + x0 * x0 + x0,(x0 * x0 * x0 + x0) * (x0 * x0 + x0) * x0 + x0 * x0 + x0,x0*(x0**2*(x0 + 1)*(x0**2 + 1) + x0 + 1),[],"{""K"": 500, ""c"": 6.0, ""exploration_rate"": 0.1, ""gamma"": 0.5, ""gp_rate"": 0.5, ""lm_iterations"": 10, ""max_constants"": 999, ""max_depth"": 6, ""max_evals"": 2000000, ""max_unary"": 999, ""mutation_rate"": 0.1, ""ops"": [""+"", ""-"", ""*"", ""/"", ""sin"", ""cos"", ""exp"", ""log""], ""succ_error_tol"": 1e-06}","{""K"": 500, ""c"": 6.0, ""exploration_rate"": 0.1, ""gamma"": 0.5, ""gp_rate"": 0.5, ""lm_iterations"": 10, ""max_constants"": 999, ""max_depth"": 6, ""max_evals"": 2000000, ""max_unary"": 999, ""mutation_rate"": 0.1, ""ops"": [""+"", ""-"", ""*"", ""/"", ""sin"", ""cos"", ""exp"", ""log""], ""succ_error_tol"": 1e-06}",0.5
imcts,Nguyen,4,Nguyen-4,expression,4,16850,40,20,20,1,"[""x0""]",x[0]**6 + x[0]**5 + x[0]**4 + x[0]**3 + x[0]**2 + x[0],0.9999999403953552,True,1.0,1.0,16.0,43276,0.21196833002613857,0.0,0,(x0 * x0 * (x0 / x0 + x0 * x0) + x0 / x0) * (x0 + x0 * x0),(x0 * x0 * (x0 / x0 + x0 * x0) + x0 / x0) * (x0 + x0 * x0),x0*(x0 + 1)*(x0**2*(x0**2 + 1) + 1),[],"{""K"": 500, ""c"": 6.0, ""exploration_rate"": 0.1, ""gamma"": 0.5, ""gp_rate"": 0.5, ""lm_iterations"": 10, ""max_constants"": 999, ""max_depth"": 6, ""max_evals"": 2000000, ""max_unary"": 999, ""mutation_rate"": 0.1, ""ops"": [""+"", ""-"", ""*"", ""/"", ""sin"", ""cos"", ""exp"", ""log""], ""succ_error_tol"": 1e-06}","{""K"": 500, ""c"": 6.0, ""exploration_rate"": 0.1, ""gamma"": 0.5, ""gp_rate"": 0.5, ""lm_iterations"": 10, ""max_constants"": 999, ""max_depth"": 6, ""max_evals"": 2000000, ""max_unary"": 999, ""mutation_rate"": 0.1, ""ops"": [""+"", ""-"", ""*"", ""/"", ""sin"", ""cos"", ""exp"", ""log""], ""succ_error_tol"": 1e-06}",0.5
imcts,Nguyen,4,Nguyen-4,expression,5,29910,40,20,20,1,"[""x0""]",x[0]**6 + x[0]**5 + x[0]**4 + x[0]**3 + x[0]**2 + x[0],0.9999998807907104,True,1.0,1.0,13.0,32186,0.15413260902278125,0.0,0,(x0 + x0 * x0) * (x0 * x0 * x0 * x0 + x0 / x0 + x0 * x0),(x0 + x0 * x0) * (x0 * x0 * x0 * x0 + x0 / x0 + x0 * x0),x0*(x0 + 1)*(x0**4 + x0**2 + 1),[],"{""K"": 500, ""c"": 6.0, ""exploration_rate"": 0.1, ""gamma"": 0.5, ""gp_rate"": 0.5, ""lm_iterations"": 10, ""max_constants"": 999, ""max_depth"": 6, ""max_evals"": 2000000, ""max_unary"": 999, ""mutation_rate"": 0.1, ""ops"": [""+"", ""-"", ""*"", ""/"", ""sin"", ""cos"", ""exp"", ""log""], ""succ_error_tol"": 1e-06}","{""K"": 500, ""c"": 6.0, ""exploration_rate"": 0.1, ""gamma"": 0.5, ""gp_rate"": 0.5, ""lm_iterations"": 10, ""max_constants"": 999, ""max_depth"": 6, ""max_evals"": 2000000, ""max_unary"": 999, ""mutation_rate"": 0.1, ""ops"": [""+"", ""-"", ""*"", ""/"", ""sin"", ""cos"", ""exp"", ""log""], ""succ_error_tol"": 1e-06}",0.5
imcts,Nguyen,4,Nguyen-4,expression,6,4426,40,20,20,1,"[""x0""]",x[0]**6 + x[0]**5 + x[0]**4 + x[0]**3 + x[0]**2 + x[0],0.9999999403953552,True,1.0,1.0,12.0,118657,0.6506772460415959,0.0,0,(x0 * x0 * x0 * x0 + x0) * (cos(x0 - x0) + x0 + x0 * x0),(x0 * x0 * x0 * x0 + x0) * (cos(x0 - x0) + x0 + x0 * x0),(x0**4 + x0)*(x0**2 + x0 + 1),[],"{""K"": 500, ""c"": 6.0, ""exploration_rate"": 0.1, ""gamma"": 0.5, ""gp_rate"": 0.5, ""lm_iterations"": 10, ""max_constants"": 999, ""max_depth"": 6, ""max_evals"": 2000000, ""max_unary"": 999, ""mutation_rate"": 0.1, ""ops"": [""+"", ""-"", ""*"", ""/"", ""sin"", ""cos"", ""exp"", ""log""], ""succ_error_tol"": 1e-06}","{""K"": 500, ""c"": 6.0, ""exploration_rate"": 0.1, ""gamma"": 0.5, ""gp_rate"": 0.5, ""lm_iterations"": 10, ""max_constants"": 999, ""max_depth"": 6, ""max_evals"": 2000000, ""max_unary"": 999, ""mutation_rate"": 0.1, ""ops"": [""+"", ""-"", ""*"", ""/"", ""sin"", ""cos"", ""exp"", ""log""], ""succ_error_tol"": 1e-06}",0.5
imcts,Nguyen,4,Nguyen-4,expression,7,21962,40,20,20,1,"[""x0""]",x[0]**6 + x[0]**5 + x[0]**4 + x[0]**3 + x[0]**2 + x[0],0.9999999403953552,True,1.0,1.0,12.0,155091,0.8781217740033753,0.0,0,(x0 * x0 + x0 / x0 + x0) * (x0 * x0 * x0 * x0 + x0),(x0 * x0 + x0 / x0 + x0) * (x0 * x0 * x0 * x0 + x0),(x0**4 + x0)*(x0**2 + x0 + 1),[],"{""K"": 500, ""c"": 6.0, ""exploration_rate"": 0.1, ""gamma"": 0.5, ""gp_rate"": 0.5, ""lm_iterations"": 10, ""max_constants"": 999, ""max_depth"": 6, ""max_evals"": 2000000, ""max_unary"": 999, ""mutation_rate"": 0.1, ""ops"": [""+"", ""-"", ""*"", ""/"", ""sin"", ""cos"", ""exp"", ""log""], ""succ_error_tol"": 1e-06}","{""K"": 500, ""c"": 6.0, ""exploration_rate"": 0.1, ""gamma"": 0.5, ""gp_rate"": 0.5, ""lm_iterations"": 10, ""max_constants"": 999, ""max_depth"": 6, ""max_evals"": 2000000, ""max_unary"": 999, ""mutation_rate"": 0.1, ""ops"": [""+"", ""-"", ""*"", ""/"", ""sin"", ""cos"", ""exp"", ""log""], ""succ_error_tol"": 1e-06}",0.5
imcts,Nguyen,4,Nguyen-4,expression,8,14423,40,20,20,1,"[""x0""]",x[0]**6 + x[0]**5 + x[0]**4 + x[0]**3 + x[0]**2 + x[0],0.9999999403953552,True,1.0,1.0,16.0,80997,0.41247094998834655,0.0,0,(x0 * x0 * x0 + x0 + x0 / x0 / x0) * (x0 + x0 * x0) * x0,(x0 * x0 * x0 + x0 + x0 / x0 / x0) * (x0 + x0 * x0) * x0,x0*(x0 + 1)*(x0**2*(x0**2 + 1) + 1),[],"{""K"": 500, ""c"": 6.0, ""exploration_rate"": 0.1, ""gamma"": 0.5, ""gp_rate"": 0.5, ""lm_iterations"": 10, ""max_constants"": 999, ""max_depth"": 6, ""max_evals"": 2000000, ""max_unary"": 999, ""mutation_rate"": 0.1, ""ops"": [""+"", ""-"", ""*"", ""/"", ""sin"", ""cos"", ""exp"", ""log""], ""succ_error_tol"": 1e-06}","{""K"": 500, ""c"": 6.0, ""exploration_rate"": 0.1, ""gamma"": 0.5, ""gp_rate"": 0.5, ""lm_iterations"": 10, ""max_constants"": 999, ""max_depth"": 6, ""max_evals"": 2000000, ""max_unary"": 999, ""mutation_rate"": 0.1, ""ops"": [""+"", ""-"", ""*"", ""/"", ""sin"", ""cos"", ""exp"", ""log""], ""succ_error_tol"": 1e-06}",0.5
imcts,Nguyen,4,Nguyen-4,expression,9,28020,40,20,20,1,"[""x0""]",x[0]**6 + x[0]**5 + x[0]**4 + x[0]**3 + x[0]**2 + x[0],0.9999999403953552,True,1.0,1.0,17.0,142637,0.7898220489732921,0.0,0,x0 + x0 * x0 + (x0 * x0 + x0 * x0 * x0) * (x0 + x0 * x0 * x0),x0 + x0 * x0 + (x0 * x0 + x0 * x0 * x0) * (x0 + x0 * x0 * x0),x0*(x0**2*(x0 + 1)*(x0**2 + 1) + x0 + 1),[],"{""K"": 500, ""c"": 6.0, ""exploration_rate"": 0.1, ""gamma"": 0.5, ""gp_rate"": 0.5, ""lm_iterations"": 10, ""max_constants"": 999, ""max_depth"": 6, ""max_evals"": 2000000, ""max_unary"": 999, ""mutation_rate"": 0.1, ""ops"": [""+"", ""-"", ""*"", ""/"", ""sin"", ""cos"", ""exp"", ""log""], ""succ_error_tol"": 1e-06}","{""K"": 500, ""c"": 6.0, ""exploration_rate"": 0.1, ""gamma"": 0.5, ""gp_rate"": 0.5, ""lm_iterations"": 10, ""max_constants"": 999, ""max_depth"": 6, ""max_evals"": 2000000, ""max_unary"": 999, ""mutation_rate"": 0.1, ""ops"": [""+"", ""-"", ""*"", ""/"", ""sin"", ""cos"", ""exp"", ""log""], ""succ_error_tol"": 1e-06}",0.5
imcts,Nguyen,4,Nguyen-4,expression,10,29802,40,20,20,1,"[""x0""]",x[0]**6 + x[0]**5 + x[0]**4 + x[0]**3 + x[0]**2 + x[0],0.9999999403953552,True,1.0,1.0,17.0,1745034,11.836653016973287,0.0,0,(x0 * x0 + x0) * (x0 * x0 + x0 / x0) * x0 * x0 + x0 * x0 + x0 * x0 / x0,(x0 * x0 + x0) * (x0 * x0 + x0 / x0) * x0 * x0 + x0 * x0 + x0 * x0 / x0,x0*(x0**2*(x0 + 1)*(x0**2 + 1) + x0 + 1),[],"{""K"": 500, ""c"": 6.0, ""exploration_rate"": 0.1, ""gamma"": 0.5, ""gp_rate"": 0.5, ""lm_iterations"": 10, ""max_constants"": 999, ""max_depth"": 6, ""max_evals"": 2000000, ""max_unary"": 999, ""mutation_rate"": 0.1, ""ops"": [""+"", ""-"", ""*"", ""/"", ""sin"", ""cos"", ""exp"", ""log""], ""succ_error_tol"": 1e-06}","{""K"": 500, ""c"": 6.0, ""exploration_rate"": 0.1, ""gamma"": 0.5, ""gp_rate"": 0.5, ""lm_iterations"": 10, ""max_constants"": 999, ""max_depth"": 6, ""max_evals"": 2000000, ""max_unary"": 999, ""mutation_rate"": 0.1, ""ops"": [""+"", ""-"", ""*"", ""/"", ""sin"", ""cos"", ""exp"", ""log""], ""succ_error_tol"": 1e-06}",0.5
imcts,Nguyen,4,Nguyen-4,expression,11,21575,40,20,20,1,"[""x0""]",x[0]**6 + x[0]**5 + x[0]**4 + x[0]**3 + x[0]**2 + x[0],0.9980747103691101,False,0.9999962787288788,0.9995522422804961,21.0,2000010,14.547388126025908,0.0,0,sin(x0) * sin(x0) * sin(x0) * (x0 + x0 * x0) * sin(x0) * sin(x0) + x0 * (exp(x0) - sin(x0)) * exp(x0),sin(x0) * sin(x0) * sin(x0) * (x0 + x0 * x0) * sin(x0) * sin(x0) + x0 * (exp(x0) - sin(x0)) * exp(x0),x0*((x0 + 1)*sin(x0)**5 + (exp(x0) - sin(x0))*exp(x0)),[],"{""K"": 500, ""c"": 6.0, ""exploration_rate"": 0.1, ""gamma"": 0.5, ""gp_rate"": 0.5, ""lm_iterations"": 10, ""max_constants"": 999, ""max_depth"": 6, ""max_evals"": 2000000, ""max_unary"": 999, ""mutation_rate"": 0.1, ""ops"": [""+"", ""-"", ""*"", ""/"", ""sin"", ""cos"", ""exp"", ""log""], ""succ_error_tol"": 1e-06}","{""K"": 500, ""c"": 6.0, ""exploration_rate"": 0.1, ""gamma"": 0.5, ""gp_rate"": 0.5, ""lm_iterations"": 10, ""max_constants"": 999, ""max_depth"": 6, ""max_evals"": 2000000, ""max_unary"": 999, ""mutation_rate"": 0.1, ""ops"": [""+"", ""-"", ""*"", ""/"", ""sin"", ""cos"", ""exp"", ""log""], ""succ_error_tol"": 1e-06}",0.5
imcts,Nguyen,4,Nguyen-4,expression,12,11964,40,20,20,1,"[""x0""]",x[0]**6 + x[0]**5 + x[0]**4 + x[0]**3 + x[0]**2 + x[0],0.9999999403953552,True,1.0,1.0,13.0,54721,0.264769556990359,0.0,0,x0 * x0 * x0 * (x0 + x0 * x0 + x0 * x0 * x0) + (x0 * x0 * x0 / x0 + x0 + x0 / x0) * x0,x0 * x0 * x0 * (x0 + x0 * x0 + x0 * x0 * x0) + (x0 * x0 * x0 / x0 + x0 + x0 / x0) * x0,x0*(x0**3 + 1)*(x0**2 + x0 + 1),[],"{""K"": 500, ""c"": 6.0, ""exploration_rate"": 0.1, ""gamma"": 0.5, ""gp_rate"": 0.5, ""lm_iterations"": 10, ""max_constants"": 999, ""max_depth"": 6, ""max_evals"": 2000000, ""max_unary"": 999, ""mutation_rate"": 0.1, ""ops"": [""+"", ""-"", ""*"", ""/"", ""sin"", ""cos"", ""exp"", ""log""], ""succ_error_tol"": 1e-06}","{""K"": 500, ""c"": 6.0, ""exploration_rate"": 0.1, ""gamma"": 0.5, ""gp_rate"": 0.5, ""lm_iterations"": 10, ""max_constants"": 999, ""max_depth"": 6, ""max_evals"": 2000000, ""max_unary"": 999, ""mutation_rate"": 0.1, ""ops"": [""+"", ""-"", ""*"", ""/"", ""sin"", ""cos"", ""exp"", ""log""], ""succ_error_tol"": 1e-06}",0.5
imcts,Nguyen,4,Nguyen-4,expression,13,11284,40,20,20,1,"[""x0""]",x[0]**6 + x[0]**5 + x[0]**4 + x[0]**3 + x[0]**2 + x[0],0.9999998807907104,True,1.0,1.0,17.0,77828,0.39285380800720304,0.0,0,x0 * x0 + x0 + (x0 + x0 * x0 * x0) * x0 * (x0 + x0 * x0),x0 * x0 + x0 + (x0 + x0 * x0 * x0) * x0 * (x0 + x0 * x0),x0*(x0**2*(x0 + 1)*(x0**2 + 1) + x0 + 1),[],"{""K"": 500, ""c"": 6.0, ""exploration_rate"": 0.1, ""gamma"": 0.5, ""gp_rate"": 0.5, ""lm_iterations"": 10, ""max_constants"": 999, ""max_depth"": 6, ""max_evals"": 2000000, ""max_unary"": 999, ""mutation_rate"": 0.1, ""ops"": [""+"", ""-"", ""*"", ""/"", ""sin"", ""cos"", ""exp"", ""log""], ""succ_error_tol"": 1e-06}","{""K"": 500, ""c"": 6.0, ""exploration_rate"": 0.1, ""gamma"": 0.5, ""gp_rate"": 0.5, ""lm_iterations"": 10, ""max_constants"": 999, ""max_depth"": 6, ""max_evals"": 2000000, ""max_unary"": 999, ""mutation_rate"": 0.1, ""ops"": [""+"", ""-"", ""*"", ""/"", ""sin"", ""cos"", ""exp"", ""log""], ""succ_error_tol"": 1e-06}",0.5
imcts,Nguyen,4,Nguyen-4,expression,14,22118,40,20,20,1,"[""x0""]",x[0]**6 + x[0]**5 + x[0]**4 + x[0]**3 + x[0]**2 + x[0],0.9999999403953552,True,1.0,1.0,17.0,135068,0.7084331069490872,0.0,0,x0 + x0 * x0 + x0 * x0 * (x0 * x0 + x0 / x0) * (x0 * x0 + x0),x0 + x0 * x0 + x0 * x0 * (x0 * x0 + x0 / x0) * (x0 * x0 + x0),x0*(x0**2*(x0 + 1)*(x0**2 + 1) + x0 + 1),[],"{""K"": 500, ""c"": 6.0, ""exploration_rate"": 0.1, ""gamma"": 0.5, ""gp_rate"": 0.5, ""lm_iterations"": 10, ""max_constants"": 999, ""max_depth"": 6, ""max_evals"": 2000000, ""max_unary"": 999, ""mutation_rate"": 0.1, ""ops"": [""+"", ""-"", ""*"", ""/"", ""sin"", ""cos"", ""exp"", ""log""], ""succ_error_tol"": 1e-06}","{""K"": 500, ""c"": 6.0, ""exploration_rate"": 0.1, ""gamma"": 0.5, ""gp_rate"": 0.5, ""lm_iterations"": 10, ""max_constants"": 999, ""max_depth"": 6, ""max_evals"": 2000000, ""max_unary"": 999, ""mutation_rate"": 0.1, ""ops"": [""+"", ""-"", ""*"", ""/"", ""sin"", ""cos"", ""exp"", ""log""], ""succ_error_tol"": 1e-06}",0.5
imcts,Nguyen,4,Nguyen-4,expression,15,6265,40,20,20,1,"[""x0""]",x[0]**6 + x[0]**5 + x[0]**4 + x[0]**3 + x[0]**2 + x[0],0.9999998807907104,True,1.0,1.0,13.0,277184,1.615297231997829,0.0,0,(exp(x0 - x0) + x0 * x0) * (x0 + x0 * x0) + (x0 + x0 * x0) * x0 * x0 * x0 * x0,(exp(x0 - x0) + x0 * x0) * (x0 + x0 * x0) + (x0 + x0 * x0) * x0 * x0 * x0 * x0,x0*(x0 + 1)*(x0**4 + x0**2 + 1),[],"{""K"": 500, ""c"": 6.0, ""exploration_rate"": 0.1, ""gamma"": 0.5, ""gp_rate"": 0.5, ""lm_iterations"": 10, ""max_constants"": 999, ""max_depth"": 6, ""max_evals"": 2000000, ""max_unary"": 999, ""mutation_rate"": 0.1, ""ops"": [""+"", ""-"", ""*"", ""/"", ""sin"", ""cos"", ""exp"", ""log""], ""succ_error_tol"": 1e-06}","{""K"": 500, ""c"": 6.0, ""exploration_rate"": 0.1, ""gamma"": 0.5, ""gp_rate"": 0.5, ""lm_iterations"": 10, ""max_constants"": 999, ""max_depth"": 6, ""max_evals"": 2000000, ""max_unary"": 999, ""mutation_rate"": 0.1, ""ops"": [""+"", ""-"", ""*"", ""/"", ""sin"", ""cos"", ""exp"", ""log""], ""succ_error_tol"": 1e-06}",0.5
imcts,Nguyen,4,Nguyen-4,expression,16,11363,40,20,20,1,"[""x0""]",x[0]**6 + x[0]**5 + x[0]**4 + x[0]**3 + x[0]**2 + x[0],0.9999998807907104,True,1.0,1.0,16.0,1436481,10.516633468971122,0.0,0,(x0 * x0 + x0) * (exp(x0 - x0) + (x0 / x0 + x0 * x0) * x0 * x0),(x0 * x0 + x0) * (exp(x0 - x0) + (x0 / x0 + x0 * x0) * x0 * x0),x0*(x0 + 1)*(x0**2*(x0**2 + 1) + 1),[],"{""K"": 500, ""c"": 6.0, ""exploration_rate"": 0.1, ""gamma"": 0.5, ""gp_rate"": 0.5, ""lm_iterations"": 10, ""max_constants"": 999, ""max_depth"": 6, ""max_evals"": 2000000, ""max_unary"": 999, ""mutation_rate"": 0.1, ""ops"": [""+"", ""-"", ""*"", ""/"", ""sin"", ""cos"", ""exp"", ""log""], ""succ_error_tol"": 1e-06}","{""K"": 500, ""c"": 6.0, ""exploration_rate"": 0.1, ""gamma"": 0.5, ""gp_rate"": 0.5, ""lm_iterations"": 10, ""max_constants"": 999, ""max_depth"": 6, ""max_evals"": 2000000, ""max_unary"": 999, ""mutation_rate"": 0.1, ""ops"": [""+"", ""-"", ""*"", ""/"", ""sin"", ""cos"", ""exp"", ""log""], ""succ_error_tol"": 1e-06}",0.5
imcts,Nguyen,4,Nguyen-4,expression,17,27495,40,20,20,1,"[""x0""]",x[0]**6 + x[0]**5 + x[0]**4 + x[0]**3 + x[0]**2 + x[0],0.9999999403953552,True,1.0,1.0,15.0,105294,0.6024373949621804,0.0,0,(x0 * x0 * x0 * (x0 * x0 + x0 / x0) + x0) * (x0 + x0 / x0),(x0 * x0 * x0 * (x0 * x0 + x0 / x0) + x0) * (x0 + x0 / x0),(x0 + 1)*(x0**3*(x0**2 + 1) + x0),[],"{""K"": 500, ""c"": 6.0, ""exploration_rate"": 0.1, ""gamma"": 0.5, ""gp_rate"": 0.5, ""lm_iterations"": 10, ""max_constants"": 999, ""max_depth"": 6, ""max_evals"": 2000000, ""max_unary"": 999, ""mutation_rate"": 0.1, ""ops"": [""+"", ""-"", ""*"", ""/"", ""sin"", ""cos"", ""exp"", ""log""], ""succ_error_tol"": 1e-06}","{""K"": 500, ""c"": 6.0, ""exploration_rate"": 0.1, ""gamma"": 0.5, ""gp_rate"": 0.5, ""lm_iterations"": 10, ""max_constants"": 999, ""max_depth"": 6, ""max_evals"": 2000000, ""max_unary"": 999, ""mutation_rate"": 0.1, ""ops"": [""+"", ""-"", ""*"", ""/"", ""sin"", ""cos"", ""exp"", ""log""], ""succ_error_tol"": 1e-06}",0.5
imcts,Nguyen,4,Nguyen-4,expression,18,16023,40,20,20,1,"[""x0""]",x[0]**6 + x[0]**5 + x[0]**4 + x[0]**3 + x[0]**2 + x[0],0.9999999403953552,True,1.0,1.0,13.0,167676,0.8743709690170363,0.0,0,(x0 * x0 * x0 * x0 + x0 / x0 + x0 * x0) * (x0 * x0 + x0),(x0 * x0 * x0 * x0 + x0 / x0 + x0 * x0) * (x0 * x0 + x0),x0*(x0 + 1)*(x0**4 + x0**2 + 1),[],"{""K"": 500, ""c"": 6.0, ""exploration_rate"": 0.1, ""gamma"": 0.5, ""gp_rate"": 0.5, ""lm_iterations"": 10, ""max_constants"": 999, ""max_depth"": 6, ""max_evals"": 2000000, ""max_unary"": 999, ""mutation_rate"": 0.1, ""ops"": [""+"", ""-"", ""*"", ""/"", ""sin"", ""cos"", ""exp"", ""log""], ""succ_error_tol"": 1e-06}","{""K"": 500, ""c"": 6.0, ""exploration_rate"": 0.1, ""gamma"": 0.5, ""gp_rate"": 0.5, ""lm_iterations"": 10, ""max_constants"": 999, ""max_depth"": 6, ""max_evals"": 2000000, ""max_unary"": 999, ""mutation_rate"": 0.1, ""ops"": [""+"", ""-"", ""*"", ""/"", ""sin"", ""cos"", ""exp"", ""log""], ""succ_error_tol"": 1e-06}",0.5
imcts,Nguyen,4,Nguyen-4,expression,19,8322,40,20,20,1,"[""x0""]",x[0]**6 + x[0]**5 + x[0]**4 + x[0]**3 + x[0]**2 + x[0],0.9999999403953552,True,1.0,1.0,12.0,82138,0.40550950402393937,0.0,0,(x0 + x0 * x0 * x0 * x0) * (x0 * x0 + x0 / x0 + x0),(x0 + x0 * x0 * x0 * x0) * (x0 * x0 + x0 / x0 + x0),(x0**4 + x0)*(x0**2 + x0 + 1),[],"{""K"": 500, ""c"": 6.0, ""exploration_rate"": 0.1, ""gamma"": 0.5, ""gp_rate"": 0.5, ""lm_iterations"": 10, ""max_constants"": 999, ""max_depth"": 6, ""max_evals"": 2000000, ""max_unary"": 999, ""mutation_rate"": 0.1, ""ops"": [""+"", ""-"", ""*"", ""/"", ""sin"", ""cos"", ""exp"", ""log""], ""succ_error_tol"": 1e-06}","{""K"": 500, ""c"": 6.0, ""exploration_rate"": 0.1, ""gamma"": 0.5, ""gp_rate"": 0.5, ""lm_iterations"": 10, ""max_constants"": 999, ""max_depth"": 6, ""max_evals"": 2000000, ""max_unary"": 999, ""mutation_rate"": 0.1, ""ops"": [""+"", ""-"", ""*"", ""/"", ""sin"", ""cos"", ""exp"", ""log""], ""succ_error_tol"": 1e-06}",0.5
imcts,Nguyen,4,Nguyen-4,expression,20,1685,40,20,20,1,"[""x0""]",x[0]**6 + x[0]**5 + x[0]**4 + x[0]**3 + x[0]**2 + x[0],0.9999999403953552,True,1.0,1.0,12.0,86967,0.4133539469912648,0.0,0,(x0 * x0 - x0 + x0 + x0 + x0 / x0) * (x0 + x0 * x0 * x0 * x0),(x0 * x0 - x0 + x0 + x0 + x0 / x0) * (x0 + x0 * x0 * x0 * x0),(x0**4 + x0)*(x0**2 + x0 + 1),[],"{""K"": 500, ""c"": 6.0, ""exploration_rate"": 0.1, ""gamma"": 0.5, ""gp_rate"": 0.5, ""lm_iterations"": 10, ""max_constants"": 999, ""max_depth"": 6, ""max_evals"": 2000000, ""max_unary"": 999, ""mutation_rate"": 0.1, ""ops"": [""+"", ""-"", ""*"", ""/"", ""sin"", ""cos"", ""exp"", ""log""], ""succ_error_tol"": 1e-06}","{""K"": 500, ""c"": 6.0, ""exploration_rate"": 0.1, ""gamma"": 0.5, ""gp_rate"": 0.5, ""lm_iterations"": 10, ""max_constants"": 999, ""max_depth"": 6, ""max_evals"": 2000000, ""max_unary"": 999, ""mutation_rate"": 0.1, ""ops"": [""+"", ""-"", ""*"", ""/"", ""sin"", ""cos"", ""exp"", ""log""], ""succ_error_tol"": 1e-06}",0.5
imcts,Nguyen,4,Nguyen-4,expression,21,32052,40,20,20,1,"[""x0""]",x[0]**6 + x[0]**5 + x[0]**4 + x[0]**3 + x[0]**2 + x[0],0.9999998807907104,True,1.0,1.0,17.0,84531,0.41657159297028556,0.0,0,x0 + x0 * x0 + (x0 * x0 + x0) * x0 * (x0 + x0 * x0 * x0),x0 + x0 * x0 + (x0 * x0 + x0) * x0 * (x0 + x0 * x0 * x0),x0*(x0**2*(x0 + 1)*(x0**2 + 1) + x0 + 1),[],"{""K"": 500, ""c"": 6.0, ""exploration_rate"": 0.1, ""gamma"": 0.5, ""gp_rate"": 0.5, ""lm_iterations"": 10, ""max_constants"": 999, ""max_depth"": 6, ""max_evals"": 2000000, ""max_unary"": 999, ""mutation_rate"": 0.1, ""ops"": [""+"", ""-"", ""*"", ""/"", ""sin"", ""cos"", ""exp"", ""log""], ""succ_error_tol"": 1e-06}","{""K"": 500, ""c"": 6.0, ""exploration_rate"": 0.1, ""gamma"": 0.5, ""gp_rate"": 0.5, ""lm_iterations"": 10, ""max_constants"": 999, ""max_depth"": 6, ""max_evals"": 2000000, ""max_unary"": 999, ""mutation_rate"": 0.1, ""ops"": [""+"", ""-"", ""*"", ""/"", ""sin"", ""cos"", ""exp"", ""log""], ""succ_error_tol"": 1e-06}",0.5
imcts,Nguyen,4,Nguyen-4,expression,22,769,40,20,20,1,"[""x0""]",x[0]**6 + x[0]**5 + x[0]**4 + x[0]**3 + x[0]**2 + x[0],0.9999999403953552,True,1.0,1.0,17.0,137461,0.7408959650201723,0.0,0,x0 + x0 * x0 + (x0 * x0 * x0 + x0) * x0 * (x0 * x0 + x0),x0 + x0 * x0 + (x0 * x0 * x0 + x0) * x0 * (x0 * x0 + x0),x0*(x0**2*(x0 + 1)*(x0**2 + 1) + x0 + 1),[],"{""K"": 500, ""c"": 6.0, ""exploration_rate"": 0.1, ""gamma"": 0.5, ""gp_rate"": 0.5, ""lm_iterations"": 10, ""max_constants"": 999, ""max_depth"": 6, ""max_evals"": 2000000, ""max_unary"": 999, ""mutation_rate"": 0.1, ""ops"": [""+"", ""-"", ""*"", ""/"", ""sin"", ""cos"", ""exp"", ""log""], ""succ_error_tol"": 1e-06}","{""K"": 500, ""c"": 6.0, ""exploration_rate"": 0.1, ""gamma"": 0.5, ""gp_rate"": 0.5, ""lm_iterations"": 10, ""max_constants"": 999, ""max_depth"": 6, ""max_evals"": 2000000, ""max_unary"": 999, ""mutation_rate"": 0.1, ""ops"": [""+"", ""-"", ""*"", ""/"", ""sin"", ""cos"", ""exp"", ""log""], ""succ_error_tol"": 1e-06}",0.5
imcts,Nguyen,4,Nguyen-4,expression,23,26967,40,20,20,1,"[""x0""]",x[0]**6 + x[0]**5 + x[0]**4 + x[0]**3 + x[0]**2 + x[0],0.9999999403953552,True,1.0,1.0,17.0,82034,0.3909833980142139,0.0,0,x0 + x0 * x0 + (x0 * x0 + x0 * x0 * x0) * (x0 * x0 * x0 + x0),x0 + x0 * x0 + (x0 * x0 + x0 * x0 * x0) * (x0 * x0 * x0 + x0),x0*(x0**2*(x0 + 1)*(x0**2 + 1) + x0 + 1),[],"{""K"": 500, ""c"": 6.0, ""exploration_rate"": 0.1, ""gamma"": 0.5, ""gp_rate"": 0.5, ""lm_iterations"": 10, ""max_constants"": 999, ""max_depth"": 6, ""max_evals"": 2000000, ""max_unary"": 999, ""mutation_rate"": 0.1, ""ops"": [""+"", ""-"", ""*"", ""/"", ""sin"", ""cos"", ""exp"", ""log""], ""succ_error_tol"": 1e-06}","{""K"": 500, ""c"": 6.0, ""exploration_rate"": 0.1, ""gamma"": 0.5, ""gp_rate"": 0.5, ""lm_iterations"": 10, ""max_constants"": 999, ""max_depth"": 6, ""max_evals"": 2000000, ""max_unary"": 999, ""mutation_rate"": 0.1, ""ops"": [""+"", ""-"", ""*"", ""/"", ""sin"", ""cos"", ""exp"", ""log""], ""succ_error_tol"": 1e-06}",0.5
imcts,Nguyen,4,Nguyen-4,expression,24,30187,40,20,20,1,"[""x0""]",x[0]**6 + x[0]**5 + x[0]**4 + x[0]**3 + x[0]**2 + x[0],0.9999999403953552,True,1.0,1.0,13.0,410048,2.4341329040471464,0.0,0,(x0 / x0 + x0 * x0 + x0 * x0 * x0 * x0) * (x0 + x0 * x0 * x0 / x0),(x0 / x0 + x0 * x0 + x0 * x0 * x0 * x0) * (x0 + x0 * x0 * x0 / x0),x0*(x0 + 1)*(x0**4 + x0**2 + 1),[],"{""K"": 500, ""c"": 6.0, ""exploration_rate"": 0.1, ""gamma"": 0.5, ""gp_rate"": 0.5, ""lm_iterations"": 10, ""max_constants"": 999, ""max_depth"": 6, ""max_evals"": 2000000, ""max_unary"": 999, ""mutation_rate"": 0.1, ""ops"": [""+"", ""-"", ""*"", ""/"", ""sin"", ""cos"", ""exp"", ""log""], ""succ_error_tol"": 1e-06}","{""K"": 500, ""c"": 6.0, ""exploration_rate"": 0.1, ""gamma"": 0.5, ""gp_rate"": 0.5, ""lm_iterations"": 10, ""max_constants"": 999, ""max_depth"": 6, ""max_evals"": 2000000, ""max_unary"": 999, ""mutation_rate"": 0.1, ""ops"": [""+"", ""-"", ""*"", ""/"", ""sin"", ""cos"", ""exp"", ""log""], ""succ_error_tol"": 1e-06}",0.5
imcts,Nguyen,4,Nguyen-4,expression,25,32157,40,20,20,1,"[""x0""]",x[0]**6 + x[0]**5 + x[0]**4 + x[0]**3 + x[0]**2 + x[0],0.9999998807907104,True,1.0,1.0,16.0,592698,3.8717370200320147,0.0,0,x0 * (x0 * x0 + x0) * (x0 / (x0 * x0) + x0 + x0 * x0 * x0),x0 * (x0 * x0 + x0) * (x0 / (x0 * x0) + x0 + x0 * x0 * x0),x0*(x0 + 1)*(x0**2*(x0**2 + 1) + 1),[],"{""K"": 500, ""c"": 6.0, ""exploration_rate"": 0.1, ""gamma"": 0.5, ""gp_rate"": 0.5, ""lm_iterations"": 10, ""max_constants"": 999, ""max_depth"": 6, ""max_evals"": 2000000, ""max_unary"": 999, ""mutation_rate"": 0.1, ""ops"": [""+"", ""-"", ""*"", ""/"", ""sin"", ""cos"", ""exp"", ""log""], ""succ_error_tol"": 1e-06}","{""K"": 500, ""c"": 6.0, ""exploration_rate"": 0.1, ""gamma"": 0.5, ""gp_rate"": 0.5, ""lm_iterations"": 10, ""max_constants"": 999, ""max_depth"": 6, ""max_evals"": 2000000, ""max_unary"": 999, ""mutation_rate"": 0.1, ""ops"": [""+"", ""-"", ""*"", ""/"", ""sin"", ""cos"", ""exp"", ""log""], ""succ_error_tol"": 1e-06}",0.5
imcts,Nguyen,4,Nguyen-4,expression,26,23333,40,20,20,1,"[""x0""]",x[0]**6 + x[0]**5 + x[0]**4 + x[0]**3 + x[0]**2 + x[0],0.9999999403953552,True,1.0,1.0,16.0,163022,0.8428111069952138,0.0,0,((x0 * x0 + x0 / x0) * x0 * x0 + x0 / x0) * (x0 + x0 * x0),((x0 * x0 + x0 / x0) * x0 * x0 + x0 / x0) * (x0 + x0 * x0),x0*(x0 + 1)*(x0**2*(x0**2 + 1) + 1),[],"{""K"": 500, ""c"": 6.0, ""exploration_rate"": 0.1, ""gamma"": 0.5, ""gp_rate"": 0.5, ""lm_iterations"": 10, ""max_constants"": 999, ""max_depth"": 6, ""max_evals"": 2000000, ""max_unary"": 999, ""mutation_rate"": 0.1, ""ops"": [""+"", ""-"", ""*"", ""/"", ""sin"", ""cos"", ""exp"", ""log""], ""succ_error_tol"": 1e-06}","{""K"": 500, ""c"": 6.0, ""exploration_rate"": 0.1, ""gamma"": 0.5, ""gp_rate"": 0.5, ""lm_iterations"": 10, ""max_constants"": 999, ""max_depth"": 6, ""max_evals"": 2000000, ""max_unary"": 999, ""mutation_rate"": 0.1, ""ops"": [""+"", ""-"", ""*"", ""/"", ""sin"", ""cos"", ""exp"", ""log""], ""succ_error_tol"": 1e-06}",0.5
imcts,Nguyen,4,Nguyen-4,expression,27,2433,40,20,20,1,"[""x0""]",x[0]**6 + x[0]**5 + x[0]**4 + x[0]**3 + x[0]**2 + x[0],0.9999998807907104,True,1.0,1.0,12.0,385049,2.424867907015141,0.0,0,(x0 + x0 * x0 * x0 * x0) * (exp(x0 - x0) + (x0 + x0 * x0) * x0 / x0),(x0 + x0 * x0 * x0 * x0) * (exp(x0 - x0) + (x0 + x0 * x0) * x0 / x0),(x0**4 + x0)*(x0**2 + x0 + 1),[],"{""K"": 500, ""c"": 6.0, ""exploration_rate"": 0.1, ""gamma"": 0.5, ""gp_rate"": 0.5, ""lm_iterations"": 10, ""max_constants"": 999, ""max_depth"": 6, ""max_evals"": 2000000, ""max_unary"": 999, ""mutation_rate"": 0.1, ""ops"": [""+"", ""-"", ""*"", ""/"", ""sin"", ""cos"", ""exp"", ""log""], ""succ_error_tol"": 1e-06}","{""K"": 500, ""c"": 6.0, ""exploration_rate"": 0.1, ""gamma"": 0.5, ""gp_rate"": 0.5, ""lm_iterations"": 10, ""max_constants"": 999, ""max_depth"": 6, ""max_evals"": 2000000, ""max_unary"": 999, ""mutation_rate"": 0.1, ""ops"": [""+"", ""-"", ""*"", ""/"", ""sin"", ""cos"", ""exp"", ""log""], ""succ_error_tol"": 1e-06}",0.5
imcts,Nguyen,4,Nguyen-4,expression,28,5311,40,20,20,1,"[""x0""]",x[0]**6 + x[0]**5 + x[0]**4 + x[0]**3 + x[0]**2 + x[0],0.9999999403953552,True,1.0,1.0,16.0,212432,1.182121341000311,0.0,0,(x0 / (x0 * x0) + x0 * x0 * x0 + x0) * x0 * (x0 + x0 * x0),(x0 / (x0 * x0) + x0 * x0 * x0 + x0) * x0 * (x0 + x0 * x0),x0*(x0 + 1)*(x0**2*(x0**2 + 1) + 1),[],"{""K"": 500, ""c"": 6.0, ""exploration_rate"": 0.1, ""gamma"": 0.5, ""gp_rate"": 0.5, ""lm_iterations"": 10, ""max_constants"": 999, ""max_depth"": 6, ""max_evals"": 2000000, ""max_unary"": 999, ""mutation_rate"": 0.1, ""ops"": [""+"", ""-"", ""*"", ""/"", ""sin"", ""cos"", ""exp"", ""log""], ""succ_error_tol"": 1e-06}","{""K"": 500, ""c"": 6.0, ""exploration_rate"": 0.1, ""gamma"": 0.5, ""gp_rate"": 0.5, ""lm_iterations"": 10, ""max_constants"": 999, ""max_depth"": 6, ""max_evals"": 2000000, ""max_unary"": 999, ""mutation_rate"": 0.1, ""ops"": [""+"", ""-"", ""*"", ""/"", ""sin"", ""cos"", ""exp"", ""log""], ""succ_error_tol"": 1e-06}",0.5
imcts,Nguyen,4,Nguyen-4,expression,29,5051,40,20,20,1,"[""x0""]",x[0]**6 + x[0]**5 + x[0]**4 + x[0]**3 + x[0]**2 + x[0],0.9999999403953552,True,1.0,1.0,13.0,144645,0.7977093609515578,0.0,0,(x0 + x0 * x0) * (x0 * x0 * x0 * x0 + x0 * x0 + exp(sin(x0 - x0))),(x0 + x0 * x0) * (x0 * x0 * x0 * x0 + x0 * x0 + exp(sin(x0 - x0))),x0*(x0 + 1)*(x0**4 + x0**2 + 1),[],"{""K"": 500, ""c"": 6.0, ""exploration_rate"": 0.1, ""gamma"": 0.5, ""gp_rate"": 0.5, ""lm_iterations"": 10, ""max_constants"": 999, ""max_depth"": 6, ""max_evals"": 2000000, ""max_unary"": 999, ""mutation_rate"": 0.1, ""ops"": [""+"", ""-"", ""*"", ""/"", ""sin"", ""cos"", ""exp"", ""log""], ""succ_error_tol"": 1e-06}","{""K"": 500, ""c"": 6.0, ""exploration_rate"": 0.1, ""gamma"": 0.5, ""gp_rate"": 0.5, ""lm_iterations"": 10, ""max_constants"": 999, ""max_depth"": 6, ""max_evals"": 2000000, ""max_unary"": 999, ""mutation_rate"": 0.1, ""ops"": [""+"", ""-"", ""*"", ""/"", ""sin"", ""cos"", ""exp"", ""log""], ""succ_error_tol"": 1e-06}",0.5
imcts,Nguyen,4,Nguyen-4,expression,30,6420,40,20,20,1,"[""x0""]",x[0]**6 + x[0]**5 + x[0]**4 + x[0]**3 + x[0]**2 + x[0],0.9999999403953552,True,1.0,1.0,17.0,199019,1.1015918990015052,0.0,0,(x0 * x0 + x0 * x0 * x0) * (x0 + x0 * x0 * x0) + x0 + x0 - x0 + x0 * x0,(x0 * x0 + x0 * x0 * x0) * (x0 + x0 * x0 * x0) + x0 + x0 - x0 + x0 * x0,x0*(x0**2*(x0 + 1)*(x0**2 + 1) + x0 + 1),[],"{""K"": 500, ""c"": 6.0, ""exploration_rate"": 0.1, ""gamma"": 0.5, ""gp_rate"": 0.5, ""lm_iterations"": 10, ""max_constants"": 999, ""max_depth"": 6, ""max_evals"": 2000000, ""max_unary"": 999, ""mutation_rate"": 0.1, ""ops"": [""+"", ""-"", ""*"", ""/"", ""sin"", ""cos"", ""exp"", ""log""], ""succ_error_tol"": 1e-06}","{""K"": 500, ""c"": 6.0, ""exploration_rate"": 0.1, ""gamma"": 0.5, ""gp_rate"": 0.5, ""lm_iterations"": 10, ""max_constants"": 999, ""max_depth"": 6, ""max_evals"": 2000000, ""max_unary"": 999, ""mutation_rate"": 0.1, ""ops"": [""+"", ""-"", ""*"", ""/"", ""sin"", ""cos"", ""exp"", ""log""], ""succ_error_tol"": 1e-06}",0.5
imcts,Nguyen,4,Nguyen-4,expression,31,17568,40,20,20,1,"[""x0""]",x[0]**6 + x[0]**5 + x[0]**4 + x[0]**3 + x[0]**2 + x[0],0.9999999403953552,True,1.0,1.0,16.0,353145,2.1288598550017923,0.0,0,(x0 * x0 * x0 + x0 + x0 / (x0 * x0)) * (x0 * x0 + x0 * x0 * x0),(x0 * x0 * x0 + x0 + x0 / (x0 * x0)) * (x0 * x0 + x0 * x0 * x0),x0*(x0 + 1)*(x0**2*(x0**2 + 1) + 1),[],"{""K"": 500, ""c"": 6.0, ""exploration_rate"": 0.1, ""gamma"": 0.5, ""gp_rate"": 0.5, ""lm_iterations"": 10, ""max_constants"": 999, ""max_depth"": 6, ""max_evals"": 2000000, ""max_unary"": 999, ""mutation_rate"": 0.1, ""ops"": [""+"", ""-"", ""*"", ""/"", ""sin"", ""cos"", ""exp"", ""log""], ""succ_error_tol"": 1e-06}","{""K"": 500, ""c"": 6.0, ""exploration_rate"": 0.1, ""gamma"": 0.5, ""gp_rate"": 0.5, ""lm_iterations"": 10, ""max_constants"": 999, ""max_depth"": 6, ""max_evals"": 2000000, ""max_unary"": 999, ""mutation_rate"": 0.1, ""ops"": [""+"", ""-"", ""*"", ""/"", ""sin"", ""cos"", ""exp"", ""log""], ""succ_error_tol"": 1e-06}",0.5
imcts,Nguyen,4,Nguyen-4,expression,32,20939,40,20,20,1,"[""x0""]",x[0]**6 + x[0]**5 + x[0]**4 + x[0]**3 + x[0]**2 + x[0],0.9999999403953552,True,1.0,1.0,16.0,171061,0.9301457270048559,0.0,0,(x0 + x0 * x0) * (x0 * x0 + x0 * x0 * x0 * x0) + x0 * (exp(x0 - x0) + x0),(x0 + x0 * x0) * (x0 * x0 + x0 * x0 * x0 * x0) + x0 * (exp(x0 - x0) + x0),x0*(x0 + 1)*(x0**2*(x0**2 + 1) + 1),[],"{""K"": 500, ""c"": 6.0, ""exploration_rate"": 0.1, ""gamma"": 0.5, ""gp_rate"": 0.5, ""lm_iterations"": 10, ""max_constants"": 999, ""max_depth"": 6, ""max_evals"": 2000000, ""max_unary"": 999, ""mutation_rate"": 0.1, ""ops"": [""+"", ""-"", ""*"", ""/"", ""sin"", ""cos"", ""exp"", ""log""], ""succ_error_tol"": 1e-06}","{""K"": 500, ""c"": 6.0, ""exploration_rate"": 0.1, ""gamma"": 0.5, ""gp_rate"": 0.5, ""lm_iterations"": 10, ""max_constants"": 999, ""max_depth"": 6, ""max_evals"": 2000000, ""max_unary"": 999, ""mutation_rate"": 0.1, ""ops"": [""+"", ""-"", ""*"", ""/"", ""sin"", ""cos"", ""exp"", ""log""], ""succ_error_tol"": 1e-06}",0.5
imcts,Nguyen,4,Nguyen-4,expression,33,19769,40,20,20,1,"[""x0""]",x[0]**6 + x[0]**5 + x[0]**4 + x[0]**3 + x[0]**2 + x[0],0.9999999403953552,True,1.0,1.0,15.0,84929,0.41530955000780523,0.0,0,(x0 + x0 / x0) * ((x0 * x0 + x0 / x0) * x0 * x0 * x0 + x0),(x0 + x0 / x0) * ((x0 * x0 + x0 / x0) * x0 * x0 * x0 + x0),(x0 + 1)*(x0**3*(x0**2 + 1) + x0),[],"{""K"": 500, ""c"": 6.0, ""exploration_rate"": 0.1, ""gamma"": 0.5, ""gp_rate"": 0.5, ""lm_iterations"": 10, ""max_constants"": 999, ""max_depth"": 6, ""max_evals"": 2000000, ""max_unary"": 999, ""mutation_rate"": 0.1, ""ops"": [""+"", ""-"", ""*"", ""/"", ""sin"", ""cos"", ""exp"", ""log""], ""succ_error_tol"": 1e-06}","{""K"": 500, ""c"": 6.0, ""exploration_rate"": 0.1, ""gamma"": 0.5, ""gp_rate"": 0.5, ""lm_iterations"": 10, ""max_constants"": 999, ""max_depth"": 6, ""max_evals"": 2000000, ""max_unary"": 999, ""mutation_rate"": 0.1, ""ops"": [""+"", ""-"", ""*"", ""/"", ""sin"", ""cos"", ""exp"", ""log""], ""succ_error_tol"": 1e-06}",0.5
imcts,Nguyen,4,Nguyen-4,expression,34,28693,40,20,20,1,"[""x0""]",x[0]**6 + x[0]**5 + x[0]**4 + x[0]**3 + x[0]**2 + x[0],0.9999999403953552,True,1.0,1.0,17.0,143293,0.7839569839998148,0.0,0,x0 + x0 * x0 + (x0 * x0 + x0 * x0 * x0) * (x0 * x0 * x0 + x0),x0 + x0 * x0 + (x0 * x0 + x0 * x0 * x0) * (x0 * x0 * x0 + x0),x0*(x0**2*(x0 + 1)*(x0**2 + 1) + x0 + 1),[],"{""K"": 500, ""c"": 6.0, ""exploration_rate"": 0.1, ""gamma"": 0.5, ""gp_rate"": 0.5, ""lm_iterations"": 10, ""max_constants"": 999, ""max_depth"": 6, ""max_evals"": 2000000, ""max_unary"": 999, ""mutation_rate"": 0.1, ""ops"": [""+"", ""-"", ""*"", ""/"", ""sin"", ""cos"", ""exp"", ""log""], ""succ_error_tol"": 1e-06}","{""K"": 500, ""c"": 6.0, ""exploration_rate"": 0.1, ""gamma"": 0.5, ""gp_rate"": 0.5, ""lm_iterations"": 10, ""max_constants"": 999, ""max_depth"": 6, ""max_evals"": 2000000, ""max_unary"": 999, ""mutation_rate"": 0.1, ""ops"": [""+"", ""-"", ""*"", ""/"", ""sin"", ""cos"", ""exp"", ""log""], ""succ_error_tol"": 1e-06}",0.5
imcts,Nguyen,4,Nguyen-4,expression,35,6396,40,20,20,1,"[""x0""]",x[0]**6 + x[0]**5 + x[0]**4 + x[0]**3 + x[0]**2 + x[0],0.9999999403953552,True,1.0,1.0,13.0,137018,0.707774821028579,0.0,0,(x0 / x0 + x0 * x0 + x0 * x0 * x0 * x0) * (x0 * x0 + x0),(x0 / x0 + x0 * x0 + x0 * x0 * x0 * x0) * (x0 * x0 + x0),x0*(x0 + 1)*(x0**4 + x0**2 + 1),[],"{""K"": 500, ""c"": 6.0, ""exploration_rate"": 0.1, ""gamma"": 0.5, ""gp_rate"": 0.5, ""lm_iterations"": 10, ""max_constants"": 999, ""max_depth"": 6, ""max_evals"": 2000000, ""max_unary"": 999, ""mutation_rate"": 0.1, ""ops"": [""+"", ""-"", ""*"", ""/"", ""sin"", ""cos"", ""exp"", ""log""], ""succ_error_tol"": 1e-06}","{""K"": 500, ""c"": 6.0, ""exploration_rate"": 0.1, ""gamma"": 0.5, ""gp_rate"": 0.5, ""lm_iterations"": 10, ""max_constants"": 999, ""max_depth"": 6, ""max_evals"": 2000000, ""max_unary"": 999, ""mutation_rate"": 0.1, ""ops"": [""+"", ""-"", ""*"", ""/"", ""sin"", ""cos"", ""exp"", ""log""], ""succ_error_tol"": 1e-06}",0.5
imcts,Nguyen,4,Nguyen-4,expression,36,29419,40,20,20,1,"[""x0""]",x[0]**6 + x[0]**5 + x[0]**4 + x[0]**3 + x[0]**2 + x[0],0.9999998807907104,True,1.0,1.0,17.0,200058,1.095287453965284,0.0,0,x0 * (x0 + x0 * x0) * (x0 + x0 * x0 * x0) + x0 + x0 * x0,x0 * (x0 + x0 * x0) * (x0 + x0 * x0 * x0) + x0 + x0 * x0,x0*(x0**2*(x0 + 1)*(x0**2 + 1) + x0 + 1),[],"{""K"": 500, ""c"": 6.0, ""exploration_rate"": 0.1, ""gamma"": 0.5, ""gp_rate"": 0.5, ""lm_iterations"": 10, ""max_constants"": 999, ""max_depth"": 6, ""max_evals"": 2000000, ""max_unary"": 999, ""mutation_rate"": 0.1, ""ops"": [""+"", ""-"", ""*"", ""/"", ""sin"", ""cos"", ""exp"", ""log""], ""succ_error_tol"": 1e-06}","{""K"": 500, ""c"": 6.0, ""exploration_rate"": 0.1, ""gamma"": 0.5, ""gp_rate"": 0.5, ""lm_iterations"": 10, ""max_constants"": 999, ""max_depth"": 6, ""max_evals"": 2000000, ""max_unary"": 999, ""mutation_rate"": 0.1, ""ops"": [""+"", ""-"", ""*"", ""/"", ""sin"", ""cos"", ""exp"", ""log""], ""succ_error_tol"": 1e-06}",0.5
imcts,Nguyen,4,Nguyen-4,expression,37,27480,40,20,20,1,"[""x0""]",x[0]**6 + x[0]**5 + x[0]**4 + x[0]**3 + x[0]**2 + x[0],0.9999999403953552,True,1.0,1.0,17.0,141493,0.7241619439446367,0.0,0,x0 + x0 * x0 + (x0 + x0 * x0 * x0) * x0 * (x0 + x0 * x0),x0 + x0 * x0 + (x0 + x0 * x0 * x0) * x0 * (x0 + x0 * x0),x0*(x0**2*(x0 + 1)*(x0**2 + 1) + x0 + 1),[],"{""K"": 500, ""c"": 6.0, ""exploration_rate"": 0.1, ""gamma"": 0.5, ""gp_rate"": 0.5, ""lm_iterations"": 10, ""max_constants"": 999, ""max_depth"": 6, ""max_evals"": 2000000, ""max_unary"": 999, ""mutation_rate"": 0.1, ""ops"": [""+"", ""-"", ""*"", ""/"", ""sin"", ""cos"", ""exp"", ""log""], ""succ_error_tol"": 1e-06}","{""K"": 500, ""c"": 6.0, ""exploration_rate"": 0.1, ""gamma"": 0.5, ""gp_rate"": 0.5, ""lm_iterations"": 10, ""max_constants"": 999, ""max_depth"": 6, ""max_evals"": 2000000, ""max_unary"": 999, ""mutation_rate"": 0.1, ""ops"": [""+"", ""-"", ""*"", ""/"", ""sin"", ""cos"", ""exp"", ""log""], ""succ_error_tol"": 1e-06}",0.5
imcts,Nguyen,4,Nguyen-4,expression,38,32304,40,20,20,1,"[""x0""]",x[0]**6 + x[0]**5 + x[0]**4 + x[0]**3 + x[0]**2 + x[0],0.9999999403953552,True,1.0,1.0,12.0,363222,2.179133808007464,0.0,0,(x0 * x0 + x0 + x0 / x0) * (x0 * x0 * x0 * x0 + x0),(x0 * x0 + x0 + x0 / x0) * (x0 * x0 * x0 * x0 + x0),(x0**4 + x0)*(x0**2 + x0 + 1),[],"{""K"": 500, ""c"": 6.0, ""exploration_rate"": 0.1, ""gamma"": 0.5, ""gp_rate"": 0.5, ""lm_iterations"": 10, ""max_constants"": 999, ""max_depth"": 6, ""max_evals"": 2000000, ""max_unary"": 999, ""mutation_rate"": 0.1, ""ops"": [""+"", ""-"", ""*"", ""/"", ""sin"", ""cos"", ""exp"", ""log""], ""succ_error_tol"": 1e-06}","{""K"": 500, ""c"": 6.0, ""exploration_rate"": 0.1, ""gamma"": 0.5, ""gp_rate"": 0.5, ""lm_iterations"": 10, ""max_constants"": 999, ""max_depth"": 6, ""max_evals"": 2000000, ""max_unary"": 999, ""mutation_rate"": 0.1, ""ops"": [""+"", ""-"", ""*"", ""/"", ""sin"", ""cos"", ""exp"", ""log""], ""succ_error_tol"": 1e-06}",0.5
imcts,Nguyen,4,Nguyen-4,expression,39,8666,40,20,20,1,"[""x0""]",x[0]**6 + x[0]**5 + x[0]**4 + x[0]**3 + x[0]**2 + x[0],0.9999999403953552,True,1.0,1.0,17.0,174739,0.9550304420408793,0.0,0,(x0 * x0 + x0) * x0 * (x0 * x0 * x0 + x0) + x0 + x0 * x0,(x0 * x0 + x0) * x0 * (x0 * x0 * x0 + x0) + x0 + x0 * x0,x0*(x0**2*(x0 + 1)*(x0**2 + 1) + x0 + 1),[],"{""K"": 500, ""c"": 6.0, ""exploration_rate"": 0.1, ""gamma"": 0.5, ""gp_rate"": 0.5, ""lm_iterations"": 10, ""max_constants"": 999, ""max_depth"": 6, ""max_evals"": 2000000, ""max_unary"": 999, ""mutation_rate"": 0.1, ""ops"": [""+"", ""-"", ""*"", ""/"", ""sin"", ""cos"", ""exp"", ""log""], ""succ_error_tol"": 1e-06}","{""K"": 500, ""c"": 6.0, ""exploration_rate"": 0.1, ""gamma"": 0.5, ""gp_rate"": 0.5, ""lm_iterations"": 10, ""max_constants"": 999, ""max_depth"": 6, ""max_evals"": 2000000, ""max_unary"": 999, ""mutation_rate"": 0.1, ""ops"": [""+"", ""-"", ""*"", ""/"", ""sin"", ""cos"", ""exp"", ""log""], ""succ_error_tol"": 1e-06}",0.5
imcts,Nguyen,4,Nguyen-4,expression,40,25658,40,20,20,1,"[""x0""]",x[0]**6 + x[0]**5 + x[0]**4 + x[0]**3 + x[0]**2 + x[0],0.9999999403953552,True,1.0,1.0,17.0,172119,0.9085634200018831,0.0,0,x0 * (x0 * x0 + x0) * (x0 + x0 * x0 * x0) + x0 + x0 * x0,x0 * (x0 * x0 + x0) * (x0 + x0 * x0 * x0) + x0 + x0 * x0,x0*(x0**2*(x0 + 1)*(x0**2 + 1) + x0 + 1),[],"{""K"": 500, ""c"": 6.0, ""exploration_rate"": 0.1, ""gamma"": 0.5, ""gp_rate"": 0.5, ""lm_iterations"": 10, ""max_constants"": 999, ""max_depth"": 6, ""max_evals"": 2000000, ""max_unary"": 999, ""mutation_rate"": 0.1, ""ops"": [""+"", ""-"", ""*"", ""/"", ""sin"", ""cos"", ""exp"", ""log""], ""succ_error_tol"": 1e-06}","{""K"": 500, ""c"": 6.0, ""exploration_rate"": 0.1, ""gamma"": 0.5, ""gp_rate"": 0.5, ""lm_iterations"": 10, ""max_constants"": 999, ""max_depth"": 6, ""max_evals"": 2000000, ""max_unary"": 999, ""mutation_rate"": 0.1, ""ops"": [""+"", ""-"", ""*"", ""/"", ""sin"", ""cos"", ""exp"", ""log""], ""succ_error_tol"": 1e-06}",0.5
imcts,Nguyen,4,Nguyen-4,expression,41,18942,40,20,20,1,"[""x0""]",x[0]**6 + x[0]**5 + x[0]**4 + x[0]**3 + x[0]**2 + x[0],1.0,True,1.0,1.0,12.0,88965,0.46306918398477137,0.0,0,(x0 * x0 * x0 * x0 + x0) * (x0 / x0 + x0 * x0 + x0),(x0 * x0 * x0 * x0 + x0) * (x0 / x0 + x0 * x0 + x0),(x0**4 + x0)*(x0**2 + x0 + 1),[],"{""K"": 500, ""c"": 6.0, ""exploration_rate"": 0.1, ""gamma"": 0.5, ""gp_rate"": 0.5, ""lm_iterations"": 10, ""max_constants"": 999, ""max_depth"": 6, ""max_evals"": 2000000, ""max_unary"": 999, ""mutation_rate"": 0.1, ""ops"": [""+"", ""-"", ""*"", ""/"", ""sin"", ""cos"", ""exp"", ""log""], ""succ_error_tol"": 1e-06}","{""K"": 500, ""c"": 6.0, ""exploration_rate"": 0.1, ""gamma"": 0.5, ""gp_rate"": 0.5, ""lm_iterations"": 10, ""max_constants"": 999, ""max_depth"": 6, ""max_evals"": 2000000, ""max_unary"": 999, ""mutation_rate"": 0.1, ""ops"": [""+"", ""-"", ""*"", ""/"", ""sin"", ""cos"", ""exp"", ""log""], ""succ_error_tol"": 1e-06}",0.5
imcts,Nguyen,4,Nguyen-4,expression,42,24233,40,20,20,1,"[""x0""]",x[0]**6 + x[0]**5 + x[0]**4 + x[0]**3 + x[0]**2 + x[0],0.9999999403953552,True,1.0,1.0,17.0,76263,0.3725467330077663,0.0,0,(x0 * x0 + x0 * x0 * x0) * (x0 + x0 * x0 * x0) + x0 * x0 + x0,(x0 * x0 + x0 * x0 * x0) * (x0 + x0 * x0 * x0) + x0 * x0 + x0,x0*(x0**2*(x0 + 1)*(x0**2 + 1) + x0 + 1),[],"{""K"": 500, ""c"": 6.0, ""exploration_rate"": 0.1, ""gamma"": 0.5, ""gp_rate"": 0.5, ""lm_iterations"": 10, ""max_constants"": 999, ""max_depth"": 6, ""max_evals"": 2000000, ""max_unary"": 999, ""mutation_rate"": 0.1, ""ops"": [""+"", ""-"", ""*"", ""/"", ""sin"", ""cos"", ""exp"", ""log""], ""succ_error_tol"": 1e-06}","{""K"": 500, ""c"": 6.0, ""exploration_rate"": 0.1, ""gamma"": 0.5, ""gp_rate"": 0.5, ""lm_iterations"": 10, ""max_constants"": 999, ""max_depth"": 6, ""max_evals"": 2000000, ""max_unary"": 999, ""mutation_rate"": 0.1, ""ops"": [""+"", ""-"", ""*"", ""/"", ""sin"", ""cos"", ""exp"", ""log""], ""succ_error_tol"": 1e-06}",0.5
imcts,Nguyen,4,Nguyen-4,expression,43,18431,40,20,20,1,"[""x0""]",x[0]**6 + x[0]**5 + x[0]**4 + x[0]**3 + x[0]**2 + x[0],0.9999999403953552,True,1.0,1.0,12.0,269104,1.5099775569979101,0.0,0,(x0 / x0 + x0 * x0 + x0) * (x0 * x0 * x0 * x0 + x0),(x0 / x0 + x0 * x0 + x0) * (x0 * x0 * x0 * x0 + x0),(x0**4 + x0)*(x0**2 + x0 + 1),[],"{""K"": 500, ""c"": 6.0, ""exploration_rate"": 0.1, ""gamma"": 0.5, ""gp_rate"": 0.5, ""lm_iterations"": 10, ""max_constants"": 999, ""max_depth"": 6, ""max_evals"": 2000000, ""max_unary"": 999, ""mutation_rate"": 0.1, ""ops"": [""+"", ""-"", ""*"", ""/"", ""sin"", ""cos"", ""exp"", ""log""], ""succ_error_tol"": 1e-06}","{""K"": 500, ""c"": 6.0, ""exploration_rate"": 0.1, ""gamma"": 0.5, ""gp_rate"": 0.5, ""lm_iterations"": 10, ""max_constants"": 999, ""max_depth"": 6, ""max_evals"": 2000000, ""max_unary"": 999, ""mutation_rate"": 0.1, ""ops"": [""+"", ""-"", ""*"", ""/"", ""sin"", ""cos"", ""exp"", ""log""], ""succ_error_tol"": 1e-06}",0.5
imcts,Nguyen,4,Nguyen-4,expression,44,32219,40,20,20,1,"[""x0""]",x[0]**6 + x[0]**5 + x[0]**4 + x[0]**3 + x[0]**2 + x[0],0.9999998807907104,True,1.0,1.0,13.0,52452,0.24001467099878937,0.0,0,(x0 * x0 * x0 + x0 / x0 * x0 * x0 + x0) * (x0 / x0 + x0 * x0 * x0),(x0 * x0 * x0 + x0 / x0 * x0 * x0 + x0) * (x0 / x0 + x0 * x0 * x0),x0*(x0**3 + 1)*(x0**2 + x0 + 1),[],"{""K"": 500, ""c"": 6.0, ""exploration_rate"": 0.1, ""gamma"": 0.5, ""gp_rate"": 0.5, ""lm_iterations"": 10, ""max_constants"": 999, ""max_depth"": 6, ""max_evals"": 2000000, ""max_unary"": 999, ""mutation_rate"": 0.1, ""ops"": [""+"", ""-"", ""*"", ""/"", ""sin"", ""cos"", ""exp"", ""log""], ""succ_error_tol"": 1e-06}","{""K"": 500, ""c"": 6.0, ""exploration_rate"": 0.1, ""gamma"": 0.5, ""gp_rate"": 0.5, ""lm_iterations"": 10, ""max_constants"": 999, ""max_depth"": 6, ""max_evals"": 2000000, ""max_unary"": 999, ""mutation_rate"": 0.1, ""ops"": [""+"", ""-"", ""*"", ""/"", ""sin"", ""cos"", ""exp"", ""log""], ""succ_error_tol"": 1e-06}",0.5
imcts,Nguyen,4,Nguyen-4,expression,45,2747,40,20,20,1,"[""x0""]",x[0]**6 + x[0]**5 + x[0]**4 + x[0]**3 + x[0]**2 + x[0],0.9999998807907104,True,1.0,1.0,16.0,129684,0.6696442930260673,0.0,0,(x0 * x0 * x0 + x0 + x0 / (x0 * x0)) * x0 * (x0 * x0 + x0),(x0 * x0 * x0 + x0 + x0 / (x0 * x0)) * x0 * (x0 * x0 + x0),x0*(x0 + 1)*(x0**2*(x0**2 + 1) + 1),[],"{""K"": 500, ""c"": 6.0, ""exploration_rate"": 0.1, ""gamma"": 0.5, ""gp_rate"": 0.5, ""lm_iterations"": 10, ""max_constants"": 999, ""max_depth"": 6, ""max_evals"": 2000000, ""max_unary"": 999, ""mutation_rate"": 0.1, ""ops"": [""+"", ""-"", ""*"", ""/"", ""sin"", ""cos"", ""exp"", ""log""], ""succ_error_tol"": 1e-06}","{""K"": 500, ""c"": 6.0, ""exploration_rate"": 0.1, ""gamma"": 0.5, ""gp_rate"": 0.5, ""lm_iterations"": 10, ""max_constants"": 999, ""max_depth"": 6, ""max_evals"": 2000000, ""max_unary"": 999, ""mutation_rate"": 0.1, ""ops"": [""+"", ""-"", ""*"", ""/"", ""sin"", ""cos"", ""exp"", ""log""], ""succ_error_tol"": 1e-06}",0.5
imcts,Nguyen,4,Nguyen-4,expression,46,25551,40,20,20,1,"[""x0""]",x[0]**6 + x[0]**5 + x[0]**4 + x[0]**3 + x[0]**2 + x[0],0.9999999403953552,True,1.0,1.0,17.0,140117,0.7219461560016498,0.0,0,(x0 * x0 + x0) * x0 * (x0 * x0 * x0 + x0) + x0 * x0 + x0,(x0 * x0 + x0) * x0 * (x0 * x0 * x0 + x0) + x0 * x0 + x0,x0*(x0**2*(x0 + 1)*(x0**2 + 1) + x0 + 1),[],"{""K"": 500, ""c"": 6.0, ""exploration_rate"": 0.1, ""gamma"": 0.5, ""gp_rate"": 0.5, ""lm_iterations"": 10, ""max_constants"": 999, ""max_depth"": 6, ""max_evals"": 2000000, ""max_unary"": 999, ""mutation_rate"": 0.1, ""ops"": [""+"", ""-"", ""*"", ""/"", ""sin"", ""cos"", ""exp"", ""log""], ""succ_error_tol"": 1e-06}","{""K"": 500, ""c"": 6.0, ""exploration_rate"": 0.1, ""gamma"": 0.5, ""gp_rate"": 0.5, ""lm_iterations"": 10, ""max_constants"": 999, ""max_depth"": 6, ""max_evals"": 2000000, ""max_unary"": 999, ""mutation_rate"": 0.1, ""ops"": [""+"", ""-"", ""*"", ""/"", ""sin"", ""cos"", ""exp"", ""log""], ""succ_error_tol"": 1e-06}",0.5
imcts,Nguyen,4,Nguyen-4,expression,47,26382,40,20,20,1,"[""x0""]",x[0]**6 + x[0]**5 + x[0]**4 + x[0]**3 + x[0]**2 + x[0],0.9999999403953552,True,1.0,1.0,13.0,183214,1.0131575100240298,0.0,0,(x0 / x0 + x0 * x0 * x0) * x0 * (x0 / x0 + x0 * x0 + x0),(x0 / x0 + x0 * x0 * x0) * x0 * (x0 / x0 + x0 * x0 + x0),x0*(x0**3 + 1)*(x0**2 + x0 + 1),[],"{""K"": 500, ""c"": 6.0, ""exploration_rate"": 0.1, ""gamma"": 0.5, ""gp_rate"": 0.5, ""lm_iterations"": 10, ""max_constants"": 999, ""max_depth"": 6, ""max_evals"": 2000000, ""max_unary"": 999, ""mutation_rate"": 0.1, ""ops"": [""+"", ""-"", ""*"", ""/"", ""sin"", ""cos"", ""exp"", ""log""], ""succ_error_tol"": 1e-06}","{""K"": 500, ""c"": 6.0, ""exploration_rate"": 0.1, ""gamma"": 0.5, ""gp_rate"": 0.5, ""lm_iterations"": 10, ""max_constants"": 999, ""max_depth"": 6, ""max_evals"": 2000000, ""max_unary"": 999, ""mutation_rate"": 0.1, ""ops"": [""+"", ""-"", ""*"", ""/"", ""sin"", ""cos"", ""exp"", ""log""], ""succ_error_tol"": 1e-06}",0.5
imcts,Nguyen,4,Nguyen-4,expression,48,189,40,20,20,1,"[""x0""]",x[0]**6 + x[0]**5 + x[0]**4 + x[0]**3 + x[0]**2 + x[0],0.9999999403953552,True,1.0,1.0,13.0,80957,0.3992491720127873,0.0,0,(x0 * x0 * x0 + x0 / x0) * x0 * (x0 * x0 + x0 / x0 + x0),(x0 * x0 * x0 + x0 / x0) * x0 * (x0 * x0 + x0 / x0 + x0),x0*(x0**3 + 1)*(x0**2 + x0 + 1),[],"{""K"": 500, ""c"": 6.0, ""exploration_rate"": 0.1, ""gamma"": 0.5, ""gp_rate"": 0.5, ""lm_iterations"": 10, ""max_constants"": 999, ""max_depth"": 6, ""max_evals"": 2000000, ""max_unary"": 999, ""mutation_rate"": 0.1, ""ops"": [""+"", ""-"", ""*"", ""/"", ""sin"", ""cos"", ""exp"", ""log""], ""succ_error_tol"": 1e-06}","{""K"": 500, ""c"": 6.0, ""exploration_rate"": 0.1, ""gamma"": 0.5, ""gp_rate"": 0.5, ""lm_iterations"": 10, ""max_constants"": 999, ""max_depth"": 6, ""max_evals"": 2000000, ""max_unary"": 999, ""mutation_rate"": 0.1, ""ops"": [""+"", ""-"", ""*"", ""/"", ""sin"", ""cos"", ""exp"", ""log""], ""succ_error_tol"": 1e-06}",0.5
imcts,Nguyen,4,Nguyen-4,expression,49,31677,40,20,20,1,"[""x0""]",x[0]**6 + x[0]**5 + x[0]**4 + x[0]**3 + x[0]**2 + x[0],0.9999998807907104,True,1.0,1.0,17.0,182526,0.9584513800218701,0.0,0,x0 * x0 + x0 + (x0 + x0 * x0) * x0 * (x0 * x0 * x0 + x0),x0 * x0 + x0 + (x0 + x0 * x0) * x0 * (x0 * x0 * x0 + x0),x0*(x0**2*(x0 + 1)*(x0**2 + 1) + x0 + 1),[],"{""K"": 500, ""c"": 6.0, ""exploration_rate"": 0.1, ""gamma"": 0.5, ""gp_rate"": 0.5, ""lm_iterations"": 10, ""max_constants"": 999, ""max_depth"": 6, ""max_evals"": 2000000, ""max_unary"": 999, ""mutation_rate"": 0.1, ""ops"": [""+"", ""-"", ""*"", ""/"", ""sin"", ""cos"", ""exp"", ""log""], ""succ_error_tol"": 1e-06}","{""K"": 500, ""c"": 6.0, ""exploration_rate"": 0.1, ""gamma"": 0.5, ""gp_rate"": 0.5, ""lm_iterations"": 10, ""max_constants"": 999, ""max_depth"": 6, ""max_evals"": 2000000, ""max_unary"": 999, ""mutation_rate"": 0.1, ""ops"": [""+"", ""-"", ""*"", ""/"", ""sin"", ""cos"", ""exp"", ""log""], ""succ_error_tol"": 1e-06}",0.5
imcts,Nguyen,4,Nguyen-4,expression,50,19118,40,20,20,1,"[""x0""]",x[0]**6 + x[0]**5 + x[0]**4 + x[0]**3 + x[0]**2 + x[0],0.9999998807907104,True,1.0,1.0,17.0,104459,0.5311229099752381,0.0,0,(x0 + x0 * x0 * x0) * (x0 * x0 + x0) * x0 + x0 * x0 + x0,(x0 + x0 * x0 * x0) * (x0 * x0 + x0) * x0 + x0 * x0 + x0,x0*(x0**2*(x0 + 1)*(x0**2 + 1) + x0 + 1),[],"{""K"": 500, ""c"": 6.0, ""exploration_rate"": 0.1, ""gamma"": 0.5, ""gp_rate"": 0.5, ""lm_iterations"": 10, ""max_constants"": 999, ""max_depth"": 6, ""max_evals"": 2000000, ""max_unary"": 999, ""mutation_rate"": 0.1, ""ops"": [""+"", ""-"", ""*"", ""/"", ""sin"", ""cos"", ""exp"", ""log""], ""succ_error_tol"": 1e-06}","{""K"": 500, ""c"": 6.0, ""exploration_rate"": 0.1, ""gamma"": 0.5, ""gp_rate"": 0.5, ""lm_iterations"": 10, ""max_constants"": 999, ""max_depth"": 6, ""max_evals"": 2000000, ""max_unary"": 999, ""mutation_rate"": 0.1, ""ops"": [""+"", ""-"", ""*"", ""/"", ""sin"", ""cos"", ""exp"", ""log""], ""succ_error_tol"": 1e-06}",0.5
imcts,Nguyen,4,Nguyen-4,expression,51,3005,40,20,20,1,"[""x0""]",x[0]**6 + x[0]**5 + x[0]**4 + x[0]**3 + x[0]**2 + x[0],0.9999999403953552,True,1.0,1.0,13.0,136383,0.6853294179891236,0.0,0,(x0 * x0 * x0 * x0 + x0 / x0 + x0 * x0) * (x0 * x0 + x0),(x0 * x0 * x0 * x0 + x0 / x0 + x0 * x0) * (x0 * x0 + x0),x0*(x0 + 1)*(x0**4 + x0**2 + 1),[],"{""K"": 500, ""c"": 6.0, ""exploration_rate"": 0.1, ""gamma"": 0.5, ""gp_rate"": 0.5, ""lm_iterations"": 10, ""max_constants"": 999, ""max_depth"": 6, ""max_evals"": 2000000, ""max_unary"": 999, ""mutation_rate"": 0.1, ""ops"": [""+"", ""-"", ""*"", ""/"", ""sin"", ""cos"", ""exp"", ""log""], ""succ_error_tol"": 1e-06}","{""K"": 500, ""c"": 6.0, ""exploration_rate"": 0.1, ""gamma"": 0.5, ""gp_rate"": 0.5, ""lm_iterations"": 10, ""max_constants"": 999, ""max_depth"": 6, ""max_evals"": 2000000, ""max_unary"": 999, ""mutation_rate"": 0.1, ""ops"": [""+"", ""-"", ""*"", ""/"", ""sin"", ""cos"", ""exp"", ""log""], ""succ_error_tol"": 1e-06}",0.5
imcts,Nguyen,4,Nguyen-4,expression,52,21042,40,20,20,1,"[""x0""]",x[0]**6 + x[0]**5 + x[0]**4 + x[0]**3 + x[0]**2 + x[0],0.9999999403953552,True,1.0,1.0,14.0,41549,0.1892245970084332,0.0,0,(x0 * x0 * x0 + sin(x0) / sin(x0)) * (x0 + (x0 * x0 + x0) * x0),(x0 * x0 * x0 + sin(x0) / sin(x0)) * (x0 + (x0 * x0 + x0) * x0),x0*(x0**3 + 1)*(x0*(x0 + 1) + 1),[],"{""K"": 500, ""c"": 6.0, ""exploration_rate"": 0.1, ""gamma"": 0.5, ""gp_rate"": 0.5, ""lm_iterations"": 10, ""max_constants"": 999, ""max_depth"": 6, ""max_evals"": 2000000, ""max_unary"": 999, ""mutation_rate"": 0.1, ""ops"": [""+"", ""-"", ""*"", ""/"", ""sin"", ""cos"", ""exp"", ""log""], ""succ_error_tol"": 1e-06}","{""K"": 500, ""c"": 6.0, ""exploration_rate"": 0.1, ""gamma"": 0.5, ""gp_rate"": 0.5, ""lm_iterations"": 10, ""max_constants"": 999, ""max_depth"": 6, ""max_evals"": 2000000, ""max_unary"": 999, ""mutation_rate"": 0.1, ""ops"": [""+"", ""-"", ""*"", ""/"", ""sin"", ""cos"", ""exp"", ""log""], ""succ_error_tol"": 1e-06}",0.5
imcts,Nguyen,4,Nguyen-4,expression,53,1899,40,20,20,1,"[""x0""]",x[0]**6 + x[0]**5 + x[0]**4 + x[0]**3 + x[0]**2 + x[0],0.9999998807907104,True,1.0,1.0,16.0,79469,0.38924763398244977,0.0,0,(x0 / x0 + x0) * x0 * x0 * (x0 * x0 * x0 + x0 + x0 / (x0 * x0)),(x0 / x0 + x0) * x0 * x0 * (x0 * x0 * x0 + x0 + x0 / (x0 * x0)),x0*(x0 + 1)*(x0**2*(x0**2 + 1) + 1),[],"{""K"": 500, ""c"": 6.0, ""exploration_rate"": 0.1, ""gamma"": 0.5, ""gp_rate"": 0.5, ""lm_iterations"": 10, ""max_constants"": 999, ""max_depth"": 6, ""max_evals"": 2000000, ""max_unary"": 999, ""mutation_rate"": 0.1, ""ops"": [""+"", ""-"", ""*"", ""/"", ""sin"", ""cos"", ""exp"", ""log""], ""succ_error_tol"": 1e-06}","{""K"": 500, ""c"": 6.0, ""exploration_rate"": 0.1, ""gamma"": 0.5, ""gp_rate"": 0.5, ""lm_iterations"": 10, ""max_constants"": 999, ""max_depth"": 6, ""max_evals"": 2000000, ""max_unary"": 999, ""mutation_rate"": 0.1, ""ops"": [""+"", ""-"", ""*"", ""/"", ""sin"", ""cos"", ""exp"", ""log""], ""succ_error_tol"": 1e-06}",0.5
imcts,Nguyen,4,Nguyen-4,expression,54,24118,40,20,20,1,"[""x0""]",x[0]**6 + x[0]**5 + x[0]**4 + x[0]**3 + x[0]**2 + x[0],0.9999999403953552,True,1.0,1.0,17.0,168196,0.8812585850246251,0.0,0,(x0 * x0 * x0 + x0) * x0 * (x0 + x0 * x0) + x0 * x0 + x0,(x0 * x0 * x0 + x0) * x0 * (x0 + x0 * x0) + x0 * x0 + x0,x0*(x0**2*(x0 + 1)*(x0**2 + 1) + x0 + 1),[],"{""K"": 500, ""c"": 6.0, ""exploration_rate"": 0.1, ""gamma"": 0.5, ""gp_rate"": 0.5, ""lm_iterations"": 10, ""max_constants"": 999, ""max_depth"": 6, ""max_evals"": 2000000, ""max_unary"": 999, ""mutation_rate"": 0.1, ""ops"": [""+"", ""-"", ""*"", ""/"", ""sin"", ""cos"", ""exp"", ""log""], ""succ_error_tol"": 1e-06}","{""K"": 500, ""c"": 6.0, ""exploration_rate"": 0.1, ""gamma"": 0.5, ""gp_rate"": 0.5, ""lm_iterations"": 10, ""max_constants"": 999, ""max_depth"": 6, ""max_evals"": 2000000, ""max_unary"": 999, ""mutation_rate"": 0.1, ""ops"": [""+"", ""-"", ""*"", ""/"", ""sin"", ""cos"", ""exp"", ""log""], ""succ_error_tol"": 1e-06}",0.5
imcts,Nguyen,4,Nguyen-4,expression,55,1267,40,20,20,1,"[""x0""]",x[0]**6 + x[0]**5 + x[0]**4 + x[0]**3 + x[0]**2 + x[0],0.9999999403953552,True,1.0,1.0,13.0,118416,0.5977209400152788,0.0,0,(cos(x0 - x0) + x0 * x0 + x0 * x0 * x0 * x0) * (x0 * x0 + x0),(cos(x0 - x0) + x0 * x0 + x0 * x0 * x0 * x0) * (x0 * x0 + x0),x0*(x0 + 1)*(x0**4 + x0**2 + 1),[],"{""K"": 500, ""c"": 6.0, ""exploration_rate"": 0.1, ""gamma"": 0.5, ""gp_rate"": 0.5, ""lm_iterations"": 10, ""max_constants"": 999, ""max_depth"": 6, ""max_evals"": 2000000, ""max_unary"": 999, ""mutation_rate"": 0.1, ""ops"": [""+"", ""-"", ""*"", ""/"", ""sin"", ""cos"", ""exp"", ""log""], ""succ_error_tol"": 1e-06}","{""K"": 500, ""c"": 6.0, ""exploration_rate"": 0.1, ""gamma"": 0.5, ""gp_rate"": 0.5, ""lm_iterations"": 10, ""max_constants"": 999, ""max_depth"": 6, ""max_evals"": 2000000, ""max_unary"": 999, ""mutation_rate"": 0.1, ""ops"": [""+"", ""-"", ""*"", ""/"", ""sin"", ""cos"", ""exp"", ""log""], ""succ_error_tol"": 1e-06}",0.5
imcts,Nguyen,4,Nguyen-4,expression,56,31551,40,20,20,1,"[""x0""]",x[0]**6 + x[0]**5 + x[0]**4 + x[0]**3 + x[0]**2 + x[0],0.9999999403953552,True,1.0,1.0,13.0,63988,0.3020348979625851,0.0,0,(x0 * x0 + x0 + x0 - x0) * (x0 * x0 * x0 * x0 + x0 * x0 + x0 / x0),(x0 * x0 + x0 + x0 - x0) * (x0 * x0 * x0 * x0 + x0 * x0 + x0 / x0),x0*(x0 + 1)*(x0**4 + x0**2 + 1),[],"{""K"": 500, ""c"": 6.0, ""exploration_rate"": 0.1, ""gamma"": 0.5, ""gp_rate"": 0.5, ""lm_iterations"": 10, ""max_constants"": 999, ""max_depth"": 6, ""max_evals"": 2000000, ""max_unary"": 999, ""mutation_rate"": 0.1, ""ops"": [""+"", ""-"", ""*"", ""/"", ""sin"", ""cos"", ""exp"", ""log""], ""succ_error_tol"": 1e-06}","{""K"": 500, ""c"": 6.0, ""exploration_rate"": 0.1, ""gamma"": 0.5, ""gp_rate"": 0.5, ""lm_iterations"": 10, ""max_constants"": 999, ""max_depth"": 6, ""max_evals"": 2000000, ""max_unary"": 999, ""mutation_rate"": 0.1, ""ops"": [""+"", ""-"", ""*"", ""/"", ""sin"", ""cos"", ""exp"", ""log""], ""succ_error_tol"": 1e-06}",0.5
imcts,Nguyen,4,Nguyen-4,expression,57,17912,40,20,20,1,"[""x0""]",x[0]**6 + x[0]**5 + x[0]**4 + x[0]**3 + x[0]**2 + x[0],0.9999999403953552,True,1.0,1.0,17.0,117746,0.6046464740065858,0.0,0,(x0 * x0 * x0 + x0) * x0 * (x0 * x0 + x0) + x0 * x0 + x0,(x0 * x0 * x0 + x0) * x0 * (x0 * x0 + x0) + x0 * x0 + x0,x0*(x0**2*(x0 + 1)*(x0**2 + 1) + x0 + 1),[],"{""K"": 500, ""c"": 6.0, ""exploration_rate"": 0.1, ""gamma"": 0.5, ""gp_rate"": 0.5, ""lm_iterations"": 10, ""max_constants"": 999, ""max_depth"": 6, ""max_evals"": 2000000, ""max_unary"": 999, ""mutation_rate"": 0.1, ""ops"": [""+"", ""-"", ""*"", ""/"", ""sin"", ""cos"", ""exp"", ""log""], ""succ_error_tol"": 1e-06}","{""K"": 500, ""c"": 6.0, ""exploration_rate"": 0.1, ""gamma"": 0.5, ""gp_rate"": 0.5, ""lm_iterations"": 10, ""max_constants"": 999, ""max_depth"": 6, ""max_evals"": 2000000, ""max_unary"": 999, ""mutation_rate"": 0.1, ""ops"": [""+"", ""-"", ""*"", ""/"", ""sin"", ""cos"", ""exp"", ""log""], ""succ_error_tol"": 1e-06}",0.5
imcts,Nguyen,4,Nguyen-4,expression,58,11394,40,20,20,1,"[""x0""]",x[0]**6 + x[0]**5 + x[0]**4 + x[0]**3 + x[0]**2 + x[0],0.9999998807907104,True,1.0,1.0,17.0,394203,2.322504965006374,0.0,0,(x0 * x0 * x0 + x0 * x0) * (x0 + x0 * x0 * x0) + x0 + x0 * x0,(x0 * x0 * x0 + x0 * x0) * (x0 + x0 * x0 * x0) + x0 + x0 * x0,x0*(x0**2*(x0 + 1)*(x0**2 + 1) + x0 + 1),[],"{""K"": 500, ""c"": 6.0, ""exploration_rate"": 0.1, ""gamma"": 0.5, ""gp_rate"": 0.5, ""lm_iterations"": 10, ""max_constants"": 999, ""max_depth"": 6, ""max_evals"": 2000000, ""max_unary"": 999, ""mutation_rate"": 0.1, ""ops"": [""+"", ""-"", ""*"", ""/"", ""sin"", ""cos"", ""exp"", ""log""], ""succ_error_tol"": 1e-06}","{""K"": 500, ""c"": 6.0, ""exploration_rate"": 0.1, ""gamma"": 0.5, ""gp_rate"": 0.5, ""lm_iterations"": 10, ""max_constants"": 999, ""max_depth"": 6, ""max_evals"": 2000000, ""max_unary"": 999, ""mutation_rate"": 0.1, ""ops"": [""+"", ""-"", ""*"", ""/"", ""sin"", ""cos"", ""exp"", ""log""], ""succ_error_tol"": 1e-06}",0.5
imcts,Nguyen,4,Nguyen-4,expression,59,3556,40,20,20,1,"[""x0""]",x[0]**6 + x[0]**5 + x[0]**4 + x[0]**3 + x[0]**2 + x[0],0.9999999403953552,True,1.0,1.0,16.0,151554,0.798218870011624,0.0,0,(x0 + x0 / (x0 * x0) + x0 * x0 * x0) * x0 * (x0 * x0 + x0),(x0 + x0 / (x0 * x0) + x0 * x0 * x0) * x0 * (x0 * x0 + x0),x0*(x0 + 1)*(x0**2*(x0**2 + 1) + 1),[],"{""K"": 500, ""c"": 6.0, ""exploration_rate"": 0.1, ""gamma"": 0.5, ""gp_rate"": 0.5, ""lm_iterations"": 10, ""max_constants"": 999, ""max_depth"": 6, ""max_evals"": 2000000, ""max_unary"": 999, ""mutation_rate"": 0.1, ""ops"": [""+"", ""-"", ""*"", ""/"", ""sin"", ""cos"", ""exp"", ""log""], ""succ_error_tol"": 1e-06}","{""K"": 500, ""c"": 6.0, ""exploration_rate"": 0.1, ""gamma"": 0.5, ""gp_rate"": 0.5, ""lm_iterations"": 10, ""max_constants"": 999, ""max_depth"": 6, ""max_evals"": 2000000, ""max_unary"": 999, ""mutation_rate"": 0.1, ""ops"": [""+"", ""-"", ""*"", ""/"", ""sin"", ""cos"", ""exp"", ""log""], ""succ_error_tol"": 1e-06}",0.5
imcts,Nguyen,4,Nguyen-4,expression,60,3890,40,20,20,1,"[""x0""]",x[0]**6 + x[0]**5 + x[0]**4 + x[0]**3 + x[0]**2 + x[0],0.9999999403953552,True,1.0,1.0,12.0,52308,0.24129032099153847,0.0,0,(x0 / x0 + x0 + x0 * x0) * (x0 * x0 * x0 * x0 + x0),(x0 / x0 + x0 + x0 * x0) * (x0 * x0 * x0 * x0 + x0),(x0**4 + x0)*(x0**2 + x0 + 1),[],"{""K"": 500, ""c"": 6.0, ""exploration_rate"": 0.1, ""gamma"": 0.5, ""gp_rate"": 0.5, ""lm_iterations"": 10, ""max_constants"": 999, ""max_depth"": 6, ""max_evals"": 2000000, ""max_unary"": 999, ""mutation_rate"": 0.1, ""ops"": [""+"", ""-"", ""*"", ""/"", ""sin"", ""cos"", ""exp"", ""log""], ""succ_error_tol"": 1e-06}","{""K"": 500, ""c"": 6.0, ""exploration_rate"": 0.1, ""gamma"": 0.5, ""gp_rate"": 0.5, ""lm_iterations"": 10, ""max_constants"": 999, ""max_depth"": 6, ""max_evals"": 2000000, ""max_unary"": 999, ""mutation_rate"": 0.1, ""ops"": [""+"", ""-"", ""*"", ""/"", ""sin"", ""cos"", ""exp"", ""log""], ""succ_error_tol"": 1e-06}",0.5
imcts,Nguyen,4,Nguyen-4,expression,61,8838,40,20,20,1,"[""x0""]",x[0]**6 + x[0]**5 + x[0]**4 + x[0]**3 + x[0]**2 + x[0],0.9999998807907104,True,1.0,1.0,13.0,106691,0.5343694930197671,0.0,0,(x0 + x0 * x0) * (x0 * x0 + x0 + x0 / x0 - x0 + x0 * x0 * x0 * x0),(x0 + x0 * x0) * (x0 * x0 + x0 + x0 / x0 - x0 + x0 * x0 * x0 * x0),x0*(x0 + 1)*(x0**4 + x0**2 + 1),[],"{""K"": 500, ""c"": 6.0, ""exploration_rate"": 0.1, ""gamma"": 0.5, ""gp_rate"": 0.5, ""lm_iterations"": 10, ""max_constants"": 999, ""max_depth"": 6, ""max_evals"": 2000000, ""max_unary"": 999, ""mutation_rate"": 0.1, ""ops"": [""+"", ""-"", ""*"", ""/"", ""sin"", ""cos"", ""exp"", ""log""], ""succ_error_tol"": 1e-06}","{""K"": 500, ""c"": 6.0, ""exploration_rate"": 0.1, ""gamma"": 0.5, ""gp_rate"": 0.5, ""lm_iterations"": 10, ""max_constants"": 999, ""max_depth"": 6, ""max_evals"": 2000000, ""max_unary"": 999, ""mutation_rate"": 0.1, ""ops"": [""+"", ""-"", ""*"", ""/"", ""sin"", ""cos"", ""exp"", ""log""], ""succ_error_tol"": 1e-06}",0.5
imcts,Nguyen,4,Nguyen-4,expression,62,30740,40,20,20,1,"[""x0""]",x[0]**6 + x[0]**5 + x[0]**4 + x[0]**3 + x[0]**2 + x[0],0.9999998807907104,True,1.0,1.0,13.0,132287,0.6842436789884232,0.0,0,(x0 * x0 + x0) * (x0 * x0 + x0 / x0 + (x0 * x0 - (x0 - x0)) * x0 * x0),(x0 * x0 + x0) * (x0 * x0 + x0 / x0 + (x0 * x0 - (x0 - x0)) * x0 * x0),x0*(x0 + 1)*(x0**4 + x0**2 + 1),[],"{""K"": 500, ""c"": 6.0, ""exploration_rate"": 0.1, ""gamma"": 0.5, ""gp_rate"": 0.5, ""lm_iterations"": 10, ""max_constants"": 999, ""max_depth"": 6, ""max_evals"": 2000000, ""max_unary"": 999, ""mutation_rate"": 0.1, ""ops"": [""+"", ""-"", ""*"", ""/"", ""sin"", ""cos"", ""exp"", ""log""], ""succ_error_tol"": 1e-06}","{""K"": 500, ""c"": 6.0, ""exploration_rate"": 0.1, ""gamma"": 0.5, ""gp_rate"": 0.5, ""lm_iterations"": 10, ""max_constants"": 999, ""max_depth"": 6, ""max_evals"": 2000000, ""max_unary"": 999, ""mutation_rate"": 0.1, ""ops"": [""+"", ""-"", ""*"", ""/"", ""sin"", ""cos"", ""exp"", ""log""], ""succ_error_tol"": 1e-06}",0.5
imcts,Nguyen,4,Nguyen-4,expression,63,27464,40,20,20,1,"[""x0""]",x[0]**6 + x[0]**5 + x[0]**4 + x[0]**3 + x[0]**2 + x[0],0.9999999403953552,True,1.0,1.0,12.0,149084,0.7628584800404496,0.0,0,(x0 * x0 + x0 + x0 / x0) * (x0 + x0 * x0 * x0 * x0),(x0 * x0 + x0 + x0 / x0) * (x0 + x0 * x0 * x0 * x0),(x0**4 + x0)*(x0**2 + x0 + 1),[],"{""K"": 500, ""c"": 6.0, ""exploration_rate"": 0.1, ""gamma"": 0.5, ""gp_rate"": 0.5, ""lm_iterations"": 10, ""max_constants"": 999, ""max_depth"": 6, ""max_evals"": 2000000, ""max_unary"": 999, ""mutation_rate"": 0.1, ""ops"": [""+"", ""-"", ""*"", ""/"", ""sin"", ""cos"", ""exp"", ""log""], ""succ_error_tol"": 1e-06}","{""K"": 500, ""c"": 6.0, ""exploration_rate"": 0.1, ""gamma"": 0.5, ""gp_rate"": 0.5, ""lm_iterations"": 10, ""max_constants"": 999, ""max_depth"": 6, ""max_evals"": 2000000, ""max_unary"": 999, ""mutation_rate"": 0.1, ""ops"": [""+"", ""-"", ""*"", ""/"", ""sin"", ""cos"", ""exp"", ""log""], ""succ_error_tol"": 1e-06}",0.5
imcts,Nguyen,4,Nguyen-4,expression,64,14502,40,20,20,1,"[""x0""]",x[0]**6 + x[0]**5 + x[0]**4 + x[0]**3 + x[0]**2 + x[0],0.9999999403953552,True,1.0,1.0,12.0,145702,0.7629017509752885,0.0,0,(x0 * x0 + x0 + x0 / x0) * (x0 + x0 * x0 * x0 * x0),(x0 * x0 + x0 + x0 / x0) * (x0 + x0 * x0 * x0 * x0),(x0**4 + x0)*(x0**2 + x0 + 1),[],"{""K"": 500, ""c"": 6.0, ""exploration_rate"": 0.1, ""gamma"": 0.5, ""gp_rate"": 0.5, ""lm_iterations"": 10, ""max_constants"": 999, ""max_depth"": 6, ""max_evals"": 2000000, ""max_unary"": 999, ""mutation_rate"": 0.1, ""ops"": [""+"", ""-"", ""*"", ""/"", ""sin"", ""cos"", ""exp"", ""log""], ""succ_error_tol"": 1e-06}","{""K"": 500, ""c"": 6.0, ""exploration_rate"": 0.1, ""gamma"": 0.5, ""gp_rate"": 0.5, ""lm_iterations"": 10, ""max_constants"": 999, ""max_depth"": 6, ""max_evals"": 2000000, ""max_unary"": 999, ""mutation_rate"": 0.1, ""ops"": [""+"", ""-"", ""*"", ""/"", ""sin"", ""cos"", ""exp"", ""log""], ""succ_error_tol"": 1e-06}",0.5
imcts,Nguyen,4,Nguyen-4,expression,65,21777,40,20,20,1,"[""x0""]",x[0]**6 + x[0]**5 + x[0]**4 + x[0]**3 + x[0]**2 + x[0],0.9999998807907104,True,1.0,1.0,17.0,108162,0.5487856620457023,0.0,0,x0 * x0 + sin(x0) - sin(x0) + x0 + (x0 * x0 * x0 + x0 * x0) * (x0 + x0 * x0 * x0),x0 * x0 + sin(x0) - sin(x0) + x0 + (x0 * x0 * x0 + x0 * x0) * (x0 + x0 * x0 * x0),x0*(x0**2*(x0 + 1)*(x0**2 + 1) + x0 + 1),[],"{""K"": 500, ""c"": 6.0, ""exploration_rate"": 0.1, ""gamma"": 0.5, ""gp_rate"": 0.5, ""lm_iterations"": 10, ""max_constants"": 999, ""max_depth"": 6, ""max_evals"": 2000000, ""max_unary"": 999, ""mutation_rate"": 0.1, ""ops"": [""+"", ""-"", ""*"", ""/"", ""sin"", ""cos"", ""exp"", ""log""], ""succ_error_tol"": 1e-06}","{""K"": 500, ""c"": 6.0, ""exploration_rate"": 0.1, ""gamma"": 0.5, ""gp_rate"": 0.5, ""lm_iterations"": 10, ""max_constants"": 999, ""max_depth"": 6, ""max_evals"": 2000000, ""max_unary"": 999, ""mutation_rate"": 0.1, ""ops"": [""+"", ""-"", ""*"", ""/"", ""sin"", ""cos"", ""exp"", ""log""], ""succ_error_tol"": 1e-06}",0.5
imcts,Nguyen,4,Nguyen-4,expression,66,10627,40,20,20,1,"[""x0""]",x[0]**6 + x[0]**5 + x[0]**4 + x[0]**3 + x[0]**2 + x[0],0.9999999403953552,True,1.0,1.0,16.0,835297,5.397391234990209,0.0,0,(x0 * x0 * (x0 * x0 + x0 / x0) + x0 / x0) * (x0 * x0 + x0),(x0 * x0 * (x0 * x0 + x0 / x0) + x0 / x0) * (x0 * x0 + x0),x0*(x0 + 1)*(x0**2*(x0**2 + 1) + 1),[],"{""K"": 500, ""c"": 6.0, ""exploration_rate"": 0.1, ""gamma"": 0.5, ""gp_rate"": 0.5, ""lm_iterations"": 10, ""max_constants"": 999, ""max_depth"": 6, ""max_evals"": 2000000, ""max_unary"": 999, ""mutation_rate"": 0.1, ""ops"": [""+"", ""-"", ""*"", ""/"", ""sin"", ""cos"", ""exp"", ""log""], ""succ_error_tol"": 1e-06}","{""K"": 500, ""c"": 6.0, ""exploration_rate"": 0.1, ""gamma"": 0.5, ""gp_rate"": 0.5, ""lm_iterations"": 10, ""max_constants"": 999, ""max_depth"": 6, ""max_evals"": 2000000, ""max_unary"": 999, ""mutation_rate"": 0.1, ""ops"": [""+"", ""-"", ""*"", ""/"", ""sin"", ""cos"", ""exp"", ""log""], ""succ_error_tol"": 1e-06}",0.5
imcts,Nguyen,4,Nguyen-4,expression,67,8792,40,20,20,1,"[""x0""]",x[0]**6 + x[0]**5 + x[0]**4 + x[0]**3 + x[0]**2 + x[0],0.9999998807907104,True,1.0,1.0,13.0,13854,0.05805918702390045,0.0,0,(x0 * x0 + x0) * (x0 / x0 + x0 * x0 * x0 * x0 + x0 * x0),(x0 * x0 + x0) * (x0 / x0 + x0 * x0 * x0 * x0 + x0 * x0),x0*(x0 + 1)*(x0**4 + x0**2 + 1),[],"{""K"": 500, ""c"": 6.0, ""exploration_rate"": 0.1, ""gamma"": 0.5, ""gp_rate"": 0.5, ""lm_iterations"": 10, ""max_constants"": 999, ""max_depth"": 6, ""max_evals"": 2000000, ""max_unary"": 999, ""mutation_rate"": 0.1, ""ops"": [""+"", ""-"", ""*"", ""/"", ""sin"", ""cos"", ""exp"", ""log""], ""succ_error_tol"": 1e-06}","{""K"": 500, ""c"": 6.0, ""exploration_rate"": 0.1, ""gamma"": 0.5, ""gp_rate"": 0.5, ""lm_iterations"": 10, ""max_constants"": 999, ""max_depth"": 6, ""max_evals"": 2000000, ""max_unary"": 999, ""mutation_rate"": 0.1, ""ops"": [""+"", ""-"", ""*"", ""/"", ""sin"", ""cos"", ""exp"", ""log""], ""succ_error_tol"": 1e-06}",0.5
imcts,Nguyen,4,Nguyen-4,expression,68,10555,40,20,20,1,"[""x0""]",x[0]**6 + x[0]**5 + x[0]**4 + x[0]**3 + x[0]**2 + x[0],0.9971143007278442,False,0.9999916243463224,0.9438952591079035,17.0,2000000,13.844905631965958,0.0,0,exp(sin(x0) * x0 * (exp(x0) - x0)) * (x0 + x0 * x0),exp(sin(x0) * x0 * (exp(x0) - x0)) * (x0 + x0 * x0),x0*(x0 + 1)*exp(-x0*(x0 - exp(x0))*sin(x0)),[],"{""K"": 500, ""c"": 6.0, ""exploration_rate"": 0.1, ""gamma"": 0.5, ""gp_rate"": 0.5, ""lm_iterations"": 10, ""max_constants"": 999, ""max_depth"": 6, ""max_evals"": 2000000, ""max_unary"": 999, ""mutation_rate"": 0.1, ""ops"": [""+"", ""-"", ""*"", ""/"", ""sin"", ""cos"", ""exp"", ""log""], ""succ_error_tol"": 1e-06}","{""K"": 500, ""c"": 6.0, ""exploration_rate"": 0.1, ""gamma"": 0.5, ""gp_rate"": 0.5, ""lm_iterations"": 10, ""max_constants"": 999, ""max_depth"": 6, ""max_evals"": 2000000, ""max_unary"": 999, ""mutation_rate"": 0.1, ""ops"": [""+"", ""-"", ""*"", ""/"", ""sin"", ""cos"", ""exp"", ""log""], ""succ_error_tol"": 1e-06}",0.5
imcts,Nguyen,4,Nguyen-4,expression,69,10253,40,20,20,1,"[""x0""]",x[0]**6 + x[0]**5 + x[0]**4 + x[0]**3 + x[0]**2 + x[0],0.9999998807907104,True,1.0,1.0,13.0,187822,1.024304898979608,0.0,0,(x0 * x0 + x0 / x0 + x0 * x0 * x0 * x0) * (x0 + sin(x0) / sin(x0)) * x0,(x0 * x0 + x0 / x0 + x0 * x0 * x0 * x0) * (x0 + sin(x0) / sin(x0)) * x0,x0*(x0 + 1)*(x0**4 + x0**2 + 1),[],"{""K"": 500, ""c"": 6.0, ""exploration_rate"": 0.1, ""gamma"": 0.5, ""gp_rate"": 0.5, ""lm_iterations"": 10, ""max_constants"": 999, ""max_depth"": 6, ""max_evals"": 2000000, ""max_unary"": 999, ""mutation_rate"": 0.1, ""ops"": [""+"", ""-"", ""*"", ""/"", ""sin"", ""cos"", ""exp"", ""log""], ""succ_error_tol"": 1e-06}","{""K"": 500, ""c"": 6.0, ""exploration_rate"": 0.1, ""gamma"": 0.5, ""gp_rate"": 0.5, ""lm_iterations"": 10, ""max_constants"": 999, ""max_depth"": 6, ""max_evals"": 2000000, ""max_unary"": 999, ""mutation_rate"": 0.1, ""ops"": [""+"", ""-"", ""*"", ""/"", ""sin"", ""cos"", ""exp"", ""log""], ""succ_error_tol"": 1e-06}",0.5
imcts,Nguyen,4,Nguyen-4,expression,70,8433,40,20,20,1,"[""x0""]",x[0]**6 + x[0]**5 + x[0]**4 + x[0]**3 + x[0]**2 + x[0],0.9999999403953552,True,1.0,1.0,12.0,40030,0.17630917899077758,0.0,0,(x0 * x0 * x0 * x0 + x0) * (x0 / x0 + x0 * x0 + x0),(x0 * x0 * x0 * x0 + x0) * (x0 / x0 + x0 * x0 + x0),(x0**4 + x0)*(x0**2 + x0 + 1),[],"{""K"": 500, ""c"": 6.0, ""exploration_rate"": 0.1, ""gamma"": 0.5, ""gp_rate"": 0.5, ""lm_iterations"": 10, ""max_constants"": 999, ""max_depth"": 6, ""max_evals"": 2000000, ""max_unary"": 999, ""mutation_rate"": 0.1, ""ops"": [""+"", ""-"", ""*"", ""/"", ""sin"", ""cos"", ""exp"", ""log""], ""succ_error_tol"": 1e-06}","{""K"": 500, ""c"": 6.0, ""exploration_rate"": 0.1, ""gamma"": 0.5, ""gp_rate"": 0.5, ""lm_iterations"": 10, ""max_constants"": 999, ""max_depth"": 6, ""max_evals"": 2000000, ""max_unary"": 999, ""mutation_rate"": 0.1, ""ops"": [""+"", ""-"", ""*"", ""/"", ""sin"", ""cos"", ""exp"", ""log""], ""succ_error_tol"": 1e-06}",0.5
imcts,Nguyen,4,Nguyen-4,expression,71,10233,40,20,20,1,"[""x0""]",x[0]**6 + x[0]**5 + x[0]**4 + x[0]**3 + x[0]**2 + x[0],0.9999998807907104,True,1.0,1.0,17.0,124687,0.6069095359998755,0.0,0,(x0 + x0 * x0) * x0 * (x0 * x0 * x0 + x0) + x0 + x0 * x0,(x0 + x0 * x0) * x0 * (x0 * x0 * x0 + x0) + x0 + x0 * x0,x0*(x0**2*(x0 + 1)*(x0**2 + 1) + x0 + 1),[],"{""K"": 500, ""c"": 6.0, ""exploration_rate"": 0.1, ""gamma"": 0.5, ""gp_rate"": 0.5, ""lm_iterations"": 10, ""max_constants"": 999, ""max_depth"": 6, ""max_evals"": 2000000, ""max_unary"": 999, ""mutation_rate"": 0.1, ""ops"": [""+"", ""-"", ""*"", ""/"", ""sin"", ""cos"", ""exp"", ""log""], ""succ_error_tol"": 1e-06}","{""K"": 500, ""c"": 6.0, ""exploration_rate"": 0.1, ""gamma"": 0.5, ""gp_rate"": 0.5, ""lm_iterations"": 10, ""max_constants"": 999, ""max_depth"": 6, ""max_evals"": 2000000, ""max_unary"": 999, ""mutation_rate"": 0.1, ""ops"": [""+"", ""-"", ""*"", ""/"", ""sin"", ""cos"", ""exp"", ""log""], ""succ_error_tol"": 1e-06}",0.5
imcts,Nguyen,4,Nguyen-4,expression,72,11016,40,20,20,1,"[""x0""]",x[0]**6 + x[0]**5 + x[0]**4 + x[0]**3 + x[0]**2 + x[0],0.9999999403953552,True,1.0,1.0,17.0,1316416,8.517473132989835,0.0,0,x0 + x0 * x0 + (x0 * x0 * x0 + x0) * (x0 * x0 + x0) * x0,x0 + x0 * x0 + (x0 * x0 * x0 + x0) * (x0 * x0 + x0) * x0,x0*(x0**2*(x0 + 1)*(x0**2 + 1) + x0 + 1),[],"{""K"": 500, ""c"": 6.0, ""exploration_rate"": 0.1, ""gamma"": 0.5, ""gp_rate"": 0.5, ""lm_iterations"": 10, ""max_constants"": 999, ""max_depth"": 6, ""max_evals"": 2000000, ""max_unary"": 999, ""mutation_rate"": 0.1, ""ops"": [""+"", ""-"", ""*"", ""/"", ""sin"", ""cos"", ""exp"", ""log""], ""succ_error_tol"": 1e-06}","{""K"": 500, ""c"": 6.0, ""exploration_rate"": 0.1, ""gamma"": 0.5, ""gp_rate"": 0.5, ""lm_iterations"": 10, ""max_constants"": 999, ""max_depth"": 6, ""max_evals"": 2000000, ""max_unary"": 999, ""mutation_rate"": 0.1, ""ops"": [""+"", ""-"", ""*"", ""/"", ""sin"", ""cos"", ""exp"", ""log""], ""succ_error_tol"": 1e-06}",0.5
imcts,Nguyen,4,Nguyen-4,expression,73,23897,40,20,20,1,"[""x0""]",x[0]**6 + x[0]**5 + x[0]**4 + x[0]**3 + x[0]**2 + x[0],0.9999999403953552,True,1.0,1.0,12.0,291148,1.6116730220383033,0.0,0,(x0 * x0 * x0 + x0 + x0 * x0 * x0 * x0 * x0) * (x0 / x0 + x0),(x0 * x0 * x0 + x0 + x0 * x0 * x0 * x0 * x0) * (x0 / x0 + x0),(x0 + 1)*(x0**5 + x0**3 + x0),[],"{""K"": 500, ""c"": 6.0, ""exploration_rate"": 0.1, ""gamma"": 0.5, ""gp_rate"": 0.5, ""lm_iterations"": 10, ""max_constants"": 999, ""max_depth"": 6, ""max_evals"": 2000000, ""max_unary"": 999, ""mutation_rate"": 0.1, ""ops"": [""+"", ""-"", ""*"", ""/"", ""sin"", ""cos"", ""exp"", ""log""], ""succ_error_tol"": 1e-06}","{""K"": 500, ""c"": 6.0, ""exploration_rate"": 0.1, ""gamma"": 0.5, ""gp_rate"": 0.5, ""lm_iterations"": 10, ""max_constants"": 999, ""max_depth"": 6, ""max_evals"": 2000000, ""max_unary"": 999, ""mutation_rate"": 0.1, ""ops"": [""+"", ""-"", ""*"", ""/"", ""sin"", ""cos"", ""exp"", ""log""], ""succ_error_tol"": 1e-06}",0.5
imcts,Nguyen,4,Nguyen-4,expression,74,2612,40,20,20,1,"[""x0""]",x[0]**6 + x[0]**5 + x[0]**4 + x[0]**3 + x[0]**2 + x[0],0.9999999403953552,True,1.0,1.0,12.0,93622,0.43845666595734656,0.0,0,(x0 * x0 * x0 * x0 + x0) * (x0 / x0 + x0 * x0 + x0),(x0 * x0 * x0 * x0 + x0) * (x0 / x0 + x0 * x0 + x0),(x0**4 + x0)*(x0**2 + x0 + 1),[],"{""K"": 500, ""c"": 6.0, ""exploration_rate"": 0.1, ""gamma"": 0.5, ""gp_rate"": 0.5, ""lm_iterations"": 10, ""max_constants"": 999, ""max_depth"": 6, ""max_evals"": 2000000, ""max_unary"": 999, ""mutation_rate"": 0.1, ""ops"": [""+"", ""-"", ""*"", ""/"", ""sin"", ""cos"", ""exp"", ""log""], ""succ_error_tol"": 1e-06}","{""K"": 500, ""c"": 6.0, ""exploration_rate"": 0.1, ""gamma"": 0.5, ""gp_rate"": 0.5, ""lm_iterations"": 10, ""max_constants"": 999, ""max_depth"": 6, ""max_evals"": 2000000, ""max_unary"": 999, ""mutation_rate"": 0.1, ""ops"": [""+"", ""-"", ""*"", ""/"", ""sin"", ""cos"", ""exp"", ""log""], ""succ_error_tol"": 1e-06}",0.5
imcts,Nguyen,4,Nguyen-4,expression,75,23425,40,20,20,1,"[""x0""]",x[0]**6 + x[0]**5 + x[0]**4 + x[0]**3 + x[0]**2 + x[0],0.9999999403953552,True,1.0,1.0,13.0,182719,0.9594468649593182,0.0,0,(x0 + x0 * x0) * (x0 / x0 + x0 * x0 * x0 * x0 + x0 * x0),(x0 + x0 * x0) * (x0 / x0 + x0 * x0 * x0 * x0 + x0 * x0),x0*(x0 + 1)*(x0**4 + x0**2 + 1),[],"{""K"": 500, ""c"": 6.0, ""exploration_rate"": 0.1, ""gamma"": 0.5, ""gp_rate"": 0.5, ""lm_iterations"": 10, ""max_constants"": 999, ""max_depth"": 6, ""max_evals"": 2000000, ""max_unary"": 999, ""mutation_rate"": 0.1, ""ops"": [""+"", ""-"", ""*"", ""/"", ""sin"", ""cos"", ""exp"", ""log""], ""succ_error_tol"": 1e-06}","{""K"": 500, ""c"": 6.0, ""exploration_rate"": 0.1, ""gamma"": 0.5, ""gp_rate"": 0.5, ""lm_iterations"": 10, ""max_constants"": 999, ""max_depth"": 6, ""max_evals"": 2000000, ""max_unary"": 999, ""mutation_rate"": 0.1, ""ops"": [""+"", ""-"", ""*"", ""/"", ""sin"", ""cos"", ""exp"", ""log""], ""succ_error_tol"": 1e-06}",0.5
imcts,Nguyen,4,Nguyen-4,expression,76,25939,40,20,20,1,"[""x0""]",x[0]**6 + x[0]**5 + x[0]**4 + x[0]**3 + x[0]**2 + x[0],0.9999999403953552,True,1.0,1.0,13.0,115868,0.5776915829628706,0.0,0,((x0 - x0) / exp(x0) + x0 * x0 + x0) * (x0 * x0 * x0 * x0 + x0 * x0 + cos(x0 - x0)),((x0 - x0) / exp(x0) + x0 * x0 + x0) * (x0 * x0 * x0 * x0 + x0 * x0 + cos(x0 - x0)),x0*(x0 + 1)*(x0**4 + x0**2 + 1),[],"{""K"": 500, ""c"": 6.0, ""exploration_rate"": 0.1, ""gamma"": 0.5, ""gp_rate"": 0.5, ""lm_iterations"": 10, ""max_constants"": 999, ""max_depth"": 6, ""max_evals"": 2000000, ""max_unary"": 999, ""mutation_rate"": 0.1, ""ops"": [""+"", ""-"", ""*"", ""/"", ""sin"", ""cos"", ""exp"", ""log""], ""succ_error_tol"": 1e-06}","{""K"": 500, ""c"": 6.0, ""exploration_rate"": 0.1, ""gamma"": 0.5, ""gp_rate"": 0.5, ""lm_iterations"": 10, ""max_constants"": 999, ""max_depth"": 6, ""max_evals"": 2000000, ""max_unary"": 999, ""mutation_rate"": 0.1, ""ops"": [""+"", ""-"", ""*"", ""/"", ""sin"", ""cos"", ""exp"", ""log""], ""succ_error_tol"": 1e-06}",0.5
imcts,Nguyen,4,Nguyen-4,expression,77,22619,40,20,20,1,"[""x0""]",x[0]**6 + x[0]**5 + x[0]**4 + x[0]**3 + x[0]**2 + x[0],0.9999999403953552,True,1.0,1.0,13.0,121828,0.6134480129694566,0.0,0,(x0 / x0 + (x0 / x0 + x0) * x0) * (x0 * x0 * x0 * x0 + x0),(x0 / x0 + (x0 / x0 + x0) * x0) * (x0 * x0 * x0 * x0 + x0),(x0**4 + x0)*(x0*(x0 + 1) + 1),[],"{""K"": 500, ""c"": 6.0, ""exploration_rate"": 0.1, ""gamma"": 0.5, ""gp_rate"": 0.5, ""lm_iterations"": 10, ""max_constants"": 999, ""max_depth"": 6, ""max_evals"": 2000000, ""max_unary"": 999, ""mutation_rate"": 0.1, ""ops"": [""+"", ""-"", ""*"", ""/"", ""sin"", ""cos"", ""exp"", ""log""], ""succ_error_tol"": 1e-06}","{""K"": 500, ""c"": 6.0, ""exploration_rate"": 0.1, ""gamma"": 0.5, ""gp_rate"": 0.5, ""lm_iterations"": 10, ""max_constants"": 999, ""max_depth"": 6, ""max_evals"": 2000000, ""max_unary"": 999, ""mutation_rate"": 0.1, ""ops"": [""+"", ""-"", ""*"", ""/"", ""sin"", ""cos"", ""exp"", ""log""], ""succ_error_tol"": 1e-06}",0.5
imcts,Nguyen,4,Nguyen-4,expression,78,21870,40,20,20,1,"[""x0""]",x[0]**6 + x[0]**5 + x[0]**4 + x[0]**3 + x[0]**2 + x[0],0.9999999403953552,True,1.0,1.0,17.0,658318,4.102154616964981,0.0,0,(x0 * x0 + x0) * (x0 * x0 + x0 * x0 * x0 * x0) + x0 * x0 + x0,(x0 * x0 + x0) * (x0 * x0 + x0 * x0 * x0 * x0) + x0 * x0 + x0,x0*(x0**2*(x0 + 1)*(x0**2 + 1) + x0 + 1),[],"{""K"": 500, ""c"": 6.0, ""exploration_rate"": 0.1, ""gamma"": 0.5, ""gp_rate"": 0.5, ""lm_iterations"": 10, ""max_constants"": 999, ""max_depth"": 6, ""max_evals"": 2000000, ""max_unary"": 999, ""mutation_rate"": 0.1, ""ops"": [""+"", ""-"", ""*"", ""/"", ""sin"", ""cos"", ""exp"", ""log""], ""succ_error_tol"": 1e-06}","{""K"": 500, ""c"": 6.0, ""exploration_rate"": 0.1, ""gamma"": 0.5, ""gp_rate"": 0.5, ""lm_iterations"": 10, ""max_constants"": 999, ""max_depth"": 6, ""max_evals"": 2000000, ""max_unary"": 999, ""mutation_rate"": 0.1, ""ops"": [""+"", ""-"", ""*"", ""/"", ""sin"", ""cos"", ""exp"", ""log""], ""succ_error_tol"": 1e-06}",0.5
imcts,Nguyen,4,Nguyen-4,expression,79,23483,40,20,20,1,"[""x0""]",x[0]**6 + x[0]**5 + x[0]**4 + x[0]**3 + x[0]**2 + x[0],0.9999999403953552,True,1.0,1.0,17.0,259793,1.445440347015392,0.0,0,x0 + x0 * x0 + (x0 * x0 * x0 + x0) * x0 * (x0 * x0 + x0),x0 + x0 * x0 + (x0 * x0 * x0 + x0) * x0 * (x0 * x0 + x0),x0*(x0**2*(x0 + 1)*(x0**2 + 1) + x0 + 1),[],"{""K"": 500, ""c"": 6.0, ""exploration_rate"": 0.1, ""gamma"": 0.5, ""gp_rate"": 0.5, ""lm_iterations"": 10, ""max_constants"": 999, ""max_depth"": 6, ""max_evals"": 2000000, ""max_unary"": 999, ""mutation_rate"": 0.1, ""ops"": [""+"", ""-"", ""*"", ""/"", ""sin"", ""cos"", ""exp"", ""log""], ""succ_error_tol"": 1e-06}","{""K"": 500, ""c"": 6.0, ""exploration_rate"": 0.1, ""gamma"": 0.5, ""gp_rate"": 0.5, ""lm_iterations"": 10, ""max_constants"": 999, ""max_depth"": 6, ""max_evals"": 2000000, ""max_unary"": 999, ""mutation_rate"": 0.1, ""ops"": [""+"", ""-"", ""*"", ""/"", ""sin"", ""cos"", ""exp"", ""log""], ""succ_error_tol"": 1e-06}",0.5
imcts,Nguyen,4,Nguyen-4,expression,80,26054,40,20,20,1,"[""x0""]",x[0]**6 + x[0]**5 + x[0]**4 + x[0]**3 + x[0]**2 + x[0],0.9999999403953552,True,1.0,1.0,17.0,109605,0.5370949039934203,0.0,0,x0 * x0 + x0 + (x0 + x0 * x0 * x0) * x0 * (x0 * x0 + x0),x0 * x0 + x0 + (x0 + x0 * x0 * x0) * x0 * (x0 * x0 + x0),x0*(x0**2*(x0 + 1)*(x0**2 + 1) + x0 + 1),[],"{""K"": 500, ""c"": 6.0, ""exploration_rate"": 0.1, ""gamma"": 0.5, ""gp_rate"": 0.5, ""lm_iterations"": 10, ""max_constants"": 999, ""max_depth"": 6, ""max_evals"": 2000000, ""max_unary"": 999, ""mutation_rate"": 0.1, ""ops"": [""+"", ""-"", ""*"", ""/"", ""sin"", ""cos"", ""exp"", ""log""], ""succ_error_tol"": 1e-06}","{""K"": 500, ""c"": 6.0, ""exploration_rate"": 0.1, ""gamma"": 0.5, ""gp_rate"": 0.5, ""lm_iterations"": 10, ""max_constants"": 999, ""max_depth"": 6, ""max_evals"": 2000000, ""max_unary"": 999, ""mutation_rate"": 0.1, ""ops"": [""+"", ""-"", ""*"", ""/"", ""sin"", ""cos"", ""exp"", ""log""], ""succ_error_tol"": 1e-06}",0.5
imcts,Nguyen,4,Nguyen-4,expression,81,15787,40,20,20,1,"[""x0""]",x[0]**6 + x[0]**5 + x[0]**4 + x[0]**3 + x[0]**2 + x[0],0.9999999403953552,True,1.0,1.0,13.0,171614,0.9140153600019403,0.0,0,(x0 * x0 + x0) * (x0 / x0 + x0 * x0 + x0 * x0 * x0 * x0),(x0 * x0 + x0) * (x0 / x0 + x0 * x0 + x0 * x0 * x0 * x0),x0*(x0 + 1)*(x0**4 + x0**2 + 1),[],"{""K"": 500, ""c"": 6.0, ""exploration_rate"": 0.1, ""gamma"": 0.5, ""gp_rate"": 0.5, ""lm_iterations"": 10, ""max_constants"": 999, ""max_depth"": 6, ""max_evals"": 2000000, ""max_unary"": 999, ""mutation_rate"": 0.1, ""ops"": [""+"", ""-"", ""*"", ""/"", ""sin"", ""cos"", ""exp"", ""log""], ""succ_error_tol"": 1e-06}","{""K"": 500, ""c"": 6.0, ""exploration_rate"": 0.1, ""gamma"": 0.5, ""gp_rate"": 0.5, ""lm_iterations"": 10, ""max_constants"": 999, ""max_depth"": 6, ""max_evals"": 2000000, ""max_unary"": 999, ""mutation_rate"": 0.1, ""ops"": [""+"", ""-"", ""*"", ""/"", ""sin"", ""cos"", ""exp"", ""log""], ""succ_error_tol"": 1e-06}",0.5
imcts,Nguyen,4,Nguyen-4,expression,82,27132,40,20,20,1,"[""x0""]",x[0]**6 + x[0]**5 + x[0]**4 + x[0]**3 + x[0]**2 + x[0],0.9999998807907104,True,1.0,1.0,17.0,152403,0.8113547890097834,0.0,0,(x0 * x0 + x0) * x0 * (x0 * x0 * x0 + x0) + x0 + x0 * x0,(x0 * x0 + x0) * x0 * (x0 * x0 * x0 + x0) + x0 + x0 * x0,x0*(x0**2*(x0 + 1)*(x0**2 + 1) + x0 + 1),[],"{""K"": 500, ""c"": 6.0, ""exploration_rate"": 0.1, ""gamma"": 0.5, ""gp_rate"": 0.5, ""lm_iterations"": 10, ""max_constants"": 999, ""max_depth"": 6, ""max_evals"": 2000000, ""max_unary"": 999, ""mutation_rate"": 0.1, ""ops"": [""+"", ""-"", ""*"", ""/"", ""sin"", ""cos"", ""exp"", ""log""], ""succ_error_tol"": 1e-06}","{""K"": 500, ""c"": 6.0, ""exploration_rate"": 0.1, ""gamma"": 0.5, ""gp_rate"": 0.5, ""lm_iterations"": 10, ""max_constants"": 999, ""max_depth"": 6, ""max_evals"": 2000000, ""max_unary"": 999, ""mutation_rate"": 0.1, ""ops"": [""+"", ""-"", ""*"", ""/"", ""sin"", ""cos"", ""exp"", ""log""], ""succ_error_tol"": 1e-06}",0.5
imcts,Nguyen,4,Nguyen-4,expression,83,17159,40,20,20,1,"[""x0""]",x[0]**6 + x[0]**5 + x[0]**4 + x[0]**3 + x[0]**2 + x[0],0.9999999403953552,True,1.0,1.0,13.0,154424,0.7930290270014666,0.0,0,(x0 * x0 + x0) * (x0 * x0 + x0 / x0 + x0 * x0 * x0 * x0),(x0 * x0 + x0) * (x0 * x0 + x0 / x0 + x0 * x0 * x0 * x0),x0*(x0 + 1)*(x0**4 + x0**2 + 1),[],"{""K"": 500, ""c"": 6.0, ""exploration_rate"": 0.1, ""gamma"": 0.5, ""gp_rate"": 0.5, ""lm_iterations"": 10, ""max_constants"": 999, ""max_depth"": 6, ""max_evals"": 2000000, ""max_unary"": 999, ""mutation_rate"": 0.1, ""ops"": [""+"", ""-"", ""*"", ""/"", ""sin"", ""cos"", ""exp"", ""log""], ""succ_error_tol"": 1e-06}","{""K"": 500, ""c"": 6.0, ""exploration_rate"": 0.1, ""gamma"": 0.5, ""gp_rate"": 0.5, ""lm_iterations"": 10, ""max_constants"": 999, ""max_depth"": 6, ""max_evals"": 2000000, ""max_unary"": 999, ""mutation_rate"": 0.1, ""ops"": [""+"", ""-"", ""*"", ""/"", ""sin"", ""cos"", ""exp"", ""log""], ""succ_error_tol"": 1e-06}",0.5
imcts,Nguyen,4,Nguyen-4,expression,84,12206,40,20,20,1,"[""x0""]",x[0]**6 + x[0]**5 + x[0]**4 + x[0]**3 + x[0]**2 + x[0],0.9999999403953552,True,1.0,1.0,17.0,183202,0.9750136799993925,0.0,0,(x0 + x0 * x0 * x0) * x0 * (x0 * x0 + x0) + x0 + x0 * x0,(x0 + x0 * x0 * x0) * x0 * (x0 * x0 + x0) + x0 + x0 * x0,x0*(x0**2*(x0 + 1)*(x0**2 + 1) + x0 + 1),[],"{""K"": 500, ""c"": 6.0, ""exploration_rate"": 0.1, ""gamma"": 0.5, ""gp_rate"": 0.5, ""lm_iterations"": 10, ""max_constants"": 999, ""max_depth"": 6, ""max_evals"": 2000000, ""max_unary"": 999, ""mutation_rate"": 0.1, ""ops"": [""+"", ""-"", ""*"", ""/"", ""sin"", ""cos"", ""exp"", ""log""], ""succ_error_tol"": 1e-06}","{""K"": 500, ""c"": 6.0, ""exploration_rate"": 0.1, ""gamma"": 0.5, ""gp_rate"": 0.5, ""lm_iterations"": 10, ""max_constants"": 999, ""max_depth"": 6, ""max_evals"": 2000000, ""max_unary"": 999, ""mutation_rate"": 0.1, ""ops"": [""+"", ""-"", ""*"", ""/"", ""sin"", ""cos"", ""exp"", ""log""], ""succ_error_tol"": 1e-06}",0.5
imcts,Nguyen,4,Nguyen-4,expression,85,8226,40,20,20,1,"[""x0""]",x[0]**6 + x[0]**5 + x[0]**4 + x[0]**3 + x[0]**2 + x[0],0.9999999403953552,True,1.0,1.0,17.0,88793,0.44500669901026413,0.0,0,(x0 * x0 * x0 + x0) * (x0 * x0 + x0) * x0 + x0 * x0 + x0,(x0 * x0 * x0 + x0) * (x0 * x0 + x0) * x0 + x0 * x0 + x0,x0*(x0**2*(x0 + 1)*(x0**2 + 1) + x0 + 1),[],"{""K"": 500, ""c"": 6.0, ""exploration_rate"": 0.1, ""gamma"": 0.5, ""gp_rate"": 0.5, ""lm_iterations"": 10, ""max_constants"": 999, ""max_depth"": 6, ""max_evals"": 2000000, ""max_unary"": 999, ""mutation_rate"": 0.1, ""ops"": [""+"", ""-"", ""*"", ""/"", ""sin"", ""cos"", ""exp"", ""log""], ""succ_error_tol"": 1e-06}","{""K"": 500, ""c"": 6.0, ""exploration_rate"": 0.1, ""gamma"": 0.5, ""gp_rate"": 0.5, ""lm_iterations"": 10, ""max_constants"": 999, ""max_depth"": 6, ""max_evals"": 2000000, ""max_unary"": 999, ""mutation_rate"": 0.1, ""ops"": [""+"", ""-"", ""*"", ""/"", ""sin"", ""cos"", ""exp"", ""log""], ""succ_error_tol"": 1e-06}",0.5
imcts,Nguyen,4,Nguyen-4,expression,86,14541,40,20,20,1,"[""x0""]",x[0]**6 + x[0]**5 + x[0]**4 + x[0]**3 + x[0]**2 + x[0],0.9999999403953552,True,1.0,1.0,16.0,361290,2.018848410982173,0.0,0,(x0 / x0 + x0 * x0 * (x0 * x0 + x0 / x0)) * (x0 * x0 + x0),(x0 / x0 + x0 * x0 * (x0 * x0 + x0 / x0)) * (x0 * x0 + x0),x0*(x0 + 1)*(x0**2*(x0**2 + 1) + 1),[],"{""K"": 500, ""c"": 6.0, ""exploration_rate"": 0.1, ""gamma"": 0.5, ""gp_rate"": 0.5, ""lm_iterations"": 10, ""max_constants"": 999, ""max_depth"": 6, ""max_evals"": 2000000, ""max_unary"": 999, ""mutation_rate"": 0.1, ""ops"": [""+"", ""-"", ""*"", ""/"", ""sin"", ""cos"", ""exp"", ""log""], ""succ_error_tol"": 1e-06}","{""K"": 500, ""c"": 6.0, ""exploration_rate"": 0.1, ""gamma"": 0.5, ""gp_rate"": 0.5, ""lm_iterations"": 10, ""max_constants"": 999, ""max_depth"": 6, ""max_evals"": 2000000, ""max_unary"": 999, ""mutation_rate"": 0.1, ""ops"": [""+"", ""-"", ""*"", ""/"", ""sin"", ""cos"", ""exp"", ""log""], ""succ_error_tol"": 1e-06}",0.5
imcts,Nguyen,4,Nguyen-4,expression,87,3152,40,20,20,1,"[""x0""]",x[0]**6 + x[0]**5 + x[0]**4 + x[0]**3 + x[0]**2 + x[0],0.9999999403953552,True,1.0,1.0,13.0,209837,1.1291230069473386,0.0,0,(x0 * x0 + x0 + x0 / x0) * (x0 / x0 + x0 * x0 * x0) * x0,(x0 * x0 + x0 + x0 / x0) * (x0 / x0 + x0 * x0 * x0) * x0,x0*(x0**3 + 1)*(x0**2 + x0 + 1),[],"{""K"": 500, ""c"": 6.0, ""exploration_rate"": 0.1, ""gamma"": 0.5, ""gp_rate"": 0.5, ""lm_iterations"": 10, ""max_constants"": 999, ""max_depth"": 6, ""max_evals"": 2000000, ""max_unary"": 999, ""mutation_rate"": 0.1, ""ops"": [""+"", ""-"", ""*"", ""/"", ""sin"", ""cos"", ""exp"", ""log""], ""succ_error_tol"": 1e-06}","{""K"": 500, ""c"": 6.0, ""exploration_rate"": 0.1, ""gamma"": 0.5, ""gp_rate"": 0.5, ""lm_iterations"": 10, ""max_constants"": 999, ""max_depth"": 6, ""max_evals"": 2000000, ""max_unary"": 999, ""mutation_rate"": 0.1, ""ops"": [""+"", ""-"", ""*"", ""/"", ""sin"", ""cos"", ""exp"", ""log""], ""succ_error_tol"": 1e-06}",0.5
imcts,Nguyen,4,Nguyen-4,expression,88,26531,40,20,20,1,"[""x0""]",x[0]**6 + x[0]**5 + x[0]**4 + x[0]**3 + x[0]**2 + x[0],0.9999999403953552,True,1.0,1.0,13.0,140594,0.7153599309967831,0.0,0,(x0 * x0 * x0 * x0 + x0 / x0 + x0 * x0) * (x0 * x0 + x0),(x0 * x0 * x0 * x0 + x0 / x0 + x0 * x0) * (x0 * x0 + x0),x0*(x0 + 1)*(x0**4 + x0**2 + 1),[],"{""K"": 500, ""c"": 6.0, ""exploration_rate"": 0.1, ""gamma"": 0.5, ""gp_rate"": 0.5, ""lm_iterations"": 10, ""max_constants"": 999, ""max_depth"": 6, ""max_evals"": 2000000, ""max_unary"": 999, ""mutation_rate"": 0.1, ""ops"": [""+"", ""-"", ""*"", ""/"", ""sin"", ""cos"", ""exp"", ""log""], ""succ_error_tol"": 1e-06}","{""K"": 500, ""c"": 6.0, ""exploration_rate"": 0.1, ""gamma"": 0.5, ""gp_rate"": 0.5, ""lm_iterations"": 10, ""max_constants"": 999, ""max_depth"": 6, ""max_evals"": 2000000, ""max_unary"": 999, ""mutation_rate"": 0.1, ""ops"": [""+"", ""-"", ""*"", ""/"", ""sin"", ""cos"", ""exp"", ""log""], ""succ_error_tol"": 1e-06}",0.5
imcts,Nguyen,4,Nguyen-4,expression,89,1585,40,20,20,1,"[""x0""]",x[0]**6 + x[0]**5 + x[0]**4 + x[0]**3 + x[0]**2 + x[0],0.9999999403953552,True,1.0,1.0,17.0,99077,0.47646092798095196,0.0,0,(x0 + x0 * x0) * x0 * x0 * (x0 * x0 + x0 / x0) + x0 + x0 * x0,(x0 + x0 * x0) * x0 * x0 * (x0 * x0 + x0 / x0) + x0 + x0 * x0,x0*(x0**2*(x0 + 1)*(x0**2 + 1) + x0 + 1),[],"{""K"": 500, ""c"": 6.0, ""exploration_rate"": 0.1, ""gamma"": 0.5, ""gp_rate"": 0.5, ""lm_iterations"": 10, ""max_constants"": 999, ""max_depth"": 6, ""max_evals"": 2000000, ""max_unary"": 999, ""mutation_rate"": 0.1, ""ops"": [""+"", ""-"", ""*"", ""/"", ""sin"", ""cos"", ""exp"", ""log""], ""succ_error_tol"": 1e-06}","{""K"": 500, ""c"": 6.0, ""exploration_rate"": 0.1, ""gamma"": 0.5, ""gp_rate"": 0.5, ""lm_iterations"": 10, ""max_constants"": 999, ""max_depth"": 6, ""max_evals"": 2000000, ""max_unary"": 999, ""mutation_rate"": 0.1, ""ops"": [""+"", ""-"", ""*"", ""/"", ""sin"", ""cos"", ""exp"", ""log""], ""succ_error_tol"": 1e-06}",0.5
imcts,Nguyen,4,Nguyen-4,expression,90,3943,40,20,20,1,"[""x0""]",x[0]**6 + x[0]**5 + x[0]**4 + x[0]**3 + x[0]**2 + x[0],0.9999999403953552,True,1.0,1.0,17.0,204929,1.1014441800070927,0.0,0,x0 + x0 * x0 + (x0 * x0 + x0) * x0 * (x0 * x0 * x0 + x0),x0 + x0 * x0 + (x0 * x0 + x0) * x0 * (x0 * x0 * x0 + x0),x0*(x0**2*(x0 + 1)*(x0**2 + 1) + x0 + 1),[],"{""K"": 500, ""c"": 6.0, ""exploration_rate"": 0.1, ""gamma"": 0.5, ""gp_rate"": 0.5, ""lm_iterations"": 10, ""max_constants"": 999, ""max_depth"": 6, ""max_evals"": 2000000, ""max_unary"": 999, ""mutation_rate"": 0.1, ""ops"": [""+"", ""-"", ""*"", ""/"", ""sin"", ""cos"", ""exp"", ""log""], ""succ_error_tol"": 1e-06}","{""K"": 500, ""c"": 6.0, ""exploration_rate"": 0.1, ""gamma"": 0.5, ""gp_rate"": 0.5, ""lm_iterations"": 10, ""max_constants"": 999, ""max_depth"": 6, ""max_evals"": 2000000, ""max_unary"": 999, ""mutation_rate"": 0.1, ""ops"": [""+"", ""-"", ""*"", ""/"", ""sin"", ""cos"", ""exp"", ""log""], ""succ_error_tol"": 1e-06}",0.5
imcts,Nguyen,4,Nguyen-4,expression,91,23939,40,20,20,1,"[""x0""]",x[0]**6 + x[0]**5 + x[0]**4 + x[0]**3 + x[0]**2 + x[0],0.9999999403953552,True,1.0,1.0,16.0,416563,2.382068454986438,0.0,0,((x0 / x0 + x0 * x0) * x0 * x0 + x0 / x0) * (x0 * x0 + x0),((x0 / x0 + x0 * x0) * x0 * x0 + x0 / x0) * (x0 * x0 + x0),x0*(x0 + 1)*(x0**2*(x0**2 + 1) + 1),[],"{""K"": 500, ""c"": 6.0, ""exploration_rate"": 0.1, ""gamma"": 0.5, ""gp_rate"": 0.5, ""lm_iterations"": 10, ""max_constants"": 999, ""max_depth"": 6, ""max_evals"": 2000000, ""max_unary"": 999, ""mutation_rate"": 0.1, ""ops"": [""+"", ""-"", ""*"", ""/"", ""sin"", ""cos"", ""exp"", ""log""], ""succ_error_tol"": 1e-06}","{""K"": 500, ""c"": 6.0, ""exploration_rate"": 0.1, ""gamma"": 0.5, ""gp_rate"": 0.5, ""lm_iterations"": 10, ""max_constants"": 999, ""max_depth"": 6, ""max_evals"": 2000000, ""max_unary"": 999, ""mutation_rate"": 0.1, ""ops"": [""+"", ""-"", ""*"", ""/"", ""sin"", ""cos"", ""exp"", ""log""], ""succ_error_tol"": 1e-06}",0.5
imcts,Nguyen,4,Nguyen-4,expression,92,19457,40,20,20,1,"[""x0""]",x[0]**6 + x[0]**5 + x[0]**4 + x[0]**3 + x[0]**2 + x[0],0.9999999403953552,True,1.0,1.0,17.0,104068,0.5031635629711673,0.0,0,(x0 * x0 * x0 + x0 * x0) * (x0 * x0 * x0 + x0) + x0 * x0 + x0,(x0 * x0 * x0 + x0 * x0) * (x0 * x0 * x0 + x0) + x0 * x0 + x0,x0*(x0**2*(x0 + 1)*(x0**2 + 1) + x0 + 1),[],"{""K"": 500, ""c"": 6.0, ""exploration_rate"": 0.1, ""gamma"": 0.5, ""gp_rate"": 0.5, ""lm_iterations"": 10, ""max_constants"": 999, ""max_depth"": 6, ""max_evals"": 2000000, ""max_unary"": 999, ""mutation_rate"": 0.1, ""ops"": [""+"", ""-"", ""*"", ""/"", ""sin"", ""cos"", ""exp"", ""log""], ""succ_error_tol"": 1e-06}","{""K"": 500, ""c"": 6.0, ""exploration_rate"": 0.1, ""gamma"": 0.5, ""gp_rate"": 0.5, ""lm_iterations"": 10, ""max_constants"": 999, ""max_depth"": 6, ""max_evals"": 2000000, ""max_unary"": 999, ""mutation_rate"": 0.1, ""ops"": [""+"", ""-"", ""*"", ""/"", ""sin"", ""cos"", ""exp"", ""log""], ""succ_error_tol"": 1e-06}",0.5
imcts,Nguyen,4,Nguyen-4,expression,93,1021,40,20,20,1,"[""x0""]",x[0]**6 + x[0]**5 + x[0]**4 + x[0]**3 + x[0]**2 + x[0],0.9999999403953552,True,1.0,1.0,13.0,235377,1.3049559170030989,0.0,0,(x0 * x0 * x0 + x0 / x0) * (x0 * x0 * x0 + x0 + x0 * x0),(x0 * x0 * x0 + x0 / x0) * (x0 * x0 * x0 + x0 + x0 * x0),x0*(x0**3 + 1)*(x0**2 + x0 + 1),[],"{""K"": 500, ""c"": 6.0, ""exploration_rate"": 0.1, ""gamma"": 0.5, ""gp_rate"": 0.5, ""lm_iterations"": 10, ""max_constants"": 999, ""max_depth"": 6, ""max_evals"": 2000000, ""max_unary"": 999, ""mutation_rate"": 0.1, ""ops"": [""+"", ""-"", ""*"", ""/"", ""sin"", ""cos"", ""exp"", ""log""], ""succ_error_tol"": 1e-06}","{""K"": 500, ""c"": 6.0, ""exploration_rate"": 0.1, ""gamma"": 0.5, ""gp_rate"": 0.5, ""lm_iterations"": 10, ""max_constants"": 999, ""max_depth"": 6, ""max_evals"": 2000000, ""max_unary"": 999, ""mutation_rate"": 0.1, ""ops"": [""+"", ""-"", ""*"", ""/"", ""sin"", ""cos"", ""exp"", ""log""], ""succ_error_tol"": 1e-06}",0.5
imcts,Nguyen,4,Nguyen-4,expression,94,11653,40,20,20,1,"[""x0""]",x[0]**6 + x[0]**5 + x[0]**4 + x[0]**3 + x[0]**2 + x[0],0.9999999403953552,True,1.0,1.0,17.0,103454,0.49166649900143966,0.0,0,(x0 + x0 * x0 * x0) * x0 * (x0 + x0 * x0) + x0 * x0 + x0,(x0 + x0 * x0 * x0) * x0 * (x0 + x0 * x0) + x0 * x0 + x0,x0*(x0**2*(x0 + 1)*(x0**2 + 1) + x0 + 1),[],"{""K"": 500, ""c"": 6.0, ""exploration_rate"": 0.1, ""gamma"": 0.5, ""gp_rate"": 0.5, ""lm_iterations"": 10, ""max_constants"": 999, ""max_depth"": 6, ""max_evals"": 2000000, ""max_unary"": 999, ""mutation_rate"": 0.1, ""ops"": [""+"", ""-"", ""*"", ""/"", ""sin"", ""cos"", ""exp"", ""log""], ""succ_error_tol"": 1e-06}","{""K"": 500, ""c"": 6.0, ""exploration_rate"": 0.1, ""gamma"": 0.5, ""gp_rate"": 0.5, ""lm_iterations"": 10, ""max_constants"": 999, ""max_depth"": 6, ""max_evals"": 2000000, ""max_unary"": 999, ""mutation_rate"": 0.1, ""ops"": [""+"", ""-"", ""*"", ""/"", ""sin"", ""cos"", ""exp"", ""log""], ""succ_error_tol"": 1e-06}",0.5
imcts,Nguyen,4,Nguyen-4,expression,95,10805,40,20,20,1,"[""x0""]",x[0]**6 + x[0]**5 + x[0]**4 + x[0]**3 + x[0]**2 + x[0],0.9999999403953552,True,1.0,1.0,13.0,108798,0.5382242030464113,0.0,0,(x0 * x0 + x0 / x0 + x0 * x0 * x0 * x0) / (x0 / x0 / (x0 + x0 * x0 * x0 / x0)),(x0 * x0 + x0 / x0 + x0 * x0 * x0 * x0) / (x0 / x0 / (x0 + x0 * x0 * x0 / x0)),x0*(x0 + 1)*(x0**4 + x0**2 + 1),[],"{""K"": 500, ""c"": 6.0, ""exploration_rate"": 0.1, ""gamma"": 0.5, ""gp_rate"": 0.5, ""lm_iterations"": 10, ""max_constants"": 999, ""max_depth"": 6, ""max_evals"": 2000000, ""max_unary"": 999, ""mutation_rate"": 0.1, ""ops"": [""+"", ""-"", ""*"", ""/"", ""sin"", ""cos"", ""exp"", ""log""], ""succ_error_tol"": 1e-06}","{""K"": 500, ""c"": 6.0, ""exploration_rate"": 0.1, ""gamma"": 0.5, ""gp_rate"": 0.5, ""lm_iterations"": 10, ""max_constants"": 999, ""max_depth"": 6, ""max_evals"": 2000000, ""max_unary"": 999, ""mutation_rate"": 0.1, ""ops"": [""+"", ""-"", ""*"", ""/"", ""sin"", ""cos"", ""exp"", ""log""], ""succ_error_tol"": 1e-06}",0.5
imcts,Nguyen,4,Nguyen-4,expression,96,13417,40,20,20,1,"[""x0""]",x[0]**6 + x[0]**5 + x[0]**4 + x[0]**3 + x[0]**2 + x[0],0.9999999403953552,True,1.0,1.0,13.0,142198,0.7080337119987234,0.0,0,x0 * (x0 + cos(x0 - x0)) * (x0 * x0 + x0 * x0 * x0 * x0 + x0 / x0),x0 * (x0 + cos(x0 - x0)) * (x0 * x0 + x0 * x0 * x0 * x0 + x0 / x0),x0*(x0 + 1)*(x0**4 + x0**2 + 1),[],"{""K"": 500, ""c"": 6.0, ""exploration_rate"": 0.1, ""gamma"": 0.5, ""gp_rate"": 0.5, ""lm_iterations"": 10, ""max_constants"": 999, ""max_depth"": 6, ""max_evals"": 2000000, ""max_unary"": 999, ""mutation_rate"": 0.1, ""ops"": [""+"", ""-"", ""*"", ""/"", ""sin"", ""cos"", ""exp"", ""log""], ""succ_error_tol"": 1e-06}","{""K"": 500, ""c"": 6.0, ""exploration_rate"": 0.1, ""gamma"": 0.5, ""gp_rate"": 0.5, ""lm_iterations"": 10, ""max_constants"": 999, ""max_depth"": 6, ""max_evals"": 2000000, ""max_unary"": 999, ""mutation_rate"": 0.1, ""ops"": [""+"", ""-"", ""*"", ""/"", ""sin"", ""cos"", ""exp"", ""log""], ""succ_error_tol"": 1e-06}",0.5
imcts,Nguyen,4,Nguyen-4,expression,97,20227,40,20,20,1,"[""x0""]",x[0]**6 + x[0]**5 + x[0]**4 + x[0]**3 + x[0]**2 + x[0],0.9999999403953552,True,1.0,1.0,17.0,369778,2.2216097969794646,0.0,0,x0 * x0 * (x0 + x0 / x0) * (x0 + x0 * x0 * x0) + x0 + x0 * x0,x0 * x0 * (x0 + x0 / x0) * (x0 + x0 * x0 * x0) + x0 + x0 * x0,x0*(x0**2*(x0 + 1)*(x0**2 + 1) + x0 + 1),[],"{""K"": 500, ""c"": 6.0, ""exploration_rate"": 0.1, ""gamma"": 0.5, ""gp_rate"": 0.5, ""lm_iterations"": 10, ""max_constants"": 999, ""max_depth"": 6, ""max_evals"": 2000000, ""max_unary"": 999, ""mutation_rate"": 0.1, ""ops"": [""+"", ""-"", ""*"", ""/"", ""sin"", ""cos"", ""exp"", ""log""], ""succ_error_tol"": 1e-06}","{""K"": 500, ""c"": 6.0, ""exploration_rate"": 0.1, ""gamma"": 0.5, ""gp_rate"": 0.5, ""lm_iterations"": 10, ""max_constants"": 999, ""max_depth"": 6, ""max_evals"": 2000000, ""max_unary"": 999, ""mutation_rate"": 0.1, ""ops"": [""+"", ""-"", ""*"", ""/"", ""sin"", ""cos"", ""exp"", ""log""], ""succ_error_tol"": 1e-06}",0.5
imcts,Nguyen,4,Nguyen-4,expression,98,7989,40,20,20,1,"[""x0""]",x[0]**6 + x[0]**5 + x[0]**4 + x[0]**3 + x[0]**2 + x[0],0.9999999403953552,True,1.0,1.0,16.0,256438,1.4250182469841093,0.0,0,(x0 + x0 / x0 / x0 + x0 * x0 * x0) * (x0 / x0 + x0) * x0 * x0,(x0 + x0 / x0 / x0 + x0 * x0 * x0) * (x0 / x0 + x0) * x0 * x0,x0*(x0 + 1)*(x0**2*(x0**2 + 1) + 1),[],"{""K"": 500, ""c"": 6.0, ""exploration_rate"": 0.1, ""gamma"": 0.5, ""gp_rate"": 0.5, ""lm_iterations"": 10, ""max_constants"": 999, ""max_depth"": 6, ""max_evals"": 2000000, ""max_unary"": 999, ""mutation_rate"": 0.1, ""ops"": [""+"", ""-"", ""*"", ""/"", ""sin"", ""cos"", ""exp"", ""log""], ""succ_error_tol"": 1e-06}","{""K"": 500, ""c"": 6.0, ""exploration_rate"": 0.1, ""gamma"": 0.5, ""gp_rate"": 0.5, ""lm_iterations"": 10, ""max_constants"": 999, ""max_depth"": 6, ""max_evals"": 2000000, ""max_unary"": 999, ""mutation_rate"": 0.1, ""ops"": [""+"", ""-"", ""*"", ""/"", ""sin"", ""cos"", ""exp"", ""log""], ""succ_error_tol"": 1e-06}",0.5
imcts,Nguyen,4,Nguyen-4,expression,99,9692,40,20,20,1,"[""x0""]",x[0]**6 + x[0]**5 + x[0]**4 + x[0]**3 + x[0]**2 + x[0],0.9999999403953552,True,1.0,1.0,17.0,111921,0.5454103660304099,0.0,0,(x0 / x0 + x0) * x0 * x0 * (x0 + x0 * x0 * x0) + x0 + x0 * x0,(x0 / x0 + x0) * x0 * x0 * (x0 + x0 * x0 * x0) + x0 + x0 * x0,x0*(x0**2*(x0 + 1)*(x0**2 + 1) + x0 + 1),[],"{""K"": 500, ""c"": 6.0, ""exploration_rate"": 0.1, ""gamma"": 0.5, ""gp_rate"": 0.5, ""lm_iterations"": 10, ""max_constants"": 999, ""max_depth"": 6, ""max_evals"": 2000000, ""max_unary"": 999, ""mutation_rate"": 0.1, ""ops"": [""+"", ""-"", ""*"", ""/"", ""sin"", ""cos"", ""exp"", ""log""], ""succ_error_tol"": 1e-06}","{""K"": 500, ""c"": 6.0, ""exploration_rate"": 0.1, ""gamma"": 0.5, ""gp_rate"": 0.5, ""lm_iterations"": 10, ""max_constants"": 999, ""max_depth"": 6, ""max_evals"": 2000000, ""max_unary"": 999, ""mutation_rate"": 0.1, ""ops"": [""+"", ""-"", ""*"", ""/"", ""sin"", ""cos"", ""exp"", ""log""], ""succ_error_tol"": 1e-06}",0.5
