algorithm,group,case_id,case_name,source_type,run,seed,samples_total,samples_train,samples_test,variables,feature_names,target_expression,reward,success,train_r2,test_r2,complexity,evaluations,time_sec,tuning_time_sec,tuning_evaluations,expression,materialized_expression,simplified_expression,coefficients,algorithm_params,tuned_params,test_ratio
imcts,Nguyen,12,Nguyen-12*,expression,0,23654,40,20,20,2,"[""x0"", ""x1""]",x[0]**4 - x[0]**3 + 0.5*x[1]**2 - x[1],0.9992136359214783,False,0.9999993806872346,0.9999994329408661,17.0,2000000,13.897204046021216,0.0,0,x1 * log(x1) * log(x1) + x0 * x0 * (x0 * x0 - x0) - x1,x1 * log(x1) * log(x1) + x0 * x0 * (x0 * x0 - x0) - x1,x0**3*(x0 - 1) + x1*log(x1)**2 - x1,[],"{""K"": 500, ""c"": 6.0, ""exploration_rate"": 0.1, ""gamma"": 0.5, ""gp_rate"": 0.5, ""lm_iterations"": 10, ""max_constants"": 999, ""max_depth"": 6, ""max_evals"": 2000000, ""max_unary"": 999, ""mutation_rate"": 0.1, ""ops"": [""+"", ""-"", ""*"", ""/"", ""sin"", ""cos"", ""exp"", ""log""], ""succ_error_tol"": 1e-06}","{""K"": 500, ""c"": 6.0, ""exploration_rate"": 0.1, ""gamma"": 0.5, ""gp_rate"": 0.5, ""lm_iterations"": 10, ""max_constants"": 999, ""max_depth"": 6, ""max_evals"": 2000000, ""max_unary"": 999, ""mutation_rate"": 0.1, ""ops"": [""+"", ""-"", ""*"", ""/"", ""sin"", ""cos"", ""exp"", ""log""], ""succ_error_tol"": 1e-06}",0.5
imcts,Nguyen,12,Nguyen-12*,expression,1,15795,40,20,20,2,"[""x0"", ""x1""]",x[0]**4 - x[0]**3 + 0.5*x[1]**2 - x[1],0.9993918538093567,False,0.9999996297797041,0.9999900363399115,28.0,2000001,12.339721134048887,0.0,0,(x0 * x0 - x0) * x0 * x0 + x1 / sin(x1) * x0 / x0 / (x1 + x0) + x1 / ((x0 + x0 + x0) / (x1 * x0)),(x0 * x0 - x0) * x0 * x0 + x1 / sin(x1) * x0 / x0 / (x1 + x0) + x1 / ((x0 + x0 + x0) / (x1 * x0)),x0**2*(x0**2 - x0) + x1**2/3 + x1/((x0 + x1)*sin(x1)),[],"{""K"": 500, ""c"": 6.0, ""exploration_rate"": 0.1, ""gamma"": 0.5, ""gp_rate"": 0.5, ""lm_iterations"": 10, ""max_constants"": 999, ""max_depth"": 6, ""max_evals"": 2000000, ""max_unary"": 999, ""mutation_rate"": 0.1, ""ops"": [""+"", ""-"", ""*"", ""/"", ""sin"", ""cos"", ""exp"", ""log""], ""succ_error_tol"": 1e-06}","{""K"": 500, ""c"": 6.0, ""exploration_rate"": 0.1, ""gamma"": 0.5, ""gp_rate"": 0.5, ""lm_iterations"": 10, ""max_constants"": 999, ""max_depth"": 6, ""max_evals"": 2000000, ""max_unary"": 999, ""mutation_rate"": 0.1, ""ops"": [""+"", ""-"", ""*"", ""/"", ""sin"", ""cos"", ""exp"", ""log""], ""succ_error_tol"": 1e-06}",0.5
imcts,Nguyen,12,Nguyen-12*,expression,2,860,40,20,20,2,"[""x0"", ""x1""]",x[0]**4 - x[0]**3 + 0.5*x[1]**2 - x[1],0.9991917610168457,False,0.9999993457372734,0.999999548887038,24.0,2000000,13.688026838004589,0.0,0,x0 * x0 * (x0 * x0 - x0) - (log(x1) - log(x1) * x1 - (x1 * log(x1) - (x1 + cos(x1)))),x0 * x0 * (x0 * x0 - x0) - (log(x1) - log(x1) * x1 - (x1 * log(x1) - (x1 + cos(x1)))),x0**3*(x0 - 1) + 2*x1*log(x1) - x1 - log(x1) - cos(x1),[],"{""K"": 500, ""c"": 6.0, ""exploration_rate"": 0.1, ""gamma"": 0.5, ""gp_rate"": 0.5, ""lm_iterations"": 10, ""max_constants"": 999, ""max_depth"": 6, ""max_evals"": 2000000, ""max_unary"": 999, ""mutation_rate"": 0.1, ""ops"": [""+"", ""-"", ""*"", ""/"", ""sin"", ""cos"", ""exp"", ""log""], ""succ_error_tol"": 1e-06}","{""K"": 500, ""c"": 6.0, ""exploration_rate"": 0.1, ""gamma"": 0.5, ""gp_rate"": 0.5, ""lm_iterations"": 10, ""max_constants"": 999, ""max_depth"": 6, ""max_evals"": 2000000, ""max_unary"": 999, ""mutation_rate"": 0.1, ""ops"": [""+"", ""-"", ""*"", ""/"", ""sin"", ""cos"", ""exp"", ""log""], ""succ_error_tol"": 1e-06}",0.5
imcts,Nguyen,12,Nguyen-12*,expression,3,5390,40,20,20,2,"[""x0"", ""x1""]",x[0]**4 - x[0]**3 + 0.5*x[1]**2 - x[1],0.9986367225646973,False,0.9999981363973525,0.9999969374335091,26.0,2000000,12.809907819028012,0.0,0,x0 * x0 * x0 * x0 - x0 * x0 * x0 - (x0 - x1 - x1 * log(x1)) - (cos(x0 - x0) / cos(x1) - (x0 - sin(x0 * x0))),x0 * x0 * x0 * x0 - x0 * x0 * x0 - (x0 - x1 - x1 * log(x1)) - (cos(x0 - x0) / cos(x1) - (x0 - sin(x0 * x0))),x0**4 - x0**3 + x1*log(x1) + x1 - sin(x0**2) - 1/cos(x1),[],"{""K"": 500, ""c"": 6.0, ""exploration_rate"": 0.1, ""gamma"": 0.5, ""gp_rate"": 0.5, ""lm_iterations"": 10, ""max_constants"": 999, ""max_depth"": 6, ""max_evals"": 2000000, ""max_unary"": 999, ""mutation_rate"": 0.1, ""ops"": [""+"", ""-"", ""*"", ""/"", ""sin"", ""cos"", ""exp"", ""log""], ""succ_error_tol"": 1e-06}","{""K"": 500, ""c"": 6.0, ""exploration_rate"": 0.1, ""gamma"": 0.5, ""gp_rate"": 0.5, ""lm_iterations"": 10, ""max_constants"": 999, ""max_depth"": 6, ""max_evals"": 2000000, ""max_unary"": 999, ""mutation_rate"": 0.1, ""ops"": [""+"", ""-"", ""*"", ""/"", ""sin"", ""cos"", ""exp"", ""log""], ""succ_error_tol"": 1e-06}",0.5
imcts,Nguyen,12,Nguyen-12*,expression,4,16850,40,20,20,2,"[""x0"", ""x1""]",x[0]**4 - x[0]**3 + 0.5*x[1]**2 - x[1],0.9993009567260742,False,0.999999510522361,0.999995219404035,33.0,2000000,15.185498029983137,0.0,0,(x1 / x0 / exp(x0) - (x0 - x0 / x0)) * (cos(x0 / x0) - x0 * x0 * x0) + (x1 + x1 - x0 / x0) * log(x1),(x1 / x0 / exp(x0) - (x0 - x0 / x0)) * (cos(x0 / x0) - x0 * x0 * x0) + (x1 + x1 - x0 / x0) * log(x1),-(x0**3 - cos(1))*(-x0 + 1 + x1*exp(-x0)/x0) + (2*x1 - 1)*log(x1),[],"{""K"": 500, ""c"": 6.0, ""exploration_rate"": 0.1, ""gamma"": 0.5, ""gp_rate"": 0.5, ""lm_iterations"": 10, ""max_constants"": 999, ""max_depth"": 6, ""max_evals"": 2000000, ""max_unary"": 999, ""mutation_rate"": 0.1, ""ops"": [""+"", ""-"", ""*"", ""/"", ""sin"", ""cos"", ""exp"", ""log""], ""succ_error_tol"": 1e-06}","{""K"": 500, ""c"": 6.0, ""exploration_rate"": 0.1, ""gamma"": 0.5, ""gp_rate"": 0.5, ""lm_iterations"": 10, ""max_constants"": 999, ""max_depth"": 6, ""max_evals"": 2000000, ""max_unary"": 999, ""mutation_rate"": 0.1, ""ops"": [""+"", ""-"", ""*"", ""/"", ""sin"", ""cos"", ""exp"", ""log""], ""succ_error_tol"": 1e-06}",0.5
imcts,Nguyen,12,Nguyen-12*,expression,5,29910,40,20,20,2,"[""x0"", ""x1""]",x[0]**4 - x[0]**3 + 0.5*x[1]**2 - x[1],0.9989371299743652,False,0.9999988679293023,0.9999996700005946,16.0,2000003,12.788444509962574,0.0,0,(x0 * x0 - x0) * x0 * x0 - (x1 + x1 + x1 + x0 - x0 - (x1 * log(x1) + (x1 + x1) * log(x1))),(x0 * x0 - x0) * x0 * x0 - (x1 + x1 + x1 + x0 - x0 - (x1 * log(x1) + (x1 + x1) * log(x1))),x0**3*(x0 - 1) + 3*x1*log(x1) - 3*x1,[],"{""K"": 500, ""c"": 6.0, ""exploration_rate"": 0.1, ""gamma"": 0.5, ""gp_rate"": 0.5, ""lm_iterations"": 10, ""max_constants"": 999, ""max_depth"": 6, ""max_evals"": 2000000, ""max_unary"": 999, ""mutation_rate"": 0.1, ""ops"": [""+"", ""-"", ""*"", ""/"", ""sin"", ""cos"", ""exp"", ""log""], ""succ_error_tol"": 1e-06}","{""K"": 500, ""c"": 6.0, ""exploration_rate"": 0.1, ""gamma"": 0.5, ""gp_rate"": 0.5, ""lm_iterations"": 10, ""max_constants"": 999, ""max_depth"": 6, ""max_evals"": 2000000, ""max_unary"": 999, ""mutation_rate"": 0.1, ""ops"": [""+"", ""-"", ""*"", ""/"", ""sin"", ""cos"", ""exp"", ""log""], ""succ_error_tol"": 1e-06}",0.5
imcts,Nguyen,12,Nguyen-12*,expression,6,4426,40,20,20,2,"[""x0"", ""x1""]",x[0]**4 - x[0]**3 + 0.5*x[1]**2 - x[1],0.9999999403953552,True,1.0,1.0,17.0,1830051,12.177864536992274,0.0,0,x1 * x1 * x0 / (x0 + x0) + x0 * x0 * x0 * x0 - x0 * x0 * x0 - x1,x1 * x1 * x0 / (x0 + x0) + x0 * x0 * x0 * x0 - x0 * x0 * x0 - x1,x0**4 - x0**3 + x1**2/2 - x1,[],"{""K"": 500, ""c"": 6.0, ""exploration_rate"": 0.1, ""gamma"": 0.5, ""gp_rate"": 0.5, ""lm_iterations"": 10, ""max_constants"": 999, ""max_depth"": 6, ""max_evals"": 2000000, ""max_unary"": 999, ""mutation_rate"": 0.1, ""ops"": [""+"", ""-"", ""*"", ""/"", ""sin"", ""cos"", ""exp"", ""log""], ""succ_error_tol"": 1e-06}","{""K"": 500, ""c"": 6.0, ""exploration_rate"": 0.1, ""gamma"": 0.5, ""gp_rate"": 0.5, ""lm_iterations"": 10, ""max_constants"": 999, ""max_depth"": 6, ""max_evals"": 2000000, ""max_unary"": 999, ""mutation_rate"": 0.1, ""ops"": [""+"", ""-"", ""*"", ""/"", ""sin"", ""cos"", ""exp"", ""log""], ""succ_error_tol"": 1e-06}",0.5
imcts,Nguyen,12,Nguyen-12*,expression,7,21962,40,20,20,2,"[""x0"", ""x1""]",x[0]**4 - x[0]**3 + 0.5*x[1]**2 - x[1],0.9999998211860657,True,1.0,1.0,17.0,1376128,8.89410300401505,0.0,0,(x1 + x0) * x0 / (x0 + x1) * (x0 * (x0 * x0 - x0) + (x1 * x1 - (x1 + x1)) / (x0 + x0)),(x1 + x0) * x0 / (x0 + x1) * (x0 * (x0 * x0 - x0) + (x1 * x1 - (x1 + x1)) / (x0 + x0)),x0**4 - x0**3 + x1**2/2 - x1,[],"{""K"": 500, ""c"": 6.0, ""exploration_rate"": 0.1, ""gamma"": 0.5, ""gp_rate"": 0.5, ""lm_iterations"": 10, ""max_constants"": 999, ""max_depth"": 6, ""max_evals"": 2000000, ""max_unary"": 999, ""mutation_rate"": 0.1, ""ops"": [""+"", ""-"", ""*"", ""/"", ""sin"", ""cos"", ""exp"", ""log""], ""succ_error_tol"": 1e-06}","{""K"": 500, ""c"": 6.0, ""exploration_rate"": 0.1, ""gamma"": 0.5, ""gp_rate"": 0.5, ""lm_iterations"": 10, ""max_constants"": 999, ""max_depth"": 6, ""max_evals"": 2000000, ""max_unary"": 999, ""mutation_rate"": 0.1, ""ops"": [""+"", ""-"", ""*"", ""/"", ""sin"", ""cos"", ""exp"", ""log""], ""succ_error_tol"": 1e-06}",0.5
imcts,Nguyen,12,Nguyen-12*,expression,8,14423,40,20,20,2,"[""x0"", ""x1""]",x[0]**4 - x[0]**3 + 0.5*x[1]**2 - x[1],0.9995044469833374,False,0.9999997542022349,0.9999998424214154,24.0,2000003,13.433553025010042,0.0,0,x1 * log(x1) * log(x1) + cos(log(x1)) - (x1 + log(x1)) - (x0 - x0 * x0) * x0 * x0,x1 * log(x1) * log(x1) + cos(log(x1)) - (x1 + log(x1)) - (x0 - x0 * x0) * x0 * x0,x0**3*(x0 - 1) + x1*log(x1)**2 - x1 - log(x1) + cos(log(x1)),[],"{""K"": 500, ""c"": 6.0, ""exploration_rate"": 0.1, ""gamma"": 0.5, ""gp_rate"": 0.5, ""lm_iterations"": 10, ""max_constants"": 999, ""max_depth"": 6, ""max_evals"": 2000000, ""max_unary"": 999, ""mutation_rate"": 0.1, ""ops"": [""+"", ""-"", ""*"", ""/"", ""sin"", ""cos"", ""exp"", ""log""], ""succ_error_tol"": 1e-06}","{""K"": 500, ""c"": 6.0, ""exploration_rate"": 0.1, ""gamma"": 0.5, ""gp_rate"": 0.5, ""lm_iterations"": 10, ""max_constants"": 999, ""max_depth"": 6, ""max_evals"": 2000000, ""max_unary"": 999, ""mutation_rate"": 0.1, ""ops"": [""+"", ""-"", ""*"", ""/"", ""sin"", ""cos"", ""exp"", ""log""], ""succ_error_tol"": 1e-06}",0.5
imcts,Nguyen,12,Nguyen-12*,expression,9,28020,40,20,20,2,"[""x0"", ""x1""]",x[0]**4 - x[0]**3 + 0.5*x[1]**2 - x[1],0.9999998211860657,True,1.0,1.0,17.0,1629893,10.92623421101598,0.0,0,x0 * x1 / (x0 + x0) * (x1 - x1 / x1 - x1 / x1) + x0 * x0 * x1 / x1 * (x0 * x0 - x0),x0 * x1 / (x0 + x0) * (x1 - x1 / x1 - x1 / x1) + x0 * x0 * x1 / x1 * (x0 * x0 - x0),x0**4 - x0**3 + x1**2/2 - x1,[],"{""K"": 500, ""c"": 6.0, ""exploration_rate"": 0.1, ""gamma"": 0.5, ""gp_rate"": 0.5, ""lm_iterations"": 10, ""max_constants"": 999, ""max_depth"": 6, ""max_evals"": 2000000, ""max_unary"": 999, ""mutation_rate"": 0.1, ""ops"": [""+"", ""-"", ""*"", ""/"", ""sin"", ""cos"", ""exp"", ""log""], ""succ_error_tol"": 1e-06}","{""K"": 500, ""c"": 6.0, ""exploration_rate"": 0.1, ""gamma"": 0.5, ""gp_rate"": 0.5, ""lm_iterations"": 10, ""max_constants"": 999, ""max_depth"": 6, ""max_evals"": 2000000, ""max_unary"": 999, ""mutation_rate"": 0.1, ""ops"": [""+"", ""-"", ""*"", ""/"", ""sin"", ""cos"", ""exp"", ""log""], ""succ_error_tol"": 1e-06}",0.5
imcts,Nguyen,12,Nguyen-12*,expression,10,29802,40,20,20,2,"[""x0"", ""x1""]",x[0]**4 - x[0]**3 + 0.5*x[1]**2 - x[1],0.9999998807907104,True,1.0,1.0,17.0,480240,2.6739152510417625,0.0,0,x0 * (x0 * x0 * x0 - x0 * x0 + (x1 * x1 - (x1 + x1)) / (x0 + x0)),x0 * (x0 * x0 * x0 - x0 * x0 + (x1 * x1 - (x1 + x1)) / (x0 + x0)),x0**4 - x0**3 + x1**2/2 - x1,[],"{""K"": 500, ""c"": 6.0, ""exploration_rate"": 0.1, ""gamma"": 0.5, ""gp_rate"": 0.5, ""lm_iterations"": 10, ""max_constants"": 999, ""max_depth"": 6, ""max_evals"": 2000000, ""max_unary"": 999, ""mutation_rate"": 0.1, ""ops"": [""+"", ""-"", ""*"", ""/"", ""sin"", ""cos"", ""exp"", ""log""], ""succ_error_tol"": 1e-06}","{""K"": 500, ""c"": 6.0, ""exploration_rate"": 0.1, ""gamma"": 0.5, ""gp_rate"": 0.5, ""lm_iterations"": 10, ""max_constants"": 999, ""max_depth"": 6, ""max_evals"": 2000000, ""max_unary"": 999, ""mutation_rate"": 0.1, ""ops"": [""+"", ""-"", ""*"", ""/"", ""sin"", ""cos"", ""exp"", ""log""], ""succ_error_tol"": 1e-06}",0.5
imcts,Nguyen,12,Nguyen-12*,expression,11,21575,40,20,20,2,"[""x0"", ""x1""]",x[0]**4 - x[0]**3 + 0.5*x[1]**2 - x[1],0.9988572597503662,False,0.9999986911485432,0.9999971854126523,31.0,2000000,13.131376717996318,0.0,0,x0 * x0 * (x0 * x0 - x0) + x1 - cos(x1) + log(x1) * x1 - x1 / (x0 + x0) / ((x1 + x1 - x0) / x0),x0 * x0 * (x0 * x0 - x0) + x1 - cos(x1) + log(x1) * x1 - x1 / (x0 + x0) / ((x1 + x1 - x0) / x0),x0**2*(x0**2 - x0) + x1*log(x1) + x1 + x1/(2*(x0 - 2*x1)) - cos(x1),[],"{""K"": 500, ""c"": 6.0, ""exploration_rate"": 0.1, ""gamma"": 0.5, ""gp_rate"": 0.5, ""lm_iterations"": 10, ""max_constants"": 999, ""max_depth"": 6, ""max_evals"": 2000000, ""max_unary"": 999, ""mutation_rate"": 0.1, ""ops"": [""+"", ""-"", ""*"", ""/"", ""sin"", ""cos"", ""exp"", ""log""], ""succ_error_tol"": 1e-06}","{""K"": 500, ""c"": 6.0, ""exploration_rate"": 0.1, ""gamma"": 0.5, ""gp_rate"": 0.5, ""lm_iterations"": 10, ""max_constants"": 999, ""max_depth"": 6, ""max_evals"": 2000000, ""max_unary"": 999, ""mutation_rate"": 0.1, ""ops"": [""+"", ""-"", ""*"", ""/"", ""sin"", ""cos"", ""exp"", ""log""], ""succ_error_tol"": 1e-06}",0.5
imcts,Nguyen,12,Nguyen-12*,expression,12,11964,40,20,20,2,"[""x0"", ""x1""]",x[0]**4 - x[0]**3 + 0.5*x[1]**2 - x[1],0.9999998807907104,True,1.0,1.0,17.0,762175,4.9009670820087194,0.0,0,(x1 * x1 / (x0 + x0) - x1 / x0 + x0 * (x0 * x0 - x0)) * x0,(x1 * x1 / (x0 + x0) - x1 / x0 + x0 * (x0 * x0 - x0)) * x0,x0**4 - x0**3 + x1**2/2 - x1,[],"{""K"": 500, ""c"": 6.0, ""exploration_rate"": 0.1, ""gamma"": 0.5, ""gp_rate"": 0.5, ""lm_iterations"": 10, ""max_constants"": 999, ""max_depth"": 6, ""max_evals"": 2000000, ""max_unary"": 999, ""mutation_rate"": 0.1, ""ops"": [""+"", ""-"", ""*"", ""/"", ""sin"", ""cos"", ""exp"", ""log""], ""succ_error_tol"": 1e-06}","{""K"": 500, ""c"": 6.0, ""exploration_rate"": 0.1, ""gamma"": 0.5, ""gp_rate"": 0.5, ""lm_iterations"": 10, ""max_constants"": 999, ""max_depth"": 6, ""max_evals"": 2000000, ""max_unary"": 999, ""mutation_rate"": 0.1, ""ops"": [""+"", ""-"", ""*"", ""/"", ""sin"", ""cos"", ""exp"", ""log""], ""succ_error_tol"": 1e-06}",0.5
imcts,Nguyen,12,Nguyen-12*,expression,13,11284,40,20,20,2,"[""x0"", ""x1""]",x[0]**4 - x[0]**3 + 0.5*x[1]**2 - x[1],0.9988890886306763,False,0.9999987631055207,0.9999978813590648,27.0,2000003,13.892697820032481,0.0,0,x1 - cos(x1 / x0) + x0 * x0 * x0 * (x0 - x1 / x1) + log(x1) * (x1 - cos(x1)) - x1 / x1,x1 - cos(x1 / x0) + x0 * x0 * x0 * (x0 - x1 / x1) + log(x1) * (x1 - cos(x1)) - x1 / x1,x0**3*(x0 - 1) + x1 + (x1 - cos(x1))*log(x1) - cos(x1/x0) - 1,[],"{""K"": 500, ""c"": 6.0, ""exploration_rate"": 0.1, ""gamma"": 0.5, ""gp_rate"": 0.5, ""lm_iterations"": 10, ""max_constants"": 999, ""max_depth"": 6, ""max_evals"": 2000000, ""max_unary"": 999, ""mutation_rate"": 0.1, ""ops"": [""+"", ""-"", ""*"", ""/"", ""sin"", ""cos"", ""exp"", ""log""], ""succ_error_tol"": 1e-06}","{""K"": 500, ""c"": 6.0, ""exploration_rate"": 0.1, ""gamma"": 0.5, ""gp_rate"": 0.5, ""lm_iterations"": 10, ""max_constants"": 999, ""max_depth"": 6, ""max_evals"": 2000000, ""max_unary"": 999, ""mutation_rate"": 0.1, ""ops"": [""+"", ""-"", ""*"", ""/"", ""sin"", ""cos"", ""exp"", ""log""], ""succ_error_tol"": 1e-06}",0.5
imcts,Nguyen,12,Nguyen-12*,expression,14,22118,40,20,20,2,"[""x0"", ""x1""]",x[0]**4 - x[0]**3 + 0.5*x[1]**2 - x[1],0.9989667534828186,False,0.9999989300916848,0.9999973438802128,20.0,2000004,12.624105169030372,0.0,0,(x0 * x0 - x0) * x0 * x0 - log(x0) - (x0 / x0 - x1 - log(x1) * x1 - sin(x1)),(x0 * x0 - x0) * x0 * x0 - log(x0) - (x0 / x0 - x1 - log(x1) * x1 - sin(x1)),x0**3*(x0 - 1) + x1*log(x1) + x1 - log(x0) + sin(x1) - 1,[],"{""K"": 500, ""c"": 6.0, ""exploration_rate"": 0.1, ""gamma"": 0.5, ""gp_rate"": 0.5, ""lm_iterations"": 10, ""max_constants"": 999, ""max_depth"": 6, ""max_evals"": 2000000, ""max_unary"": 999, ""mutation_rate"": 0.1, ""ops"": [""+"", ""-"", ""*"", ""/"", ""sin"", ""cos"", ""exp"", ""log""], ""succ_error_tol"": 1e-06}","{""K"": 500, ""c"": 6.0, ""exploration_rate"": 0.1, ""gamma"": 0.5, ""gp_rate"": 0.5, ""lm_iterations"": 10, ""max_constants"": 999, ""max_depth"": 6, ""max_evals"": 2000000, ""max_unary"": 999, ""mutation_rate"": 0.1, ""ops"": [""+"", ""-"", ""*"", ""/"", ""sin"", ""cos"", ""exp"", ""log""], ""succ_error_tol"": 1e-06}",0.5
imcts,Nguyen,12,Nguyen-12*,expression,15,6265,40,20,20,2,"[""x0"", ""x1""]",x[0]**4 - x[0]**3 + 0.5*x[1]**2 - x[1],0.9993600249290466,False,0.9999995898538536,0.9999994026967193,17.0,2000004,13.417218061978929,0.0,0,x0 * (x1 + x1 * x1) / (x0 * x0 / x0 + x0 + x0) + x0 * x0 * x0 * x0 - x0 * x0 * x0,x0 * (x1 + x1 * x1) / (x0 * x0 / x0 + x0 + x0) + x0 * x0 * x0 * x0 - x0 * x0 * x0,x0**4 - x0**3 + x1**2/3 + x1/3,[],"{""K"": 500, ""c"": 6.0, ""exploration_rate"": 0.1, ""gamma"": 0.5, ""gp_rate"": 0.5, ""lm_iterations"": 10, ""max_constants"": 999, ""max_depth"": 6, ""max_evals"": 2000000, ""max_unary"": 999, ""mutation_rate"": 0.1, ""ops"": [""+"", ""-"", ""*"", ""/"", ""sin"", ""cos"", ""exp"", ""log""], ""succ_error_tol"": 1e-06}","{""K"": 500, ""c"": 6.0, ""exploration_rate"": 0.1, ""gamma"": 0.5, ""gp_rate"": 0.5, ""lm_iterations"": 10, ""max_constants"": 999, ""max_depth"": 6, ""max_evals"": 2000000, ""max_unary"": 999, ""mutation_rate"": 0.1, ""ops"": [""+"", ""-"", ""*"", ""/"", ""sin"", ""cos"", ""exp"", ""log""], ""succ_error_tol"": 1e-06}",0.5
imcts,Nguyen,12,Nguyen-12*,expression,16,11363,40,20,20,2,"[""x0"", ""x1""]",x[0]**4 - x[0]**3 + 0.5*x[1]**2 - x[1],0.9999998807907104,True,1.0,1.0,17.0,479759,2.6928611749899574,0.0,0,(x1 * x1 / (x0 + x0) - x1 / x0 - x0 * (x0 - x0 * x0)) * x0,(x1 * x1 / (x0 + x0) - x1 / x0 - x0 * (x0 - x0 * x0)) * x0,x0**4 - x0**3 + x1**2/2 - x1,[],"{""K"": 500, ""c"": 6.0, ""exploration_rate"": 0.1, ""gamma"": 0.5, ""gp_rate"": 0.5, ""lm_iterations"": 10, ""max_constants"": 999, ""max_depth"": 6, ""max_evals"": 2000000, ""max_unary"": 999, ""mutation_rate"": 0.1, ""ops"": [""+"", ""-"", ""*"", ""/"", ""sin"", ""cos"", ""exp"", ""log""], ""succ_error_tol"": 1e-06}","{""K"": 500, ""c"": 6.0, ""exploration_rate"": 0.1, ""gamma"": 0.5, ""gp_rate"": 0.5, ""lm_iterations"": 10, ""max_constants"": 999, ""max_depth"": 6, ""max_evals"": 2000000, ""max_unary"": 999, ""mutation_rate"": 0.1, ""ops"": [""+"", ""-"", ""*"", ""/"", ""sin"", ""cos"", ""exp"", ""log""], ""succ_error_tol"": 1e-06}",0.5
imcts,Nguyen,12,Nguyen-12*,expression,17,27495,40,20,20,2,"[""x0"", ""x1""]",x[0]**4 - x[0]**3 + 0.5*x[1]**2 - x[1],0.9999999403953552,True,1.0,1.0,17.0,1440035,9.617605134029873,0.0,0,(x0 * x0 - x0) * (x1 - x1 + x0 * x0) - (x0 - (x0 + x1)) * x0 * x1 / (x0 + x0) - x1,(x0 * x0 - x0) * (x1 - x1 + x0 * x0) - (x0 - (x0 + x1)) * x0 * x1 / (x0 + x0) - x1,x0**4 - x0**3 + x1**2/2 - x1,[],"{""K"": 500, ""c"": 6.0, ""exploration_rate"": 0.1, ""gamma"": 0.5, ""gp_rate"": 0.5, ""lm_iterations"": 10, ""max_constants"": 999, ""max_depth"": 6, ""max_evals"": 2000000, ""max_unary"": 999, ""mutation_rate"": 0.1, ""ops"": [""+"", ""-"", ""*"", ""/"", ""sin"", ""cos"", ""exp"", ""log""], ""succ_error_tol"": 1e-06}","{""K"": 500, ""c"": 6.0, ""exploration_rate"": 0.1, ""gamma"": 0.5, ""gp_rate"": 0.5, ""lm_iterations"": 10, ""max_constants"": 999, ""max_depth"": 6, ""max_evals"": 2000000, ""max_unary"": 999, ""mutation_rate"": 0.1, ""ops"": [""+"", ""-"", ""*"", ""/"", ""sin"", ""cos"", ""exp"", ""log""], ""succ_error_tol"": 1e-06}",0.5
imcts,Nguyen,12,Nguyen-12*,expression,18,16023,40,20,20,2,"[""x0"", ""x1""]",x[0]**4 - x[0]**3 + 0.5*x[1]**2 - x[1],0.9992165565490723,False,0.9999993853547465,0.9999985672783659,17.0,2000000,12.748925407999195,0.0,0,x1 * log(x1 * x1) + (x0 * x0 - x0) * x0 * x0 - x1,x1 * log(x1 * x1) + (x0 * x0 - x0) * x0 * x0 - x1,x0**3*(x0 - 1) + x1*log(x1**2) - x1,[],"{""K"": 500, ""c"": 6.0, ""exploration_rate"": 0.1, ""gamma"": 0.5, ""gp_rate"": 0.5, ""lm_iterations"": 10, ""max_constants"": 999, ""max_depth"": 6, ""max_evals"": 2000000, ""max_unary"": 999, ""mutation_rate"": 0.1, ""ops"": [""+"", ""-"", ""*"", ""/"", ""sin"", ""cos"", ""exp"", ""log""], ""succ_error_tol"": 1e-06}","{""K"": 500, ""c"": 6.0, ""exploration_rate"": 0.1, ""gamma"": 0.5, ""gp_rate"": 0.5, ""lm_iterations"": 10, ""max_constants"": 999, ""max_depth"": 6, ""max_evals"": 2000000, ""max_unary"": 999, ""mutation_rate"": 0.1, ""ops"": [""+"", ""-"", ""*"", ""/"", ""sin"", ""cos"", ""exp"", ""log""], ""succ_error_tol"": 1e-06}",0.5
imcts,Nguyen,12,Nguyen-12*,expression,19,8322,40,20,20,2,"[""x0"", ""x1""]",x[0]**4 - x[0]**3 + 0.5*x[1]**2 - x[1],0.9997107982635498,False,0.9999999163014818,0.9999777091359479,19.0,2000006,13.502995195973199,0.0,0,(x1 / x0 / exp(x0 / x1) - (x0 - x0 * x0)) / (x1 / x0 / (x1 * x0)),(x1 / x0 / exp(x0 / x1) - (x0 - x0 * x0)) / (x1 / x0 / (x1 * x0)),x0**4 - x0**3 + x0*x1*exp(-x0/x1),[],"{""K"": 500, ""c"": 6.0, ""exploration_rate"": 0.1, ""gamma"": 0.5, ""gp_rate"": 0.5, ""lm_iterations"": 10, ""max_constants"": 999, ""max_depth"": 6, ""max_evals"": 2000000, ""max_unary"": 999, ""mutation_rate"": 0.1, ""ops"": [""+"", ""-"", ""*"", ""/"", ""sin"", ""cos"", ""exp"", ""log""], ""succ_error_tol"": 1e-06}","{""K"": 500, ""c"": 6.0, ""exploration_rate"": 0.1, ""gamma"": 0.5, ""gp_rate"": 0.5, ""lm_iterations"": 10, ""max_constants"": 999, ""max_depth"": 6, ""max_evals"": 2000000, ""max_unary"": 999, ""mutation_rate"": 0.1, ""ops"": [""+"", ""-"", ""*"", ""/"", ""sin"", ""cos"", ""exp"", ""log""], ""succ_error_tol"": 1e-06}",0.5
imcts,Nguyen,12,Nguyen-12*,expression,20,1685,40,20,20,2,"[""x0"", ""x1""]",x[0]**4 - x[0]**3 + 0.5*x[1]**2 - x[1],0.9993411302566528,False,0.9999995653264443,0.9999996244724327,17.0,2000006,13.278991246013902,0.0,0,(x0 * x0 - x0) * x0 * x0 - x1 + log(x1) * log(x1) * x1,(x0 * x0 - x0) * x0 * x0 - x1 + log(x1) * log(x1) * x1,x0**3*(x0 - 1) + x1*log(x1)**2 - x1,[],"{""K"": 500, ""c"": 6.0, ""exploration_rate"": 0.1, ""gamma"": 0.5, ""gp_rate"": 0.5, ""lm_iterations"": 10, ""max_constants"": 999, ""max_depth"": 6, ""max_evals"": 2000000, ""max_unary"": 999, ""mutation_rate"": 0.1, ""ops"": [""+"", ""-"", ""*"", ""/"", ""sin"", ""cos"", ""exp"", ""log""], ""succ_error_tol"": 1e-06}","{""K"": 500, ""c"": 6.0, ""exploration_rate"": 0.1, ""gamma"": 0.5, ""gp_rate"": 0.5, ""lm_iterations"": 10, ""max_constants"": 999, ""max_depth"": 6, ""max_evals"": 2000000, ""max_unary"": 999, ""mutation_rate"": 0.1, ""ops"": [""+"", ""-"", ""*"", ""/"", ""sin"", ""cos"", ""exp"", ""log""], ""succ_error_tol"": 1e-06}",0.5
imcts,Nguyen,12,Nguyen-12*,expression,21,32052,40,20,20,2,"[""x0"", ""x1""]",x[0]**4 - x[0]**3 + 0.5*x[1]**2 - x[1],0.9995654821395874,False,0.9999998109981906,0.9999997425647877,15.0,2000002,13.199166536971461,0.0,0,x1 * x1 / exp(cos(x1 - x1)) + x0 * (x0 * x0 - x0) * x0,x1 * x1 / exp(cos(x1 - x1)) + x0 * (x0 * x0 - x0) * x0,x0**4 - x0**3 + x1**2*exp(-1),[],"{""K"": 500, ""c"": 6.0, ""exploration_rate"": 0.1, ""gamma"": 0.5, ""gp_rate"": 0.5, ""lm_iterations"": 10, ""max_constants"": 999, ""max_depth"": 6, ""max_evals"": 2000000, ""max_unary"": 999, ""mutation_rate"": 0.1, ""ops"": [""+"", ""-"", ""*"", ""/"", ""sin"", ""cos"", ""exp"", ""log""], ""succ_error_tol"": 1e-06}","{""K"": 500, ""c"": 6.0, ""exploration_rate"": 0.1, ""gamma"": 0.5, ""gp_rate"": 0.5, ""lm_iterations"": 10, ""max_constants"": 999, ""max_depth"": 6, ""max_evals"": 2000000, ""max_unary"": 999, ""mutation_rate"": 0.1, ""ops"": [""+"", ""-"", ""*"", ""/"", ""sin"", ""cos"", ""exp"", ""log""], ""succ_error_tol"": 1e-06}",0.5
imcts,Nguyen,12,Nguyen-12*,expression,22,769,40,20,20,2,"[""x0"", ""x1""]",x[0]**4 - x[0]**3 + 0.5*x[1]**2 - x[1],0.9989306330680847,False,0.9999988540582373,0.999999512484012,16.0,2000007,11.81222655804595,0.0,0,x0 * (x0 * x0 - x0) * x0 - (x1 - log(x1) * x1 + x0 - x0 - log(x1) * x1),x0 * (x0 * x0 - x0) * x0 - (x1 - log(x1) * x1 + x0 - x0 - log(x1) * x1),x0**3*(x0 - 1) + 2*x1*log(x1) - x1,[],"{""K"": 500, ""c"": 6.0, ""exploration_rate"": 0.1, ""gamma"": 0.5, ""gp_rate"": 0.5, ""lm_iterations"": 10, ""max_constants"": 999, ""max_depth"": 6, ""max_evals"": 2000000, ""max_unary"": 999, ""mutation_rate"": 0.1, ""ops"": [""+"", ""-"", ""*"", ""/"", ""sin"", ""cos"", ""exp"", ""log""], ""succ_error_tol"": 1e-06}","{""K"": 500, ""c"": 6.0, ""exploration_rate"": 0.1, ""gamma"": 0.5, ""gp_rate"": 0.5, ""lm_iterations"": 10, ""max_constants"": 999, ""max_depth"": 6, ""max_evals"": 2000000, ""max_unary"": 999, ""mutation_rate"": 0.1, ""ops"": [""+"", ""-"", ""*"", ""/"", ""sin"", ""cos"", ""exp"", ""log""], ""succ_error_tol"": 1e-06}",0.5
imcts,Nguyen,12,Nguyen-12*,expression,23,26967,40,20,20,2,"[""x0"", ""x1""]",x[0]**4 - x[0]**3 + 0.5*x[1]**2 - x[1],0.9995015859603882,False,0.9999997451745273,0.9999996683103656,17.0,2000003,13.20441559603205,0.0,0,x0 * x1 / (x0 + x0) * (x1 - log(x1)) - x0 * (x0 - x0 * x0) * x0,x0 * x1 / (x0 + x0) * (x1 - log(x1)) - x0 * (x0 - x0 * x0) * x0,x0**3*(x0 - 1) + x1*(x1 - log(x1))/2,[],"{""K"": 500, ""c"": 6.0, ""exploration_rate"": 0.1, ""gamma"": 0.5, ""gp_rate"": 0.5, ""lm_iterations"": 10, ""max_constants"": 999, ""max_depth"": 6, ""max_evals"": 2000000, ""max_unary"": 999, ""mutation_rate"": 0.1, ""ops"": [""+"", ""-"", ""*"", ""/"", ""sin"", ""cos"", ""exp"", ""log""], ""succ_error_tol"": 1e-06}","{""K"": 500, ""c"": 6.0, ""exploration_rate"": 0.1, ""gamma"": 0.5, ""gp_rate"": 0.5, ""lm_iterations"": 10, ""max_constants"": 999, ""max_depth"": 6, ""max_evals"": 2000000, ""max_unary"": 999, ""mutation_rate"": 0.1, ""ops"": [""+"", ""-"", ""*"", ""/"", ""sin"", ""cos"", ""exp"", ""log""], ""succ_error_tol"": 1e-06}",0.5
imcts,Nguyen,12,Nguyen-12*,expression,24,30187,40,20,20,2,"[""x0"", ""x1""]",x[0]**4 - x[0]**3 + 0.5*x[1]**2 - x[1],0.998985767364502,False,0.9999989693053027,0.9999985619028592,21.0,2000003,13.274523067986593,0.0,0,(x1 * x0 + x1 * x0) / (x0 / log(x1)) + (x0 * x0 - x0) * x0 * x0 - (cos(x0 - x0) * x1 - cos(log(x0 * x1))),(x1 * x0 + x1 * x0) / (x0 / log(x1)) + (x0 * x0 - x0) * x0 * x0 - (cos(x0 - x0) * x1 - cos(log(x0 * x1))),x0**3*(x0 - 1) + 2*x1*log(x1) - x1 + cos(log(x0*x1)),[],"{""K"": 500, ""c"": 6.0, ""exploration_rate"": 0.1, ""gamma"": 0.5, ""gp_rate"": 0.5, ""lm_iterations"": 10, ""max_constants"": 999, ""max_depth"": 6, ""max_evals"": 2000000, ""max_unary"": 999, ""mutation_rate"": 0.1, ""ops"": [""+"", ""-"", ""*"", ""/"", ""sin"", ""cos"", ""exp"", ""log""], ""succ_error_tol"": 1e-06}","{""K"": 500, ""c"": 6.0, ""exploration_rate"": 0.1, ""gamma"": 0.5, ""gp_rate"": 0.5, ""lm_iterations"": 10, ""max_constants"": 999, ""max_depth"": 6, ""max_evals"": 2000000, ""max_unary"": 999, ""mutation_rate"": 0.1, ""ops"": [""+"", ""-"", ""*"", ""/"", ""sin"", ""cos"", ""exp"", ""log""], ""succ_error_tol"": 1e-06}",0.5
imcts,Nguyen,12,Nguyen-12*,expression,25,32157,40,20,20,2,"[""x0"", ""x1""]",x[0]**4 - x[0]**3 + 0.5*x[1]**2 - x[1],0.9999997615814209,True,1.0,1.0,16.0,556463,3.4070659600547515,0.0,0,(x0 * x0 - x0) * x0 * x0 + (x1 * x1 * x0 - x0 * (x1 + x1)) / (x0 + x0),(x0 * x0 - x0) * x0 * x0 + (x1 * x1 * x0 - x0 * (x1 + x1)) / (x0 + x0),x0**3*(x0 - 1) + x1**2/2 - x1,[],"{""K"": 500, ""c"": 6.0, ""exploration_rate"": 0.1, ""gamma"": 0.5, ""gp_rate"": 0.5, ""lm_iterations"": 10, ""max_constants"": 999, ""max_depth"": 6, ""max_evals"": 2000000, ""max_unary"": 999, ""mutation_rate"": 0.1, ""ops"": [""+"", ""-"", ""*"", ""/"", ""sin"", ""cos"", ""exp"", ""log""], ""succ_error_tol"": 1e-06}","{""K"": 500, ""c"": 6.0, ""exploration_rate"": 0.1, ""gamma"": 0.5, ""gp_rate"": 0.5, ""lm_iterations"": 10, ""max_constants"": 999, ""max_depth"": 6, ""max_evals"": 2000000, ""max_unary"": 999, ""mutation_rate"": 0.1, ""ops"": [""+"", ""-"", ""*"", ""/"", ""sin"", ""cos"", ""exp"", ""log""], ""succ_error_tol"": 1e-06}",0.5
imcts,Nguyen,12,Nguyen-12*,expression,26,23333,40,20,20,2,"[""x0"", ""x1""]",x[0]**4 - x[0]**3 + 0.5*x[1]**2 - x[1],0.9994036555290222,False,0.9999996362934613,0.999998424778233,21.0,2000003,13.089272167999297,0.0,0,x0 * x0 * (x0 * x0 - x0) + log(x1) * (x1 + x1) - log((x1 + x1) * x1 * x1 * x1),x0 * x0 * (x0 * x0 - x0) + log(x1) * (x1 + x1) - log((x1 + x1) * x1 * x1 * x1),x0**3*(x0 - 1) + 2*x1*log(x1) - log(2*x1**4),[],"{""K"": 500, ""c"": 6.0, ""exploration_rate"": 0.1, ""gamma"": 0.5, ""gp_rate"": 0.5, ""lm_iterations"": 10, ""max_constants"": 999, ""max_depth"": 6, ""max_evals"": 2000000, ""max_unary"": 999, ""mutation_rate"": 0.1, ""ops"": [""+"", ""-"", ""*"", ""/"", ""sin"", ""cos"", ""exp"", ""log""], ""succ_error_tol"": 1e-06}","{""K"": 500, ""c"": 6.0, ""exploration_rate"": 0.1, ""gamma"": 0.5, ""gp_rate"": 0.5, ""lm_iterations"": 10, ""max_constants"": 999, ""max_depth"": 6, ""max_evals"": 2000000, ""max_unary"": 999, ""mutation_rate"": 0.1, ""ops"": [""+"", ""-"", ""*"", ""/"", ""sin"", ""cos"", ""exp"", ""log""], ""succ_error_tol"": 1e-06}",0.5
imcts,Nguyen,12,Nguyen-12*,expression,27,2433,40,20,20,2,"[""x0"", ""x1""]",x[0]**4 - x[0]**3 + 0.5*x[1]**2 - x[1],0.9994440674781799,False,0.9999996906201062,0.999999742565787,21.0,2000003,12.884978589019738,0.0,0,(x0 * x0 * x0 - log(x1)) * x0 - (x0 * x0 * x0 + log(x1) + x1 - (x1 + x0 + x1) * log(x1)),(x0 * x0 * x0 - log(x1)) * x0 - (x0 * x0 * x0 + log(x1) + x1 - (x1 + x0 + x1) * log(x1)),x0**4 - x0**3 + 2*x1*log(x1) - x1 - log(x1),[],"{""K"": 500, ""c"": 6.0, ""exploration_rate"": 0.1, ""gamma"": 0.5, ""gp_rate"": 0.5, ""lm_iterations"": 10, ""max_constants"": 999, ""max_depth"": 6, ""max_evals"": 2000000, ""max_unary"": 999, ""mutation_rate"": 0.1, ""ops"": [""+"", ""-"", ""*"", ""/"", ""sin"", ""cos"", ""exp"", ""log""], ""succ_error_tol"": 1e-06}","{""K"": 500, ""c"": 6.0, ""exploration_rate"": 0.1, ""gamma"": 0.5, ""gp_rate"": 0.5, ""lm_iterations"": 10, ""max_constants"": 999, ""max_depth"": 6, ""max_evals"": 2000000, ""max_unary"": 999, ""mutation_rate"": 0.1, ""ops"": [""+"", ""-"", ""*"", ""/"", ""sin"", ""cos"", ""exp"", ""log""], ""succ_error_tol"": 1e-06}",0.5
imcts,Nguyen,12,Nguyen-12*,expression,28,5311,40,20,20,2,"[""x0"", ""x1""]",x[0]**4 - x[0]**3 + 0.5*x[1]**2 - x[1],0.9984070062637329,False,0.9999974542032849,0.999999321043074,20.0,2000006,13.123908088018652,0.0,0,log(x1) * x1 + log(x1) * x1 - (log(x1) + x1) + x0 * x0 * (x0 * x0 * x0 / x0 - x0),log(x1) * x1 + log(x1) * x1 - (log(x1) + x1) + x0 * x0 * (x0 * x0 * x0 / x0 - x0),x0**3*(x0 - 1) + 2*x1*log(x1) - x1 - log(x1),[],"{""K"": 500, ""c"": 6.0, ""exploration_rate"": 0.1, ""gamma"": 0.5, ""gp_rate"": 0.5, ""lm_iterations"": 10, ""max_constants"": 999, ""max_depth"": 6, ""max_evals"": 2000000, ""max_unary"": 999, ""mutation_rate"": 0.1, ""ops"": [""+"", ""-"", ""*"", ""/"", ""sin"", ""cos"", ""exp"", ""log""], ""succ_error_tol"": 1e-06}","{""K"": 500, ""c"": 6.0, ""exploration_rate"": 0.1, ""gamma"": 0.5, ""gp_rate"": 0.5, ""lm_iterations"": 10, ""max_constants"": 999, ""max_depth"": 6, ""max_evals"": 2000000, ""max_unary"": 999, ""mutation_rate"": 0.1, ""ops"": [""+"", ""-"", ""*"", ""/"", ""sin"", ""cos"", ""exp"", ""log""], ""succ_error_tol"": 1e-06}",0.5
imcts,Nguyen,12,Nguyen-12*,expression,29,5051,40,20,20,2,"[""x0"", ""x1""]",x[0]**4 - x[0]**3 + 0.5*x[1]**2 - x[1],0.9982351064682007,False,0.9999968741704217,0.9999994978741302,20.0,2000004,13.06096522003645,0.0,0,x0 * x0 * (x0 * x0 - x0) - (log(x0) + x1 - log(x1) * (x1 + x1)),x0 * x0 * (x0 * x0 - x0) - (log(x0) + x1 - log(x1) * (x1 + x1)),x0**3*(x0 - 1) + 2*x1*log(x1) - x1 - log(x0),[],"{""K"": 500, ""c"": 6.0, ""exploration_rate"": 0.1, ""gamma"": 0.5, ""gp_rate"": 0.5, ""lm_iterations"": 10, ""max_constants"": 999, ""max_depth"": 6, ""max_evals"": 2000000, ""max_unary"": 999, ""mutation_rate"": 0.1, ""ops"": [""+"", ""-"", ""*"", ""/"", ""sin"", ""cos"", ""exp"", ""log""], ""succ_error_tol"": 1e-06}","{""K"": 500, ""c"": 6.0, ""exploration_rate"": 0.1, ""gamma"": 0.5, ""gp_rate"": 0.5, ""lm_iterations"": 10, ""max_constants"": 999, ""max_depth"": 6, ""max_evals"": 2000000, ""max_unary"": 999, ""mutation_rate"": 0.1, ""ops"": [""+"", ""-"", ""*"", ""/"", ""sin"", ""cos"", ""exp"", ""log""], ""succ_error_tol"": 1e-06}",0.5
imcts,Nguyen,12,Nguyen-12*,expression,30,6420,40,20,20,2,"[""x0"", ""x1""]",x[0]**4 - x[0]**3 + 0.5*x[1]**2 - x[1],0.998933732509613,False,0.9999988595585388,0.9999986290174403,24.0,2000001,12.399145340023097,0.0,0,x0 * x0 * x0 * x0 - x0 * x0 * x0 - exp(sin(log(x1))) - (sin(x0) - (x1 + x1 * log(x1))),x0 * x0 * x0 * x0 - x0 * x0 * x0 - exp(sin(log(x1))) - (sin(x0) - (x1 + x1 * log(x1))),x0**4 - x0**3 + x1*log(x1) + x1 - exp(sin(log(x1))) - sin(x0),[],"{""K"": 500, ""c"": 6.0, ""exploration_rate"": 0.1, ""gamma"": 0.5, ""gp_rate"": 0.5, ""lm_iterations"": 10, ""max_constants"": 999, ""max_depth"": 6, ""max_evals"": 2000000, ""max_unary"": 999, ""mutation_rate"": 0.1, ""ops"": [""+"", ""-"", ""*"", ""/"", ""sin"", ""cos"", ""exp"", ""log""], ""succ_error_tol"": 1e-06}","{""K"": 500, ""c"": 6.0, ""exploration_rate"": 0.1, ""gamma"": 0.5, ""gp_rate"": 0.5, ""lm_iterations"": 10, ""max_constants"": 999, ""max_depth"": 6, ""max_evals"": 2000000, ""max_unary"": 999, ""mutation_rate"": 0.1, ""ops"": [""+"", ""-"", ""*"", ""/"", ""sin"", ""cos"", ""exp"", ""log""], ""succ_error_tol"": 1e-06}",0.5
imcts,Nguyen,12,Nguyen-12*,expression,31,17568,40,20,20,2,"[""x0"", ""x1""]",x[0]**4 - x[0]**3 + 0.5*x[1]**2 - x[1],0.9999998211860657,True,1.0,1.0,17.0,575591,3.436912128003314,0.0,0,x0 * (x0 * x0 - x0) * x0 - x0 * (x1 + x1 - x1 * x1) / (x0 + x0),x0 * (x0 * x0 - x0) * x0 - x0 * (x1 + x1 - x1 * x1) / (x0 + x0),x0**4 - x0**3 + x1**2/2 - x1,[],"{""K"": 500, ""c"": 6.0, ""exploration_rate"": 0.1, ""gamma"": 0.5, ""gp_rate"": 0.5, ""lm_iterations"": 10, ""max_constants"": 999, ""max_depth"": 6, ""max_evals"": 2000000, ""max_unary"": 999, ""mutation_rate"": 0.1, ""ops"": [""+"", ""-"", ""*"", ""/"", ""sin"", ""cos"", ""exp"", ""log""], ""succ_error_tol"": 1e-06}","{""K"": 500, ""c"": 6.0, ""exploration_rate"": 0.1, ""gamma"": 0.5, ""gp_rate"": 0.5, ""lm_iterations"": 10, ""max_constants"": 999, ""max_depth"": 6, ""max_evals"": 2000000, ""max_unary"": 999, ""mutation_rate"": 0.1, ""ops"": [""+"", ""-"", ""*"", ""/"", ""sin"", ""cos"", ""exp"", ""log""], ""succ_error_tol"": 1e-06}",0.5
imcts,Nguyen,12,Nguyen-12*,expression,32,20939,40,20,20,2,"[""x0"", ""x1""]",x[0]**4 - x[0]**3 + 0.5*x[1]**2 - x[1],0.9994839429855347,False,0.9999997334398143,0.9999995323667012,25.0,2000001,12.196995564969257,0.0,0,x0 * x0 * x0 * x0 - x0 * x0 * x0 - log(x0 + sin(x0)) - (x1 - x1 * log(x1 * x1)),x0 * x0 * x0 * x0 - x0 * x0 * x0 - log(x0 + sin(x0)) - (x1 - x1 * log(x1 * x1)),x0**4 - x0**3 + x1*log(x1**2) - x1 - log(x0 + sin(x0)),[],"{""K"": 500, ""c"": 6.0, ""exploration_rate"": 0.1, ""gamma"": 0.5, ""gp_rate"": 0.5, ""lm_iterations"": 10, ""max_constants"": 999, ""max_depth"": 6, ""max_evals"": 2000000, ""max_unary"": 999, ""mutation_rate"": 0.1, ""ops"": [""+"", ""-"", ""*"", ""/"", ""sin"", ""cos"", ""exp"", ""log""], ""succ_error_tol"": 1e-06}","{""K"": 500, ""c"": 6.0, ""exploration_rate"": 0.1, ""gamma"": 0.5, ""gp_rate"": 0.5, ""lm_iterations"": 10, ""max_constants"": 999, ""max_depth"": 6, ""max_evals"": 2000000, ""max_unary"": 999, ""mutation_rate"": 0.1, ""ops"": [""+"", ""-"", ""*"", ""/"", ""sin"", ""cos"", ""exp"", ""log""], ""succ_error_tol"": 1e-06}",0.5
imcts,Nguyen,12,Nguyen-12*,expression,33,19769,40,20,20,2,"[""x0"", ""x1""]",x[0]**4 - x[0]**3 + 0.5*x[1]**2 - x[1],0.9999998211860657,True,1.0,1.0,17.0,769967,4.892595849989448,0.0,0,x0 * (x0 * x0 - x0) * x0 - (x1 / x0 - x1 * x1 / (x0 + x0)) * x0,x0 * (x0 * x0 - x0) * x0 - (x1 / x0 - x1 * x1 / (x0 + x0)) * x0,x0**4 - x0**3 + x1**2/2 - x1,[],"{""K"": 500, ""c"": 6.0, ""exploration_rate"": 0.1, ""gamma"": 0.5, ""gp_rate"": 0.5, ""lm_iterations"": 10, ""max_constants"": 999, ""max_depth"": 6, ""max_evals"": 2000000, ""max_unary"": 999, ""mutation_rate"": 0.1, ""ops"": [""+"", ""-"", ""*"", ""/"", ""sin"", ""cos"", ""exp"", ""log""], ""succ_error_tol"": 1e-06}","{""K"": 500, ""c"": 6.0, ""exploration_rate"": 0.1, ""gamma"": 0.5, ""gp_rate"": 0.5, ""lm_iterations"": 10, ""max_constants"": 999, ""max_depth"": 6, ""max_evals"": 2000000, ""max_unary"": 999, ""mutation_rate"": 0.1, ""ops"": [""+"", ""-"", ""*"", ""/"", ""sin"", ""cos"", ""exp"", ""log""], ""succ_error_tol"": 1e-06}",0.5
imcts,Nguyen,12,Nguyen-12*,expression,34,28693,40,20,20,2,"[""x0"", ""x1""]",x[0]**4 - x[0]**3 + 0.5*x[1]**2 - x[1],0.9991194009780884,False,0.9999992232472281,0.9999994347142793,18.0,2000004,12.777509897015989,0.0,0,x0 * x0 * x0 * x0 - x0 * x0 * x0 + x1 - (x0 / x0 - log(x1)) * log(x1) * x1,x0 * x0 * x0 * x0 - x0 * x0 * x0 + x1 - (x0 / x0 - log(x1)) * log(x1) * x1,x0**4 - x0**3 + x1*(log(x1) - 1)*log(x1) + x1,[],"{""K"": 500, ""c"": 6.0, ""exploration_rate"": 0.1, ""gamma"": 0.5, ""gp_rate"": 0.5, ""lm_iterations"": 10, ""max_constants"": 999, ""max_depth"": 6, ""max_evals"": 2000000, ""max_unary"": 999, ""mutation_rate"": 0.1, ""ops"": [""+"", ""-"", ""*"", ""/"", ""sin"", ""cos"", ""exp"", ""log""], ""succ_error_tol"": 1e-06}","{""K"": 500, ""c"": 6.0, ""exploration_rate"": 0.1, ""gamma"": 0.5, ""gp_rate"": 0.5, ""lm_iterations"": 10, ""max_constants"": 999, ""max_depth"": 6, ""max_evals"": 2000000, ""max_unary"": 999, ""mutation_rate"": 0.1, ""ops"": [""+"", ""-"", ""*"", ""/"", ""sin"", ""cos"", ""exp"", ""log""], ""succ_error_tol"": 1e-06}",0.5
imcts,Nguyen,12,Nguyen-12*,expression,35,6396,40,20,20,2,"[""x0"", ""x1""]",x[0]**4 - x[0]**3 + 0.5*x[1]**2 - x[1],0.9993770718574524,False,0.9999996013222133,0.9999995614558922,25.0,2000003,13.734301793971099,0.0,0,x1 * log(x1) - x0 * x0 * (x0 - x0 * x0) - (sin(x0 * x0) + x1 + x1) * cos(log(x1)),x1 * log(x1) - x0 * x0 * (x0 - x0 * x0) - (sin(x0 * x0) + x1 + x1) * cos(log(x1)),x0**3*(x0 - 1) + x1*log(x1) - (2*x1 + sin(x0**2))*cos(log(x1)),[],"{""K"": 500, ""c"": 6.0, ""exploration_rate"": 0.1, ""gamma"": 0.5, ""gp_rate"": 0.5, ""lm_iterations"": 10, ""max_constants"": 999, ""max_depth"": 6, ""max_evals"": 2000000, ""max_unary"": 999, ""mutation_rate"": 0.1, ""ops"": [""+"", ""-"", ""*"", ""/"", ""sin"", ""cos"", ""exp"", ""log""], ""succ_error_tol"": 1e-06}","{""K"": 500, ""c"": 6.0, ""exploration_rate"": 0.1, ""gamma"": 0.5, ""gp_rate"": 0.5, ""lm_iterations"": 10, ""max_constants"": 999, ""max_depth"": 6, ""max_evals"": 2000000, ""max_unary"": 999, ""mutation_rate"": 0.1, ""ops"": [""+"", ""-"", ""*"", ""/"", ""sin"", ""cos"", ""exp"", ""log""], ""succ_error_tol"": 1e-06}",0.5
imcts,Nguyen,12,Nguyen-12*,expression,36,29419,40,20,20,2,"[""x0"", ""x1""]",x[0]**4 - x[0]**3 + 0.5*x[1]**2 - x[1],0.9995421767234802,False,0.9999997902375654,0.9999998715416963,21.0,2000001,12.717617848014925,0.0,0,log(x1) * x1 * log(x1) - (log(x1) + x1) + (x0 * x0 * x0 - x0 * x0) * x0,log(x1) * x1 * log(x1) - (log(x1) + x1) + (x0 * x0 * x0 - x0 * x0) * x0,x0**3*(x0 - 1) + x1*log(x1)**2 - x1 - log(x1),[],"{""K"": 500, ""c"": 6.0, ""exploration_rate"": 0.1, ""gamma"": 0.5, ""gp_rate"": 0.5, ""lm_iterations"": 10, ""max_constants"": 999, ""max_depth"": 6, ""max_evals"": 2000000, ""max_unary"": 999, ""mutation_rate"": 0.1, ""ops"": [""+"", ""-"", ""*"", ""/"", ""sin"", ""cos"", ""exp"", ""log""], ""succ_error_tol"": 1e-06}","{""K"": 500, ""c"": 6.0, ""exploration_rate"": 0.1, ""gamma"": 0.5, ""gp_rate"": 0.5, ""lm_iterations"": 10, ""max_constants"": 999, ""max_depth"": 6, ""max_evals"": 2000000, ""max_unary"": 999, ""mutation_rate"": 0.1, ""ops"": [""+"", ""-"", ""*"", ""/"", ""sin"", ""cos"", ""exp"", ""log""], ""succ_error_tol"": 1e-06}",0.5
imcts,Nguyen,12,Nguyen-12*,expression,37,27480,40,20,20,2,"[""x0"", ""x1""]",x[0]**4 - x[0]**3 + 0.5*x[1]**2 - x[1],0.9992925524711609,False,0.9999994988658089,0.999998881121764,14.0,2000006,12.187520957028028,0.0,0,x0 * (x1 * x1 / (x0 + x0 + x0) + x0 * x0 * (x0 - x0 / x0)),x0 * (x1 * x1 / (x0 + x0 + x0) + x0 * x0 * (x0 - x0 / x0)),x0**4 - x0**3 + x1**2/3,[],"{""K"": 500, ""c"": 6.0, ""exploration_rate"": 0.1, ""gamma"": 0.5, ""gp_rate"": 0.5, ""lm_iterations"": 10, ""max_constants"": 999, ""max_depth"": 6, ""max_evals"": 2000000, ""max_unary"": 999, ""mutation_rate"": 0.1, ""ops"": [""+"", ""-"", ""*"", ""/"", ""sin"", ""cos"", ""exp"", ""log""], ""succ_error_tol"": 1e-06}","{""K"": 500, ""c"": 6.0, ""exploration_rate"": 0.1, ""gamma"": 0.5, ""gp_rate"": 0.5, ""lm_iterations"": 10, ""max_constants"": 999, ""max_depth"": 6, ""max_evals"": 2000000, ""max_unary"": 999, ""mutation_rate"": 0.1, ""ops"": [""+"", ""-"", ""*"", ""/"", ""sin"", ""cos"", ""exp"", ""log""], ""succ_error_tol"": 1e-06}",0.5
imcts,Nguyen,12,Nguyen-12*,expression,38,32304,40,20,20,2,"[""x0"", ""x1""]",x[0]**4 - x[0]**3 + 0.5*x[1]**2 - x[1],0.9985691905021667,False,0.9999979468292909,0.9999965941154767,16.0,2000006,12.911010220996104,0.0,0,(x0 * (x0 * x0 - x0) + (x1 + x1 * x1) / (x0 + x0 + x0)) * x0,(x0 * (x0 * x0 - x0) + (x1 + x1 * x1) / (x0 + x0 + x0)) * x0,x0**3*(x0 - 1) + x1**2/3 + x1/3,[],"{""K"": 500, ""c"": 6.0, ""exploration_rate"": 0.1, ""gamma"": 0.5, ""gp_rate"": 0.5, ""lm_iterations"": 10, ""max_constants"": 999, ""max_depth"": 6, ""max_evals"": 2000000, ""max_unary"": 999, ""mutation_rate"": 0.1, ""ops"": [""+"", ""-"", ""*"", ""/"", ""sin"", ""cos"", ""exp"", ""log""], ""succ_error_tol"": 1e-06}","{""K"": 500, ""c"": 6.0, ""exploration_rate"": 0.1, ""gamma"": 0.5, ""gp_rate"": 0.5, ""lm_iterations"": 10, ""max_constants"": 999, ""max_depth"": 6, ""max_evals"": 2000000, ""max_unary"": 999, ""mutation_rate"": 0.1, ""ops"": [""+"", ""-"", ""*"", ""/"", ""sin"", ""cos"", ""exp"", ""log""], ""succ_error_tol"": 1e-06}",0.5
imcts,Nguyen,12,Nguyen-12*,expression,39,8666,40,20,20,2,"[""x0"", ""x1""]",x[0]**4 - x[0]**3 + 0.5*x[1]**2 - x[1],0.9999998211860657,True,1.0,1.0,14.0,1409393,9.08299582800828,0.0,0,x1 / (x0 + x0) * (x0 * x1 - x0 - x0) + x0 * (x0 * x0 * x0 - x0 * x0),x1 / (x0 + x0) * (x0 * x1 - x0 - x0) + x0 * (x0 * x0 * x0 - x0 * x0),x0**3*(x0 - 1) + x1*(x1 - 2)/2,[],"{""K"": 500, ""c"": 6.0, ""exploration_rate"": 0.1, ""gamma"": 0.5, ""gp_rate"": 0.5, ""lm_iterations"": 10, ""max_constants"": 999, ""max_depth"": 6, ""max_evals"": 2000000, ""max_unary"": 999, ""mutation_rate"": 0.1, ""ops"": [""+"", ""-"", ""*"", ""/"", ""sin"", ""cos"", ""exp"", ""log""], ""succ_error_tol"": 1e-06}","{""K"": 500, ""c"": 6.0, ""exploration_rate"": 0.1, ""gamma"": 0.5, ""gp_rate"": 0.5, ""lm_iterations"": 10, ""max_constants"": 999, ""max_depth"": 6, ""max_evals"": 2000000, ""max_unary"": 999, ""mutation_rate"": 0.1, ""ops"": [""+"", ""-"", ""*"", ""/"", ""sin"", ""cos"", ""exp"", ""log""], ""succ_error_tol"": 1e-06}",0.5
imcts,Nguyen,12,Nguyen-12*,expression,40,25658,40,20,20,2,"[""x0"", ""x1""]",x[0]**4 - x[0]**3 + 0.5*x[1]**2 - x[1],0.9991130828857422,False,0.9999992119853974,0.9999983172281002,35.0,2000002,12.476009468024131,0.0,0,(x0 * x0 - x0) * x0 * x0 + log(x1) * x1 + x1 - (log(x0 + x1) + cos(log(x1)) + cos(x0 / x1 + x0)),(x0 * x0 - x0) * x0 * x0 + log(x1) * x1 + x1 - (log(x0 + x1) + cos(log(x1)) + cos(x0 / x1 + x0)),x0**4 - x0**3 + x1*log(x1) + x1 - log(x0 + x1) - cos(x0 + x0/x1) - cos(log(x1)),[],"{""K"": 500, ""c"": 6.0, ""exploration_rate"": 0.1, ""gamma"": 0.5, ""gp_rate"": 0.5, ""lm_iterations"": 10, ""max_constants"": 999, ""max_depth"": 6, ""max_evals"": 2000000, ""max_unary"": 999, ""mutation_rate"": 0.1, ""ops"": [""+"", ""-"", ""*"", ""/"", ""sin"", ""cos"", ""exp"", ""log""], ""succ_error_tol"": 1e-06}","{""K"": 500, ""c"": 6.0, ""exploration_rate"": 0.1, ""gamma"": 0.5, ""gp_rate"": 0.5, ""lm_iterations"": 10, ""max_constants"": 999, ""max_depth"": 6, ""max_evals"": 2000000, ""max_unary"": 999, ""mutation_rate"": 0.1, ""ops"": [""+"", ""-"", ""*"", ""/"", ""sin"", ""cos"", ""exp"", ""log""], ""succ_error_tol"": 1e-06}",0.5
imcts,Nguyen,12,Nguyen-12*,expression,41,18942,40,20,20,2,"[""x0"", ""x1""]",x[0]**4 - x[0]**3 + 0.5*x[1]**2 - x[1],0.9991889595985413,False,0.9999993412279798,0.9999992498625285,20.0,2000008,12.70856930600712,0.0,0,x0 * x0 * x0 * x0 - (x0 * x0 * x0 - (x1 + x1) * log(x1) + x1 - cos(x0) + x0 / x0),x0 * x0 * x0 * x0 - (x0 * x0 * x0 - (x1 + x1) * log(x1) + x1 - cos(x0) + x0 / x0),x0**4 - x0**3 + 2*x1*log(x1) - x1 + cos(x0) - 1,[],"{""K"": 500, ""c"": 6.0, ""exploration_rate"": 0.1, ""gamma"": 0.5, ""gp_rate"": 0.5, ""lm_iterations"": 10, ""max_constants"": 999, ""max_depth"": 6, ""max_evals"": 2000000, ""max_unary"": 999, ""mutation_rate"": 0.1, ""ops"": [""+"", ""-"", ""*"", ""/"", ""sin"", ""cos"", ""exp"", ""log""], ""succ_error_tol"": 1e-06}","{""K"": 500, ""c"": 6.0, ""exploration_rate"": 0.1, ""gamma"": 0.5, ""gp_rate"": 0.5, ""lm_iterations"": 10, ""max_constants"": 999, ""max_depth"": 6, ""max_evals"": 2000000, ""max_unary"": 999, ""mutation_rate"": 0.1, ""ops"": [""+"", ""-"", ""*"", ""/"", ""sin"", ""cos"", ""exp"", ""log""], ""succ_error_tol"": 1e-06}",0.5
imcts,Nguyen,12,Nguyen-12*,expression,42,24233,40,20,20,2,"[""x0"", ""x1""]",x[0]**4 - x[0]**3 + 0.5*x[1]**2 - x[1],0.9995432496070862,False,0.9999997902379614,0.9999997228202686,17.0,2000003,12.60192977503175,0.0,0,x0 * x0 * (x0 * x0 - x0) + cos(x0 / x0 + x0 / x0) + x1 * x1 / exp(x1 / x1),x0 * x0 * (x0 * x0 - x0) + cos(x0 / x0 + x0 / x0) + x1 * x1 / exp(x1 / x1),x0**4 - x0**3 + x1**2*exp(-1) + cos(2),[],"{""K"": 500, ""c"": 6.0, ""exploration_rate"": 0.1, ""gamma"": 0.5, ""gp_rate"": 0.5, ""lm_iterations"": 10, ""max_constants"": 999, ""max_depth"": 6, ""max_evals"": 2000000, ""max_unary"": 999, ""mutation_rate"": 0.1, ""ops"": [""+"", ""-"", ""*"", ""/"", ""sin"", ""cos"", ""exp"", ""log""], ""succ_error_tol"": 1e-06}","{""K"": 500, ""c"": 6.0, ""exploration_rate"": 0.1, ""gamma"": 0.5, ""gp_rate"": 0.5, ""lm_iterations"": 10, ""max_constants"": 999, ""max_depth"": 6, ""max_evals"": 2000000, ""max_unary"": 999, ""mutation_rate"": 0.1, ""ops"": [""+"", ""-"", ""*"", ""/"", ""sin"", ""cos"", ""exp"", ""log""], ""succ_error_tol"": 1e-06}",0.5
imcts,Nguyen,12,Nguyen-12*,expression,43,18431,40,20,20,2,"[""x0"", ""x1""]",x[0]**4 - x[0]**3 + 0.5*x[1]**2 - x[1],0.9992907047271729,False,0.9999994961671355,0.9999630378062917,27.0,2000004,13.576619922008831,0.0,0,(x0 * x0 * x0 * x0 - x0 * x0 * x0 - log(x0)) / cos(x1 / (log(x0) + x0 * x0)),(x0 * x0 * x0 * x0 - x0 * x0 * x0 - log(x0)) / cos(x1 / (log(x0) + x0 * x0)),(x0**4 - x0**3 - log(x0))/cos(x1/(x0**2 + log(x0))),[],"{""K"": 500, ""c"": 6.0, ""exploration_rate"": 0.1, ""gamma"": 0.5, ""gp_rate"": 0.5, ""lm_iterations"": 10, ""max_constants"": 999, ""max_depth"": 6, ""max_evals"": 2000000, ""max_unary"": 999, ""mutation_rate"": 0.1, ""ops"": [""+"", ""-"", ""*"", ""/"", ""sin"", ""cos"", ""exp"", ""log""], ""succ_error_tol"": 1e-06}","{""K"": 500, ""c"": 6.0, ""exploration_rate"": 0.1, ""gamma"": 0.5, ""gp_rate"": 0.5, ""lm_iterations"": 10, ""max_constants"": 999, ""max_depth"": 6, ""max_evals"": 2000000, ""max_unary"": 999, ""mutation_rate"": 0.1, ""ops"": [""+"", ""-"", ""*"", ""/"", ""sin"", ""cos"", ""exp"", ""log""], ""succ_error_tol"": 1e-06}",0.5
imcts,Nguyen,12,Nguyen-12*,expression,44,32219,40,20,20,2,"[""x0"", ""x1""]",x[0]**4 - x[0]**3 + 0.5*x[1]**2 - x[1],0.9991827607154846,False,0.9999993310252168,0.9999908044504068,19.0,2000001,12.032725716999266,0.0,0,log(x0 * x1) * x1 - (x0 - sin(x1)) + x0 * x0 * (x0 * x0 - x0),log(x0 * x1) * x1 - (x0 - sin(x1)) + x0 * x0 * (x0 * x0 - x0),x0**3*(x0 - 1) - x0 + x1*log(x0*x1) + sin(x1),[],"{""K"": 500, ""c"": 6.0, ""exploration_rate"": 0.1, ""gamma"": 0.5, ""gp_rate"": 0.5, ""lm_iterations"": 10, ""max_constants"": 999, ""max_depth"": 6, ""max_evals"": 2000000, ""max_unary"": 999, ""mutation_rate"": 0.1, ""ops"": [""+"", ""-"", ""*"", ""/"", ""sin"", ""cos"", ""exp"", ""log""], ""succ_error_tol"": 1e-06}","{""K"": 500, ""c"": 6.0, ""exploration_rate"": 0.1, ""gamma"": 0.5, ""gp_rate"": 0.5, ""lm_iterations"": 10, ""max_constants"": 999, ""max_depth"": 6, ""max_evals"": 2000000, ""max_unary"": 999, ""mutation_rate"": 0.1, ""ops"": [""+"", ""-"", ""*"", ""/"", ""sin"", ""cos"", ""exp"", ""log""], ""succ_error_tol"": 1e-06}",0.5
imcts,Nguyen,12,Nguyen-12*,expression,45,2747,40,20,20,2,"[""x0"", ""x1""]",x[0]**4 - x[0]**3 + 0.5*x[1]**2 - x[1],0.9991858601570129,False,0.9999993360894959,0.9969195524069323,25.0,2000007,12.908933953964151,0.0,0,(x0 * x0 - x0) * x0 * x0 + (log(x1) + log(x1)) * x1 - (cos(x1) + (x1 + x1) / log(x1)),(x0 * x0 - x0) * x0 * x0 + (log(x1) + log(x1)) * x1 - (cos(x1) + (x1 + x1) / log(x1)),x0**4 - x0**3 + 2*x1*log(x1) - 2*x1/log(x1) - cos(x1),[],"{""K"": 500, ""c"": 6.0, ""exploration_rate"": 0.1, ""gamma"": 0.5, ""gp_rate"": 0.5, ""lm_iterations"": 10, ""max_constants"": 999, ""max_depth"": 6, ""max_evals"": 2000000, ""max_unary"": 999, ""mutation_rate"": 0.1, ""ops"": [""+"", ""-"", ""*"", ""/"", ""sin"", ""cos"", ""exp"", ""log""], ""succ_error_tol"": 1e-06}","{""K"": 500, ""c"": 6.0, ""exploration_rate"": 0.1, ""gamma"": 0.5, ""gp_rate"": 0.5, ""lm_iterations"": 10, ""max_constants"": 999, ""max_depth"": 6, ""max_evals"": 2000000, ""max_unary"": 999, ""mutation_rate"": 0.1, ""ops"": [""+"", ""-"", ""*"", ""/"", ""sin"", ""cos"", ""exp"", ""log""], ""succ_error_tol"": 1e-06}",0.5
imcts,Nguyen,12,Nguyen-12*,expression,46,25551,40,20,20,2,"[""x0"", ""x1""]",x[0]**4 - x[0]**3 + 0.5*x[1]**2 - x[1],0.9996832609176636,False,0.9999998995607539,0.999999801141379,37.0,2000004,13.015377726987936,0.0,0,(x0 * x1 * x1 - (x0 + x0 * x0)) / (exp(x0 - x0) + x0 + x0 + x0 / x1) + x0 * x0 * (x0 * x0 - x0),(x0 * x1 * x1 - (x0 + x0 * x0)) / (exp(x0 - x0) + x0 + x0 + x0 / x1) + x0 * x0 * (x0 * x0 - x0),x0**2*(x0**2 - x0) - (x0**2 - x0*x1**2 + x0)/(2*x0 + x0/x1 + 1),[],"{""K"": 500, ""c"": 6.0, ""exploration_rate"": 0.1, ""gamma"": 0.5, ""gp_rate"": 0.5, ""lm_iterations"": 10, ""max_constants"": 999, ""max_depth"": 6, ""max_evals"": 2000000, ""max_unary"": 999, ""mutation_rate"": 0.1, ""ops"": [""+"", ""-"", ""*"", ""/"", ""sin"", ""cos"", ""exp"", ""log""], ""succ_error_tol"": 1e-06}","{""K"": 500, ""c"": 6.0, ""exploration_rate"": 0.1, ""gamma"": 0.5, ""gp_rate"": 0.5, ""lm_iterations"": 10, ""max_constants"": 999, ""max_depth"": 6, ""max_evals"": 2000000, ""max_unary"": 999, ""mutation_rate"": 0.1, ""ops"": [""+"", ""-"", ""*"", ""/"", ""sin"", ""cos"", ""exp"", ""log""], ""succ_error_tol"": 1e-06}",0.5
imcts,Nguyen,12,Nguyen-12*,expression,47,26382,40,20,20,2,"[""x0"", ""x1""]",x[0]**4 - x[0]**3 + 0.5*x[1]**2 - x[1],0.9995599389076233,False,0.9999998061331105,0.9999997665705563,22.0,2000000,12.392446679994464,0.0,0,x0 * x0 * (x0 * x0 - x0) - (x1 / sin(x0 / x0) - x1 * log(x1) * log(x1)),x0 * x0 * (x0 * x0 - x0) - (x1 / sin(x0 / x0) - x1 * log(x1) * log(x1)),x0**4 - x0**3 + x1*log(x1)**2 - x1/sin(1),[],"{""K"": 500, ""c"": 6.0, ""exploration_rate"": 0.1, ""gamma"": 0.5, ""gp_rate"": 0.5, ""lm_iterations"": 10, ""max_constants"": 999, ""max_depth"": 6, ""max_evals"": 2000000, ""max_unary"": 999, ""mutation_rate"": 0.1, ""ops"": [""+"", ""-"", ""*"", ""/"", ""sin"", ""cos"", ""exp"", ""log""], ""succ_error_tol"": 1e-06}","{""K"": 500, ""c"": 6.0, ""exploration_rate"": 0.1, ""gamma"": 0.5, ""gp_rate"": 0.5, ""lm_iterations"": 10, ""max_constants"": 999, ""max_depth"": 6, ""max_evals"": 2000000, ""max_unary"": 999, ""mutation_rate"": 0.1, ""ops"": [""+"", ""-"", ""*"", ""/"", ""sin"", ""cos"", ""exp"", ""log""], ""succ_error_tol"": 1e-06}",0.5
imcts,Nguyen,12,Nguyen-12*,expression,48,189,40,20,20,2,"[""x0"", ""x1""]",x[0]**4 - x[0]**3 + 0.5*x[1]**2 - x[1],0.9999998211860657,True,1.0,1.0,17.0,1284902,7.739869018027093,0.0,0,(x1 * x1 / (x0 + x0) - (x1 / x0 + x0 * x0) + x0 * x0 * x0 * x1 / x1) * x0,(x1 * x1 / (x0 + x0) - (x1 / x0 + x0 * x0) + x0 * x0 * x0 * x1 / x1) * x0,x0**4 - x0**3 + x1**2/2 - x1,[],"{""K"": 500, ""c"": 6.0, ""exploration_rate"": 0.1, ""gamma"": 0.5, ""gp_rate"": 0.5, ""lm_iterations"": 10, ""max_constants"": 999, ""max_depth"": 6, ""max_evals"": 2000000, ""max_unary"": 999, ""mutation_rate"": 0.1, ""ops"": [""+"", ""-"", ""*"", ""/"", ""sin"", ""cos"", ""exp"", ""log""], ""succ_error_tol"": 1e-06}","{""K"": 500, ""c"": 6.0, ""exploration_rate"": 0.1, ""gamma"": 0.5, ""gp_rate"": 0.5, ""lm_iterations"": 10, ""max_constants"": 999, ""max_depth"": 6, ""max_evals"": 2000000, ""max_unary"": 999, ""mutation_rate"": 0.1, ""ops"": [""+"", ""-"", ""*"", ""/"", ""sin"", ""cos"", ""exp"", ""log""], ""succ_error_tol"": 1e-06}",0.5
imcts,Nguyen,12,Nguyen-12*,expression,49,31677,40,20,20,2,"[""x0"", ""x1""]",x[0]**4 - x[0]**3 + 0.5*x[1]**2 - x[1],0.9998046159744263,False,0.9999999617942263,0.9999999440359502,15.0,2000008,13.397870049986523,0.0,0,(x0 * x0 - x0) * x0 * x0 - (cos(x1 - x1) - x1) * (x1 * x0 - x0) / (x0 + x0),(x0 * x0 - x0) * x0 * x0 - (cos(x1 - x1) - x1) * (x1 * x0 - x0) / (x0 + x0),x0**3*(x0 - 1) + (x1 - 1)**2/2,[],"{""K"": 500, ""c"": 6.0, ""exploration_rate"": 0.1, ""gamma"": 0.5, ""gp_rate"": 0.5, ""lm_iterations"": 10, ""max_constants"": 999, ""max_depth"": 6, ""max_evals"": 2000000, ""max_unary"": 999, ""mutation_rate"": 0.1, ""ops"": [""+"", ""-"", ""*"", ""/"", ""sin"", ""cos"", ""exp"", ""log""], ""succ_error_tol"": 1e-06}","{""K"": 500, ""c"": 6.0, ""exploration_rate"": 0.1, ""gamma"": 0.5, ""gp_rate"": 0.5, ""lm_iterations"": 10, ""max_constants"": 999, ""max_depth"": 6, ""max_evals"": 2000000, ""max_unary"": 999, ""mutation_rate"": 0.1, ""ops"": [""+"", ""-"", ""*"", ""/"", ""sin"", ""cos"", ""exp"", ""log""], ""succ_error_tol"": 1e-06}",0.5
imcts,Nguyen,12,Nguyen-12*,expression,50,19118,40,20,20,2,"[""x0"", ""x1""]",x[0]**4 - x[0]**3 + 0.5*x[1]**2 - x[1],0.9985014796257019,False,0.9999977476749953,0.9999950081892249,28.0,2000001,12.706489816016983,0.0,0,(x0 * x0 - x0) * x0 * x0 - (x0 / (x0 * x0) + exp(x1 / x1)) + x1 + x1 + x1 + x1 - cos(x1) - (x0 + x0 / x0),(x0 * x0 - x0) * x0 * x0 - (x0 / (x0 * x0) + exp(x1 / x1)) + x1 + x1 + x1 + x1 - cos(x1) - (x0 + x0 / x0),x0**4 - x0**3 - x0 + 4*x1 - cos(x1) - E - 1 - 1/x0,[],"{""K"": 500, ""c"": 6.0, ""exploration_rate"": 0.1, ""gamma"": 0.5, ""gp_rate"": 0.5, ""lm_iterations"": 10, ""max_constants"": 999, ""max_depth"": 6, ""max_evals"": 2000000, ""max_unary"": 999, ""mutation_rate"": 0.1, ""ops"": [""+"", ""-"", ""*"", ""/"", ""sin"", ""cos"", ""exp"", ""log""], ""succ_error_tol"": 1e-06}","{""K"": 500, ""c"": 6.0, ""exploration_rate"": 0.1, ""gamma"": 0.5, ""gp_rate"": 0.5, ""lm_iterations"": 10, ""max_constants"": 999, ""max_depth"": 6, ""max_evals"": 2000000, ""max_unary"": 999, ""mutation_rate"": 0.1, ""ops"": [""+"", ""-"", ""*"", ""/"", ""sin"", ""cos"", ""exp"", ""log""], ""succ_error_tol"": 1e-06}",0.5
imcts,Nguyen,12,Nguyen-12*,expression,51,3005,40,20,20,2,"[""x0"", ""x1""]",x[0]**4 - x[0]**3 + 0.5*x[1]**2 - x[1],0.998760998249054,False,0.9999984611416064,0.9999994227800751,21.0,2000002,12.446220612968318,0.0,0,(x1 + x1) * log(x1) - (x0 * x0 * x0 + x1 + cos(x1)) + x0 * x0 * x0 * x0,(x1 + x1) * log(x1) - (x0 * x0 * x0 + x1 + cos(x1)) + x0 * x0 * x0 * x0,x0**4 - x0**3 + 2*x1*log(x1) - x1 - cos(x1),[],"{""K"": 500, ""c"": 6.0, ""exploration_rate"": 0.1, ""gamma"": 0.5, ""gp_rate"": 0.5, ""lm_iterations"": 10, ""max_constants"": 999, ""max_depth"": 6, ""max_evals"": 2000000, ""max_unary"": 999, ""mutation_rate"": 0.1, ""ops"": [""+"", ""-"", ""*"", ""/"", ""sin"", ""cos"", ""exp"", ""log""], ""succ_error_tol"": 1e-06}","{""K"": 500, ""c"": 6.0, ""exploration_rate"": 0.1, ""gamma"": 0.5, ""gp_rate"": 0.5, ""lm_iterations"": 10, ""max_constants"": 999, ""max_depth"": 6, ""max_evals"": 2000000, ""max_unary"": 999, ""mutation_rate"": 0.1, ""ops"": [""+"", ""-"", ""*"", ""/"", ""sin"", ""cos"", ""exp"", ""log""], ""succ_error_tol"": 1e-06}",0.5
imcts,Nguyen,12,Nguyen-12*,expression,52,21042,40,20,20,2,"[""x0"", ""x1""]",x[0]**4 - x[0]**3 + 0.5*x[1]**2 - x[1],0.99958735704422,False,0.9999998295536504,0.9999994122162291,23.0,2000003,12.565622096008155,0.0,0,x0 * x0 * (x0 * x0 - x0) - (cos(log(x1)) - x0 / x0) * (x1 / x1 - log(x1) + x1 * log(x1)),x0 * x0 * (x0 * x0 - x0) - (cos(log(x1)) - x0 / x0) * (x1 / x1 - log(x1) + x1 * log(x1)),x0**3*(x0 - 1) + (cos(log(x1)) - 1)*(-x1*log(x1) + log(x1) - 1),[],"{""K"": 500, ""c"": 6.0, ""exploration_rate"": 0.1, ""gamma"": 0.5, ""gp_rate"": 0.5, ""lm_iterations"": 10, ""max_constants"": 999, ""max_depth"": 6, ""max_evals"": 2000000, ""max_unary"": 999, ""mutation_rate"": 0.1, ""ops"": [""+"", ""-"", ""*"", ""/"", ""sin"", ""cos"", ""exp"", ""log""], ""succ_error_tol"": 1e-06}","{""K"": 500, ""c"": 6.0, ""exploration_rate"": 0.1, ""gamma"": 0.5, ""gp_rate"": 0.5, ""lm_iterations"": 10, ""max_constants"": 999, ""max_depth"": 6, ""max_evals"": 2000000, ""max_unary"": 999, ""mutation_rate"": 0.1, ""ops"": [""+"", ""-"", ""*"", ""/"", ""sin"", ""cos"", ""exp"", ""log""], ""succ_error_tol"": 1e-06}",0.5
imcts,Nguyen,12,Nguyen-12*,expression,53,1899,40,20,20,2,"[""x0"", ""x1""]",x[0]**4 - x[0]**3 + 0.5*x[1]**2 - x[1],0.9999998807907104,True,1.0,1.0,17.0,1827855,11.814427901001181,0.0,0,(x0 * x0 - x0) * x0 * x0 + x0 * x0 * x1 * x1 / ((x0 + x0) * x0) - x1,(x0 * x0 - x0) * x0 * x0 + x0 * x0 * x1 * x1 / ((x0 + x0) * x0) - x1,x0**4 - x0**3 + x1**2/2 - x1,[],"{""K"": 500, ""c"": 6.0, ""exploration_rate"": 0.1, ""gamma"": 0.5, ""gp_rate"": 0.5, ""lm_iterations"": 10, ""max_constants"": 999, ""max_depth"": 6, ""max_evals"": 2000000, ""max_unary"": 999, ""mutation_rate"": 0.1, ""ops"": [""+"", ""-"", ""*"", ""/"", ""sin"", ""cos"", ""exp"", ""log""], ""succ_error_tol"": 1e-06}","{""K"": 500, ""c"": 6.0, ""exploration_rate"": 0.1, ""gamma"": 0.5, ""gp_rate"": 0.5, ""lm_iterations"": 10, ""max_constants"": 999, ""max_depth"": 6, ""max_evals"": 2000000, ""max_unary"": 999, ""mutation_rate"": 0.1, ""ops"": [""+"", ""-"", ""*"", ""/"", ""sin"", ""cos"", ""exp"", ""log""], ""succ_error_tol"": 1e-06}",0.5
imcts,Nguyen,12,Nguyen-12*,expression,54,24118,40,20,20,2,"[""x0"", ""x1""]",x[0]**4 - x[0]**3 + 0.5*x[1]**2 - x[1],0.9998281598091125,False,0.9999999704749823,0.9999999501928447,19.0,2000005,12.720656282035634,0.0,0,x0 * x0 * x0 * x0 - x0 * x0 * x0 - (x0 - x0) - x1 * log(x1 + x1) * (x0 / x0 - log(x1)),x0 * x0 * x0 * x0 - x0 * x0 * x0 - (x0 - x0) - x1 * log(x1 + x1) * (x0 / x0 - log(x1)),x0**4 - x0**3 + x1*(log(x1) - 1)*log(2*x1),[],"{""K"": 500, ""c"": 6.0, ""exploration_rate"": 0.1, ""gamma"": 0.5, ""gp_rate"": 0.5, ""lm_iterations"": 10, ""max_constants"": 999, ""max_depth"": 6, ""max_evals"": 2000000, ""max_unary"": 999, ""mutation_rate"": 0.1, ""ops"": [""+"", ""-"", ""*"", ""/"", ""sin"", ""cos"", ""exp"", ""log""], ""succ_error_tol"": 1e-06}","{""K"": 500, ""c"": 6.0, ""exploration_rate"": 0.1, ""gamma"": 0.5, ""gp_rate"": 0.5, ""lm_iterations"": 10, ""max_constants"": 999, ""max_depth"": 6, ""max_evals"": 2000000, ""max_unary"": 999, ""mutation_rate"": 0.1, ""ops"": [""+"", ""-"", ""*"", ""/"", ""sin"", ""cos"", ""exp"", ""log""], ""succ_error_tol"": 1e-06}",0.5
imcts,Nguyen,12,Nguyen-12*,expression,55,1267,40,20,20,2,"[""x0"", ""x1""]",x[0]**4 - x[0]**3 + 0.5*x[1]**2 - x[1],0.9986888766288757,False,0.9999982765193337,0.9999995675753593,22.0,2000006,12.351958248997107,0.0,0,(x0 * x0 - x0) * x0 * x0 - (sin(log(x1)) - x1 * log(x1) + x1 + x0 / x0 - x1 * log(x1)),(x0 * x0 - x0) * x0 * x0 - (sin(log(x1)) - x1 * log(x1) + x1 + x0 / x0 - x1 * log(x1)),x0**3*(x0 - 1) + 2*x1*log(x1) - x1 - sin(log(x1)) - 1,[],"{""K"": 500, ""c"": 6.0, ""exploration_rate"": 0.1, ""gamma"": 0.5, ""gp_rate"": 0.5, ""lm_iterations"": 10, ""max_constants"": 999, ""max_depth"": 6, ""max_evals"": 2000000, ""max_unary"": 999, ""mutation_rate"": 0.1, ""ops"": [""+"", ""-"", ""*"", ""/"", ""sin"", ""cos"", ""exp"", ""log""], ""succ_error_tol"": 1e-06}","{""K"": 500, ""c"": 6.0, ""exploration_rate"": 0.1, ""gamma"": 0.5, ""gp_rate"": 0.5, ""lm_iterations"": 10, ""max_constants"": 999, ""max_depth"": 6, ""max_evals"": 2000000, ""max_unary"": 999, ""mutation_rate"": 0.1, ""ops"": [""+"", ""-"", ""*"", ""/"", ""sin"", ""cos"", ""exp"", ""log""], ""succ_error_tol"": 1e-06}",0.5
imcts,Nguyen,12,Nguyen-12*,expression,56,31551,40,20,20,2,"[""x0"", ""x1""]",x[0]**4 - x[0]**3 + 0.5*x[1]**2 - x[1],0.9991130828857422,False,0.9999992119219512,0.9999969312227247,26.0,2000004,12.483235234976746,0.0,0,x0 * (x0 * x0 * x0 - x0 * x0) + x1 * log(x1) - (cos(x1) / (x0 / x1) - (x1 - log(x0))),x0 * (x0 * x0 * x0 - x0 * x0) + x1 * log(x1) - (cos(x1) / (x0 / x1) - (x1 - log(x0))),x0**4 - x0**3 + x1*log(x1) + x1 - log(x0) - x1*cos(x1)/x0,[],"{""K"": 500, ""c"": 6.0, ""exploration_rate"": 0.1, ""gamma"": 0.5, ""gp_rate"": 0.5, ""lm_iterations"": 10, ""max_constants"": 999, ""max_depth"": 6, ""max_evals"": 2000000, ""max_unary"": 999, ""mutation_rate"": 0.1, ""ops"": [""+"", ""-"", ""*"", ""/"", ""sin"", ""cos"", ""exp"", ""log""], ""succ_error_tol"": 1e-06}","{""K"": 500, ""c"": 6.0, ""exploration_rate"": 0.1, ""gamma"": 0.5, ""gp_rate"": 0.5, ""lm_iterations"": 10, ""max_constants"": 999, ""max_depth"": 6, ""max_evals"": 2000000, ""max_unary"": 999, ""mutation_rate"": 0.1, ""ops"": [""+"", ""-"", ""*"", ""/"", ""sin"", ""cos"", ""exp"", ""log""], ""succ_error_tol"": 1e-06}",0.5
imcts,Nguyen,12,Nguyen-12*,expression,57,17912,40,20,20,2,"[""x0"", ""x1""]",x[0]**4 - x[0]**3 + 0.5*x[1]**2 - x[1],0.9994907379150391,False,0.9999997403836937,0.99999579569615,30.0,2000006,12.65702100598719,0.0,0,x0 * x0 * x0 * x0 - (log(x1) - x0 / (x0 * x1)) - (log((x0 + x0) * x1 * x1) + x0 * x0 * x0 - (x1 + x1) * log(x1)),x0 * x0 * x0 * x0 - (log(x1) - x0 / (x0 * x1)) - (log((x0 + x0) * x1 * x1) + x0 * x0 * x0 - (x1 + x1) * log(x1)),x0**4 - x0**3 + 2*x1*log(x1) - log(x1) - log(2*x0*x1**2) + 1/x1,[],"{""K"": 500, ""c"": 6.0, ""exploration_rate"": 0.1, ""gamma"": 0.5, ""gp_rate"": 0.5, ""lm_iterations"": 10, ""max_constants"": 999, ""max_depth"": 6, ""max_evals"": 2000000, ""max_unary"": 999, ""mutation_rate"": 0.1, ""ops"": [""+"", ""-"", ""*"", ""/"", ""sin"", ""cos"", ""exp"", ""log""], ""succ_error_tol"": 1e-06}","{""K"": 500, ""c"": 6.0, ""exploration_rate"": 0.1, ""gamma"": 0.5, ""gp_rate"": 0.5, ""lm_iterations"": 10, ""max_constants"": 999, ""max_depth"": 6, ""max_evals"": 2000000, ""max_unary"": 999, ""mutation_rate"": 0.1, ""ops"": [""+"", ""-"", ""*"", ""/"", ""sin"", ""cos"", ""exp"", ""log""], ""succ_error_tol"": 1e-06}",0.5
imcts,Nguyen,12,Nguyen-12*,expression,58,11394,40,20,20,2,"[""x0"", ""x1""]",x[0]**4 - x[0]**3 + 0.5*x[1]**2 - x[1],0.9993823766708374,False,0.9999996180576128,0.9999994637388451,25.0,2000002,13.183870806999039,0.0,0,log(x1) * x1 * log(x1) + x0 * x0 * (x0 * x0 - x0) - (log(x1) + sin(x1) + x1),log(x1) * x1 * log(x1) + x0 * x0 * (x0 * x0 - x0) - (log(x1) + sin(x1) + x1),x0**3*(x0 - 1) + x1*log(x1)**2 - x1 - log(x1) - sin(x1),[],"{""K"": 500, ""c"": 6.0, ""exploration_rate"": 0.1, ""gamma"": 0.5, ""gp_rate"": 0.5, ""lm_iterations"": 10, ""max_constants"": 999, ""max_depth"": 6, ""max_evals"": 2000000, ""max_unary"": 999, ""mutation_rate"": 0.1, ""ops"": [""+"", ""-"", ""*"", ""/"", ""sin"", ""cos"", ""exp"", ""log""], ""succ_error_tol"": 1e-06}","{""K"": 500, ""c"": 6.0, ""exploration_rate"": 0.1, ""gamma"": 0.5, ""gp_rate"": 0.5, ""lm_iterations"": 10, ""max_constants"": 999, ""max_depth"": 6, ""max_evals"": 2000000, ""max_unary"": 999, ""mutation_rate"": 0.1, ""ops"": [""+"", ""-"", ""*"", ""/"", ""sin"", ""cos"", ""exp"", ""log""], ""succ_error_tol"": 1e-06}",0.5
imcts,Nguyen,12,Nguyen-12*,expression,59,3556,40,20,20,2,"[""x0"", ""x1""]",x[0]**4 - x[0]**3 + 0.5*x[1]**2 - x[1],0.9988720417022705,False,0.9999987248523071,0.9999989041427236,37.0,2000001,12.750152874970809,0.0,0,(x1 / x0 + x0 * x0 * x0) * (x0 - x0 / x0) - ((x1 + x0) / (cos(x0) + x0) - (x1 + x1) / (x0 + x1) * x1 * log(x1)),(x1 / x0 + x0 * x0 * x0) * (x0 - x0 / x0) - ((x1 + x0) / (cos(x0) + x0) - (x1 + x1) / (x0 + x1) * x1 * log(x1)),2*x1**2*log(x1)/(x0 + x1) + (x0 - 1)*(x0**3 + x1/x0) - (x0 + x1)/(x0 + cos(x0)),[],"{""K"": 500, ""c"": 6.0, ""exploration_rate"": 0.1, ""gamma"": 0.5, ""gp_rate"": 0.5, ""lm_iterations"": 10, ""max_constants"": 999, ""max_depth"": 6, ""max_evals"": 2000000, ""max_unary"": 999, ""mutation_rate"": 0.1, ""ops"": [""+"", ""-"", ""*"", ""/"", ""sin"", ""cos"", ""exp"", ""log""], ""succ_error_tol"": 1e-06}","{""K"": 500, ""c"": 6.0, ""exploration_rate"": 0.1, ""gamma"": 0.5, ""gp_rate"": 0.5, ""lm_iterations"": 10, ""max_constants"": 999, ""max_depth"": 6, ""max_evals"": 2000000, ""max_unary"": 999, ""mutation_rate"": 0.1, ""ops"": [""+"", ""-"", ""*"", ""/"", ""sin"", ""cos"", ""exp"", ""log""], ""succ_error_tol"": 1e-06}",0.5
imcts,Nguyen,12,Nguyen-12*,expression,60,3890,40,20,20,2,"[""x0"", ""x1""]",x[0]**4 - x[0]**3 + 0.5*x[1]**2 - x[1],0.9993471503257751,False,0.9999995732063666,0.9999997146311328,15.0,2000001,13.135623235953972,0.0,0,x1 * x1 / exp(x0 / x0) + (x0 - x0) / (x0 * x0) + (x0 * x0 - x0) * x0 * x0,x1 * x1 / exp(x0 / x0) + (x0 - x0) / (x0 * x0) + (x0 * x0 - x0) * x0 * x0,x0**4 - x0**3 + x1**2*exp(-1),[],"{""K"": 500, ""c"": 6.0, ""exploration_rate"": 0.1, ""gamma"": 0.5, ""gp_rate"": 0.5, ""lm_iterations"": 10, ""max_constants"": 999, ""max_depth"": 6, ""max_evals"": 2000000, ""max_unary"": 999, ""mutation_rate"": 0.1, ""ops"": [""+"", ""-"", ""*"", ""/"", ""sin"", ""cos"", ""exp"", ""log""], ""succ_error_tol"": 1e-06}","{""K"": 500, ""c"": 6.0, ""exploration_rate"": 0.1, ""gamma"": 0.5, ""gp_rate"": 0.5, ""lm_iterations"": 10, ""max_constants"": 999, ""max_depth"": 6, ""max_evals"": 2000000, ""max_unary"": 999, ""mutation_rate"": 0.1, ""ops"": [""+"", ""-"", ""*"", ""/"", ""sin"", ""cos"", ""exp"", ""log""], ""succ_error_tol"": 1e-06}",0.5
imcts,Nguyen,12,Nguyen-12*,expression,61,8838,40,20,20,2,"[""x0"", ""x1""]",x[0]**4 - x[0]**3 + 0.5*x[1]**2 - x[1],0.9990121126174927,False,0.9999990134558382,0.9999839126418636,25.0,2000003,12.568607743014582,0.0,0,x1 * x1 / log(x1 + x1) + sin(x1 * x1 * x0) + (x0 * x0 - x0) * x0 * x0,x1 * x1 / log(x1 + x1) + sin(x1 * x1 * x0) + (x0 * x0 - x0) * x0 * x0,x0**4 - x0**3 + x1**2/log(2*x1) + sin(x0*x1**2),[],"{""K"": 500, ""c"": 6.0, ""exploration_rate"": 0.1, ""gamma"": 0.5, ""gp_rate"": 0.5, ""lm_iterations"": 10, ""max_constants"": 999, ""max_depth"": 6, ""max_evals"": 2000000, ""max_unary"": 999, ""mutation_rate"": 0.1, ""ops"": [""+"", ""-"", ""*"", ""/"", ""sin"", ""cos"", ""exp"", ""log""], ""succ_error_tol"": 1e-06}","{""K"": 500, ""c"": 6.0, ""exploration_rate"": 0.1, ""gamma"": 0.5, ""gp_rate"": 0.5, ""lm_iterations"": 10, ""max_constants"": 999, ""max_depth"": 6, ""max_evals"": 2000000, ""max_unary"": 999, ""mutation_rate"": 0.1, ""ops"": [""+"", ""-"", ""*"", ""/"", ""sin"", ""cos"", ""exp"", ""log""], ""succ_error_tol"": 1e-06}",0.5
imcts,Nguyen,12,Nguyen-12*,expression,62,30740,40,20,20,2,"[""x0"", ""x1""]",x[0]**4 - x[0]**3 + 0.5*x[1]**2 - x[1],0.9991308450698853,False,0.9999992433366693,0.9999949944335014,32.0,2000001,12.936478777963202,0.0,0,(x1 - log(x0)) * log(x1 * x1) + (x0 + x1) / (x0 - (x0 + x0)) + (x0 * x0 - x0) * x0 * x0,(x1 - log(x0)) * log(x1 * x1) + (x0 + x1) / (x0 - (x0 + x0)) + (x0 * x0 - x0) * x0 * x0,(x0*(x0**3*(x0 - 1) + (x1 - log(x0))*log(x1**2)) - x0 - x1)/x0,[],"{""K"": 500, ""c"": 6.0, ""exploration_rate"": 0.1, ""gamma"": 0.5, ""gp_rate"": 0.5, ""lm_iterations"": 10, ""max_constants"": 999, ""max_depth"": 6, ""max_evals"": 2000000, ""max_unary"": 999, ""mutation_rate"": 0.1, ""ops"": [""+"", ""-"", ""*"", ""/"", ""sin"", ""cos"", ""exp"", ""log""], ""succ_error_tol"": 1e-06}","{""K"": 500, ""c"": 6.0, ""exploration_rate"": 0.1, ""gamma"": 0.5, ""gp_rate"": 0.5, ""lm_iterations"": 10, ""max_constants"": 999, ""max_depth"": 6, ""max_evals"": 2000000, ""max_unary"": 999, ""mutation_rate"": 0.1, ""ops"": [""+"", ""-"", ""*"", ""/"", ""sin"", ""cos"", ""exp"", ""log""], ""succ_error_tol"": 1e-06}",0.5
imcts,Nguyen,12,Nguyen-12*,expression,63,27464,40,20,20,2,"[""x0"", ""x1""]",x[0]**4 - x[0]**3 + 0.5*x[1]**2 - x[1],0.999087393283844,False,0.9999991577642056,0.9999989047021706,17.0,2000001,12.52008616301464,0.0,0,x0 * (log(x1 * x1) * x1 / x0 + x0 * x0 * x0 - (x0 * x0 + x1 / x0)),x0 * (log(x1 * x1) * x1 / x0 + x0 * x0 * x0 - (x0 * x0 + x1 / x0)),x0**3*(x0 - 1) + x1*log(x1**2) - x1,[],"{""K"": 500, ""c"": 6.0, ""exploration_rate"": 0.1, ""gamma"": 0.5, ""gp_rate"": 0.5, ""lm_iterations"": 10, ""max_constants"": 999, ""max_depth"": 6, ""max_evals"": 2000000, ""max_unary"": 999, ""mutation_rate"": 0.1, ""ops"": [""+"", ""-"", ""*"", ""/"", ""sin"", ""cos"", ""exp"", ""log""], ""succ_error_tol"": 1e-06}","{""K"": 500, ""c"": 6.0, ""exploration_rate"": 0.1, ""gamma"": 0.5, ""gp_rate"": 0.5, ""lm_iterations"": 10, ""max_constants"": 999, ""max_depth"": 6, ""max_evals"": 2000000, ""max_unary"": 999, ""mutation_rate"": 0.1, ""ops"": [""+"", ""-"", ""*"", ""/"", ""sin"", ""cos"", ""exp"", ""log""], ""succ_error_tol"": 1e-06}",0.5
imcts,Nguyen,12,Nguyen-12*,expression,64,14502,40,20,20,2,"[""x0"", ""x1""]",x[0]**4 - x[0]**3 + 0.5*x[1]**2 - x[1],0.9995083808898926,False,0.9999997580468611,0.9999982743664388,34.0,2000006,12.348479281004984,0.0,0,x0 * x0 * (x0 * x0 - x0) - ((x1 * x1 + x0) / (x0 + x1 / x0) - log(x1) * x1 * log(x1)),x0 * x0 * (x0 * x0 - x0) - ((x1 * x1 + x0) / (x0 + x1 / x0) - log(x1) * x1 * log(x1)),x0**2*(x0**2 - x0) + x1*log(x1)**2 - (x0 + x1**2)/(x0 + x1/x0),[],"{""K"": 500, ""c"": 6.0, ""exploration_rate"": 0.1, ""gamma"": 0.5, ""gp_rate"": 0.5, ""lm_iterations"": 10, ""max_constants"": 999, ""max_depth"": 6, ""max_evals"": 2000000, ""max_unary"": 999, ""mutation_rate"": 0.1, ""ops"": [""+"", ""-"", ""*"", ""/"", ""sin"", ""cos"", ""exp"", ""log""], ""succ_error_tol"": 1e-06}","{""K"": 500, ""c"": 6.0, ""exploration_rate"": 0.1, ""gamma"": 0.5, ""gp_rate"": 0.5, ""lm_iterations"": 10, ""max_constants"": 999, ""max_depth"": 6, ""max_evals"": 2000000, ""max_unary"": 999, ""mutation_rate"": 0.1, ""ops"": [""+"", ""-"", ""*"", ""/"", ""sin"", ""cos"", ""exp"", ""log""], ""succ_error_tol"": 1e-06}",0.5
imcts,Nguyen,12,Nguyen-12*,expression,65,21777,40,20,20,2,"[""x0"", ""x1""]",x[0]**4 - x[0]**3 + 0.5*x[1]**2 - x[1],0.9991546273231506,False,0.9999992749255555,0.9999989095169245,26.0,2000006,12.590654860017821,0.0,0,(x0 * x0 * x0 - x0 * x0) * x0 - (log(x1 * x1) + x1 - (x1 + x1 + log(x1)) * log(x1)),(x0 * x0 * x0 - x0 * x0) * x0 - (log(x1 * x1) + x1 - (x1 + x1 + log(x1)) * log(x1)),x0**3*(x0 - 1) - x1 + (2*x1 + log(x1))*log(x1) - log(x1**2),[],"{""K"": 500, ""c"": 6.0, ""exploration_rate"": 0.1, ""gamma"": 0.5, ""gp_rate"": 0.5, ""lm_iterations"": 10, ""max_constants"": 999, ""max_depth"": 6, ""max_evals"": 2000000, ""max_unary"": 999, ""mutation_rate"": 0.1, ""ops"": [""+"", ""-"", ""*"", ""/"", ""sin"", ""cos"", ""exp"", ""log""], ""succ_error_tol"": 1e-06}","{""K"": 500, ""c"": 6.0, ""exploration_rate"": 0.1, ""gamma"": 0.5, ""gp_rate"": 0.5, ""lm_iterations"": 10, ""max_constants"": 999, ""max_depth"": 6, ""max_evals"": 2000000, ""max_unary"": 999, ""mutation_rate"": 0.1, ""ops"": [""+"", ""-"", ""*"", ""/"", ""sin"", ""cos"", ""exp"", ""log""], ""succ_error_tol"": 1e-06}",0.5
imcts,Nguyen,12,Nguyen-12*,expression,66,10627,40,20,20,2,"[""x0"", ""x1""]",x[0]**4 - x[0]**3 + 0.5*x[1]**2 - x[1],0.9999998807907104,True,1.0,1.0,17.0,74096,0.3296111850067973,0.0,0,(x0 * (x0 * x0 - x0) + x1 * x1 / (x0 + x0) - x1 / x0) * x0,(x0 * (x0 * x0 - x0) + x1 * x1 / (x0 + x0) - x1 / x0) * x0,x0**4 - x0**3 + x1**2/2 - x1,[],"{""K"": 500, ""c"": 6.0, ""exploration_rate"": 0.1, ""gamma"": 0.5, ""gp_rate"": 0.5, ""lm_iterations"": 10, ""max_constants"": 999, ""max_depth"": 6, ""max_evals"": 2000000, ""max_unary"": 999, ""mutation_rate"": 0.1, ""ops"": [""+"", ""-"", ""*"", ""/"", ""sin"", ""cos"", ""exp"", ""log""], ""succ_error_tol"": 1e-06}","{""K"": 500, ""c"": 6.0, ""exploration_rate"": 0.1, ""gamma"": 0.5, ""gp_rate"": 0.5, ""lm_iterations"": 10, ""max_constants"": 999, ""max_depth"": 6, ""max_evals"": 2000000, ""max_unary"": 999, ""mutation_rate"": 0.1, ""ops"": [""+"", ""-"", ""*"", ""/"", ""sin"", ""cos"", ""exp"", ""log""], ""succ_error_tol"": 1e-06}",0.5
imcts,Nguyen,12,Nguyen-12*,expression,67,8792,40,20,20,2,"[""x0"", ""x1""]",x[0]**4 - x[0]**3 + 0.5*x[1]**2 - x[1],0.9998257160186768,False,0.9999999695943995,nan,30.0,2000001,12.5228708179784,0.0,0,(x0 * x0 - x0) * x0 * x0 - x1 * log(x1) * cos(log(x1)) - (cos(log(log(x1))) - (x1 * log(x1) - cos(x1))),(x0 * x0 - x0) * x0 * x0 - x1 * log(x1) * cos(log(x1)) - (cos(log(log(x1))) - (x1 * log(x1) - cos(x1))),x0**3*(x0 - 1) - x1*log(x1)*cos(log(x1)) + x1*log(x1) - cos(x1) - cos(log(log(x1))),[],"{""K"": 500, ""c"": 6.0, ""exploration_rate"": 0.1, ""gamma"": 0.5, ""gp_rate"": 0.5, ""lm_iterations"": 10, ""max_constants"": 999, ""max_depth"": 6, ""max_evals"": 2000000, ""max_unary"": 999, ""mutation_rate"": 0.1, ""ops"": [""+"", ""-"", ""*"", ""/"", ""sin"", ""cos"", ""exp"", ""log""], ""succ_error_tol"": 1e-06}","{""K"": 500, ""c"": 6.0, ""exploration_rate"": 0.1, ""gamma"": 0.5, ""gp_rate"": 0.5, ""lm_iterations"": 10, ""max_constants"": 999, ""max_depth"": 6, ""max_evals"": 2000000, ""max_unary"": 999, ""mutation_rate"": 0.1, ""ops"": [""+"", ""-"", ""*"", ""/"", ""sin"", ""cos"", ""exp"", ""log""], ""succ_error_tol"": 1e-06}",0.5
imcts,Nguyen,12,Nguyen-12*,expression,68,10555,40,20,20,2,"[""x0"", ""x1""]",x[0]**4 - x[0]**3 + 0.5*x[1]**2 - x[1],0.9999998211860657,True,1.0,1.0,14.0,1393292,9.088734696968459,0.0,0,x0 - x0 - x0 * x0 * (x0 - x0 * x0) + (x0 * x1 - (x0 + x0)) * x1 / (x0 + x0),x0 - x0 - x0 * x0 * (x0 - x0 * x0) + (x0 * x1 - (x0 + x0)) * x1 / (x0 + x0),x0**3*(x0 - 1) + x1*(x1 - 2)/2,[],"{""K"": 500, ""c"": 6.0, ""exploration_rate"": 0.1, ""gamma"": 0.5, ""gp_rate"": 0.5, ""lm_iterations"": 10, ""max_constants"": 999, ""max_depth"": 6, ""max_evals"": 2000000, ""max_unary"": 999, ""mutation_rate"": 0.1, ""ops"": [""+"", ""-"", ""*"", ""/"", ""sin"", ""cos"", ""exp"", ""log""], ""succ_error_tol"": 1e-06}","{""K"": 500, ""c"": 6.0, ""exploration_rate"": 0.1, ""gamma"": 0.5, ""gp_rate"": 0.5, ""lm_iterations"": 10, ""max_constants"": 999, ""max_depth"": 6, ""max_evals"": 2000000, ""max_unary"": 999, ""mutation_rate"": 0.1, ""ops"": [""+"", ""-"", ""*"", ""/"", ""sin"", ""cos"", ""exp"", ""log""], ""succ_error_tol"": 1e-06}",0.5
imcts,Nguyen,12,Nguyen-12*,expression,69,10253,40,20,20,2,"[""x0"", ""x1""]",x[0]**4 - x[0]**3 + 0.5*x[1]**2 - x[1],0.9991607069969177,False,0.9999992944544903,0.9999972783004049,17.0,2000001,12.713060915993992,0.0,0,x1 + log(x1) * x1 + x0 * x0 * x0 * x0 - (exp(x1 / x1) + x0 * x0 * x0),x1 + log(x1) * x1 + x0 * x0 * x0 * x0 - (exp(x1 / x1) + x0 * x0 * x0),x0**4 - x0**3 + x1*log(x1) + x1 - E,[],"{""K"": 500, ""c"": 6.0, ""exploration_rate"": 0.1, ""gamma"": 0.5, ""gp_rate"": 0.5, ""lm_iterations"": 10, ""max_constants"": 999, ""max_depth"": 6, ""max_evals"": 2000000, ""max_unary"": 999, ""mutation_rate"": 0.1, ""ops"": [""+"", ""-"", ""*"", ""/"", ""sin"", ""cos"", ""exp"", ""log""], ""succ_error_tol"": 1e-06}","{""K"": 500, ""c"": 6.0, ""exploration_rate"": 0.1, ""gamma"": 0.5, ""gp_rate"": 0.5, ""lm_iterations"": 10, ""max_constants"": 999, ""max_depth"": 6, ""max_evals"": 2000000, ""max_unary"": 999, ""mutation_rate"": 0.1, ""ops"": [""+"", ""-"", ""*"", ""/"", ""sin"", ""cos"", ""exp"", ""log""], ""succ_error_tol"": 1e-06}",0.5
imcts,Nguyen,12,Nguyen-12*,expression,70,8433,40,20,20,2,"[""x0"", ""x1""]",x[0]**4 - x[0]**3 + 0.5*x[1]**2 - x[1],0.9999998211860657,True,1.0,1.0,17.0,230583,1.2015868080197833,0.0,0,x1 / ((x0 + x0) / (x0 * x1)) - x1 / (x0 * x0 / (x0 * x0)) - x0 * (x0 - x0 * x0) * x0,x1 / ((x0 + x0) / (x0 * x1)) - x1 / (x0 * x0 / (x0 * x0)) - x0 * (x0 - x0 * x0) * x0,x0**4 - x0**3 + x1**2/2 - x1,[],"{""K"": 500, ""c"": 6.0, ""exploration_rate"": 0.1, ""gamma"": 0.5, ""gp_rate"": 0.5, ""lm_iterations"": 10, ""max_constants"": 999, ""max_depth"": 6, ""max_evals"": 2000000, ""max_unary"": 999, ""mutation_rate"": 0.1, ""ops"": [""+"", ""-"", ""*"", ""/"", ""sin"", ""cos"", ""exp"", ""log""], ""succ_error_tol"": 1e-06}","{""K"": 500, ""c"": 6.0, ""exploration_rate"": 0.1, ""gamma"": 0.5, ""gp_rate"": 0.5, ""lm_iterations"": 10, ""max_constants"": 999, ""max_depth"": 6, ""max_evals"": 2000000, ""max_unary"": 999, ""mutation_rate"": 0.1, ""ops"": [""+"", ""-"", ""*"", ""/"", ""sin"", ""cos"", ""exp"", ""log""], ""succ_error_tol"": 1e-06}",0.5
imcts,Nguyen,12,Nguyen-12*,expression,71,10233,40,20,20,2,"[""x0"", ""x1""]",x[0]**4 - x[0]**3 + 0.5*x[1]**2 - x[1],0.9999998211860657,True,1.0,1.0,17.0,810513,4.759428063000087,0.0,0,(x0 * x0 - x0) * x0 * x0 - (x1 - x0 * x1 * x1 / (x0 + x0)),(x0 * x0 - x0) * x0 * x0 - (x1 - x0 * x1 * x1 / (x0 + x0)),x0**4 - x0**3 + x1**2/2 - x1,[],"{""K"": 500, ""c"": 6.0, ""exploration_rate"": 0.1, ""gamma"": 0.5, ""gp_rate"": 0.5, ""lm_iterations"": 10, ""max_constants"": 999, ""max_depth"": 6, ""max_evals"": 2000000, ""max_unary"": 999, ""mutation_rate"": 0.1, ""ops"": [""+"", ""-"", ""*"", ""/"", ""sin"", ""cos"", ""exp"", ""log""], ""succ_error_tol"": 1e-06}","{""K"": 500, ""c"": 6.0, ""exploration_rate"": 0.1, ""gamma"": 0.5, ""gp_rate"": 0.5, ""lm_iterations"": 10, ""max_constants"": 999, ""max_depth"": 6, ""max_evals"": 2000000, ""max_unary"": 999, ""mutation_rate"": 0.1, ""ops"": [""+"", ""-"", ""*"", ""/"", ""sin"", ""cos"", ""exp"", ""log""], ""succ_error_tol"": 1e-06}",0.5
imcts,Nguyen,12,Nguyen-12*,expression,72,11016,40,20,20,2,"[""x0"", ""x1""]",x[0]**4 - x[0]**3 + 0.5*x[1]**2 - x[1],0.9991205334663391,False,0.9999992252067221,0.999999815698676,17.0,2000001,12.734689535980579,0.0,0,(x0 * (x0 * x0 - x0) + (x1 - log(x1)) / ((x0 + x0) / x1)) * x0,(x0 * (x0 * x0 - x0) + (x1 - log(x1)) / ((x0 + x0) / x1)) * x0,x0**3*(x0 - 1) + x1*(x1 - log(x1))/2,[],"{""K"": 500, ""c"": 6.0, ""exploration_rate"": 0.1, ""gamma"": 0.5, ""gp_rate"": 0.5, ""lm_iterations"": 10, ""max_constants"": 999, ""max_depth"": 6, ""max_evals"": 2000000, ""max_unary"": 999, ""mutation_rate"": 0.1, ""ops"": [""+"", ""-"", ""*"", ""/"", ""sin"", ""cos"", ""exp"", ""log""], ""succ_error_tol"": 1e-06}","{""K"": 500, ""c"": 6.0, ""exploration_rate"": 0.1, ""gamma"": 0.5, ""gp_rate"": 0.5, ""lm_iterations"": 10, ""max_constants"": 999, ""max_depth"": 6, ""max_evals"": 2000000, ""max_unary"": 999, ""mutation_rate"": 0.1, ""ops"": [""+"", ""-"", ""*"", ""/"", ""sin"", ""cos"", ""exp"", ""log""], ""succ_error_tol"": 1e-06}",0.5
imcts,Nguyen,12,Nguyen-12*,expression,73,23897,40,20,20,2,"[""x0"", ""x1""]",x[0]**4 - x[0]**3 + 0.5*x[1]**2 - x[1],0.9992839694023132,False,0.999999486553087,0.9999994980386029,21.0,2000001,12.823895739973523,0.0,0,log(x1) * log(x1) * x1 + cos(x0 * x0) - x1 - x0 * (x0 / x0 - x0) * x0 * x0,log(x1) * log(x1) * x1 + cos(x0 * x0) - x1 - x0 * (x0 / x0 - x0) * x0 * x0,x0**3*(x0 - 1) + x1*log(x1)**2 - x1 + cos(x0**2),[],"{""K"": 500, ""c"": 6.0, ""exploration_rate"": 0.1, ""gamma"": 0.5, ""gp_rate"": 0.5, ""lm_iterations"": 10, ""max_constants"": 999, ""max_depth"": 6, ""max_evals"": 2000000, ""max_unary"": 999, ""mutation_rate"": 0.1, ""ops"": [""+"", ""-"", ""*"", ""/"", ""sin"", ""cos"", ""exp"", ""log""], ""succ_error_tol"": 1e-06}","{""K"": 500, ""c"": 6.0, ""exploration_rate"": 0.1, ""gamma"": 0.5, ""gp_rate"": 0.5, ""lm_iterations"": 10, ""max_constants"": 999, ""max_depth"": 6, ""max_evals"": 2000000, ""max_unary"": 999, ""mutation_rate"": 0.1, ""ops"": [""+"", ""-"", ""*"", ""/"", ""sin"", ""cos"", ""exp"", ""log""], ""succ_error_tol"": 1e-06}",0.5
imcts,Nguyen,12,Nguyen-12*,expression,74,2612,40,20,20,2,"[""x0"", ""x1""]",x[0]**4 - x[0]**3 + 0.5*x[1]**2 - x[1],0.9996535778045654,False,0.999999879895557,0.9999997616002558,20.0,2000000,12.369636170973536,0.0,0,x0 * x0 * (x0 * x0 - x0) - (log(x1) * x1 * cos(log(x1)) - x1 * log(x1)),x0 * x0 * (x0 * x0 - x0) - (log(x1) * x1 * cos(log(x1)) - x1 * log(x1)),x0**3*(x0 - 1) - x1*log(x1)*cos(log(x1)) + x1*log(x1),[],"{""K"": 500, ""c"": 6.0, ""exploration_rate"": 0.1, ""gamma"": 0.5, ""gp_rate"": 0.5, ""lm_iterations"": 10, ""max_constants"": 999, ""max_depth"": 6, ""max_evals"": 2000000, ""max_unary"": 999, ""mutation_rate"": 0.1, ""ops"": [""+"", ""-"", ""*"", ""/"", ""sin"", ""cos"", ""exp"", ""log""], ""succ_error_tol"": 1e-06}","{""K"": 500, ""c"": 6.0, ""exploration_rate"": 0.1, ""gamma"": 0.5, ""gp_rate"": 0.5, ""lm_iterations"": 10, ""max_constants"": 999, ""max_depth"": 6, ""max_evals"": 2000000, ""max_unary"": 999, ""mutation_rate"": 0.1, ""ops"": [""+"", ""-"", ""*"", ""/"", ""sin"", ""cos"", ""exp"", ""log""], ""succ_error_tol"": 1e-06}",0.5
imcts,Nguyen,12,Nguyen-12*,expression,75,23425,40,20,20,2,"[""x0"", ""x1""]",x[0]**4 - x[0]**3 + 0.5*x[1]**2 - x[1],0.9995856285095215,False,0.9999998281315199,0.9999998880862521,17.0,2000000,12.712905773019884,0.0,0,x0 * ((x0 * x0 - x0) * x0 + (x1 - log(x1)) / ((x0 + x0) / x1)),x0 * ((x0 * x0 - x0) * x0 + (x1 - log(x1)) / ((x0 + x0) / x1)),x0**3*(x0 - 1) + x1*(x1 - log(x1))/2,[],"{""K"": 500, ""c"": 6.0, ""exploration_rate"": 0.1, ""gamma"": 0.5, ""gp_rate"": 0.5, ""lm_iterations"": 10, ""max_constants"": 999, ""max_depth"": 6, ""max_evals"": 2000000, ""max_unary"": 999, ""mutation_rate"": 0.1, ""ops"": [""+"", ""-"", ""*"", ""/"", ""sin"", ""cos"", ""exp"", ""log""], ""succ_error_tol"": 1e-06}","{""K"": 500, ""c"": 6.0, ""exploration_rate"": 0.1, ""gamma"": 0.5, ""gp_rate"": 0.5, ""lm_iterations"": 10, ""max_constants"": 999, ""max_depth"": 6, ""max_evals"": 2000000, ""max_unary"": 999, ""mutation_rate"": 0.1, ""ops"": [""+"", ""-"", ""*"", ""/"", ""sin"", ""cos"", ""exp"", ""log""], ""succ_error_tol"": 1e-06}",0.5
imcts,Nguyen,12,Nguyen-12*,expression,76,25939,40,20,20,2,"[""x0"", ""x1""]",x[0]**4 - x[0]**3 + 0.5*x[1]**2 - x[1],0.9989853501319885,False,0.9999989684172609,0.9999939702839041,27.0,2000000,12.317745594016742,0.0,0,x0 * (x0 * x0 - x0) * x0 + log(x1 + x1) * x1 - (cos(x1) / x0 + log(x0) + x0 / x0),x0 * (x0 * x0 - x0) * x0 + log(x1 + x1) * x1 - (cos(x1) / x0 + log(x0) + x0 / x0),x0**4 - x0**3 + x1*log(2*x1) - log(x0) - 1 - cos(x1)/x0,[],"{""K"": 500, ""c"": 6.0, ""exploration_rate"": 0.1, ""gamma"": 0.5, ""gp_rate"": 0.5, ""lm_iterations"": 10, ""max_constants"": 999, ""max_depth"": 6, ""max_evals"": 2000000, ""max_unary"": 999, ""mutation_rate"": 0.1, ""ops"": [""+"", ""-"", ""*"", ""/"", ""sin"", ""cos"", ""exp"", ""log""], ""succ_error_tol"": 1e-06}","{""K"": 500, ""c"": 6.0, ""exploration_rate"": 0.1, ""gamma"": 0.5, ""gp_rate"": 0.5, ""lm_iterations"": 10, ""max_constants"": 999, ""max_depth"": 6, ""max_evals"": 2000000, ""max_unary"": 999, ""mutation_rate"": 0.1, ""ops"": [""+"", ""-"", ""*"", ""/"", ""sin"", ""cos"", ""exp"", ""log""], ""succ_error_tol"": 1e-06}",0.5
imcts,Nguyen,12,Nguyen-12*,expression,77,22619,40,20,20,2,"[""x0"", ""x1""]",x[0]**4 - x[0]**3 + 0.5*x[1]**2 - x[1],0.9989928007125854,False,0.999998983497196,0.9999982203334425,24.0,2000003,12.412964479008224,0.0,0,x0 * x0 * x0 * x0 - (x1 / x1 + x0 * x0 * x0) - (sin(x0 * x0) - log(x1) * x1 + x1 - log(x1) * x1),x0 * x0 * x0 * x0 - (x1 / x1 + x0 * x0 * x0) - (sin(x0 * x0) - log(x1) * x1 + x1 - log(x1) * x1),x0**4 - x0**3 + 2*x1*log(x1) - x1 - sin(x0**2) - 1,[],"{""K"": 500, ""c"": 6.0, ""exploration_rate"": 0.1, ""gamma"": 0.5, ""gp_rate"": 0.5, ""lm_iterations"": 10, ""max_constants"": 999, ""max_depth"": 6, ""max_evals"": 2000000, ""max_unary"": 999, ""mutation_rate"": 0.1, ""ops"": [""+"", ""-"", ""*"", ""/"", ""sin"", ""cos"", ""exp"", ""log""], ""succ_error_tol"": 1e-06}","{""K"": 500, ""c"": 6.0, ""exploration_rate"": 0.1, ""gamma"": 0.5, ""gp_rate"": 0.5, ""lm_iterations"": 10, ""max_constants"": 999, ""max_depth"": 6, ""max_evals"": 2000000, ""max_unary"": 999, ""mutation_rate"": 0.1, ""ops"": [""+"", ""-"", ""*"", ""/"", ""sin"", ""cos"", ""exp"", ""log""], ""succ_error_tol"": 1e-06}",0.5
imcts,Nguyen,12,Nguyen-12*,expression,78,21870,40,20,20,2,"[""x0"", ""x1""]",x[0]**4 - x[0]**3 + 0.5*x[1]**2 - x[1],0.9989587068557739,False,0.9999989134365195,0.9999980095524604,26.0,2000001,12.984668071032502,0.0,0,cos(x1 / x0) - (log(x0) + x1) - (x0 - x0 * x0) * x1 * x0 / (x1 / x0) + (log(x1) + log(x1)) * x1,cos(x1 / x0) - (log(x0) + x1) - (x0 - x0 * x0) * x1 * x0 / (x1 / x0) + (log(x1) + log(x1)) * x1,x0**3*(x0 - 1) + 2*x1*log(x1) - x1 - log(x0) + cos(x1/x0),[],"{""K"": 500, ""c"": 6.0, ""exploration_rate"": 0.1, ""gamma"": 0.5, ""gp_rate"": 0.5, ""lm_iterations"": 10, ""max_constants"": 999, ""max_depth"": 6, ""max_evals"": 2000000, ""max_unary"": 999, ""mutation_rate"": 0.1, ""ops"": [""+"", ""-"", ""*"", ""/"", ""sin"", ""cos"", ""exp"", ""log""], ""succ_error_tol"": 1e-06}","{""K"": 500, ""c"": 6.0, ""exploration_rate"": 0.1, ""gamma"": 0.5, ""gp_rate"": 0.5, ""lm_iterations"": 10, ""max_constants"": 999, ""max_depth"": 6, ""max_evals"": 2000000, ""max_unary"": 999, ""mutation_rate"": 0.1, ""ops"": [""+"", ""-"", ""*"", ""/"", ""sin"", ""cos"", ""exp"", ""log""], ""succ_error_tol"": 1e-06}",0.5
imcts,Nguyen,12,Nguyen-12*,expression,79,23483,40,20,20,2,"[""x0"", ""x1""]",x[0]**4 - x[0]**3 + 0.5*x[1]**2 - x[1],0.9999998807907104,True,1.0,1.0,16.0,277333,1.4723633639514446,0.0,0,(x1 * x0 * x1 - (x1 * x0 + x1 * x0)) / (x0 + x0) + x0 * (x0 * x0 - x0) * x0,(x1 * x0 * x1 - (x1 * x0 + x1 * x0)) / (x0 + x0) + x0 * (x0 * x0 - x0) * x0,x0**3*(x0 - 1) + x1**2/2 - x1,[],"{""K"": 500, ""c"": 6.0, ""exploration_rate"": 0.1, ""gamma"": 0.5, ""gp_rate"": 0.5, ""lm_iterations"": 10, ""max_constants"": 999, ""max_depth"": 6, ""max_evals"": 2000000, ""max_unary"": 999, ""mutation_rate"": 0.1, ""ops"": [""+"", ""-"", ""*"", ""/"", ""sin"", ""cos"", ""exp"", ""log""], ""succ_error_tol"": 1e-06}","{""K"": 500, ""c"": 6.0, ""exploration_rate"": 0.1, ""gamma"": 0.5, ""gp_rate"": 0.5, ""lm_iterations"": 10, ""max_constants"": 999, ""max_depth"": 6, ""max_evals"": 2000000, ""max_unary"": 999, ""mutation_rate"": 0.1, ""ops"": [""+"", ""-"", ""*"", ""/"", ""sin"", ""cos"", ""exp"", ""log""], ""succ_error_tol"": 1e-06}",0.5
imcts,Nguyen,12,Nguyen-12*,expression,80,26054,40,20,20,2,"[""x0"", ""x1""]",x[0]**4 - x[0]**3 + 0.5*x[1]**2 - x[1],0.9999998211860657,True,1.0,1.0,17.0,1429825,8.939861750986893,0.0,0,x0 * x0 * (x0 * x0 - x0) - x1 - (x0 - x1 - x0) * x0 * x1 / ((x0 + x0) * x0 / x0),x0 * x0 * (x0 * x0 - x0) - x1 - (x0 - x1 - x0) * x0 * x1 / ((x0 + x0) * x0 / x0),x0**4 - x0**3 + x1**2/2 - x1,[],"{""K"": 500, ""c"": 6.0, ""exploration_rate"": 0.1, ""gamma"": 0.5, ""gp_rate"": 0.5, ""lm_iterations"": 10, ""max_constants"": 999, ""max_depth"": 6, ""max_evals"": 2000000, ""max_unary"": 999, ""mutation_rate"": 0.1, ""ops"": [""+"", ""-"", ""*"", ""/"", ""sin"", ""cos"", ""exp"", ""log""], ""succ_error_tol"": 1e-06}","{""K"": 500, ""c"": 6.0, ""exploration_rate"": 0.1, ""gamma"": 0.5, ""gp_rate"": 0.5, ""lm_iterations"": 10, ""max_constants"": 999, ""max_depth"": 6, ""max_evals"": 2000000, ""max_unary"": 999, ""mutation_rate"": 0.1, ""ops"": [""+"", ""-"", ""*"", ""/"", ""sin"", ""cos"", ""exp"", ""log""], ""succ_error_tol"": 1e-06}",0.5
imcts,Nguyen,12,Nguyen-12*,expression,81,15787,40,20,20,2,"[""x0"", ""x1""]",x[0]**4 - x[0]**3 + 0.5*x[1]**2 - x[1],0.9999998807907104,True,1.0,1.0,17.0,605234,3.4634193149977364,0.0,0,x0 * x1 * x1 / (x0 + x0) + x0 * x0 * (x0 * x0 - x0) - x1,x0 * x1 * x1 / (x0 + x0) + x0 * x0 * (x0 * x0 - x0) - x1,x0**4 - x0**3 + x1**2/2 - x1,[],"{""K"": 500, ""c"": 6.0, ""exploration_rate"": 0.1, ""gamma"": 0.5, ""gp_rate"": 0.5, ""lm_iterations"": 10, ""max_constants"": 999, ""max_depth"": 6, ""max_evals"": 2000000, ""max_unary"": 999, ""mutation_rate"": 0.1, ""ops"": [""+"", ""-"", ""*"", ""/"", ""sin"", ""cos"", ""exp"", ""log""], ""succ_error_tol"": 1e-06}","{""K"": 500, ""c"": 6.0, ""exploration_rate"": 0.1, ""gamma"": 0.5, ""gp_rate"": 0.5, ""lm_iterations"": 10, ""max_constants"": 999, ""max_depth"": 6, ""max_evals"": 2000000, ""max_unary"": 999, ""mutation_rate"": 0.1, ""ops"": [""+"", ""-"", ""*"", ""/"", ""sin"", ""cos"", ""exp"", ""log""], ""succ_error_tol"": 1e-06}",0.5
imcts,Nguyen,12,Nguyen-12*,expression,82,27132,40,20,20,2,"[""x0"", ""x1""]",x[0]**4 - x[0]**3 + 0.5*x[1]**2 - x[1],0.9994441270828247,False,0.9999996906309341,0.9999995283243268,18.0,2000003,12.375856548023876,0.0,0,x0 * x0 * x0 * x0 - (x1 + x0 * x0 * x0) + x1 * x1 * cos(x0 / x0),x0 * x0 * x0 * x0 - (x1 + x0 * x0 * x0) + x1 * x1 * cos(x0 / x0),x0**4 - x0**3 + x1**2*cos(1) - x1,[],"{""K"": 500, ""c"": 6.0, ""exploration_rate"": 0.1, ""gamma"": 0.5, ""gp_rate"": 0.5, ""lm_iterations"": 10, ""max_constants"": 999, ""max_depth"": 6, ""max_evals"": 2000000, ""max_unary"": 999, ""mutation_rate"": 0.1, ""ops"": [""+"", ""-"", ""*"", ""/"", ""sin"", ""cos"", ""exp"", ""log""], ""succ_error_tol"": 1e-06}","{""K"": 500, ""c"": 6.0, ""exploration_rate"": 0.1, ""gamma"": 0.5, ""gp_rate"": 0.5, ""lm_iterations"": 10, ""max_constants"": 999, ""max_depth"": 6, ""max_evals"": 2000000, ""max_unary"": 999, ""mutation_rate"": 0.1, ""ops"": [""+"", ""-"", ""*"", ""/"", ""sin"", ""cos"", ""exp"", ""log""], ""succ_error_tol"": 1e-06}",0.5
imcts,Nguyen,12,Nguyen-12*,expression,83,17159,40,20,20,2,"[""x0"", ""x1""]",x[0]**4 - x[0]**3 + 0.5*x[1]**2 - x[1],0.9999998211860657,True,1.0,1.0,14.0,1126856,6.976994656957686,0.0,0,(x1 * x0 - (x0 + x0)) / (x0 + x0) * x1 + x0 * (x0 * x0 - x0) * x0,(x1 * x0 - (x0 + x0)) / (x0 + x0) * x1 + x0 * (x0 * x0 - x0) * x0,x0**3*(x0 - 1) + x1*(x1 - 2)/2,[],"{""K"": 500, ""c"": 6.0, ""exploration_rate"": 0.1, ""gamma"": 0.5, ""gp_rate"": 0.5, ""lm_iterations"": 10, ""max_constants"": 999, ""max_depth"": 6, ""max_evals"": 2000000, ""max_unary"": 999, ""mutation_rate"": 0.1, ""ops"": [""+"", ""-"", ""*"", ""/"", ""sin"", ""cos"", ""exp"", ""log""], ""succ_error_tol"": 1e-06}","{""K"": 500, ""c"": 6.0, ""exploration_rate"": 0.1, ""gamma"": 0.5, ""gp_rate"": 0.5, ""lm_iterations"": 10, ""max_constants"": 999, ""max_depth"": 6, ""max_evals"": 2000000, ""max_unary"": 999, ""mutation_rate"": 0.1, ""ops"": [""+"", ""-"", ""*"", ""/"", ""sin"", ""cos"", ""exp"", ""log""], ""succ_error_tol"": 1e-06}",0.5
imcts,Nguyen,12,Nguyen-12*,expression,84,12206,40,20,20,2,"[""x0"", ""x1""]",x[0]**4 - x[0]**3 + 0.5*x[1]**2 - x[1],0.9996593594551086,False,0.9999998838666868,0.9999994713856658,24.0,2000001,12.719363410957158,0.0,0,x1 * log(x1) * log(x1) - log(exp(x1) - x1) - (x0 * x0 * x0 - x0 * x0 * x0 * x0),x1 * log(x1) * log(x1) - log(exp(x1) - x1) - (x0 * x0 * x0 - x0 * x0 * x0 * x0),x0**4 - x0**3 + x1*log(x1)**2 - log(-x1 + exp(x1)),[],"{""K"": 500, ""c"": 6.0, ""exploration_rate"": 0.1, ""gamma"": 0.5, ""gp_rate"": 0.5, ""lm_iterations"": 10, ""max_constants"": 999, ""max_depth"": 6, ""max_evals"": 2000000, ""max_unary"": 999, ""mutation_rate"": 0.1, ""ops"": [""+"", ""-"", ""*"", ""/"", ""sin"", ""cos"", ""exp"", ""log""], ""succ_error_tol"": 1e-06}","{""K"": 500, ""c"": 6.0, ""exploration_rate"": 0.1, ""gamma"": 0.5, ""gp_rate"": 0.5, ""lm_iterations"": 10, ""max_constants"": 999, ""max_depth"": 6, ""max_evals"": 2000000, ""max_unary"": 999, ""mutation_rate"": 0.1, ""ops"": [""+"", ""-"", ""*"", ""/"", ""sin"", ""cos"", ""exp"", ""log""], ""succ_error_tol"": 1e-06}",0.5
imcts,Nguyen,12,Nguyen-12*,expression,85,8226,40,20,20,2,"[""x0"", ""x1""]",x[0]**4 - x[0]**3 + 0.5*x[1]**2 - x[1],0.9991467595100403,False,0.9999992707326933,0.9999989653902446,14.0,2000002,12.36469727003714,0.0,0,x0 * (x1 * x1 / (x0 + x0 + x0) + x0 * (x0 * x0 - x0)),x0 * (x1 * x1 / (x0 + x0 + x0) + x0 * (x0 * x0 - x0)),x0**4 - x0**3 + x1**2/3,[],"{""K"": 500, ""c"": 6.0, ""exploration_rate"": 0.1, ""gamma"": 0.5, ""gp_rate"": 0.5, ""lm_iterations"": 10, ""max_constants"": 999, ""max_depth"": 6, ""max_evals"": 2000000, ""max_unary"": 999, ""mutation_rate"": 0.1, ""ops"": [""+"", ""-"", ""*"", ""/"", ""sin"", ""cos"", ""exp"", ""log""], ""succ_error_tol"": 1e-06}","{""K"": 500, ""c"": 6.0, ""exploration_rate"": 0.1, ""gamma"": 0.5, ""gp_rate"": 0.5, ""lm_iterations"": 10, ""max_constants"": 999, ""max_depth"": 6, ""max_evals"": 2000000, ""max_unary"": 999, ""mutation_rate"": 0.1, ""ops"": [""+"", ""-"", ""*"", ""/"", ""sin"", ""cos"", ""exp"", ""log""], ""succ_error_tol"": 1e-06}",0.5
imcts,Nguyen,12,Nguyen-12*,expression,86,14541,40,20,20,2,"[""x0"", ""x1""]",x[0]**4 - x[0]**3 + 0.5*x[1]**2 - x[1],0.9993600249290466,False,0.9999995899012514,0.9999996408520736,20.0,2000002,12.864087171969004,0.0,0,(x0 * x0 - x0) * x0 * x0 - (x1 + x1) + log(x1) * log(x1) * x1 + x1 + cos(log(x1)),(x0 * x0 - x0) * x0 * x0 - (x1 + x1) + log(x1) * log(x1) * x1 + x1 + cos(log(x1)),x0**3*(x0 - 1) + x1*log(x1)**2 - x1 + cos(log(x1)),[],"{""K"": 500, ""c"": 6.0, ""exploration_rate"": 0.1, ""gamma"": 0.5, ""gp_rate"": 0.5, ""lm_iterations"": 10, ""max_constants"": 999, ""max_depth"": 6, ""max_evals"": 2000000, ""max_unary"": 999, ""mutation_rate"": 0.1, ""ops"": [""+"", ""-"", ""*"", ""/"", ""sin"", ""cos"", ""exp"", ""log""], ""succ_error_tol"": 1e-06}","{""K"": 500, ""c"": 6.0, ""exploration_rate"": 0.1, ""gamma"": 0.5, ""gp_rate"": 0.5, ""lm_iterations"": 10, ""max_constants"": 999, ""max_depth"": 6, ""max_evals"": 2000000, ""max_unary"": 999, ""mutation_rate"": 0.1, ""ops"": [""+"", ""-"", ""*"", ""/"", ""sin"", ""cos"", ""exp"", ""log""], ""succ_error_tol"": 1e-06}",0.5
imcts,Nguyen,12,Nguyen-12*,expression,87,3152,40,20,20,2,"[""x0"", ""x1""]",x[0]**4 - x[0]**3 + 0.5*x[1]**2 - x[1],0.9986798763275146,False,0.9999982527579874,0.9999968591414291,14.0,2000001,12.430801898997743,0.0,0,x0 * x1 * x1 / (x0 + x0 + x0) - (x0 * x0 - x0 * x0 * x0) * x0,x0 * x1 * x1 / (x0 + x0 + x0) - (x0 * x0 - x0 * x0 * x0) * x0,x0**4 - x0**3 + x1**2/3,[],"{""K"": 500, ""c"": 6.0, ""exploration_rate"": 0.1, ""gamma"": 0.5, ""gp_rate"": 0.5, ""lm_iterations"": 10, ""max_constants"": 999, ""max_depth"": 6, ""max_evals"": 2000000, ""max_unary"": 999, ""mutation_rate"": 0.1, ""ops"": [""+"", ""-"", ""*"", ""/"", ""sin"", ""cos"", ""exp"", ""log""], ""succ_error_tol"": 1e-06}","{""K"": 500, ""c"": 6.0, ""exploration_rate"": 0.1, ""gamma"": 0.5, ""gp_rate"": 0.5, ""lm_iterations"": 10, ""max_constants"": 999, ""max_depth"": 6, ""max_evals"": 2000000, ""max_unary"": 999, ""mutation_rate"": 0.1, ""ops"": [""+"", ""-"", ""*"", ""/"", ""sin"", ""cos"", ""exp"", ""log""], ""succ_error_tol"": 1e-06}",0.5
imcts,Nguyen,12,Nguyen-12*,expression,88,26531,40,20,20,2,"[""x0"", ""x1""]",x[0]**4 - x[0]**3 + 0.5*x[1]**2 - x[1],0.9995851516723633,False,0.999999827741883,0.9999998505831909,17.0,2000002,12.256100175029133,0.0,0,x0 * (x0 * (x0 * x0 - x0) - (log(x1) - x1) * x1 / (x0 + x0)),x0 * (x0 * (x0 * x0 - x0) - (log(x1) - x1) * x1 / (x0 + x0)),x0**3*(x0 - 1) + x1*(x1 - log(x1))/2,[],"{""K"": 500, ""c"": 6.0, ""exploration_rate"": 0.1, ""gamma"": 0.5, ""gp_rate"": 0.5, ""lm_iterations"": 10, ""max_constants"": 999, ""max_depth"": 6, ""max_evals"": 2000000, ""max_unary"": 999, ""mutation_rate"": 0.1, ""ops"": [""+"", ""-"", ""*"", ""/"", ""sin"", ""cos"", ""exp"", ""log""], ""succ_error_tol"": 1e-06}","{""K"": 500, ""c"": 6.0, ""exploration_rate"": 0.1, ""gamma"": 0.5, ""gp_rate"": 0.5, ""lm_iterations"": 10, ""max_constants"": 999, ""max_depth"": 6, ""max_evals"": 2000000, ""max_unary"": 999, ""mutation_rate"": 0.1, ""ops"": [""+"", ""-"", ""*"", ""/"", ""sin"", ""cos"", ""exp"", ""log""], ""succ_error_tol"": 1e-06}",0.5
imcts,Nguyen,12,Nguyen-12*,expression,89,1585,40,20,20,2,"[""x0"", ""x1""]",x[0]**4 - x[0]**3 + 0.5*x[1]**2 - x[1],0.9999998807907104,True,1.0,1.0,17.0,411034,2.3928932700073346,0.0,0,x1 * x1 / (x1 + x1) * x1 - x1 + x0 * (x0 * x0 * x0 - x0 * x0),x1 * x1 / (x1 + x1) * x1 - x1 + x0 * (x0 * x0 * x0 - x0 * x0),x0**4 - x0**3 + x1**2/2 - x1,[],"{""K"": 500, ""c"": 6.0, ""exploration_rate"": 0.1, ""gamma"": 0.5, ""gp_rate"": 0.5, ""lm_iterations"": 10, ""max_constants"": 999, ""max_depth"": 6, ""max_evals"": 2000000, ""max_unary"": 999, ""mutation_rate"": 0.1, ""ops"": [""+"", ""-"", ""*"", ""/"", ""sin"", ""cos"", ""exp"", ""log""], ""succ_error_tol"": 1e-06}","{""K"": 500, ""c"": 6.0, ""exploration_rate"": 0.1, ""gamma"": 0.5, ""gp_rate"": 0.5, ""lm_iterations"": 10, ""max_constants"": 999, ""max_depth"": 6, ""max_evals"": 2000000, ""max_unary"": 999, ""mutation_rate"": 0.1, ""ops"": [""+"", ""-"", ""*"", ""/"", ""sin"", ""cos"", ""exp"", ""log""], ""succ_error_tol"": 1e-06}",0.5
imcts,Nguyen,12,Nguyen-12*,expression,90,3943,40,20,20,2,"[""x0"", ""x1""]",x[0]**4 - x[0]**3 + 0.5*x[1]**2 - x[1],0.9994626641273499,False,0.9999997108502914,0.9999992057149609,27.0,2000002,12.156623532995582,0.0,0,x0 * x0 * (x0 * x0 - x0) - log((x1 + x0) * x1) - log(x1) * (log(x1) - (x1 + x1)),x0 * x0 * (x0 * x0 - x0) - log((x1 + x0) * x1) - log(x1) * (log(x1) - (x1 + x1)),x0**3*(x0 - 1) + (2*x1 - log(x1))*log(x1) - log(x1*(x0 + x1)),[],"{""K"": 500, ""c"": 6.0, ""exploration_rate"": 0.1, ""gamma"": 0.5, ""gp_rate"": 0.5, ""lm_iterations"": 10, ""max_constants"": 999, ""max_depth"": 6, ""max_evals"": 2000000, ""max_unary"": 999, ""mutation_rate"": 0.1, ""ops"": [""+"", ""-"", ""*"", ""/"", ""sin"", ""cos"", ""exp"", ""log""], ""succ_error_tol"": 1e-06}","{""K"": 500, ""c"": 6.0, ""exploration_rate"": 0.1, ""gamma"": 0.5, ""gp_rate"": 0.5, ""lm_iterations"": 10, ""max_constants"": 999, ""max_depth"": 6, ""max_evals"": 2000000, ""max_unary"": 999, ""mutation_rate"": 0.1, ""ops"": [""+"", ""-"", ""*"", ""/"", ""sin"", ""cos"", ""exp"", ""log""], ""succ_error_tol"": 1e-06}",0.5
imcts,Nguyen,12,Nguyen-12*,expression,91,23939,40,20,20,2,"[""x0"", ""x1""]",x[0]**4 - x[0]**3 + 0.5*x[1]**2 - x[1],0.998614490032196,False,0.9999980604055743,0.999996770534471,20.0,2000004,12.157266827998683,0.0,0,log((x1 + x1) * x1 / x1) * (x1 - cos(x1)) + log(x1 / x1) - x0 * x0 * x0 + x0 * x0 * x0 * x0,log((x1 + x1) * x1 / x1) * (x1 - cos(x1)) + log(x1 / x1) - x0 * x0 * x0 + x0 * x0 * x0 * x0,x0**4 - x0**3 + (x1 - cos(x1))*log(2*x1),[],"{""K"": 500, ""c"": 6.0, ""exploration_rate"": 0.1, ""gamma"": 0.5, ""gp_rate"": 0.5, ""lm_iterations"": 10, ""max_constants"": 999, ""max_depth"": 6, ""max_evals"": 2000000, ""max_unary"": 999, ""mutation_rate"": 0.1, ""ops"": [""+"", ""-"", ""*"", ""/"", ""sin"", ""cos"", ""exp"", ""log""], ""succ_error_tol"": 1e-06}","{""K"": 500, ""c"": 6.0, ""exploration_rate"": 0.1, ""gamma"": 0.5, ""gp_rate"": 0.5, ""lm_iterations"": 10, ""max_constants"": 999, ""max_depth"": 6, ""max_evals"": 2000000, ""max_unary"": 999, ""mutation_rate"": 0.1, ""ops"": [""+"", ""-"", ""*"", ""/"", ""sin"", ""cos"", ""exp"", ""log""], ""succ_error_tol"": 1e-06}",0.5
imcts,Nguyen,12,Nguyen-12*,expression,92,19457,40,20,20,2,"[""x0"", ""x1""]",x[0]**4 - x[0]**3 + 0.5*x[1]**2 - x[1],0.9990106821060181,False,0.9999990191750634,0.9999985532018132,17.0,2000002,12.452476664970163,0.0,0,log(x1 * x1) * x1 - (x1 * x0 / x0 + x0 * x0 * (x0 - x0 * x0)),log(x1 * x1) * x1 - (x1 * x0 / x0 + x0 * x0 * (x0 - x0 * x0)),x0**3*(x0 - 1) + x1*log(x1**2) - x1,[],"{""K"": 500, ""c"": 6.0, ""exploration_rate"": 0.1, ""gamma"": 0.5, ""gp_rate"": 0.5, ""lm_iterations"": 10, ""max_constants"": 999, ""max_depth"": 6, ""max_evals"": 2000000, ""max_unary"": 999, ""mutation_rate"": 0.1, ""ops"": [""+"", ""-"", ""*"", ""/"", ""sin"", ""cos"", ""exp"", ""log""], ""succ_error_tol"": 1e-06}","{""K"": 500, ""c"": 6.0, ""exploration_rate"": 0.1, ""gamma"": 0.5, ""gp_rate"": 0.5, ""lm_iterations"": 10, ""max_constants"": 999, ""max_depth"": 6, ""max_evals"": 2000000, ""max_unary"": 999, ""mutation_rate"": 0.1, ""ops"": [""+"", ""-"", ""*"", ""/"", ""sin"", ""cos"", ""exp"", ""log""], ""succ_error_tol"": 1e-06}",0.5
imcts,Nguyen,12,Nguyen-12*,expression,93,1021,40,20,20,2,"[""x0"", ""x1""]",x[0]**4 - x[0]**3 + 0.5*x[1]**2 - x[1],0.9999999403953552,True,1.0,1.0,17.0,880367,4.963035900960676,0.0,0,x0 * ((x1 * x1 - (x1 + x1)) / (x0 + x0) - (x0 * x0 - x0 * x0 * x0)),x0 * ((x1 * x1 - (x1 + x1)) / (x0 + x0) - (x0 * x0 - x0 * x0 * x0)),x0**4 - x0**3 + x1**2/2 - x1,[],"{""K"": 500, ""c"": 6.0, ""exploration_rate"": 0.1, ""gamma"": 0.5, ""gp_rate"": 0.5, ""lm_iterations"": 10, ""max_constants"": 999, ""max_depth"": 6, ""max_evals"": 2000000, ""max_unary"": 999, ""mutation_rate"": 0.1, ""ops"": [""+"", ""-"", ""*"", ""/"", ""sin"", ""cos"", ""exp"", ""log""], ""succ_error_tol"": 1e-06}","{""K"": 500, ""c"": 6.0, ""exploration_rate"": 0.1, ""gamma"": 0.5, ""gp_rate"": 0.5, ""lm_iterations"": 10, ""max_constants"": 999, ""max_depth"": 6, ""max_evals"": 2000000, ""max_unary"": 999, ""mutation_rate"": 0.1, ""ops"": [""+"", ""-"", ""*"", ""/"", ""sin"", ""cos"", ""exp"", ""log""], ""succ_error_tol"": 1e-06}",0.5
imcts,Nguyen,12,Nguyen-12*,expression,94,11653,40,20,20,2,"[""x0"", ""x1""]",x[0]**4 - x[0]**3 + 0.5*x[1]**2 - x[1],0.9993981719017029,False,0.9999996373516209,0.9999979476545927,33.0,2000002,11.583838247985113,0.0,0,x0 * x0 * x0 * x0 - (x0 / x1 - x1) * log(x1) - (x0 * x0 * x0 - (sin(x1) + x1) + (x0 + x0 / x0) / x0),x0 * x0 * x0 * x0 - (x0 / x1 - x1) * log(x1) - (x0 * x0 * x0 - (sin(x1) + x1) + (x0 + x0 / x0) / x0),x0**4 - x0**3 + x1 - (x0/x1 - x1)*log(x1) + sin(x1) - (x0 + 1)/x0,[],"{""K"": 500, ""c"": 6.0, ""exploration_rate"": 0.1, ""gamma"": 0.5, ""gp_rate"": 0.5, ""lm_iterations"": 10, ""max_constants"": 999, ""max_depth"": 6, ""max_evals"": 2000000, ""max_unary"": 999, ""mutation_rate"": 0.1, ""ops"": [""+"", ""-"", ""*"", ""/"", ""sin"", ""cos"", ""exp"", ""log""], ""succ_error_tol"": 1e-06}","{""K"": 500, ""c"": 6.0, ""exploration_rate"": 0.1, ""gamma"": 0.5, ""gp_rate"": 0.5, ""lm_iterations"": 10, ""max_constants"": 999, ""max_depth"": 6, ""max_evals"": 2000000, ""max_unary"": 999, ""mutation_rate"": 0.1, ""ops"": [""+"", ""-"", ""*"", ""/"", ""sin"", ""cos"", ""exp"", ""log""], ""succ_error_tol"": 1e-06}",0.5
imcts,Nguyen,12,Nguyen-12*,expression,95,10805,40,20,20,2,"[""x0"", ""x1""]",x[0]**4 - x[0]**3 + 0.5*x[1]**2 - x[1],0.9999998807907104,True,1.0,1.0,17.0,681147,3.7263442099792883,0.0,0,x0 * x0 * (x0 * x0 - x0) - x1 - x0 * x1 * x1 / (x0 - x0 - x0 - x0),x0 * x0 * (x0 * x0 - x0) - x1 - x0 * x1 * x1 / (x0 - x0 - x0 - x0),x0**4 - x0**3 + x1**2/2 - x1,[],"{""K"": 500, ""c"": 6.0, ""exploration_rate"": 0.1, ""gamma"": 0.5, ""gp_rate"": 0.5, ""lm_iterations"": 10, ""max_constants"": 999, ""max_depth"": 6, ""max_evals"": 2000000, ""max_unary"": 999, ""mutation_rate"": 0.1, ""ops"": [""+"", ""-"", ""*"", ""/"", ""sin"", ""cos"", ""exp"", ""log""], ""succ_error_tol"": 1e-06}","{""K"": 500, ""c"": 6.0, ""exploration_rate"": 0.1, ""gamma"": 0.5, ""gp_rate"": 0.5, ""lm_iterations"": 10, ""max_constants"": 999, ""max_depth"": 6, ""max_evals"": 2000000, ""max_unary"": 999, ""mutation_rate"": 0.1, ""ops"": [""+"", ""-"", ""*"", ""/"", ""sin"", ""cos"", ""exp"", ""log""], ""succ_error_tol"": 1e-06}",0.5
imcts,Nguyen,12,Nguyen-12*,expression,96,13417,40,20,20,2,"[""x0"", ""x1""]",x[0]**4 - x[0]**3 + 0.5*x[1]**2 - x[1],0.9999998211860657,True,1.0,1.0,17.0,270105,1.4349896759958938,0.0,0,x0 * x1 * x1 / (x0 + x0) + x0 * x0 * (x0 * x0 - x0) - x1,x0 * x1 * x1 / (x0 + x0) + x0 * x0 * (x0 * x0 - x0) - x1,x0**4 - x0**3 + x1**2/2 - x1,[],"{""K"": 500, ""c"": 6.0, ""exploration_rate"": 0.1, ""gamma"": 0.5, ""gp_rate"": 0.5, ""lm_iterations"": 10, ""max_constants"": 999, ""max_depth"": 6, ""max_evals"": 2000000, ""max_unary"": 999, ""mutation_rate"": 0.1, ""ops"": [""+"", ""-"", ""*"", ""/"", ""sin"", ""cos"", ""exp"", ""log""], ""succ_error_tol"": 1e-06}","{""K"": 500, ""c"": 6.0, ""exploration_rate"": 0.1, ""gamma"": 0.5, ""gp_rate"": 0.5, ""lm_iterations"": 10, ""max_constants"": 999, ""max_depth"": 6, ""max_evals"": 2000000, ""max_unary"": 999, ""mutation_rate"": 0.1, ""ops"": [""+"", ""-"", ""*"", ""/"", ""sin"", ""cos"", ""exp"", ""log""], ""succ_error_tol"": 1e-06}",0.5
imcts,Nguyen,12,Nguyen-12*,expression,97,20227,40,20,20,2,"[""x0"", ""x1""]",x[0]**4 - x[0]**3 + 0.5*x[1]**2 - x[1],0.9988820552825928,False,0.9999987474271372,0.9999978952564949,27.0,2000003,11.920566732995212,0.0,0,x1 + x1 - x0 / x0 - x0 * x0 * (x0 - x0 * x0) + x1 - x1 * cos(x1) - (log(x0 * x1) - cos(x1 + x1)),x1 + x1 - x0 / x0 - x0 * x0 * (x0 - x0 * x0) + x1 - x1 * cos(x1) - (log(x0 * x1) - cos(x1 + x1)),x0**3*(x0 - 1) - x1*cos(x1) + 3*x1 - log(x0*x1) + cos(2*x1) - 1,[],"{""K"": 500, ""c"": 6.0, ""exploration_rate"": 0.1, ""gamma"": 0.5, ""gp_rate"": 0.5, ""lm_iterations"": 10, ""max_constants"": 999, ""max_depth"": 6, ""max_evals"": 2000000, ""max_unary"": 999, ""mutation_rate"": 0.1, ""ops"": [""+"", ""-"", ""*"", ""/"", ""sin"", ""cos"", ""exp"", ""log""], ""succ_error_tol"": 1e-06}","{""K"": 500, ""c"": 6.0, ""exploration_rate"": 0.1, ""gamma"": 0.5, ""gp_rate"": 0.5, ""lm_iterations"": 10, ""max_constants"": 999, ""max_depth"": 6, ""max_evals"": 2000000, ""max_unary"": 999, ""mutation_rate"": 0.1, ""ops"": [""+"", ""-"", ""*"", ""/"", ""sin"", ""cos"", ""exp"", ""log""], ""succ_error_tol"": 1e-06}",0.5
imcts,Nguyen,12,Nguyen-12*,expression,98,7989,40,20,20,2,"[""x0"", ""x1""]",x[0]**4 - x[0]**3 + 0.5*x[1]**2 - x[1],0.9999998211860657,True,1.0,1.0,17.0,1249927,7.23764090804616,0.0,0,x0 * x0 * (x0 - x1 / x1) * x0 - ((x0 - (x0 + x1)) * x0 * x1 / (x0 + x0) + x1),x0 * x0 * (x0 - x1 / x1) * x0 - ((x0 - (x0 + x1)) * x0 * x1 / (x0 + x0) + x1),x0**4 - x0**3 + x1**2/2 - x1,[],"{""K"": 500, ""c"": 6.0, ""exploration_rate"": 0.1, ""gamma"": 0.5, ""gp_rate"": 0.5, ""lm_iterations"": 10, ""max_constants"": 999, ""max_depth"": 6, ""max_evals"": 2000000, ""max_unary"": 999, ""mutation_rate"": 0.1, ""ops"": [""+"", ""-"", ""*"", ""/"", ""sin"", ""cos"", ""exp"", ""log""], ""succ_error_tol"": 1e-06}","{""K"": 500, ""c"": 6.0, ""exploration_rate"": 0.1, ""gamma"": 0.5, ""gp_rate"": 0.5, ""lm_iterations"": 10, ""max_constants"": 999, ""max_depth"": 6, ""max_evals"": 2000000, ""max_unary"": 999, ""mutation_rate"": 0.1, ""ops"": [""+"", ""-"", ""*"", ""/"", ""sin"", ""cos"", ""exp"", ""log""], ""succ_error_tol"": 1e-06}",0.5
imcts,Nguyen,12,Nguyen-12*,expression,99,9692,40,20,20,2,"[""x0"", ""x1""]",x[0]**4 - x[0]**3 + 0.5*x[1]**2 - x[1],0.9994040131568909,False,0.9999996443775446,0.9999990822577047,21.0,2000006,11.395628399041016,0.0,0,x0 * x0 * (x0 * x0 - x0) - (sin(log(x1)) + x1) + log(x1) * x1 + x1 * log(x1),x0 * x0 * (x0 * x0 - x0) - (sin(log(x1)) + x1) + log(x1) * x1 + x1 * log(x1),x0**3*(x0 - 1) + 2*x1*log(x1) - x1 - sin(log(x1)),[],"{""K"": 500, ""c"": 6.0, ""exploration_rate"": 0.1, ""gamma"": 0.5, ""gp_rate"": 0.5, ""lm_iterations"": 10, ""max_constants"": 999, ""max_depth"": 6, ""max_evals"": 2000000, ""max_unary"": 999, ""mutation_rate"": 0.1, ""ops"": [""+"", ""-"", ""*"", ""/"", ""sin"", ""cos"", ""exp"", ""log""], ""succ_error_tol"": 1e-06}","{""K"": 500, ""c"": 6.0, ""exploration_rate"": 0.1, ""gamma"": 0.5, ""gp_rate"": 0.5, ""lm_iterations"": 10, ""max_constants"": 999, ""max_depth"": 6, ""max_evals"": 2000000, ""max_unary"": 999, ""mutation_rate"": 0.1, ""ops"": [""+"", ""-"", ""*"", ""/"", ""sin"", ""cos"", ""exp"", ""log""], ""succ_error_tol"": 1e-06}",0.5
