algorithm,group,case_id,case_name,source_type,run,seed,samples_total,samples_train,samples_test,variables,feature_names,target_expression,reward,success,train_r2,test_r2,complexity,evaluations,time_sec,tuning_time_sec,tuning_evaluations,expression,materialized_expression,simplified_expression,coefficients,algorithm_params,tuned_params,test_ratio
imcts,Livermore,10,Livermore-10,expression,0,23654,40,20,20,2,"[""x0"", ""x1""]",6*sin(x[0]) * cos(x[1]),0.9999999403953552,True,1.0,1.0,6.0,1596760,11.742188882955816,0.0,0,(cos(x1) + cos(x1) + cos(x1)) * (sin(x0) + sin(x0)),(cos(x1) + cos(x1) + cos(x1)) * (sin(x0) + sin(x0)),6*sin(x0)*cos(x1),[],"{""K"": 500, ""c"": 6.0, ""exploration_rate"": 0.1, ""gamma"": 0.5, ""gp_rate"": 0.5, ""lm_iterations"": 10, ""max_constants"": 999, ""max_depth"": 6, ""max_evals"": 2000000, ""max_unary"": 999, ""mutation_rate"": 0.1, ""ops"": [""+"", ""-"", ""*"", ""/"", ""sin"", ""cos"", ""exp"", ""log""], ""succ_error_tol"": 1e-06}","{""K"": 500, ""c"": 6.0, ""exploration_rate"": 0.1, ""gamma"": 0.5, ""gp_rate"": 0.5, ""lm_iterations"": 10, ""max_constants"": 999, ""max_depth"": 6, ""max_evals"": 2000000, ""max_unary"": 999, ""mutation_rate"": 0.1, ""ops"": [""+"", ""-"", ""*"", ""/"", ""sin"", ""cos"", ""exp"", ""log""], ""succ_error_tol"": 1e-06}",0.5
imcts,Livermore,10,Livermore-10,expression,1,15795,40,20,20,2,"[""x0"", ""x1""]",6*sin(x[0]) * cos(x[1]),0.9999999403953552,True,1.0,1.0,6.0,1611585,11.590278654999565,0.0,0,cos(x1) * (sin(x0) + sin(x0) + sin(x0) + sin(x0) + sin(x0) + sin(x0)),cos(x1) * (sin(x0) + sin(x0) + sin(x0) + sin(x0) + sin(x0) + sin(x0)),6*sin(x0)*cos(x1),[],"{""K"": 500, ""c"": 6.0, ""exploration_rate"": 0.1, ""gamma"": 0.5, ""gp_rate"": 0.5, ""lm_iterations"": 10, ""max_constants"": 999, ""max_depth"": 6, ""max_evals"": 2000000, ""max_unary"": 999, ""mutation_rate"": 0.1, ""ops"": [""+"", ""-"", ""*"", ""/"", ""sin"", ""cos"", ""exp"", ""log""], ""succ_error_tol"": 1e-06}","{""K"": 500, ""c"": 6.0, ""exploration_rate"": 0.1, ""gamma"": 0.5, ""gp_rate"": 0.5, ""lm_iterations"": 10, ""max_constants"": 999, ""max_depth"": 6, ""max_evals"": 2000000, ""max_unary"": 999, ""mutation_rate"": 0.1, ""ops"": [""+"", ""-"", ""*"", ""/"", ""sin"", ""cos"", ""exp"", ""log""], ""succ_error_tol"": 1e-06}",0.5
imcts,Livermore,10,Livermore-10,expression,2,860,40,20,20,2,"[""x0"", ""x1""]",6*sin(x[0]) * cos(x[1]),0.9946659207344055,False,0.9999712413899622,0.999959907757023,9.0,2000002,13.6882511349977,0.0,0,x0 * (cos(x0) * cos(x1) + cos(x1) + cos(x1) + cos(x0) * cos(x1) + cos(x1) + cos(x1)),x0 * (cos(x0) * cos(x1) + cos(x1) + cos(x1) + cos(x0) * cos(x1) + cos(x1) + cos(x1)),2*x0*(cos(x0) + 2)*cos(x1),[],"{""K"": 500, ""c"": 6.0, ""exploration_rate"": 0.1, ""gamma"": 0.5, ""gp_rate"": 0.5, ""lm_iterations"": 10, ""max_constants"": 999, ""max_depth"": 6, ""max_evals"": 2000000, ""max_unary"": 999, ""mutation_rate"": 0.1, ""ops"": [""+"", ""-"", ""*"", ""/"", ""sin"", ""cos"", ""exp"", ""log""], ""succ_error_tol"": 1e-06}","{""K"": 500, ""c"": 6.0, ""exploration_rate"": 0.1, ""gamma"": 0.5, ""gp_rate"": 0.5, ""lm_iterations"": 10, ""max_constants"": 999, ""max_depth"": 6, ""max_evals"": 2000000, ""max_unary"": 999, ""mutation_rate"": 0.1, ""ops"": [""+"", ""-"", ""*"", ""/"", ""sin"", ""cos"", ""exp"", ""log""], ""succ_error_tol"": 1e-06}",0.5
imcts,Livermore,10,Livermore-10,expression,3,5390,40,20,20,2,"[""x0"", ""x1""]",6*sin(x[0]) * cos(x[1]),0.9999999403953552,True,1.0,1.0,6.0,1767265,12.509708182013128,0.0,0,(sin(x0) + sin(x0) + sin(x0) + sin(x0) + sin(x0) + sin(x0)) * cos(x1),(sin(x0) + sin(x0) + sin(x0) + sin(x0) + sin(x0) + sin(x0)) * cos(x1),6*sin(x0)*cos(x1),[],"{""K"": 500, ""c"": 6.0, ""exploration_rate"": 0.1, ""gamma"": 0.5, ""gp_rate"": 0.5, ""lm_iterations"": 10, ""max_constants"": 999, ""max_depth"": 6, ""max_evals"": 2000000, ""max_unary"": 999, ""mutation_rate"": 0.1, ""ops"": [""+"", ""-"", ""*"", ""/"", ""sin"", ""cos"", ""exp"", ""log""], ""succ_error_tol"": 1e-06}","{""K"": 500, ""c"": 6.0, ""exploration_rate"": 0.1, ""gamma"": 0.5, ""gp_rate"": 0.5, ""lm_iterations"": 10, ""max_constants"": 999, ""max_depth"": 6, ""max_evals"": 2000000, ""max_unary"": 999, ""mutation_rate"": 0.1, ""ops"": [""+"", ""-"", ""*"", ""/"", ""sin"", ""cos"", ""exp"", ""log""], ""succ_error_tol"": 1e-06}",0.5
imcts,Livermore,10,Livermore-10,expression,4,16850,40,20,20,2,"[""x0"", ""x1""]",6*sin(x[0]) * cos(x[1]),0.9999999403953552,True,1.0,1.0,6.0,306557,1.8122955659637228,0.0,0,(sin(x0) + sin(x0)) * cos(x1) * (x0 / x0 + x0 / x0 + cos(x0 - x0)),(sin(x0) + sin(x0)) * cos(x1) * (x0 / x0 + x0 / x0 + cos(x0 - x0)),6*sin(x0)*cos(x1),[],"{""K"": 500, ""c"": 6.0, ""exploration_rate"": 0.1, ""gamma"": 0.5, ""gp_rate"": 0.5, ""lm_iterations"": 10, ""max_constants"": 999, ""max_depth"": 6, ""max_evals"": 2000000, ""max_unary"": 999, ""mutation_rate"": 0.1, ""ops"": [""+"", ""-"", ""*"", ""/"", ""sin"", ""cos"", ""exp"", ""log""], ""succ_error_tol"": 1e-06}","{""K"": 500, ""c"": 6.0, ""exploration_rate"": 0.1, ""gamma"": 0.5, ""gp_rate"": 0.5, ""lm_iterations"": 10, ""max_constants"": 999, ""max_depth"": 6, ""max_evals"": 2000000, ""max_unary"": 999, ""mutation_rate"": 0.1, ""ops"": [""+"", ""-"", ""*"", ""/"", ""sin"", ""cos"", ""exp"", ""log""], ""succ_error_tol"": 1e-06}",0.5
imcts,Livermore,10,Livermore-10,expression,5,29910,40,20,20,2,"[""x0"", ""x1""]",6*sin(x[0]) * cos(x[1]),0.9999999403953552,True,1.0,1.0,6.0,545043,3.611114777973853,0.0,0,(sin(x0) + sin(x0) + sin(x0)) * cos(x1) + (sin(x0) + sin(x0) + sin(x0)) * cos(x1),(sin(x0) + sin(x0) + sin(x0)) * cos(x1) + (sin(x0) + sin(x0) + sin(x0)) * cos(x1),6*sin(x0)*cos(x1),[],"{""K"": 500, ""c"": 6.0, ""exploration_rate"": 0.1, ""gamma"": 0.5, ""gp_rate"": 0.5, ""lm_iterations"": 10, ""max_constants"": 999, ""max_depth"": 6, ""max_evals"": 2000000, ""max_unary"": 999, ""mutation_rate"": 0.1, ""ops"": [""+"", ""-"", ""*"", ""/"", ""sin"", ""cos"", ""exp"", ""log""], ""succ_error_tol"": 1e-06}","{""K"": 500, ""c"": 6.0, ""exploration_rate"": 0.1, ""gamma"": 0.5, ""gp_rate"": 0.5, ""lm_iterations"": 10, ""max_constants"": 999, ""max_depth"": 6, ""max_evals"": 2000000, ""max_unary"": 999, ""mutation_rate"": 0.1, ""ops"": [""+"", ""-"", ""*"", ""/"", ""sin"", ""cos"", ""exp"", ""log""], ""succ_error_tol"": 1e-06}",0.5
imcts,Livermore,10,Livermore-10,expression,6,4426,40,20,20,2,"[""x0"", ""x1""]",6*sin(x[0]) * cos(x[1]),0.9999999403953552,True,1.0,1.0,6.0,1765802,11.576579871994909,0.0,0,(cos(x1) + cos(x1) + cos(x1)) * (cos(x1 - x1) + cos(x0 - x0)) * sin(x0),(cos(x1) + cos(x1) + cos(x1)) * (cos(x1 - x1) + cos(x0 - x0)) * sin(x0),6*sin(x0)*cos(x1),[],"{""K"": 500, ""c"": 6.0, ""exploration_rate"": 0.1, ""gamma"": 0.5, ""gp_rate"": 0.5, ""lm_iterations"": 10, ""max_constants"": 999, ""max_depth"": 6, ""max_evals"": 2000000, ""max_unary"": 999, ""mutation_rate"": 0.1, ""ops"": [""+"", ""-"", ""*"", ""/"", ""sin"", ""cos"", ""exp"", ""log""], ""succ_error_tol"": 1e-06}","{""K"": 500, ""c"": 6.0, ""exploration_rate"": 0.1, ""gamma"": 0.5, ""gp_rate"": 0.5, ""lm_iterations"": 10, ""max_constants"": 999, ""max_depth"": 6, ""max_evals"": 2000000, ""max_unary"": 999, ""mutation_rate"": 0.1, ""ops"": [""+"", ""-"", ""*"", ""/"", ""sin"", ""cos"", ""exp"", ""log""], ""succ_error_tol"": 1e-06}",0.5
imcts,Livermore,10,Livermore-10,expression,7,21962,40,20,20,2,"[""x0"", ""x1""]",6*sin(x[0]) * cos(x[1]),0.9999999403953552,True,1.0,1.0,6.0,147269,0.746949729975313,0.0,0,(cos(x1) + cos(x1) + cos(x1)) * (sin(x0) + sin(x0)),(cos(x1) + cos(x1) + cos(x1)) * (sin(x0) + sin(x0)),6*sin(x0)*cos(x1),[],"{""K"": 500, ""c"": 6.0, ""exploration_rate"": 0.1, ""gamma"": 0.5, ""gp_rate"": 0.5, ""lm_iterations"": 10, ""max_constants"": 999, ""max_depth"": 6, ""max_evals"": 2000000, ""max_unary"": 999, ""mutation_rate"": 0.1, ""ops"": [""+"", ""-"", ""*"", ""/"", ""sin"", ""cos"", ""exp"", ""log""], ""succ_error_tol"": 1e-06}","{""K"": 500, ""c"": 6.0, ""exploration_rate"": 0.1, ""gamma"": 0.5, ""gp_rate"": 0.5, ""lm_iterations"": 10, ""max_constants"": 999, ""max_depth"": 6, ""max_evals"": 2000000, ""max_unary"": 999, ""mutation_rate"": 0.1, ""ops"": [""+"", ""-"", ""*"", ""/"", ""sin"", ""cos"", ""exp"", ""log""], ""succ_error_tol"": 1e-06}",0.5
imcts,Livermore,10,Livermore-10,expression,8,14423,40,20,20,2,"[""x0"", ""x1""]",6*sin(x[0]) * cos(x[1]),0.9903866052627563,False,0.9999057805379497,0.9997723907449814,32.0,2000005,13.510428913985379,0.0,0,(sin(x0) + x0) * exp(cos(x1)) + (cos(x0) - x1) * x0 * cos(x0) * (cos(x0) + x1 + x1) / (cos(x0) + x1 / x1),(sin(x0) + x0) * exp(cos(x1)) + (cos(x0) - x1) * x0 * cos(x0) * (cos(x0) + x1 + x1) / (cos(x0) + x1 / x1),-x0*(x1 - cos(x0))*(2*x1 + cos(x0))*cos(x0)/(cos(x0) + 1) + (x0 + sin(x0))*exp(cos(x1)),[],"{""K"": 500, ""c"": 6.0, ""exploration_rate"": 0.1, ""gamma"": 0.5, ""gp_rate"": 0.5, ""lm_iterations"": 10, ""max_constants"": 999, ""max_depth"": 6, ""max_evals"": 2000000, ""max_unary"": 999, ""mutation_rate"": 0.1, ""ops"": [""+"", ""-"", ""*"", ""/"", ""sin"", ""cos"", ""exp"", ""log""], ""succ_error_tol"": 1e-06}","{""K"": 500, ""c"": 6.0, ""exploration_rate"": 0.1, ""gamma"": 0.5, ""gp_rate"": 0.5, ""lm_iterations"": 10, ""max_constants"": 999, ""max_depth"": 6, ""max_evals"": 2000000, ""max_unary"": 999, ""mutation_rate"": 0.1, ""ops"": [""+"", ""-"", ""*"", ""/"", ""sin"", ""cos"", ""exp"", ""log""], ""succ_error_tol"": 1e-06}",0.5
imcts,Livermore,10,Livermore-10,expression,9,28020,40,20,20,2,"[""x0"", ""x1""]",6*sin(x[0]) * cos(x[1]),0.9999999403953552,True,1.0,1.0,6.0,1597979,10.226691141026095,0.0,0,(cos(x1) + cos(x1)) * (sin(x0) + sin(x0) + sin(x0)),(cos(x1) + cos(x1)) * (sin(x0) + sin(x0) + sin(x0)),6*sin(x0)*cos(x1),[],"{""K"": 500, ""c"": 6.0, ""exploration_rate"": 0.1, ""gamma"": 0.5, ""gp_rate"": 0.5, ""lm_iterations"": 10, ""max_constants"": 999, ""max_depth"": 6, ""max_evals"": 2000000, ""max_unary"": 999, ""mutation_rate"": 0.1, ""ops"": [""+"", ""-"", ""*"", ""/"", ""sin"", ""cos"", ""exp"", ""log""], ""succ_error_tol"": 1e-06}","{""K"": 500, ""c"": 6.0, ""exploration_rate"": 0.1, ""gamma"": 0.5, ""gp_rate"": 0.5, ""lm_iterations"": 10, ""max_constants"": 999, ""max_depth"": 6, ""max_evals"": 2000000, ""max_unary"": 999, ""mutation_rate"": 0.1, ""ops"": [""+"", ""-"", ""*"", ""/"", ""sin"", ""cos"", ""exp"", ""log""], ""succ_error_tol"": 1e-06}",0.5
imcts,Livermore,10,Livermore-10,expression,10,29802,40,20,20,2,"[""x0"", ""x1""]",6*sin(x[0]) * cos(x[1]),0.9999999403953552,True,1.0,1.0,6.0,795499,5.192647042975295,0.0,0,cos(x1) * (sin(x0) + sin(x0) + sin(x0) + sin(x0) + sin(x0) + sin(x0)),cos(x1) * (sin(x0) + sin(x0) + sin(x0) + sin(x0) + sin(x0) + sin(x0)),6*sin(x0)*cos(x1),[],"{""K"": 500, ""c"": 6.0, ""exploration_rate"": 0.1, ""gamma"": 0.5, ""gp_rate"": 0.5, ""lm_iterations"": 10, ""max_constants"": 999, ""max_depth"": 6, ""max_evals"": 2000000, ""max_unary"": 999, ""mutation_rate"": 0.1, ""ops"": [""+"", ""-"", ""*"", ""/"", ""sin"", ""cos"", ""exp"", ""log""], ""succ_error_tol"": 1e-06}","{""K"": 500, ""c"": 6.0, ""exploration_rate"": 0.1, ""gamma"": 0.5, ""gp_rate"": 0.5, ""lm_iterations"": 10, ""max_constants"": 999, ""max_depth"": 6, ""max_evals"": 2000000, ""max_unary"": 999, ""mutation_rate"": 0.1, ""ops"": [""+"", ""-"", ""*"", ""/"", ""sin"", ""cos"", ""exp"", ""log""], ""succ_error_tol"": 1e-06}",0.5
imcts,Livermore,10,Livermore-10,expression,11,21575,40,20,20,2,"[""x0"", ""x1""]",6*sin(x[0]) * cos(x[1]),0.996624767780304,False,0.9999885301612478,0.9999887958930587,15.0,2000007,13.94953581795562,0.0,0,(sin(x0) + x0 + x0) * cos(x1) + (sin(x0) + sin(x0)) * cos(x1) + x0 * cos(x1) * cos(x0),(sin(x0) + x0 + x0) * cos(x1) + (sin(x0) + sin(x0)) * cos(x1) + x0 * cos(x1) * cos(x0),(x0*cos(x0) + 2*x0 + 3*sin(x0))*cos(x1),[],"{""K"": 500, ""c"": 6.0, ""exploration_rate"": 0.1, ""gamma"": 0.5, ""gp_rate"": 0.5, ""lm_iterations"": 10, ""max_constants"": 999, ""max_depth"": 6, ""max_evals"": 2000000, ""max_unary"": 999, ""mutation_rate"": 0.1, ""ops"": [""+"", ""-"", ""*"", ""/"", ""sin"", ""cos"", ""exp"", ""log""], ""succ_error_tol"": 1e-06}","{""K"": 500, ""c"": 6.0, ""exploration_rate"": 0.1, ""gamma"": 0.5, ""gp_rate"": 0.5, ""lm_iterations"": 10, ""max_constants"": 999, ""max_depth"": 6, ""max_evals"": 2000000, ""max_unary"": 999, ""mutation_rate"": 0.1, ""ops"": [""+"", ""-"", ""*"", ""/"", ""sin"", ""cos"", ""exp"", ""log""], ""succ_error_tol"": 1e-06}",0.5
imcts,Livermore,10,Livermore-10,expression,12,11964,40,20,20,2,"[""x0"", ""x1""]",6*sin(x[0]) * cos(x[1]),0.9999999403953552,True,1.0,1.0,6.0,96591,0.48546092299511656,0.0,0,(cos(x1) + cos(x1) + cos(x1)) * (sin(x0) + sin(x0)),(cos(x1) + cos(x1) + cos(x1)) * (sin(x0) + sin(x0)),6*sin(x0)*cos(x1),[],"{""K"": 500, ""c"": 6.0, ""exploration_rate"": 0.1, ""gamma"": 0.5, ""gp_rate"": 0.5, ""lm_iterations"": 10, ""max_constants"": 999, ""max_depth"": 6, ""max_evals"": 2000000, ""max_unary"": 999, ""mutation_rate"": 0.1, ""ops"": [""+"", ""-"", ""*"", ""/"", ""sin"", ""cos"", ""exp"", ""log""], ""succ_error_tol"": 1e-06}","{""K"": 500, ""c"": 6.0, ""exploration_rate"": 0.1, ""gamma"": 0.5, ""gp_rate"": 0.5, ""lm_iterations"": 10, ""max_constants"": 999, ""max_depth"": 6, ""max_evals"": 2000000, ""max_unary"": 999, ""mutation_rate"": 0.1, ""ops"": [""+"", ""-"", ""*"", ""/"", ""sin"", ""cos"", ""exp"", ""log""], ""succ_error_tol"": 1e-06}",0.5
imcts,Livermore,10,Livermore-10,expression,13,11284,40,20,20,2,"[""x0"", ""x1""]",6*sin(x[0]) * cos(x[1]),0.9999999403953552,True,1.0,1.0,6.0,192007,1.0536954870331101,0.0,0,cos(x1) * sin(x0) + cos(x1) * sin(x0) + (sin(x0) + sin(x0)) * (cos(x1) + cos(x1)),cos(x1) * sin(x0) + cos(x1) * sin(x0) + (sin(x0) + sin(x0)) * (cos(x1) + cos(x1)),6*sin(x0)*cos(x1),[],"{""K"": 500, ""c"": 6.0, ""exploration_rate"": 0.1, ""gamma"": 0.5, ""gp_rate"": 0.5, ""lm_iterations"": 10, ""max_constants"": 999, ""max_depth"": 6, ""max_evals"": 2000000, ""max_unary"": 999, ""mutation_rate"": 0.1, ""ops"": [""+"", ""-"", ""*"", ""/"", ""sin"", ""cos"", ""exp"", ""log""], ""succ_error_tol"": 1e-06}","{""K"": 500, ""c"": 6.0, ""exploration_rate"": 0.1, ""gamma"": 0.5, ""gp_rate"": 0.5, ""lm_iterations"": 10, ""max_constants"": 999, ""max_depth"": 6, ""max_evals"": 2000000, ""max_unary"": 999, ""mutation_rate"": 0.1, ""ops"": [""+"", ""-"", ""*"", ""/"", ""sin"", ""cos"", ""exp"", ""log""], ""succ_error_tol"": 1e-06}",0.5
imcts,Livermore,10,Livermore-10,expression,14,22118,40,20,20,2,"[""x0"", ""x1""]",6*sin(x[0]) * cos(x[1]),0.9999999403953552,True,1.0,1.0,6.0,276029,1.611588677042164,0.0,0,(sin(x0) + sin(x0)) * (cos(x1) + cos(x1) + cos(x1)),(sin(x0) + sin(x0)) * (cos(x1) + cos(x1) + cos(x1)),6*sin(x0)*cos(x1),[],"{""K"": 500, ""c"": 6.0, ""exploration_rate"": 0.1, ""gamma"": 0.5, ""gp_rate"": 0.5, ""lm_iterations"": 10, ""max_constants"": 999, ""max_depth"": 6, ""max_evals"": 2000000, ""max_unary"": 999, ""mutation_rate"": 0.1, ""ops"": [""+"", ""-"", ""*"", ""/"", ""sin"", ""cos"", ""exp"", ""log""], ""succ_error_tol"": 1e-06}","{""K"": 500, ""c"": 6.0, ""exploration_rate"": 0.1, ""gamma"": 0.5, ""gp_rate"": 0.5, ""lm_iterations"": 10, ""max_constants"": 999, ""max_depth"": 6, ""max_evals"": 2000000, ""max_unary"": 999, ""mutation_rate"": 0.1, ""ops"": [""+"", ""-"", ""*"", ""/"", ""sin"", ""cos"", ""exp"", ""log""], ""succ_error_tol"": 1e-06}",0.5
imcts,Livermore,10,Livermore-10,expression,15,6265,40,20,20,2,"[""x0"", ""x1""]",6*sin(x[0]) * cos(x[1]),0.9769523739814758,False,0.9994434487060992,0.9996161641869283,15.0,2000004,13.25795159500558,0.0,0,cos(x1) * x0 * (exp(cos(x0)) + exp(cos(x0)) + x0 * cos(x0) + x0),cos(x1) * x0 * (exp(cos(x0)) + exp(cos(x0)) + x0 * cos(x0) + x0),x0*(x0*cos(x0) + x0 + 2*exp(cos(x0)))*cos(x1),[],"{""K"": 500, ""c"": 6.0, ""exploration_rate"": 0.1, ""gamma"": 0.5, ""gp_rate"": 0.5, ""lm_iterations"": 10, ""max_constants"": 999, ""max_depth"": 6, ""max_evals"": 2000000, ""max_unary"": 999, ""mutation_rate"": 0.1, ""ops"": [""+"", ""-"", ""*"", ""/"", ""sin"", ""cos"", ""exp"", ""log""], ""succ_error_tol"": 1e-06}","{""K"": 500, ""c"": 6.0, ""exploration_rate"": 0.1, ""gamma"": 0.5, ""gp_rate"": 0.5, ""lm_iterations"": 10, ""max_constants"": 999, ""max_depth"": 6, ""max_evals"": 2000000, ""max_unary"": 999, ""mutation_rate"": 0.1, ""ops"": [""+"", ""-"", ""*"", ""/"", ""sin"", ""cos"", ""exp"", ""log""], ""succ_error_tol"": 1e-06}",0.5
imcts,Livermore,10,Livermore-10,expression,16,11363,40,20,20,2,"[""x0"", ""x1""]",6*sin(x[0]) * cos(x[1]),0.9908552169799805,False,0.9999148215279787,0.9998744610613892,16.0,2000007,13.406678796047345,0.0,0,sin(x0) * cos(x1) * (exp(cos(x0)) + cos(x0 * x0) + x0 / x0 + exp(x0)),sin(x0) * cos(x1) * (exp(cos(x0)) + cos(x0 * x0) + x0 / x0 + exp(x0)),(exp(x0) + exp(cos(x0)) + cos(x0**2) + 1)*sin(x0)*cos(x1),[],"{""K"": 500, ""c"": 6.0, ""exploration_rate"": 0.1, ""gamma"": 0.5, ""gp_rate"": 0.5, ""lm_iterations"": 10, ""max_constants"": 999, ""max_depth"": 6, ""max_evals"": 2000000, ""max_unary"": 999, ""mutation_rate"": 0.1, ""ops"": [""+"", ""-"", ""*"", ""/"", ""sin"", ""cos"", ""exp"", ""log""], ""succ_error_tol"": 1e-06}","{""K"": 500, ""c"": 6.0, ""exploration_rate"": 0.1, ""gamma"": 0.5, ""gp_rate"": 0.5, ""lm_iterations"": 10, ""max_constants"": 999, ""max_depth"": 6, ""max_evals"": 2000000, ""max_unary"": 999, ""mutation_rate"": 0.1, ""ops"": [""+"", ""-"", ""*"", ""/"", ""sin"", ""cos"", ""exp"", ""log""], ""succ_error_tol"": 1e-06}",0.5
imcts,Livermore,10,Livermore-10,expression,17,27495,40,20,20,2,"[""x0"", ""x1""]",6*sin(x[0]) * cos(x[1]),0.9950745701789856,False,0.9999754998208196,0.999956914239131,17.0,2000006,13.611358280002605,0.0,0,(cos(x1 + x1) + cos(x1) + cos(x1)) * sin(x0) + sin(x0) + sin(x0) + cos(x1 * x1) * sin(x0),(cos(x1 + x1) + cos(x1) + cos(x1)) * sin(x0) + sin(x0) + sin(x0) + cos(x1 * x1) * sin(x0),(2*cos(x1) + cos(2*x1) + cos(x1**2) + 2)*sin(x0),[],"{""K"": 500, ""c"": 6.0, ""exploration_rate"": 0.1, ""gamma"": 0.5, ""gp_rate"": 0.5, ""lm_iterations"": 10, ""max_constants"": 999, ""max_depth"": 6, ""max_evals"": 2000000, ""max_unary"": 999, ""mutation_rate"": 0.1, ""ops"": [""+"", ""-"", ""*"", ""/"", ""sin"", ""cos"", ""exp"", ""log""], ""succ_error_tol"": 1e-06}","{""K"": 500, ""c"": 6.0, ""exploration_rate"": 0.1, ""gamma"": 0.5, ""gp_rate"": 0.5, ""lm_iterations"": 10, ""max_constants"": 999, ""max_depth"": 6, ""max_evals"": 2000000, ""max_unary"": 999, ""mutation_rate"": 0.1, ""ops"": [""+"", ""-"", ""*"", ""/"", ""sin"", ""cos"", ""exp"", ""log""], ""succ_error_tol"": 1e-06}",0.5
imcts,Livermore,10,Livermore-10,expression,18,16023,40,20,20,2,"[""x0"", ""x1""]",6*sin(x[0]) * cos(x[1]),0.9912607073783875,False,0.9999222723700355,0.9999709424244023,9.0,2000004,13.9388466970413,0.0,0,(cos(x0) * cos(x1) + cos(x1) + cos(x1)) * (x0 + x0),(cos(x0) * cos(x1) + cos(x1) + cos(x1)) * (x0 + x0),2*x0*(cos(x0) + 2)*cos(x1),[],"{""K"": 500, ""c"": 6.0, ""exploration_rate"": 0.1, ""gamma"": 0.5, ""gp_rate"": 0.5, ""lm_iterations"": 10, ""max_constants"": 999, ""max_depth"": 6, ""max_evals"": 2000000, ""max_unary"": 999, ""mutation_rate"": 0.1, ""ops"": [""+"", ""-"", ""*"", ""/"", ""sin"", ""cos"", ""exp"", ""log""], ""succ_error_tol"": 1e-06}","{""K"": 500, ""c"": 6.0, ""exploration_rate"": 0.1, ""gamma"": 0.5, ""gp_rate"": 0.5, ""lm_iterations"": 10, ""max_constants"": 999, ""max_depth"": 6, ""max_evals"": 2000000, ""max_unary"": 999, ""mutation_rate"": 0.1, ""ops"": [""+"", ""-"", ""*"", ""/"", ""sin"", ""cos"", ""exp"", ""log""], ""succ_error_tol"": 1e-06}",0.5
imcts,Livermore,10,Livermore-10,expression,19,8322,40,20,20,2,"[""x0"", ""x1""]",6*sin(x[0]) * cos(x[1]),0.9999999403953552,True,1.0,1.0,6.0,383096,2.1635570579674095,0.0,0,cos(x1) * (sin(x0) + sin(x0) + sin(x0) + sin(x0) + sin(x0) + sin(x0)),cos(x1) * (sin(x0) + sin(x0) + sin(x0) + sin(x0) + sin(x0) + sin(x0)),6*sin(x0)*cos(x1),[],"{""K"": 500, ""c"": 6.0, ""exploration_rate"": 0.1, ""gamma"": 0.5, ""gp_rate"": 0.5, ""lm_iterations"": 10, ""max_constants"": 999, ""max_depth"": 6, ""max_evals"": 2000000, ""max_unary"": 999, ""mutation_rate"": 0.1, ""ops"": [""+"", ""-"", ""*"", ""/"", ""sin"", ""cos"", ""exp"", ""log""], ""succ_error_tol"": 1e-06}","{""K"": 500, ""c"": 6.0, ""exploration_rate"": 0.1, ""gamma"": 0.5, ""gp_rate"": 0.5, ""lm_iterations"": 10, ""max_constants"": 999, ""max_depth"": 6, ""max_evals"": 2000000, ""max_unary"": 999, ""mutation_rate"": 0.1, ""ops"": [""+"", ""-"", ""*"", ""/"", ""sin"", ""cos"", ""exp"", ""log""], ""succ_error_tol"": 1e-06}",0.5
imcts,Livermore,10,Livermore-10,expression,20,1685,40,20,20,2,"[""x0"", ""x1""]",6*sin(x[0]) * cos(x[1]),0.9854071140289307,False,0.9997806937147603,0.9998039717394301,30.0,2000007,13.499806843989063,0.0,0,(x0 + x0) * cos(x1) + exp(cos(x1)) * sin(x0) + sin(x0) * cos(x1) / exp(x0 * x0) * cos(x1 * x1) * exp(sin(x0)),(x0 + x0) * cos(x1) + exp(cos(x1)) * sin(x0) + sin(x0) * cos(x1) / exp(x0 * x0) * cos(x1 * x1) * exp(sin(x0)),2*x0*cos(x1) + exp(-x0**2 + sin(x0))*sin(x0)*cos(x1)*cos(x1**2) + exp(cos(x1))*sin(x0),[],"{""K"": 500, ""c"": 6.0, ""exploration_rate"": 0.1, ""gamma"": 0.5, ""gp_rate"": 0.5, ""lm_iterations"": 10, ""max_constants"": 999, ""max_depth"": 6, ""max_evals"": 2000000, ""max_unary"": 999, ""mutation_rate"": 0.1, ""ops"": [""+"", ""-"", ""*"", ""/"", ""sin"", ""cos"", ""exp"", ""log""], ""succ_error_tol"": 1e-06}","{""K"": 500, ""c"": 6.0, ""exploration_rate"": 0.1, ""gamma"": 0.5, ""gp_rate"": 0.5, ""lm_iterations"": 10, ""max_constants"": 999, ""max_depth"": 6, ""max_evals"": 2000000, ""max_unary"": 999, ""mutation_rate"": 0.1, ""ops"": [""+"", ""-"", ""*"", ""/"", ""sin"", ""cos"", ""exp"", ""log""], ""succ_error_tol"": 1e-06}",0.5
imcts,Livermore,10,Livermore-10,expression,21,32052,40,20,20,2,"[""x0"", ""x1""]",6*sin(x[0]) * cos(x[1]),0.9999999403953552,True,1.0,1.0,6.0,420044,2.450264485029038,0.0,0,(cos(x1) + cos(x1)) * (sin(x0) + sin(x0) + sin(x0)),(cos(x1) + cos(x1)) * (sin(x0) + sin(x0) + sin(x0)),6*sin(x0)*cos(x1),[],"{""K"": 500, ""c"": 6.0, ""exploration_rate"": 0.1, ""gamma"": 0.5, ""gp_rate"": 0.5, ""lm_iterations"": 10, ""max_constants"": 999, ""max_depth"": 6, ""max_evals"": 2000000, ""max_unary"": 999, ""mutation_rate"": 0.1, ""ops"": [""+"", ""-"", ""*"", ""/"", ""sin"", ""cos"", ""exp"", ""log""], ""succ_error_tol"": 1e-06}","{""K"": 500, ""c"": 6.0, ""exploration_rate"": 0.1, ""gamma"": 0.5, ""gp_rate"": 0.5, ""lm_iterations"": 10, ""max_constants"": 999, ""max_depth"": 6, ""max_evals"": 2000000, ""max_unary"": 999, ""mutation_rate"": 0.1, ""ops"": [""+"", ""-"", ""*"", ""/"", ""sin"", ""cos"", ""exp"", ""log""], ""succ_error_tol"": 1e-06}",0.5
imcts,Livermore,10,Livermore-10,expression,22,769,40,20,20,2,"[""x0"", ""x1""]",6*sin(x[0]) * cos(x[1]),0.9881965517997742,False,0.9998573309767468,0.9999066361224872,16.0,2000008,13.235027960967273,0.0,0,sin(x0) * cos(x1) * (exp(x1 - x1) + exp(cos(x0)) + cos(x0 * x0) + exp(x0)),sin(x0) * cos(x1) * (exp(x1 - x1) + exp(cos(x0)) + cos(x0 * x0) + exp(x0)),(exp(x0) + exp(cos(x0)) + cos(x0**2) + 1)*sin(x0)*cos(x1),[],"{""K"": 500, ""c"": 6.0, ""exploration_rate"": 0.1, ""gamma"": 0.5, ""gp_rate"": 0.5, ""lm_iterations"": 10, ""max_constants"": 999, ""max_depth"": 6, ""max_evals"": 2000000, ""max_unary"": 999, ""mutation_rate"": 0.1, ""ops"": [""+"", ""-"", ""*"", ""/"", ""sin"", ""cos"", ""exp"", ""log""], ""succ_error_tol"": 1e-06}","{""K"": 500, ""c"": 6.0, ""exploration_rate"": 0.1, ""gamma"": 0.5, ""gp_rate"": 0.5, ""lm_iterations"": 10, ""max_constants"": 999, ""max_depth"": 6, ""max_evals"": 2000000, ""max_unary"": 999, ""mutation_rate"": 0.1, ""ops"": [""+"", ""-"", ""*"", ""/"", ""sin"", ""cos"", ""exp"", ""log""], ""succ_error_tol"": 1e-06}",0.5
imcts,Livermore,10,Livermore-10,expression,23,26967,40,20,20,2,"[""x0"", ""x1""]",6*sin(x[0]) * cos(x[1]),0.9999999403953552,True,1.0,1.0,6.0,522990,3.134599753015209,0.0,0,(cos(x1) + cos(x1)) * (sin(x0) + sin(x0) + sin(x0)),(cos(x1) + cos(x1)) * (sin(x0) + sin(x0) + sin(x0)),6*sin(x0)*cos(x1),[],"{""K"": 500, ""c"": 6.0, ""exploration_rate"": 0.1, ""gamma"": 0.5, ""gp_rate"": 0.5, ""lm_iterations"": 10, ""max_constants"": 999, ""max_depth"": 6, ""max_evals"": 2000000, ""max_unary"": 999, ""mutation_rate"": 0.1, ""ops"": [""+"", ""-"", ""*"", ""/"", ""sin"", ""cos"", ""exp"", ""log""], ""succ_error_tol"": 1e-06}","{""K"": 500, ""c"": 6.0, ""exploration_rate"": 0.1, ""gamma"": 0.5, ""gp_rate"": 0.5, ""lm_iterations"": 10, ""max_constants"": 999, ""max_depth"": 6, ""max_evals"": 2000000, ""max_unary"": 999, ""mutation_rate"": 0.1, ""ops"": [""+"", ""-"", ""*"", ""/"", ""sin"", ""cos"", ""exp"", ""log""], ""succ_error_tol"": 1e-06}",0.5
imcts,Livermore,10,Livermore-10,expression,24,30187,40,20,20,2,"[""x0"", ""x1""]",6*sin(x[0]) * cos(x[1]),0.9999999403953552,True,1.0,1.0,6.0,226988,1.2490205849753693,0.0,0,(sin(x0) + sin(x0) + sin(x0) + sin(x0) + sin(x0) + sin(x0)) * cos(x1),(sin(x0) + sin(x0) + sin(x0) + sin(x0) + sin(x0) + sin(x0)) * cos(x1),6*sin(x0)*cos(x1),[],"{""K"": 500, ""c"": 6.0, ""exploration_rate"": 0.1, ""gamma"": 0.5, ""gp_rate"": 0.5, ""lm_iterations"": 10, ""max_constants"": 999, ""max_depth"": 6, ""max_evals"": 2000000, ""max_unary"": 999, ""mutation_rate"": 0.1, ""ops"": [""+"", ""-"", ""*"", ""/"", ""sin"", ""cos"", ""exp"", ""log""], ""succ_error_tol"": 1e-06}","{""K"": 500, ""c"": 6.0, ""exploration_rate"": 0.1, ""gamma"": 0.5, ""gp_rate"": 0.5, ""lm_iterations"": 10, ""max_constants"": 999, ""max_depth"": 6, ""max_evals"": 2000000, ""max_unary"": 999, ""mutation_rate"": 0.1, ""ops"": [""+"", ""-"", ""*"", ""/"", ""sin"", ""cos"", ""exp"", ""log""], ""succ_error_tol"": 1e-06}",0.5
imcts,Livermore,10,Livermore-10,expression,25,32157,40,20,20,2,"[""x0"", ""x1""]",6*sin(x[0]) * cos(x[1]),0.9999999403953552,True,1.0,1.0,6.0,499160,3.010198650008533,0.0,0,(sin(x0) + sin(x0) + sin(x0)) * cos(x1) + (sin(x0) + sin(x0) + sin(x0)) * cos(x1),(sin(x0) + sin(x0) + sin(x0)) * cos(x1) + (sin(x0) + sin(x0) + sin(x0)) * cos(x1),6*sin(x0)*cos(x1),[],"{""K"": 500, ""c"": 6.0, ""exploration_rate"": 0.1, ""gamma"": 0.5, ""gp_rate"": 0.5, ""lm_iterations"": 10, ""max_constants"": 999, ""max_depth"": 6, ""max_evals"": 2000000, ""max_unary"": 999, ""mutation_rate"": 0.1, ""ops"": [""+"", ""-"", ""*"", ""/"", ""sin"", ""cos"", ""exp"", ""log""], ""succ_error_tol"": 1e-06}","{""K"": 500, ""c"": 6.0, ""exploration_rate"": 0.1, ""gamma"": 0.5, ""gp_rate"": 0.5, ""lm_iterations"": 10, ""max_constants"": 999, ""max_depth"": 6, ""max_evals"": 2000000, ""max_unary"": 999, ""mutation_rate"": 0.1, ""ops"": [""+"", ""-"", ""*"", ""/"", ""sin"", ""cos"", ""exp"", ""log""], ""succ_error_tol"": 1e-06}",0.5
imcts,Livermore,10,Livermore-10,expression,26,23333,40,20,20,2,"[""x0"", ""x1""]",6*sin(x[0]) * cos(x[1]),0.9904940724372864,False,0.9999078953011088,0.9997550429742091,44.0,2000002,13.565254891000222,0.0,0,(x0 + sin(x0)) * exp(cos(x1)) - (x0 * x0 - x0) / (cos(x0) * exp(x1)) - (x1 - sin(x1)) * (x0 + x0 * x1) * sin(x1 * x1) * exp(cos(x1)),(x0 + sin(x0)) * exp(cos(x1)) - (x0 * x0 - x0) / (cos(x0) * exp(x1)) - (x1 - sin(x1)) * (x0 + x0 * x1) * sin(x1 * x1) * exp(cos(x1)),(-x0**2 + x0 + (-x0*(x1 + 1)*(x1 - sin(x1))*sin(x1**2) + x0 + sin(x0))*exp(x1 + cos(x1))*cos(x0))*exp(-x1)/cos(x0),[],"{""K"": 500, ""c"": 6.0, ""exploration_rate"": 0.1, ""gamma"": 0.5, ""gp_rate"": 0.5, ""lm_iterations"": 10, ""max_constants"": 999, ""max_depth"": 6, ""max_evals"": 2000000, ""max_unary"": 999, ""mutation_rate"": 0.1, ""ops"": [""+"", ""-"", ""*"", ""/"", ""sin"", ""cos"", ""exp"", ""log""], ""succ_error_tol"": 1e-06}","{""K"": 500, ""c"": 6.0, ""exploration_rate"": 0.1, ""gamma"": 0.5, ""gp_rate"": 0.5, ""lm_iterations"": 10, ""max_constants"": 999, ""max_depth"": 6, ""max_evals"": 2000000, ""max_unary"": 999, ""mutation_rate"": 0.1, ""ops"": [""+"", ""-"", ""*"", ""/"", ""sin"", ""cos"", ""exp"", ""log""], ""succ_error_tol"": 1e-06}",0.5
imcts,Livermore,10,Livermore-10,expression,27,2433,40,20,20,2,"[""x0"", ""x1""]",6*sin(x[0]) * cos(x[1]),0.9999999403953552,True,1.0,1.0,6.0,692751,4.269846574985422,0.0,0,(sin(x0) + sin(x0) + sin(x0)) * (cos(x1) + cos(x1)),(sin(x0) + sin(x0) + sin(x0)) * (cos(x1) + cos(x1)),6*sin(x0)*cos(x1),[],"{""K"": 500, ""c"": 6.0, ""exploration_rate"": 0.1, ""gamma"": 0.5, ""gp_rate"": 0.5, ""lm_iterations"": 10, ""max_constants"": 999, ""max_depth"": 6, ""max_evals"": 2000000, ""max_unary"": 999, ""mutation_rate"": 0.1, ""ops"": [""+"", ""-"", ""*"", ""/"", ""sin"", ""cos"", ""exp"", ""log""], ""succ_error_tol"": 1e-06}","{""K"": 500, ""c"": 6.0, ""exploration_rate"": 0.1, ""gamma"": 0.5, ""gp_rate"": 0.5, ""lm_iterations"": 10, ""max_constants"": 999, ""max_depth"": 6, ""max_evals"": 2000000, ""max_unary"": 999, ""mutation_rate"": 0.1, ""ops"": [""+"", ""-"", ""*"", ""/"", ""sin"", ""cos"", ""exp"", ""log""], ""succ_error_tol"": 1e-06}",0.5
imcts,Livermore,10,Livermore-10,expression,28,5311,40,20,20,2,"[""x0"", ""x1""]",6*sin(x[0]) * cos(x[1]),0.9901137948036194,False,0.9999003018748044,0.9993770364504954,27.0,2000002,13.261241063999478,0.0,0,cos(x1) * x0 + x0 + x0 + cos(x1) * sin(x0) + sin(x0) * cos(x0) + sin(x0) - sin(x1) * x1 * (x0 + x0),cos(x1) * x0 + x0 + x0 + cos(x1) * sin(x0) + sin(x0) * cos(x0) + sin(x0) - sin(x1) * x1 * (x0 + x0),-2*x0*x1*sin(x1) + x0*cos(x1) + 2*x0 + sin(x0)*cos(x1) + sin(x0) + sin(2*x0)/2,[],"{""K"": 500, ""c"": 6.0, ""exploration_rate"": 0.1, ""gamma"": 0.5, ""gp_rate"": 0.5, ""lm_iterations"": 10, ""max_constants"": 999, ""max_depth"": 6, ""max_evals"": 2000000, ""max_unary"": 999, ""mutation_rate"": 0.1, ""ops"": [""+"", ""-"", ""*"", ""/"", ""sin"", ""cos"", ""exp"", ""log""], ""succ_error_tol"": 1e-06}","{""K"": 500, ""c"": 6.0, ""exploration_rate"": 0.1, ""gamma"": 0.5, ""gp_rate"": 0.5, ""lm_iterations"": 10, ""max_constants"": 999, ""max_depth"": 6, ""max_evals"": 2000000, ""max_unary"": 999, ""mutation_rate"": 0.1, ""ops"": [""+"", ""-"", ""*"", ""/"", ""sin"", ""cos"", ""exp"", ""log""], ""succ_error_tol"": 1e-06}",0.5
imcts,Livermore,10,Livermore-10,expression,29,5051,40,20,20,2,"[""x0"", ""x1""]",6*sin(x[0]) * cos(x[1]),0.9919087290763855,False,0.9999334580427459,0.9983045501301465,19.0,2000002,13.919140438956674,0.0,0,cos(x1 + x0) * x0 * cos(x1 - x0) + x0 + x0 * cos(x1) + cos(x1) * (x0 + x0 + x0),cos(x1 + x0) * x0 * cos(x1 - x0) + x0 + x0 * cos(x1) + cos(x1) * (x0 + x0 + x0),x0*(4*cos(x1) + cos(x0 - x1)*cos(x0 + x1) + 1),[],"{""K"": 500, ""c"": 6.0, ""exploration_rate"": 0.1, ""gamma"": 0.5, ""gp_rate"": 0.5, ""lm_iterations"": 10, ""max_constants"": 999, ""max_depth"": 6, ""max_evals"": 2000000, ""max_unary"": 999, ""mutation_rate"": 0.1, ""ops"": [""+"", ""-"", ""*"", ""/"", ""sin"", ""cos"", ""exp"", ""log""], ""succ_error_tol"": 1e-06}","{""K"": 500, ""c"": 6.0, ""exploration_rate"": 0.1, ""gamma"": 0.5, ""gp_rate"": 0.5, ""lm_iterations"": 10, ""max_constants"": 999, ""max_depth"": 6, ""max_evals"": 2000000, ""max_unary"": 999, ""mutation_rate"": 0.1, ""ops"": [""+"", ""-"", ""*"", ""/"", ""sin"", ""cos"", ""exp"", ""log""], ""succ_error_tol"": 1e-06}",0.5
imcts,Livermore,10,Livermore-10,expression,30,6420,40,20,20,2,"[""x0"", ""x1""]",6*sin(x[0]) * cos(x[1]),0.981397807598114,False,0.9996407163119455,0.9987218151884582,28.0,2000004,13.47298551799031,0.0,0,(x0 + sin(x0)) * cos(x1 * x0) + x0 * exp(cos(x1)) + cos(x0 * x0) * sin(x0) * cos(x1 * x1 + x1 * x1),(x0 + sin(x0)) * cos(x1 * x0) + x0 * exp(cos(x1)) + cos(x0 * x0) * sin(x0) * cos(x1 * x1 + x1 * x1),x0*exp(cos(x1)) + (x0 + sin(x0))*cos(x0*x1) + sin(x0)*cos(x0**2)*cos(2*x1**2),[],"{""K"": 500, ""c"": 6.0, ""exploration_rate"": 0.1, ""gamma"": 0.5, ""gp_rate"": 0.5, ""lm_iterations"": 10, ""max_constants"": 999, ""max_depth"": 6, ""max_evals"": 2000000, ""max_unary"": 999, ""mutation_rate"": 0.1, ""ops"": [""+"", ""-"", ""*"", ""/"", ""sin"", ""cos"", ""exp"", ""log""], ""succ_error_tol"": 1e-06}","{""K"": 500, ""c"": 6.0, ""exploration_rate"": 0.1, ""gamma"": 0.5, ""gp_rate"": 0.5, ""lm_iterations"": 10, ""max_constants"": 999, ""max_depth"": 6, ""max_evals"": 2000000, ""max_unary"": 999, ""mutation_rate"": 0.1, ""ops"": [""+"", ""-"", ""*"", ""/"", ""sin"", ""cos"", ""exp"", ""log""], ""succ_error_tol"": 1e-06}",0.5
imcts,Livermore,10,Livermore-10,expression,31,17568,40,20,20,2,"[""x0"", ""x1""]",6*sin(x[0]) * cos(x[1]),0.9999998807907104,True,1.0,1.0,6.0,1505818,9.971483158995397,0.0,0,(cos(x1) + cos(x1) + cos(x1)) * (sin(x0) + sin(x0)),(cos(x1) + cos(x1) + cos(x1)) * (sin(x0) + sin(x0)),6*sin(x0)*cos(x1),[],"{""K"": 500, ""c"": 6.0, ""exploration_rate"": 0.1, ""gamma"": 0.5, ""gp_rate"": 0.5, ""lm_iterations"": 10, ""max_constants"": 999, ""max_depth"": 6, ""max_evals"": 2000000, ""max_unary"": 999, ""mutation_rate"": 0.1, ""ops"": [""+"", ""-"", ""*"", ""/"", ""sin"", ""cos"", ""exp"", ""log""], ""succ_error_tol"": 1e-06}","{""K"": 500, ""c"": 6.0, ""exploration_rate"": 0.1, ""gamma"": 0.5, ""gp_rate"": 0.5, ""lm_iterations"": 10, ""max_constants"": 999, ""max_depth"": 6, ""max_evals"": 2000000, ""max_unary"": 999, ""mutation_rate"": 0.1, ""ops"": [""+"", ""-"", ""*"", ""/"", ""sin"", ""cos"", ""exp"", ""log""], ""succ_error_tol"": 1e-06}",0.5
imcts,Livermore,10,Livermore-10,expression,32,20939,40,20,20,2,"[""x0"", ""x1""]",6*sin(x[0]) * cos(x[1]),0.9962520599365234,False,0.9999858469371541,0.9999817610578564,15.0,2000001,13.475184832001105,0.0,0,(x0 + x0 + sin(x0) + sin(x0)) * cos(x1) + cos(x1) * (x0 * cos(x0) + sin(x0)),(x0 + x0 + sin(x0) + sin(x0)) * cos(x1) + cos(x1) * (x0 * cos(x0) + sin(x0)),(x0*cos(x0) + 2*x0 + 3*sin(x0))*cos(x1),[],"{""K"": 500, ""c"": 6.0, ""exploration_rate"": 0.1, ""gamma"": 0.5, ""gp_rate"": 0.5, ""lm_iterations"": 10, ""max_constants"": 999, ""max_depth"": 6, ""max_evals"": 2000000, ""max_unary"": 999, ""mutation_rate"": 0.1, ""ops"": [""+"", ""-"", ""*"", ""/"", ""sin"", ""cos"", ""exp"", ""log""], ""succ_error_tol"": 1e-06}","{""K"": 500, ""c"": 6.0, ""exploration_rate"": 0.1, ""gamma"": 0.5, ""gp_rate"": 0.5, ""lm_iterations"": 10, ""max_constants"": 999, ""max_depth"": 6, ""max_evals"": 2000000, ""max_unary"": 999, ""mutation_rate"": 0.1, ""ops"": [""+"", ""-"", ""*"", ""/"", ""sin"", ""cos"", ""exp"", ""log""], ""succ_error_tol"": 1e-06}",0.5
imcts,Livermore,10,Livermore-10,expression,33,19769,40,20,20,2,"[""x0"", ""x1""]",6*sin(x[0]) * cos(x[1]),0.9999999403953552,True,1.0,1.0,6.0,194285,1.028894859016873,0.0,0,(cos(x1) + cos(x1)) * (sin(x0) + sin(x0) + sin(x0)),(cos(x1) + cos(x1)) * (sin(x0) + sin(x0) + sin(x0)),6*sin(x0)*cos(x1),[],"{""K"": 500, ""c"": 6.0, ""exploration_rate"": 0.1, ""gamma"": 0.5, ""gp_rate"": 0.5, ""lm_iterations"": 10, ""max_constants"": 999, ""max_depth"": 6, ""max_evals"": 2000000, ""max_unary"": 999, ""mutation_rate"": 0.1, ""ops"": [""+"", ""-"", ""*"", ""/"", ""sin"", ""cos"", ""exp"", ""log""], ""succ_error_tol"": 1e-06}","{""K"": 500, ""c"": 6.0, ""exploration_rate"": 0.1, ""gamma"": 0.5, ""gp_rate"": 0.5, ""lm_iterations"": 10, ""max_constants"": 999, ""max_depth"": 6, ""max_evals"": 2000000, ""max_unary"": 999, ""mutation_rate"": 0.1, ""ops"": [""+"", ""-"", ""*"", ""/"", ""sin"", ""cos"", ""exp"", ""log""], ""succ_error_tol"": 1e-06}",0.5
imcts,Livermore,10,Livermore-10,expression,34,28693,40,20,20,2,"[""x0"", ""x1""]",6*sin(x[0]) * cos(x[1]),0.9942965507507324,False,0.9999670963935458,0.9999474300925638,9.0,2000001,13.17596245801542,0.0,0,cos(x1) * x0 * (x0 / x0 + cos(x0) + cos(x0)) + x0 * (cos(x1) + cos(x1) + cos(x1)),cos(x1) * x0 * (x0 / x0 + cos(x0) + cos(x0)) + x0 * (cos(x1) + cos(x1) + cos(x1)),2*x0*(cos(x0) + 2)*cos(x1),[],"{""K"": 500, ""c"": 6.0, ""exploration_rate"": 0.1, ""gamma"": 0.5, ""gp_rate"": 0.5, ""lm_iterations"": 10, ""max_constants"": 999, ""max_depth"": 6, ""max_evals"": 2000000, ""max_unary"": 999, ""mutation_rate"": 0.1, ""ops"": [""+"", ""-"", ""*"", ""/"", ""sin"", ""cos"", ""exp"", ""log""], ""succ_error_tol"": 1e-06}","{""K"": 500, ""c"": 6.0, ""exploration_rate"": 0.1, ""gamma"": 0.5, ""gp_rate"": 0.5, ""lm_iterations"": 10, ""max_constants"": 999, ""max_depth"": 6, ""max_evals"": 2000000, ""max_unary"": 999, ""mutation_rate"": 0.1, ""ops"": [""+"", ""-"", ""*"", ""/"", ""sin"", ""cos"", ""exp"", ""log""], ""succ_error_tol"": 1e-06}",0.5
imcts,Livermore,10,Livermore-10,expression,35,6396,40,20,20,2,"[""x0"", ""x1""]",6*sin(x[0]) * cos(x[1]),0.9976786971092224,False,0.9999945864222527,0.9999733927233482,16.0,2000000,13.190929390955716,0.0,0,(x0 + x0) * (cos(x1) * cos(x0) + cos(x1) + cos(x1)) * cos(x0 * x0 * log(x0) * x0 * x0 * x0),(x0 + x0) * (cos(x1) * cos(x0) + cos(x1) + cos(x1)) * cos(x0 * x0 * log(x0) * x0 * x0 * x0),2*x0*(cos(x0) + 2)*cos(x1)*cos(x0**5*log(x0)),[],"{""K"": 500, ""c"": 6.0, ""exploration_rate"": 0.1, ""gamma"": 0.5, ""gp_rate"": 0.5, ""lm_iterations"": 10, ""max_constants"": 999, ""max_depth"": 6, ""max_evals"": 2000000, ""max_unary"": 999, ""mutation_rate"": 0.1, ""ops"": [""+"", ""-"", ""*"", ""/"", ""sin"", ""cos"", ""exp"", ""log""], ""succ_error_tol"": 1e-06}","{""K"": 500, ""c"": 6.0, ""exploration_rate"": 0.1, ""gamma"": 0.5, ""gp_rate"": 0.5, ""lm_iterations"": 10, ""max_constants"": 999, ""max_depth"": 6, ""max_evals"": 2000000, ""max_unary"": 999, ""mutation_rate"": 0.1, ""ops"": [""+"", ""-"", ""*"", ""/"", ""sin"", ""cos"", ""exp"", ""log""], ""succ_error_tol"": 1e-06}",0.5
imcts,Livermore,10,Livermore-10,expression,36,29419,40,20,20,2,"[""x0"", ""x1""]",6*sin(x[0]) * cos(x[1]),0.9948005080223083,False,0.9999726823125091,0.991859330764031,24.0,2000003,13.460296672012191,0.0,0,cos(x1) * sin(x0) + x0 + sin(x0) + (cos(x0) * x0 + x0 + sin(x0)) / exp(x1 * x1),cos(x1) * sin(x0) + x0 + sin(x0) + (cos(x0) * x0 + x0 + sin(x0)) / exp(x1 * x1),x0 + (x0*cos(x0) + x0 + sin(x0))*exp(-x1**2) + sin(x0)*cos(x1) + sin(x0),[],"{""K"": 500, ""c"": 6.0, ""exploration_rate"": 0.1, ""gamma"": 0.5, ""gp_rate"": 0.5, ""lm_iterations"": 10, ""max_constants"": 999, ""max_depth"": 6, ""max_evals"": 2000000, ""max_unary"": 999, ""mutation_rate"": 0.1, ""ops"": [""+"", ""-"", ""*"", ""/"", ""sin"", ""cos"", ""exp"", ""log""], ""succ_error_tol"": 1e-06}","{""K"": 500, ""c"": 6.0, ""exploration_rate"": 0.1, ""gamma"": 0.5, ""gp_rate"": 0.5, ""lm_iterations"": 10, ""max_constants"": 999, ""max_depth"": 6, ""max_evals"": 2000000, ""max_unary"": 999, ""mutation_rate"": 0.1, ""ops"": [""+"", ""-"", ""*"", ""/"", ""sin"", ""cos"", ""exp"", ""log""], ""succ_error_tol"": 1e-06}",0.5
imcts,Livermore,10,Livermore-10,expression,37,27480,40,20,20,2,"[""x0"", ""x1""]",6*sin(x[0]) * cos(x[1]),0.9955459237098694,False,0.9999799829377902,0.9999461227360797,26.0,2000000,13.71835497498978,0.0,0,sin(x0) + sin(x0) - x1 * x0 * x1 + x0 + cos(x1) * sin(x0) + x0 * cos(x1) * (cos(x0) + cos(x1)),sin(x0) + sin(x0) - x1 * x0 * x1 + x0 + cos(x1) * sin(x0) + x0 * cos(x1) * (cos(x0) + cos(x1)),-x0*x1**2 + x0*(cos(x0) + cos(x1))*cos(x1) + x0 + sin(x0)*cos(x1) + 2*sin(x0),[],"{""K"": 500, ""c"": 6.0, ""exploration_rate"": 0.1, ""gamma"": 0.5, ""gp_rate"": 0.5, ""lm_iterations"": 10, ""max_constants"": 999, ""max_depth"": 6, ""max_evals"": 2000000, ""max_unary"": 999, ""mutation_rate"": 0.1, ""ops"": [""+"", ""-"", ""*"", ""/"", ""sin"", ""cos"", ""exp"", ""log""], ""succ_error_tol"": 1e-06}","{""K"": 500, ""c"": 6.0, ""exploration_rate"": 0.1, ""gamma"": 0.5, ""gp_rate"": 0.5, ""lm_iterations"": 10, ""max_constants"": 999, ""max_depth"": 6, ""max_evals"": 2000000, ""max_unary"": 999, ""mutation_rate"": 0.1, ""ops"": [""+"", ""-"", ""*"", ""/"", ""sin"", ""cos"", ""exp"", ""log""], ""succ_error_tol"": 1e-06}",0.5
imcts,Livermore,10,Livermore-10,expression,38,32304,40,20,20,2,"[""x0"", ""x1""]",6*sin(x[0]) * cos(x[1]),0.9999999403953552,True,1.0,1.0,6.0,1963055,13.756402690021787,0.0,0,sin(x0) * cos(x1) + (sin(x0) + sin(x0)) * cos(x1) + sin(x0) * cos(x1) + (sin(x0) + sin(x0)) * cos(x1),sin(x0) * cos(x1) + (sin(x0) + sin(x0)) * cos(x1) + sin(x0) * cos(x1) + (sin(x0) + sin(x0)) * cos(x1),6*sin(x0)*cos(x1),[],"{""K"": 500, ""c"": 6.0, ""exploration_rate"": 0.1, ""gamma"": 0.5, ""gp_rate"": 0.5, ""lm_iterations"": 10, ""max_constants"": 999, ""max_depth"": 6, ""max_evals"": 2000000, ""max_unary"": 999, ""mutation_rate"": 0.1, ""ops"": [""+"", ""-"", ""*"", ""/"", ""sin"", ""cos"", ""exp"", ""log""], ""succ_error_tol"": 1e-06}","{""K"": 500, ""c"": 6.0, ""exploration_rate"": 0.1, ""gamma"": 0.5, ""gp_rate"": 0.5, ""lm_iterations"": 10, ""max_constants"": 999, ""max_depth"": 6, ""max_evals"": 2000000, ""max_unary"": 999, ""mutation_rate"": 0.1, ""ops"": [""+"", ""-"", ""*"", ""/"", ""sin"", ""cos"", ""exp"", ""log""], ""succ_error_tol"": 1e-06}",0.5
imcts,Livermore,10,Livermore-10,expression,39,8666,40,20,20,2,"[""x0"", ""x1""]",6*sin(x[0]) * cos(x[1]),0.9999999403953552,True,1.0,1.0,6.0,300443,1.665276173967868,0.0,0,(cos(x1) + cos(x1) + cos(x1)) * (sin(x0) + sin(x0)),(cos(x1) + cos(x1) + cos(x1)) * (sin(x0) + sin(x0)),6*sin(x0)*cos(x1),[],"{""K"": 500, ""c"": 6.0, ""exploration_rate"": 0.1, ""gamma"": 0.5, ""gp_rate"": 0.5, ""lm_iterations"": 10, ""max_constants"": 999, ""max_depth"": 6, ""max_evals"": 2000000, ""max_unary"": 999, ""mutation_rate"": 0.1, ""ops"": [""+"", ""-"", ""*"", ""/"", ""sin"", ""cos"", ""exp"", ""log""], ""succ_error_tol"": 1e-06}","{""K"": 500, ""c"": 6.0, ""exploration_rate"": 0.1, ""gamma"": 0.5, ""gp_rate"": 0.5, ""lm_iterations"": 10, ""max_constants"": 999, ""max_depth"": 6, ""max_evals"": 2000000, ""max_unary"": 999, ""mutation_rate"": 0.1, ""ops"": [""+"", ""-"", ""*"", ""/"", ""sin"", ""cos"", ""exp"", ""log""], ""succ_error_tol"": 1e-06}",0.5
imcts,Livermore,10,Livermore-10,expression,40,25658,40,20,20,2,"[""x0"", ""x1""]",6*sin(x[0]) * cos(x[1]),0.9999999403953552,True,1.0,1.0,6.0,1685070,10.943928116990719,0.0,0,(sin(x0) + sin(x0)) * (cos(x1) + cos(x1) + cos(x1)),(sin(x0) + sin(x0)) * (cos(x1) + cos(x1) + cos(x1)),6*sin(x0)*cos(x1),[],"{""K"": 500, ""c"": 6.0, ""exploration_rate"": 0.1, ""gamma"": 0.5, ""gp_rate"": 0.5, ""lm_iterations"": 10, ""max_constants"": 999, ""max_depth"": 6, ""max_evals"": 2000000, ""max_unary"": 999, ""mutation_rate"": 0.1, ""ops"": [""+"", ""-"", ""*"", ""/"", ""sin"", ""cos"", ""exp"", ""log""], ""succ_error_tol"": 1e-06}","{""K"": 500, ""c"": 6.0, ""exploration_rate"": 0.1, ""gamma"": 0.5, ""gp_rate"": 0.5, ""lm_iterations"": 10, ""max_constants"": 999, ""max_depth"": 6, ""max_evals"": 2000000, ""max_unary"": 999, ""mutation_rate"": 0.1, ""ops"": [""+"", ""-"", ""*"", ""/"", ""sin"", ""cos"", ""exp"", ""log""], ""succ_error_tol"": 1e-06}",0.5
imcts,Livermore,10,Livermore-10,expression,41,18942,40,20,20,2,"[""x0"", ""x1""]",6*sin(x[0]) * cos(x[1]),0.9999999403953552,True,1.0,1.0,6.0,811174,5.136680542025715,0.0,0,cos(x1) * (sin(x0) + sin(x0) + sin(x0) + sin(x0) + sin(x0) + sin(x0)),cos(x1) * (sin(x0) + sin(x0) + sin(x0) + sin(x0) + sin(x0) + sin(x0)),6*sin(x0)*cos(x1),[],"{""K"": 500, ""c"": 6.0, ""exploration_rate"": 0.1, ""gamma"": 0.5, ""gp_rate"": 0.5, ""lm_iterations"": 10, ""max_constants"": 999, ""max_depth"": 6, ""max_evals"": 2000000, ""max_unary"": 999, ""mutation_rate"": 0.1, ""ops"": [""+"", ""-"", ""*"", ""/"", ""sin"", ""cos"", ""exp"", ""log""], ""succ_error_tol"": 1e-06}","{""K"": 500, ""c"": 6.0, ""exploration_rate"": 0.1, ""gamma"": 0.5, ""gp_rate"": 0.5, ""lm_iterations"": 10, ""max_constants"": 999, ""max_depth"": 6, ""max_evals"": 2000000, ""max_unary"": 999, ""mutation_rate"": 0.1, ""ops"": [""+"", ""-"", ""*"", ""/"", ""sin"", ""cos"", ""exp"", ""log""], ""succ_error_tol"": 1e-06}",0.5
imcts,Livermore,10,Livermore-10,expression,42,24233,40,20,20,2,"[""x0"", ""x1""]",6*sin(x[0]) * cos(x[1]),0.9859421253204346,False,0.9997966998806997,0.9996928595053071,33.0,2000000,13.064770656987093,0.0,0,exp(cos(x1) - (x0 - x0)) * (sin(x0) + x0) - sin(x0) * cos(x0) * (cos(x0) - sin(x1)) * (sin(x0) * cos(x0) - exp(x0 * x1)),exp(cos(x1) - (x0 - x0)) * (sin(x0) + x0) - sin(x0) * cos(x0) * (cos(x0) - sin(x1)) * (sin(x0) * cos(x0) - exp(x0 * x1)),(x0 + sin(x0))*exp(cos(x1)) - (exp(x0*x1) - sin(2*x0)/2)*(sin(x1) - cos(x0))*sin(x0)*cos(x0),[],"{""K"": 500, ""c"": 6.0, ""exploration_rate"": 0.1, ""gamma"": 0.5, ""gp_rate"": 0.5, ""lm_iterations"": 10, ""max_constants"": 999, ""max_depth"": 6, ""max_evals"": 2000000, ""max_unary"": 999, ""mutation_rate"": 0.1, ""ops"": [""+"", ""-"", ""*"", ""/"", ""sin"", ""cos"", ""exp"", ""log""], ""succ_error_tol"": 1e-06}","{""K"": 500, ""c"": 6.0, ""exploration_rate"": 0.1, ""gamma"": 0.5, ""gp_rate"": 0.5, ""lm_iterations"": 10, ""max_constants"": 999, ""max_depth"": 6, ""max_evals"": 2000000, ""max_unary"": 999, ""mutation_rate"": 0.1, ""ops"": [""+"", ""-"", ""*"", ""/"", ""sin"", ""cos"", ""exp"", ""log""], ""succ_error_tol"": 1e-06}",0.5
imcts,Livermore,10,Livermore-10,expression,43,18431,40,20,20,2,"[""x0"", ""x1""]",6*sin(x[0]) * cos(x[1]),0.9999999403953552,True,1.0,1.0,6.0,623913,3.9874539239681326,0.0,0,sin(x0 + x1) + sin(x0 - x1) + (cos(x1) + cos(x1)) * (sin(x0) + sin(x0)),sin(x0 + x1) + sin(x0 - x1) + (cos(x1) + cos(x1)) * (sin(x0) + sin(x0)),6*sin(x0)*cos(x1),[],"{""K"": 500, ""c"": 6.0, ""exploration_rate"": 0.1, ""gamma"": 0.5, ""gp_rate"": 0.5, ""lm_iterations"": 10, ""max_constants"": 999, ""max_depth"": 6, ""max_evals"": 2000000, ""max_unary"": 999, ""mutation_rate"": 0.1, ""ops"": [""+"", ""-"", ""*"", ""/"", ""sin"", ""cos"", ""exp"", ""log""], ""succ_error_tol"": 1e-06}","{""K"": 500, ""c"": 6.0, ""exploration_rate"": 0.1, ""gamma"": 0.5, ""gp_rate"": 0.5, ""lm_iterations"": 10, ""max_constants"": 999, ""max_depth"": 6, ""max_evals"": 2000000, ""max_unary"": 999, ""mutation_rate"": 0.1, ""ops"": [""+"", ""-"", ""*"", ""/"", ""sin"", ""cos"", ""exp"", ""log""], ""succ_error_tol"": 1e-06}",0.5
imcts,Livermore,10,Livermore-10,expression,44,32219,40,20,20,2,"[""x0"", ""x1""]",6*sin(x[0]) * cos(x[1]),0.9895334243774414,False,0.9998881217306247,0.9998000040418041,25.0,2000003,12.966649391979445,0.0,0,exp(cos(x1)) * (sin(x0) + sin(x0)) - (sin(x1) + sin(x0) / (x0 + x0)) * (x0 * x1 - x0) * cos(x1),exp(cos(x1)) * (sin(x0) + sin(x0)) - (sin(x1) + sin(x0) / (x0 + x0)) * (x0 * x1 - x0) * cos(x1),(1 - x1)*(2*x0*sin(x1) + sin(x0))*cos(x1)/2 + 2*exp(cos(x1))*sin(x0),[],"{""K"": 500, ""c"": 6.0, ""exploration_rate"": 0.1, ""gamma"": 0.5, ""gp_rate"": 0.5, ""lm_iterations"": 10, ""max_constants"": 999, ""max_depth"": 6, ""max_evals"": 2000000, ""max_unary"": 999, ""mutation_rate"": 0.1, ""ops"": [""+"", ""-"", ""*"", ""/"", ""sin"", ""cos"", ""exp"", ""log""], ""succ_error_tol"": 1e-06}","{""K"": 500, ""c"": 6.0, ""exploration_rate"": 0.1, ""gamma"": 0.5, ""gp_rate"": 0.5, ""lm_iterations"": 10, ""max_constants"": 999, ""max_depth"": 6, ""max_evals"": 2000000, ""max_unary"": 999, ""mutation_rate"": 0.1, ""ops"": [""+"", ""-"", ""*"", ""/"", ""sin"", ""cos"", ""exp"", ""log""], ""succ_error_tol"": 1e-06}",0.5
imcts,Livermore,10,Livermore-10,expression,45,2747,40,20,20,2,"[""x0"", ""x1""]",6*sin(x[0]) * cos(x[1]),0.9999998807907104,True,1.0,1.0,6.0,855883,5.151217167964205,0.0,0,sin(x0) * (cos(x1) + cos(x1) + cos(x1) + cos(x1) + cos(x1) + cos(x1)),sin(x0) * (cos(x1) + cos(x1) + cos(x1) + cos(x1) + cos(x1) + cos(x1)),6*sin(x0)*cos(x1),[],"{""K"": 500, ""c"": 6.0, ""exploration_rate"": 0.1, ""gamma"": 0.5, ""gp_rate"": 0.5, ""lm_iterations"": 10, ""max_constants"": 999, ""max_depth"": 6, ""max_evals"": 2000000, ""max_unary"": 999, ""mutation_rate"": 0.1, ""ops"": [""+"", ""-"", ""*"", ""/"", ""sin"", ""cos"", ""exp"", ""log""], ""succ_error_tol"": 1e-06}","{""K"": 500, ""c"": 6.0, ""exploration_rate"": 0.1, ""gamma"": 0.5, ""gp_rate"": 0.5, ""lm_iterations"": 10, ""max_constants"": 999, ""max_depth"": 6, ""max_evals"": 2000000, ""max_unary"": 999, ""mutation_rate"": 0.1, ""ops"": [""+"", ""-"", ""*"", ""/"", ""sin"", ""cos"", ""exp"", ""log""], ""succ_error_tol"": 1e-06}",0.5
imcts,Livermore,10,Livermore-10,expression,46,25551,40,20,20,2,"[""x0"", ""x1""]",6*sin(x[0]) * cos(x[1]),0.9900527000427246,False,0.9998990530608682,0.9999851707672708,16.0,2000000,13.957328143005725,0.0,0,sin(x0) - sin(x0) * x1 * x1 - sin(x1 * x1) * (sin(x0) + sin(x0)) + sin(x0) + sin(x0) + sin(x0) + sin(x0) + sin(x0),sin(x0) - sin(x0) * x1 * x1 - sin(x1 * x1) * (sin(x0) + sin(x0)) + sin(x0) + sin(x0) + sin(x0) + sin(x0) + sin(x0),(-x1**2 - 2*sin(x1**2) + 6)*sin(x0),[],"{""K"": 500, ""c"": 6.0, ""exploration_rate"": 0.1, ""gamma"": 0.5, ""gp_rate"": 0.5, ""lm_iterations"": 10, ""max_constants"": 999, ""max_depth"": 6, ""max_evals"": 2000000, ""max_unary"": 999, ""mutation_rate"": 0.1, ""ops"": [""+"", ""-"", ""*"", ""/"", ""sin"", ""cos"", ""exp"", ""log""], ""succ_error_tol"": 1e-06}","{""K"": 500, ""c"": 6.0, ""exploration_rate"": 0.1, ""gamma"": 0.5, ""gp_rate"": 0.5, ""lm_iterations"": 10, ""max_constants"": 999, ""max_depth"": 6, ""max_evals"": 2000000, ""max_unary"": 999, ""mutation_rate"": 0.1, ""ops"": [""+"", ""-"", ""*"", ""/"", ""sin"", ""cos"", ""exp"", ""log""], ""succ_error_tol"": 1e-06}",0.5
imcts,Livermore,10,Livermore-10,expression,47,26382,40,20,20,2,"[""x0"", ""x1""]",6*sin(x[0]) * cos(x[1]),0.9963812828063965,False,0.9999868092971516,0.9999367148346086,37.0,2000006,13.103275565023068,0.0,0,sin(x0) * cos(x0) + x0 + x0 + x0 - (x1 * x1 - cos(x1)) * (sin(x0) + sin(x0)) - (sin(x0) - x1) * sin(x0 * x1) * x1 * x0 * cos(x1),sin(x0) * cos(x0) + x0 + x0 + x0 - (x1 * x1 - cos(x1)) * (sin(x0) + sin(x0)) - (sin(x0) - x1) * sin(x0 * x1) * x1 * x0 * cos(x1),x0*x1*(x1 - sin(x0))*sin(x0*x1)*cos(x1) + 3*x0 - 2*(x1**2 - cos(x1))*sin(x0) + sin(2*x0)/2,[],"{""K"": 500, ""c"": 6.0, ""exploration_rate"": 0.1, ""gamma"": 0.5, ""gp_rate"": 0.5, ""lm_iterations"": 10, ""max_constants"": 999, ""max_depth"": 6, ""max_evals"": 2000000, ""max_unary"": 999, ""mutation_rate"": 0.1, ""ops"": [""+"", ""-"", ""*"", ""/"", ""sin"", ""cos"", ""exp"", ""log""], ""succ_error_tol"": 1e-06}","{""K"": 500, ""c"": 6.0, ""exploration_rate"": 0.1, ""gamma"": 0.5, ""gp_rate"": 0.5, ""lm_iterations"": 10, ""max_constants"": 999, ""max_depth"": 6, ""max_evals"": 2000000, ""max_unary"": 999, ""mutation_rate"": 0.1, ""ops"": [""+"", ""-"", ""*"", ""/"", ""sin"", ""cos"", ""exp"", ""log""], ""succ_error_tol"": 1e-06}",0.5
imcts,Livermore,10,Livermore-10,expression,48,189,40,20,20,2,"[""x0"", ""x1""]",6*sin(x[0]) * cos(x[1]),0.9847515821456909,False,0.9997602303473705,0.9994207509812272,22.0,2000001,13.782353304966819,0.0,0,sin(x0) - (x1 - x0) + sin(x0) - (sin(x1) + x1) * sin(x0) * x1 + sin(x0) + sin(x0) + sin(x0 + x1),sin(x0) - (x1 - x0) + sin(x0) - (sin(x1) + x1) * sin(x0) * x1 + sin(x0) + sin(x0) + sin(x0 + x1),x0 - x1*(x1 + sin(x1))*sin(x0) - x1 + 4*sin(x0) + sin(x0 + x1),[],"{""K"": 500, ""c"": 6.0, ""exploration_rate"": 0.1, ""gamma"": 0.5, ""gp_rate"": 0.5, ""lm_iterations"": 10, ""max_constants"": 999, ""max_depth"": 6, ""max_evals"": 2000000, ""max_unary"": 999, ""mutation_rate"": 0.1, ""ops"": [""+"", ""-"", ""*"", ""/"", ""sin"", ""cos"", ""exp"", ""log""], ""succ_error_tol"": 1e-06}","{""K"": 500, ""c"": 6.0, ""exploration_rate"": 0.1, ""gamma"": 0.5, ""gp_rate"": 0.5, ""lm_iterations"": 10, ""max_constants"": 999, ""max_depth"": 6, ""max_evals"": 2000000, ""max_unary"": 999, ""mutation_rate"": 0.1, ""ops"": [""+"", ""-"", ""*"", ""/"", ""sin"", ""cos"", ""exp"", ""log""], ""succ_error_tol"": 1e-06}",0.5
imcts,Livermore,10,Livermore-10,expression,49,31677,40,20,20,2,"[""x0"", ""x1""]",6*sin(x[0]) * cos(x[1]),0.9999999403953552,True,1.0,1.0,6.0,1422803,8.717114566999953,0.0,0,(sin(x0) + sin(x0)) * (cos(x1) + cos(x1) + cos(x1) - (x0 - x0)),(sin(x0) + sin(x0)) * (cos(x1) + cos(x1) + cos(x1) - (x0 - x0)),6*sin(x0)*cos(x1),[],"{""K"": 500, ""c"": 6.0, ""exploration_rate"": 0.1, ""gamma"": 0.5, ""gp_rate"": 0.5, ""lm_iterations"": 10, ""max_constants"": 999, ""max_depth"": 6, ""max_evals"": 2000000, ""max_unary"": 999, ""mutation_rate"": 0.1, ""ops"": [""+"", ""-"", ""*"", ""/"", ""sin"", ""cos"", ""exp"", ""log""], ""succ_error_tol"": 1e-06}","{""K"": 500, ""c"": 6.0, ""exploration_rate"": 0.1, ""gamma"": 0.5, ""gp_rate"": 0.5, ""lm_iterations"": 10, ""max_constants"": 999, ""max_depth"": 6, ""max_evals"": 2000000, ""max_unary"": 999, ""mutation_rate"": 0.1, ""ops"": [""+"", ""-"", ""*"", ""/"", ""sin"", ""cos"", ""exp"", ""log""], ""succ_error_tol"": 1e-06}",0.5
imcts,Livermore,10,Livermore-10,expression,50,19118,40,20,20,2,"[""x0"", ""x1""]",6*sin(x[0]) * cos(x[1]),0.9999999403953552,True,1.0,1.0,6.0,1700548,10.855110934993718,0.0,0,(sin(x0) + sin(x0) + sin(x0)) * cos(x1) + (sin(x0) + sin(x0) + sin(x0)) * cos(x1),(sin(x0) + sin(x0) + sin(x0)) * cos(x1) + (sin(x0) + sin(x0) + sin(x0)) * cos(x1),6*sin(x0)*cos(x1),[],"{""K"": 500, ""c"": 6.0, ""exploration_rate"": 0.1, ""gamma"": 0.5, ""gp_rate"": 0.5, ""lm_iterations"": 10, ""max_constants"": 999, ""max_depth"": 6, ""max_evals"": 2000000, ""max_unary"": 999, ""mutation_rate"": 0.1, ""ops"": [""+"", ""-"", ""*"", ""/"", ""sin"", ""cos"", ""exp"", ""log""], ""succ_error_tol"": 1e-06}","{""K"": 500, ""c"": 6.0, ""exploration_rate"": 0.1, ""gamma"": 0.5, ""gp_rate"": 0.5, ""lm_iterations"": 10, ""max_constants"": 999, ""max_depth"": 6, ""max_evals"": 2000000, ""max_unary"": 999, ""mutation_rate"": 0.1, ""ops"": [""+"", ""-"", ""*"", ""/"", ""sin"", ""cos"", ""exp"", ""log""], ""succ_error_tol"": 1e-06}",0.5
imcts,Livermore,10,Livermore-10,expression,51,3005,40,20,20,2,"[""x0"", ""x1""]",6*sin(x[0]) * cos(x[1]),0.9999999403953552,True,1.0,1.0,6.0,225772,1.2237080589984544,0.0,0,sin(x0) * (cos(x1) + cos(x1) + cos(x1) + cos(x1) + cos(x1) + cos(x1)),sin(x0) * (cos(x1) + cos(x1) + cos(x1) + cos(x1) + cos(x1) + cos(x1)),6*sin(x0)*cos(x1),[],"{""K"": 500, ""c"": 6.0, ""exploration_rate"": 0.1, ""gamma"": 0.5, ""gp_rate"": 0.5, ""lm_iterations"": 10, ""max_constants"": 999, ""max_depth"": 6, ""max_evals"": 2000000, ""max_unary"": 999, ""mutation_rate"": 0.1, ""ops"": [""+"", ""-"", ""*"", ""/"", ""sin"", ""cos"", ""exp"", ""log""], ""succ_error_tol"": 1e-06}","{""K"": 500, ""c"": 6.0, ""exploration_rate"": 0.1, ""gamma"": 0.5, ""gp_rate"": 0.5, ""lm_iterations"": 10, ""max_constants"": 999, ""max_depth"": 6, ""max_evals"": 2000000, ""max_unary"": 999, ""mutation_rate"": 0.1, ""ops"": [""+"", ""-"", ""*"", ""/"", ""sin"", ""cos"", ""exp"", ""log""], ""succ_error_tol"": 1e-06}",0.5
imcts,Livermore,10,Livermore-10,expression,52,21042,40,20,20,2,"[""x0"", ""x1""]",6*sin(x[0]) * cos(x[1]),0.9999999403953552,True,1.0,1.0,6.0,243039,1.299127571983263,0.0,0,cos(x1) * (sin(x0) + sin(x0) + sin(x0) + sin(x0) + sin(x0) + sin(x0)),cos(x1) * (sin(x0) + sin(x0) + sin(x0) + sin(x0) + sin(x0) + sin(x0)),6*sin(x0)*cos(x1),[],"{""K"": 500, ""c"": 6.0, ""exploration_rate"": 0.1, ""gamma"": 0.5, ""gp_rate"": 0.5, ""lm_iterations"": 10, ""max_constants"": 999, ""max_depth"": 6, ""max_evals"": 2000000, ""max_unary"": 999, ""mutation_rate"": 0.1, ""ops"": [""+"", ""-"", ""*"", ""/"", ""sin"", ""cos"", ""exp"", ""log""], ""succ_error_tol"": 1e-06}","{""K"": 500, ""c"": 6.0, ""exploration_rate"": 0.1, ""gamma"": 0.5, ""gp_rate"": 0.5, ""lm_iterations"": 10, ""max_constants"": 999, ""max_depth"": 6, ""max_evals"": 2000000, ""max_unary"": 999, ""mutation_rate"": 0.1, ""ops"": [""+"", ""-"", ""*"", ""/"", ""sin"", ""cos"", ""exp"", ""log""], ""succ_error_tol"": 1e-06}",0.5
imcts,Livermore,10,Livermore-10,expression,53,1899,40,20,20,2,"[""x0"", ""x1""]",6*sin(x[0]) * cos(x[1]),0.9899407625198364,False,0.9998967445728442,0.9999820783457305,21.0,2000001,13.594306928978767,0.0,0,cos(x1) * (x0 + x0) - (sin(x0) + sin(x0)) * x1 * sin(x1) + x0 + sin(x0) + cos(x0) * x0 + sin(x0) + sin(x0) - x0,cos(x1) * (x0 + x0) - (sin(x0) + sin(x0)) * x1 * sin(x1) + x0 + sin(x0) + cos(x0) * x0 + sin(x0) + sin(x0) - x0,x0*cos(x0) + 2*x0*cos(x1) - 2*x1*sin(x0)*sin(x1) + 3*sin(x0),[],"{""K"": 500, ""c"": 6.0, ""exploration_rate"": 0.1, ""gamma"": 0.5, ""gp_rate"": 0.5, ""lm_iterations"": 10, ""max_constants"": 999, ""max_depth"": 6, ""max_evals"": 2000000, ""max_unary"": 999, ""mutation_rate"": 0.1, ""ops"": [""+"", ""-"", ""*"", ""/"", ""sin"", ""cos"", ""exp"", ""log""], ""succ_error_tol"": 1e-06}","{""K"": 500, ""c"": 6.0, ""exploration_rate"": 0.1, ""gamma"": 0.5, ""gp_rate"": 0.5, ""lm_iterations"": 10, ""max_constants"": 999, ""max_depth"": 6, ""max_evals"": 2000000, ""max_unary"": 999, ""mutation_rate"": 0.1, ""ops"": [""+"", ""-"", ""*"", ""/"", ""sin"", ""cos"", ""exp"", ""log""], ""succ_error_tol"": 1e-06}",0.5
imcts,Livermore,10,Livermore-10,expression,54,24118,40,20,20,2,"[""x0"", ""x1""]",6*sin(x[0]) * cos(x[1]),0.9941167235374451,False,0.9999649764329112,0.9999798501263495,28.0,2000004,13.689255755976774,0.0,0,cos(x1) * x0 + (cos(x1) + cos(x1)) * (x0 + sin(x0)) + cos(x1) * x0 / (x0 * x0 * x0 * x0 + cos(x0) + x0 * x0),cos(x1) * x0 + (cos(x1) + cos(x1)) * (x0 + sin(x0)) + cos(x1) * x0 / (x0 * x0 * x0 * x0 + cos(x0) + x0 * x0),x0*cos(x1) + x0*cos(x1)/(x0**4 + x0**2 + cos(x0)) + 2*(x0 + sin(x0))*cos(x1),[],"{""K"": 500, ""c"": 6.0, ""exploration_rate"": 0.1, ""gamma"": 0.5, ""gp_rate"": 0.5, ""lm_iterations"": 10, ""max_constants"": 999, ""max_depth"": 6, ""max_evals"": 2000000, ""max_unary"": 999, ""mutation_rate"": 0.1, ""ops"": [""+"", ""-"", ""*"", ""/"", ""sin"", ""cos"", ""exp"", ""log""], ""succ_error_tol"": 1e-06}","{""K"": 500, ""c"": 6.0, ""exploration_rate"": 0.1, ""gamma"": 0.5, ""gp_rate"": 0.5, ""lm_iterations"": 10, ""max_constants"": 999, ""max_depth"": 6, ""max_evals"": 2000000, ""max_unary"": 999, ""mutation_rate"": 0.1, ""ops"": [""+"", ""-"", ""*"", ""/"", ""sin"", ""cos"", ""exp"", ""log""], ""succ_error_tol"": 1e-06}",0.5
imcts,Livermore,10,Livermore-10,expression,55,1267,40,20,20,2,"[""x0"", ""x1""]",6*sin(x[0]) * cos(x[1]),0.9846357703208923,False,0.9997565164360359,0.999571476332614,27.0,2000003,13.866817441012245,0.0,0,cos(x0) * x0 * cos(x1) + x0 + x0 + (x0 * cos(x0) + cos(x1) * (x0 + x0)) / exp(x1 * x1 * x1),cos(x0) * x0 * cos(x1) + x0 + x0 + (x0 * cos(x0) + cos(x1) * (x0 + x0)) / exp(x1 * x1 * x1),x0*((cos(x0)*cos(x1) + 2)*exp(x1**3) + cos(x0) + 2*cos(x1))*exp(-x1**3),[],"{""K"": 500, ""c"": 6.0, ""exploration_rate"": 0.1, ""gamma"": 0.5, ""gp_rate"": 0.5, ""lm_iterations"": 10, ""max_constants"": 999, ""max_depth"": 6, ""max_evals"": 2000000, ""max_unary"": 999, ""mutation_rate"": 0.1, ""ops"": [""+"", ""-"", ""*"", ""/"", ""sin"", ""cos"", ""exp"", ""log""], ""succ_error_tol"": 1e-06}","{""K"": 500, ""c"": 6.0, ""exploration_rate"": 0.1, ""gamma"": 0.5, ""gp_rate"": 0.5, ""lm_iterations"": 10, ""max_constants"": 999, ""max_depth"": 6, ""max_evals"": 2000000, ""max_unary"": 999, ""mutation_rate"": 0.1, ""ops"": [""+"", ""-"", ""*"", ""/"", ""sin"", ""cos"", ""exp"", ""log""], ""succ_error_tol"": 1e-06}",0.5
imcts,Livermore,10,Livermore-10,expression,56,31551,40,20,20,2,"[""x0"", ""x1""]",6*sin(x[0]) * cos(x[1]),0.9999999403953552,True,1.0,1.0,6.0,1692915,11.573345359996893,0.0,0,(cos(x1) + cos(x1) + cos(x1)) * (sin(x0) + sin(x0)),(cos(x1) + cos(x1) + cos(x1)) * (sin(x0) + sin(x0)),6*sin(x0)*cos(x1),[],"{""K"": 500, ""c"": 6.0, ""exploration_rate"": 0.1, ""gamma"": 0.5, ""gp_rate"": 0.5, ""lm_iterations"": 10, ""max_constants"": 999, ""max_depth"": 6, ""max_evals"": 2000000, ""max_unary"": 999, ""mutation_rate"": 0.1, ""ops"": [""+"", ""-"", ""*"", ""/"", ""sin"", ""cos"", ""exp"", ""log""], ""succ_error_tol"": 1e-06}","{""K"": 500, ""c"": 6.0, ""exploration_rate"": 0.1, ""gamma"": 0.5, ""gp_rate"": 0.5, ""lm_iterations"": 10, ""max_constants"": 999, ""max_depth"": 6, ""max_evals"": 2000000, ""max_unary"": 999, ""mutation_rate"": 0.1, ""ops"": [""+"", ""-"", ""*"", ""/"", ""sin"", ""cos"", ""exp"", ""log""], ""succ_error_tol"": 1e-06}",0.5
imcts,Livermore,10,Livermore-10,expression,57,17912,40,20,20,2,"[""x0"", ""x1""]",6*sin(x[0]) * cos(x[1]),0.9999998807907104,True,1.0,1.0,6.0,265369,1.4205285710049793,0.0,0,(sin(x0) + sin(x0) + sin(x0)) * (cos(x1) + cos(x1)),(sin(x0) + sin(x0) + sin(x0)) * (cos(x1) + cos(x1)),6*sin(x0)*cos(x1),[],"{""K"": 500, ""c"": 6.0, ""exploration_rate"": 0.1, ""gamma"": 0.5, ""gp_rate"": 0.5, ""lm_iterations"": 10, ""max_constants"": 999, ""max_depth"": 6, ""max_evals"": 2000000, ""max_unary"": 999, ""mutation_rate"": 0.1, ""ops"": [""+"", ""-"", ""*"", ""/"", ""sin"", ""cos"", ""exp"", ""log""], ""succ_error_tol"": 1e-06}","{""K"": 500, ""c"": 6.0, ""exploration_rate"": 0.1, ""gamma"": 0.5, ""gp_rate"": 0.5, ""lm_iterations"": 10, ""max_constants"": 999, ""max_depth"": 6, ""max_evals"": 2000000, ""max_unary"": 999, ""mutation_rate"": 0.1, ""ops"": [""+"", ""-"", ""*"", ""/"", ""sin"", ""cos"", ""exp"", ""log""], ""succ_error_tol"": 1e-06}",0.5
imcts,Livermore,10,Livermore-10,expression,58,11394,40,20,20,2,"[""x0"", ""x1""]",6*sin(x[0]) * cos(x[1]),0.9999999403953552,True,1.0,1.0,6.0,975568,5.678518793021794,0.0,0,sin(x0) / x0 * cos(x1) * (x0 + x0 + x0 + x0 + x0 + x0),sin(x0) / x0 * cos(x1) * (x0 + x0 + x0 + x0 + x0 + x0),6*sin(x0)*cos(x1),[],"{""K"": 500, ""c"": 6.0, ""exploration_rate"": 0.1, ""gamma"": 0.5, ""gp_rate"": 0.5, ""lm_iterations"": 10, ""max_constants"": 999, ""max_depth"": 6, ""max_evals"": 2000000, ""max_unary"": 999, ""mutation_rate"": 0.1, ""ops"": [""+"", ""-"", ""*"", ""/"", ""sin"", ""cos"", ""exp"", ""log""], ""succ_error_tol"": 1e-06}","{""K"": 500, ""c"": 6.0, ""exploration_rate"": 0.1, ""gamma"": 0.5, ""gp_rate"": 0.5, ""lm_iterations"": 10, ""max_constants"": 999, ""max_depth"": 6, ""max_evals"": 2000000, ""max_unary"": 999, ""mutation_rate"": 0.1, ""ops"": [""+"", ""-"", ""*"", ""/"", ""sin"", ""cos"", ""exp"", ""log""], ""succ_error_tol"": 1e-06}",0.5
imcts,Livermore,10,Livermore-10,expression,59,3556,40,20,20,2,"[""x0"", ""x1""]",6*sin(x[0]) * cos(x[1]),0.9999999403953552,True,1.0,1.0,6.0,1784363,12.064334528986365,0.0,0,(cos(x1) + cos(x1) + cos(x1)) * (sin(x0) + sin(x0)),(cos(x1) + cos(x1) + cos(x1)) * (sin(x0) + sin(x0)),6*sin(x0)*cos(x1),[],"{""K"": 500, ""c"": 6.0, ""exploration_rate"": 0.1, ""gamma"": 0.5, ""gp_rate"": 0.5, ""lm_iterations"": 10, ""max_constants"": 999, ""max_depth"": 6, ""max_evals"": 2000000, ""max_unary"": 999, ""mutation_rate"": 0.1, ""ops"": [""+"", ""-"", ""*"", ""/"", ""sin"", ""cos"", ""exp"", ""log""], ""succ_error_tol"": 1e-06}","{""K"": 500, ""c"": 6.0, ""exploration_rate"": 0.1, ""gamma"": 0.5, ""gp_rate"": 0.5, ""lm_iterations"": 10, ""max_constants"": 999, ""max_depth"": 6, ""max_evals"": 2000000, ""max_unary"": 999, ""mutation_rate"": 0.1, ""ops"": [""+"", ""-"", ""*"", ""/"", ""sin"", ""cos"", ""exp"", ""log""], ""succ_error_tol"": 1e-06}",0.5
imcts,Livermore,10,Livermore-10,expression,60,3890,40,20,20,2,"[""x0"", ""x1""]",6*sin(x[0]) * cos(x[1]),0.9999999403953552,True,1.0,1.0,6.0,1314144,8.591675937001128,0.0,0,(cos(x1) + cos(x1)) * (sin(x0) + sin(x0) + x0 + (sin(x0) - x0) * x1 / x1),(cos(x1) + cos(x1)) * (sin(x0) + sin(x0) + x0 + (sin(x0) - x0) * x1 / x1),6*sin(x0)*cos(x1),[],"{""K"": 500, ""c"": 6.0, ""exploration_rate"": 0.1, ""gamma"": 0.5, ""gp_rate"": 0.5, ""lm_iterations"": 10, ""max_constants"": 999, ""max_depth"": 6, ""max_evals"": 2000000, ""max_unary"": 999, ""mutation_rate"": 0.1, ""ops"": [""+"", ""-"", ""*"", ""/"", ""sin"", ""cos"", ""exp"", ""log""], ""succ_error_tol"": 1e-06}","{""K"": 500, ""c"": 6.0, ""exploration_rate"": 0.1, ""gamma"": 0.5, ""gp_rate"": 0.5, ""lm_iterations"": 10, ""max_constants"": 999, ""max_depth"": 6, ""max_evals"": 2000000, ""max_unary"": 999, ""mutation_rate"": 0.1, ""ops"": [""+"", ""-"", ""*"", ""/"", ""sin"", ""cos"", ""exp"", ""log""], ""succ_error_tol"": 1e-06}",0.5
imcts,Livermore,10,Livermore-10,expression,61,8838,40,20,20,2,"[""x0"", ""x1""]",6*sin(x[0]) * cos(x[1]),0.9999999403953552,True,1.0,1.0,6.0,442980,2.5918798789498396,0.0,0,(cos(x0 - (x0 - x1)) + cos(x1) + cos(x1)) * (sin(x0) + sin(x0)),(cos(x0 - (x0 - x1)) + cos(x1) + cos(x1)) * (sin(x0) + sin(x0)),6*sin(x0)*cos(x1),[],"{""K"": 500, ""c"": 6.0, ""exploration_rate"": 0.1, ""gamma"": 0.5, ""gp_rate"": 0.5, ""lm_iterations"": 10, ""max_constants"": 999, ""max_depth"": 6, ""max_evals"": 2000000, ""max_unary"": 999, ""mutation_rate"": 0.1, ""ops"": [""+"", ""-"", ""*"", ""/"", ""sin"", ""cos"", ""exp"", ""log""], ""succ_error_tol"": 1e-06}","{""K"": 500, ""c"": 6.0, ""exploration_rate"": 0.1, ""gamma"": 0.5, ""gp_rate"": 0.5, ""lm_iterations"": 10, ""max_constants"": 999, ""max_depth"": 6, ""max_evals"": 2000000, ""max_unary"": 999, ""mutation_rate"": 0.1, ""ops"": [""+"", ""-"", ""*"", ""/"", ""sin"", ""cos"", ""exp"", ""log""], ""succ_error_tol"": 1e-06}",0.5
imcts,Livermore,10,Livermore-10,expression,62,30740,40,20,20,2,"[""x0"", ""x1""]",6*sin(x[0]) * cos(x[1]),0.9999999403953552,True,1.0,1.0,6.0,1505608,9.786865124013275,0.0,0,(cos(x1 * x1 / x1) + cos(x1)) * (sin(x0) + sin(x0) + sin(x0) / (x0 / x0)),(cos(x1 * x1 / x1) + cos(x1)) * (sin(x0) + sin(x0) + sin(x0) / (x0 / x0)),6*sin(x0)*cos(x1),[],"{""K"": 500, ""c"": 6.0, ""exploration_rate"": 0.1, ""gamma"": 0.5, ""gp_rate"": 0.5, ""lm_iterations"": 10, ""max_constants"": 999, ""max_depth"": 6, ""max_evals"": 2000000, ""max_unary"": 999, ""mutation_rate"": 0.1, ""ops"": [""+"", ""-"", ""*"", ""/"", ""sin"", ""cos"", ""exp"", ""log""], ""succ_error_tol"": 1e-06}","{""K"": 500, ""c"": 6.0, ""exploration_rate"": 0.1, ""gamma"": 0.5, ""gp_rate"": 0.5, ""lm_iterations"": 10, ""max_constants"": 999, ""max_depth"": 6, ""max_evals"": 2000000, ""max_unary"": 999, ""mutation_rate"": 0.1, ""ops"": [""+"", ""-"", ""*"", ""/"", ""sin"", ""cos"", ""exp"", ""log""], ""succ_error_tol"": 1e-06}",0.5
imcts,Livermore,10,Livermore-10,expression,63,27464,40,20,20,2,"[""x0"", ""x1""]",6*sin(x[0]) * cos(x[1]),0.9999999403953552,True,1.0,1.0,6.0,1317040,8.23118959798012,0.0,0,sin(x0) * (cos(x1) + cos(x1) + cos(x1) + cos(x1) + cos(x1) + cos(x1)),sin(x0) * (cos(x1) + cos(x1) + cos(x1) + cos(x1) + cos(x1) + cos(x1)),6*sin(x0)*cos(x1),[],"{""K"": 500, ""c"": 6.0, ""exploration_rate"": 0.1, ""gamma"": 0.5, ""gp_rate"": 0.5, ""lm_iterations"": 10, ""max_constants"": 999, ""max_depth"": 6, ""max_evals"": 2000000, ""max_unary"": 999, ""mutation_rate"": 0.1, ""ops"": [""+"", ""-"", ""*"", ""/"", ""sin"", ""cos"", ""exp"", ""log""], ""succ_error_tol"": 1e-06}","{""K"": 500, ""c"": 6.0, ""exploration_rate"": 0.1, ""gamma"": 0.5, ""gp_rate"": 0.5, ""lm_iterations"": 10, ""max_constants"": 999, ""max_depth"": 6, ""max_evals"": 2000000, ""max_unary"": 999, ""mutation_rate"": 0.1, ""ops"": [""+"", ""-"", ""*"", ""/"", ""sin"", ""cos"", ""exp"", ""log""], ""succ_error_tol"": 1e-06}",0.5
imcts,Livermore,10,Livermore-10,expression,64,14502,40,20,20,2,"[""x0"", ""x1""]",6*sin(x[0]) * cos(x[1]),0.9844123721122742,False,0.9997492700625091,0.9997568603675431,30.0,2000007,12.752254384045955,0.0,0,exp(cos(x1)) * (x0 + sin(x0)) + sin(x0) * (cos(x0) - x1) * (x1 * x0 + cos(x0) / exp(x0)),exp(cos(x1)) * (x0 + sin(x0)) + sin(x0) * (cos(x0) - x1) * (x1 * x0 + cos(x0) / exp(x0)),(x0 + sin(x0))*exp(cos(x1)) - (x1 - cos(x0))*(x0*x1 + exp(-x0)*cos(x0))*sin(x0),[],"{""K"": 500, ""c"": 6.0, ""exploration_rate"": 0.1, ""gamma"": 0.5, ""gp_rate"": 0.5, ""lm_iterations"": 10, ""max_constants"": 999, ""max_depth"": 6, ""max_evals"": 2000000, ""max_unary"": 999, ""mutation_rate"": 0.1, ""ops"": [""+"", ""-"", ""*"", ""/"", ""sin"", ""cos"", ""exp"", ""log""], ""succ_error_tol"": 1e-06}","{""K"": 500, ""c"": 6.0, ""exploration_rate"": 0.1, ""gamma"": 0.5, ""gp_rate"": 0.5, ""lm_iterations"": 10, ""max_constants"": 999, ""max_depth"": 6, ""max_evals"": 2000000, ""max_unary"": 999, ""mutation_rate"": 0.1, ""ops"": [""+"", ""-"", ""*"", ""/"", ""sin"", ""cos"", ""exp"", ""log""], ""succ_error_tol"": 1e-06}",0.5
imcts,Livermore,10,Livermore-10,expression,65,21777,40,20,20,2,"[""x0"", ""x1""]",6*sin(x[0]) * cos(x[1]),0.9898310899734497,False,0.9998944575689162,0.9998332057796011,29.0,2000007,13.50885051197838,0.0,0,(sin(x0) + sin(x0)) * cos(x1) * cos(x0) + x0 * exp(cos(x1)) + sin(x0) / exp(cos(x0)) + x0 - sin(x1) * x0 * x1,(sin(x0) + sin(x0)) * cos(x1) * cos(x0) + x0 * exp(cos(x1)) + sin(x0) / exp(cos(x0)) + x0 - sin(x1) * x0 * x1,-x0*x1*sin(x1) + x0*exp(cos(x1)) + x0 + 2*sin(x0)*cos(x0)*cos(x1) + exp(-cos(x0))*sin(x0),[],"{""K"": 500, ""c"": 6.0, ""exploration_rate"": 0.1, ""gamma"": 0.5, ""gp_rate"": 0.5, ""lm_iterations"": 10, ""max_constants"": 999, ""max_depth"": 6, ""max_evals"": 2000000, ""max_unary"": 999, ""mutation_rate"": 0.1, ""ops"": [""+"", ""-"", ""*"", ""/"", ""sin"", ""cos"", ""exp"", ""log""], ""succ_error_tol"": 1e-06}","{""K"": 500, ""c"": 6.0, ""exploration_rate"": 0.1, ""gamma"": 0.5, ""gp_rate"": 0.5, ""lm_iterations"": 10, ""max_constants"": 999, ""max_depth"": 6, ""max_evals"": 2000000, ""max_unary"": 999, ""mutation_rate"": 0.1, ""ops"": [""+"", ""-"", ""*"", ""/"", ""sin"", ""cos"", ""exp"", ""log""], ""succ_error_tol"": 1e-06}",0.5
imcts,Livermore,10,Livermore-10,expression,66,10627,40,20,20,2,"[""x0"", ""x1""]",6*sin(x[0]) * cos(x[1]),0.99144446849823,False,0.99992553364466,0.9998169390188477,33.0,2000004,13.351825280988123,0.0,0,exp(cos(x1)) * (sin(x0) + x0) + (cos(x0) - x1) * x1 * sin(x0) + (sin(x1) - cos(x1)) * x0 * x0 * log(x0),exp(cos(x1)) * (sin(x0) + x0) + (cos(x0) - x1) * x1 * sin(x0) + (sin(x1) - cos(x1)) * x0 * x0 * log(x0),x0**2*(sin(x1) - cos(x1))*log(x0) - x1*(x1 - cos(x0))*sin(x0) + (x0 + sin(x0))*exp(cos(x1)),[],"{""K"": 500, ""c"": 6.0, ""exploration_rate"": 0.1, ""gamma"": 0.5, ""gp_rate"": 0.5, ""lm_iterations"": 10, ""max_constants"": 999, ""max_depth"": 6, ""max_evals"": 2000000, ""max_unary"": 999, ""mutation_rate"": 0.1, ""ops"": [""+"", ""-"", ""*"", ""/"", ""sin"", ""cos"", ""exp"", ""log""], ""succ_error_tol"": 1e-06}","{""K"": 500, ""c"": 6.0, ""exploration_rate"": 0.1, ""gamma"": 0.5, ""gp_rate"": 0.5, ""lm_iterations"": 10, ""max_constants"": 999, ""max_depth"": 6, ""max_evals"": 2000000, ""max_unary"": 999, ""mutation_rate"": 0.1, ""ops"": [""+"", ""-"", ""*"", ""/"", ""sin"", ""cos"", ""exp"", ""log""], ""succ_error_tol"": 1e-06}",0.5
imcts,Livermore,10,Livermore-10,expression,67,8792,40,20,20,2,"[""x0"", ""x1""]",6*sin(x[0]) * cos(x[1]),0.9999999403953552,True,1.0,1.0,6.0,287359,1.5393294210080057,0.0,0,(sin(x0) + sin(x0) * x1 / x1) * (cos(x1) + cos(x1) + cos(x1)),(sin(x0) + sin(x0) * x1 / x1) * (cos(x1) + cos(x1) + cos(x1)),6*sin(x0)*cos(x1),[],"{""K"": 500, ""c"": 6.0, ""exploration_rate"": 0.1, ""gamma"": 0.5, ""gp_rate"": 0.5, ""lm_iterations"": 10, ""max_constants"": 999, ""max_depth"": 6, ""max_evals"": 2000000, ""max_unary"": 999, ""mutation_rate"": 0.1, ""ops"": [""+"", ""-"", ""*"", ""/"", ""sin"", ""cos"", ""exp"", ""log""], ""succ_error_tol"": 1e-06}","{""K"": 500, ""c"": 6.0, ""exploration_rate"": 0.1, ""gamma"": 0.5, ""gp_rate"": 0.5, ""lm_iterations"": 10, ""max_constants"": 999, ""max_depth"": 6, ""max_evals"": 2000000, ""max_unary"": 999, ""mutation_rate"": 0.1, ""ops"": [""+"", ""-"", ""*"", ""/"", ""sin"", ""cos"", ""exp"", ""log""], ""succ_error_tol"": 1e-06}",0.5
imcts,Livermore,10,Livermore-10,expression,68,10555,40,20,20,2,"[""x0"", ""x1""]",6*sin(x[0]) * cos(x[1]),0.9969720840454102,False,0.9999907760439016,0.9995252776200647,27.0,2000002,13.570885377004743,0.0,0,cos(x0) * x0 + cos(x1) * cos(x1) * sin(x0) + x0 + sin(x0) + (sin(x0) + x0) * (x1 / x1 - x1 * x1),cos(x0) * x0 + cos(x1) * cos(x1) * sin(x0) + x0 + sin(x0) + (sin(x0) + x0) * (x1 / x1 - x1 * x1),x0*cos(x0) + x0 + (1 - x1**2)*(x0 + sin(x0)) + sin(x0)*cos(x1)**2 + sin(x0),[],"{""K"": 500, ""c"": 6.0, ""exploration_rate"": 0.1, ""gamma"": 0.5, ""gp_rate"": 0.5, ""lm_iterations"": 10, ""max_constants"": 999, ""max_depth"": 6, ""max_evals"": 2000000, ""max_unary"": 999, ""mutation_rate"": 0.1, ""ops"": [""+"", ""-"", ""*"", ""/"", ""sin"", ""cos"", ""exp"", ""log""], ""succ_error_tol"": 1e-06}","{""K"": 500, ""c"": 6.0, ""exploration_rate"": 0.1, ""gamma"": 0.5, ""gp_rate"": 0.5, ""lm_iterations"": 10, ""max_constants"": 999, ""max_depth"": 6, ""max_evals"": 2000000, ""max_unary"": 999, ""mutation_rate"": 0.1, ""ops"": [""+"", ""-"", ""*"", ""/"", ""sin"", ""cos"", ""exp"", ""log""], ""succ_error_tol"": 1e-06}",0.5
imcts,Livermore,10,Livermore-10,expression,69,10253,40,20,20,2,"[""x0"", ""x1""]",6*sin(x[0]) * cos(x[1]),0.9999999403953552,True,1.0,1.0,6.0,124949,0.617883950995747,0.0,0,sin(x0) / x0 * cos(x1) * (x0 + x0 + x0 + x0 + x0 + x0),sin(x0) / x0 * cos(x1) * (x0 + x0 + x0 + x0 + x0 + x0),6*sin(x0)*cos(x1),[],"{""K"": 500, ""c"": 6.0, ""exploration_rate"": 0.1, ""gamma"": 0.5, ""gp_rate"": 0.5, ""lm_iterations"": 10, ""max_constants"": 999, ""max_depth"": 6, ""max_evals"": 2000000, ""max_unary"": 999, ""mutation_rate"": 0.1, ""ops"": [""+"", ""-"", ""*"", ""/"", ""sin"", ""cos"", ""exp"", ""log""], ""succ_error_tol"": 1e-06}","{""K"": 500, ""c"": 6.0, ""exploration_rate"": 0.1, ""gamma"": 0.5, ""gp_rate"": 0.5, ""lm_iterations"": 10, ""max_constants"": 999, ""max_depth"": 6, ""max_evals"": 2000000, ""max_unary"": 999, ""mutation_rate"": 0.1, ""ops"": [""+"", ""-"", ""*"", ""/"", ""sin"", ""cos"", ""exp"", ""log""], ""succ_error_tol"": 1e-06}",0.5
imcts,Livermore,10,Livermore-10,expression,70,8433,40,20,20,2,"[""x0"", ""x1""]",6*sin(x[0]) * cos(x[1]),0.9999999403953552,True,1.0,1.0,6.0,318486,1.8021233750041574,0.0,0,(cos(x1) + cos(x1) + cos(x1)) * (sin(x0) + sin(x0)),(cos(x1) + cos(x1) + cos(x1)) * (sin(x0) + sin(x0)),6*sin(x0)*cos(x1),[],"{""K"": 500, ""c"": 6.0, ""exploration_rate"": 0.1, ""gamma"": 0.5, ""gp_rate"": 0.5, ""lm_iterations"": 10, ""max_constants"": 999, ""max_depth"": 6, ""max_evals"": 2000000, ""max_unary"": 999, ""mutation_rate"": 0.1, ""ops"": [""+"", ""-"", ""*"", ""/"", ""sin"", ""cos"", ""exp"", ""log""], ""succ_error_tol"": 1e-06}","{""K"": 500, ""c"": 6.0, ""exploration_rate"": 0.1, ""gamma"": 0.5, ""gp_rate"": 0.5, ""lm_iterations"": 10, ""max_constants"": 999, ""max_depth"": 6, ""max_evals"": 2000000, ""max_unary"": 999, ""mutation_rate"": 0.1, ""ops"": [""+"", ""-"", ""*"", ""/"", ""sin"", ""cos"", ""exp"", ""log""], ""succ_error_tol"": 1e-06}",0.5
imcts,Livermore,10,Livermore-10,expression,71,10233,40,20,20,2,"[""x0"", ""x1""]",6*sin(x[0]) * cos(x[1]),0.9960047006607056,False,0.9999839092894266,0.9999751957705875,21.0,2000005,13.091758673021104,0.0,0,cos(x0) * x0 + x0 + cos(x0) * x0 + x0 + x0 + x0 - x1 * x0 * x1 * (cos(x1) * x0 + exp(cos(x0))),cos(x0) * x0 + x0 + cos(x0) * x0 + x0 + x0 + x0 - x1 * x0 * x1 * (cos(x1) * x0 + exp(cos(x0))),x0*(-x1**2*(x0*cos(x1) + exp(cos(x0))) + 2*cos(x0) + 4),[],"{""K"": 500, ""c"": 6.0, ""exploration_rate"": 0.1, ""gamma"": 0.5, ""gp_rate"": 0.5, ""lm_iterations"": 10, ""max_constants"": 999, ""max_depth"": 6, ""max_evals"": 2000000, ""max_unary"": 999, ""mutation_rate"": 0.1, ""ops"": [""+"", ""-"", ""*"", ""/"", ""sin"", ""cos"", ""exp"", ""log""], ""succ_error_tol"": 1e-06}","{""K"": 500, ""c"": 6.0, ""exploration_rate"": 0.1, ""gamma"": 0.5, ""gp_rate"": 0.5, ""lm_iterations"": 10, ""max_constants"": 999, ""max_depth"": 6, ""max_evals"": 2000000, ""max_unary"": 999, ""mutation_rate"": 0.1, ""ops"": [""+"", ""-"", ""*"", ""/"", ""sin"", ""cos"", ""exp"", ""log""], ""succ_error_tol"": 1e-06}",0.5
imcts,Livermore,10,Livermore-10,expression,72,11016,40,20,20,2,"[""x0"", ""x1""]",6*sin(x[0]) * cos(x[1]),0.9999999403953552,True,1.0,1.0,6.0,1312843,8.41562508099014,0.0,0,(sin(x0) + sin(x0) + sin(x0) + sin(x0) + sin(x0) + sin(x0)) * cos(x1),(sin(x0) + sin(x0) + sin(x0) + sin(x0) + sin(x0) + sin(x0)) * cos(x1),6*sin(x0)*cos(x1),[],"{""K"": 500, ""c"": 6.0, ""exploration_rate"": 0.1, ""gamma"": 0.5, ""gp_rate"": 0.5, ""lm_iterations"": 10, ""max_constants"": 999, ""max_depth"": 6, ""max_evals"": 2000000, ""max_unary"": 999, ""mutation_rate"": 0.1, ""ops"": [""+"", ""-"", ""*"", ""/"", ""sin"", ""cos"", ""exp"", ""log""], ""succ_error_tol"": 1e-06}","{""K"": 500, ""c"": 6.0, ""exploration_rate"": 0.1, ""gamma"": 0.5, ""gp_rate"": 0.5, ""lm_iterations"": 10, ""max_constants"": 999, ""max_depth"": 6, ""max_evals"": 2000000, ""max_unary"": 999, ""mutation_rate"": 0.1, ""ops"": [""+"", ""-"", ""*"", ""/"", ""sin"", ""cos"", ""exp"", ""log""], ""succ_error_tol"": 1e-06}",0.5
imcts,Livermore,10,Livermore-10,expression,73,23897,40,20,20,2,"[""x0"", ""x1""]",6*sin(x[0]) * cos(x[1]),0.9999998807907104,True,1.0,1.0,6.0,177451,0.9115016489522532,0.0,0,cos(x1) * (sin(x0) + sin(x0) + sin(x0) + sin(x0) + sin(x0) + sin(x0)),cos(x1) * (sin(x0) + sin(x0) + sin(x0) + sin(x0) + sin(x0) + sin(x0)),6*sin(x0)*cos(x1),[],"{""K"": 500, ""c"": 6.0, ""exploration_rate"": 0.1, ""gamma"": 0.5, ""gp_rate"": 0.5, ""lm_iterations"": 10, ""max_constants"": 999, ""max_depth"": 6, ""max_evals"": 2000000, ""max_unary"": 999, ""mutation_rate"": 0.1, ""ops"": [""+"", ""-"", ""*"", ""/"", ""sin"", ""cos"", ""exp"", ""log""], ""succ_error_tol"": 1e-06}","{""K"": 500, ""c"": 6.0, ""exploration_rate"": 0.1, ""gamma"": 0.5, ""gp_rate"": 0.5, ""lm_iterations"": 10, ""max_constants"": 999, ""max_depth"": 6, ""max_evals"": 2000000, ""max_unary"": 999, ""mutation_rate"": 0.1, ""ops"": [""+"", ""-"", ""*"", ""/"", ""sin"", ""cos"", ""exp"", ""log""], ""succ_error_tol"": 1e-06}",0.5
imcts,Livermore,10,Livermore-10,expression,74,2612,40,20,20,2,"[""x0"", ""x1""]",6*sin(x[0]) * cos(x[1]),0.9999999403953552,True,1.0,1.0,6.0,367012,2.1188391860341653,0.0,0,sin(x0) * (cos(x1) + cos(x1) + cos(x1) + cos(x1) + cos(x1) + cos(x1)),sin(x0) * (cos(x1) + cos(x1) + cos(x1) + cos(x1) + cos(x1) + cos(x1)),6*sin(x0)*cos(x1),[],"{""K"": 500, ""c"": 6.0, ""exploration_rate"": 0.1, ""gamma"": 0.5, ""gp_rate"": 0.5, ""lm_iterations"": 10, ""max_constants"": 999, ""max_depth"": 6, ""max_evals"": 2000000, ""max_unary"": 999, ""mutation_rate"": 0.1, ""ops"": [""+"", ""-"", ""*"", ""/"", ""sin"", ""cos"", ""exp"", ""log""], ""succ_error_tol"": 1e-06}","{""K"": 500, ""c"": 6.0, ""exploration_rate"": 0.1, ""gamma"": 0.5, ""gp_rate"": 0.5, ""lm_iterations"": 10, ""max_constants"": 999, ""max_depth"": 6, ""max_evals"": 2000000, ""max_unary"": 999, ""mutation_rate"": 0.1, ""ops"": [""+"", ""-"", ""*"", ""/"", ""sin"", ""cos"", ""exp"", ""log""], ""succ_error_tol"": 1e-06}",0.5
imcts,Livermore,10,Livermore-10,expression,75,23425,40,20,20,2,"[""x0"", ""x1""]",6*sin(x[0]) * cos(x[1]),0.9943816661834717,False,0.9999680761628756,0.999949040707258,28.0,2000005,13.557023853994906,0.0,0,x0 + x0 + cos(x1) * (x0 + x0) + cos(x1) * (x0 + x0) * (cos(x0) - x1 * x1) + sin(x1) * cos(x1) * cos(x1) * x1 * x0,x0 + x0 + cos(x1) * (x0 + x0) + cos(x1) * (x0 + x0) * (cos(x0) - x1 * x1) + sin(x1) * cos(x1) * cos(x1) * x1 * x0,x0*(x1*sin(x1)*cos(x1)**2 - 2*(x1**2 - cos(x0))*cos(x1) + 2*cos(x1) + 2),[],"{""K"": 500, ""c"": 6.0, ""exploration_rate"": 0.1, ""gamma"": 0.5, ""gp_rate"": 0.5, ""lm_iterations"": 10, ""max_constants"": 999, ""max_depth"": 6, ""max_evals"": 2000000, ""max_unary"": 999, ""mutation_rate"": 0.1, ""ops"": [""+"", ""-"", ""*"", ""/"", ""sin"", ""cos"", ""exp"", ""log""], ""succ_error_tol"": 1e-06}","{""K"": 500, ""c"": 6.0, ""exploration_rate"": 0.1, ""gamma"": 0.5, ""gp_rate"": 0.5, ""lm_iterations"": 10, ""max_constants"": 999, ""max_depth"": 6, ""max_evals"": 2000000, ""max_unary"": 999, ""mutation_rate"": 0.1, ""ops"": [""+"", ""-"", ""*"", ""/"", ""sin"", ""cos"", ""exp"", ""log""], ""succ_error_tol"": 1e-06}",0.5
imcts,Livermore,10,Livermore-10,expression,76,25939,40,20,20,2,"[""x0"", ""x1""]",6*sin(x[0]) * cos(x[1]),0.9999999403953552,True,1.0,1.0,6.0,87066,0.4267544390168041,0.0,0,(sin(x0) + sin(x0)) * (cos(x1) + x0 - x0 + cos(x1) + cos(x1)),(sin(x0) + sin(x0)) * (cos(x1) + x0 - x0 + cos(x1) + cos(x1)),6*sin(x0)*cos(x1),[],"{""K"": 500, ""c"": 6.0, ""exploration_rate"": 0.1, ""gamma"": 0.5, ""gp_rate"": 0.5, ""lm_iterations"": 10, ""max_constants"": 999, ""max_depth"": 6, ""max_evals"": 2000000, ""max_unary"": 999, ""mutation_rate"": 0.1, ""ops"": [""+"", ""-"", ""*"", ""/"", ""sin"", ""cos"", ""exp"", ""log""], ""succ_error_tol"": 1e-06}","{""K"": 500, ""c"": 6.0, ""exploration_rate"": 0.1, ""gamma"": 0.5, ""gp_rate"": 0.5, ""lm_iterations"": 10, ""max_constants"": 999, ""max_depth"": 6, ""max_evals"": 2000000, ""max_unary"": 999, ""mutation_rate"": 0.1, ""ops"": [""+"", ""-"", ""*"", ""/"", ""sin"", ""cos"", ""exp"", ""log""], ""succ_error_tol"": 1e-06}",0.5
imcts,Livermore,10,Livermore-10,expression,77,22619,40,20,20,2,"[""x0"", ""x1""]",6*sin(x[0]) * cos(x[1]),0.9962072372436523,False,0.9999855053691974,0.9999621653365018,9.0,2000002,12.778993107029237,0.0,0,(x0 / x0 + cos(x0) + x0 / x0) * x0 * (cos(x1) + cos(x1)),(x0 / x0 + cos(x0) + x0 / x0) * x0 * (cos(x1) + cos(x1)),2*x0*(cos(x0) + 2)*cos(x1),[],"{""K"": 500, ""c"": 6.0, ""exploration_rate"": 0.1, ""gamma"": 0.5, ""gp_rate"": 0.5, ""lm_iterations"": 10, ""max_constants"": 999, ""max_depth"": 6, ""max_evals"": 2000000, ""max_unary"": 999, ""mutation_rate"": 0.1, ""ops"": [""+"", ""-"", ""*"", ""/"", ""sin"", ""cos"", ""exp"", ""log""], ""succ_error_tol"": 1e-06}","{""K"": 500, ""c"": 6.0, ""exploration_rate"": 0.1, ""gamma"": 0.5, ""gp_rate"": 0.5, ""lm_iterations"": 10, ""max_constants"": 999, ""max_depth"": 6, ""max_evals"": 2000000, ""max_unary"": 999, ""mutation_rate"": 0.1, ""ops"": [""+"", ""-"", ""*"", ""/"", ""sin"", ""cos"", ""exp"", ""log""], ""succ_error_tol"": 1e-06}",0.5
imcts,Livermore,10,Livermore-10,expression,78,21870,40,20,20,2,"[""x0"", ""x1""]",6*sin(x[0]) * cos(x[1]),0.9999999403953552,True,1.0,1.0,6.0,410655,2.370036047010217,0.0,0,(cos(x1) + cos(x1) + cos(x1)) * (sin(x0) + sin(x0)),(cos(x1) + cos(x1) + cos(x1)) * (sin(x0) + sin(x0)),6*sin(x0)*cos(x1),[],"{""K"": 500, ""c"": 6.0, ""exploration_rate"": 0.1, ""gamma"": 0.5, ""gp_rate"": 0.5, ""lm_iterations"": 10, ""max_constants"": 999, ""max_depth"": 6, ""max_evals"": 2000000, ""max_unary"": 999, ""mutation_rate"": 0.1, ""ops"": [""+"", ""-"", ""*"", ""/"", ""sin"", ""cos"", ""exp"", ""log""], ""succ_error_tol"": 1e-06}","{""K"": 500, ""c"": 6.0, ""exploration_rate"": 0.1, ""gamma"": 0.5, ""gp_rate"": 0.5, ""lm_iterations"": 10, ""max_constants"": 999, ""max_depth"": 6, ""max_evals"": 2000000, ""max_unary"": 999, ""mutation_rate"": 0.1, ""ops"": [""+"", ""-"", ""*"", ""/"", ""sin"", ""cos"", ""exp"", ""log""], ""succ_error_tol"": 1e-06}",0.5
imcts,Livermore,10,Livermore-10,expression,79,23483,40,20,20,2,"[""x0"", ""x1""]",6*sin(x[0]) * cos(x[1]),0.9975529909133911,False,0.9999939826020446,0.9999757691104698,25.0,2000000,14.065329834993463,0.0,0,cos(x1) * (x0 + x0 + x0) - x0 * x0 * cos(x1) * x0 + cos(x1) * (x0 + x0 + x0) - (x0 - sin(x0)) * (x1 * x1 - x1),cos(x1) * (x0 + x0 + x0) - x0 * x0 * cos(x1) * x0 + cos(x1) * (x0 + x0 + x0) - (x0 - sin(x0)) * (x1 * x1 - x1),-x0**3*cos(x1) + 6*x0*cos(x1) - x1*(x0 - sin(x0))*(x1 - 1),[],"{""K"": 500, ""c"": 6.0, ""exploration_rate"": 0.1, ""gamma"": 0.5, ""gp_rate"": 0.5, ""lm_iterations"": 10, ""max_constants"": 999, ""max_depth"": 6, ""max_evals"": 2000000, ""max_unary"": 999, ""mutation_rate"": 0.1, ""ops"": [""+"", ""-"", ""*"", ""/"", ""sin"", ""cos"", ""exp"", ""log""], ""succ_error_tol"": 1e-06}","{""K"": 500, ""c"": 6.0, ""exploration_rate"": 0.1, ""gamma"": 0.5, ""gp_rate"": 0.5, ""lm_iterations"": 10, ""max_constants"": 999, ""max_depth"": 6, ""max_evals"": 2000000, ""max_unary"": 999, ""mutation_rate"": 0.1, ""ops"": [""+"", ""-"", ""*"", ""/"", ""sin"", ""cos"", ""exp"", ""log""], ""succ_error_tol"": 1e-06}",0.5
imcts,Livermore,10,Livermore-10,expression,80,26054,40,20,20,2,"[""x0"", ""x1""]",6*sin(x[0]) * cos(x[1]),0.9999999403953552,True,1.0,1.0,6.0,1079257,6.3162665360141546,0.0,0,(cos(x1) + cos(x1) + cos(x1)) * (sin(x0) + sin(x0)),(cos(x1) + cos(x1) + cos(x1)) * (sin(x0) + sin(x0)),6*sin(x0)*cos(x1),[],"{""K"": 500, ""c"": 6.0, ""exploration_rate"": 0.1, ""gamma"": 0.5, ""gp_rate"": 0.5, ""lm_iterations"": 10, ""max_constants"": 999, ""max_depth"": 6, ""max_evals"": 2000000, ""max_unary"": 999, ""mutation_rate"": 0.1, ""ops"": [""+"", ""-"", ""*"", ""/"", ""sin"", ""cos"", ""exp"", ""log""], ""succ_error_tol"": 1e-06}","{""K"": 500, ""c"": 6.0, ""exploration_rate"": 0.1, ""gamma"": 0.5, ""gp_rate"": 0.5, ""lm_iterations"": 10, ""max_constants"": 999, ""max_depth"": 6, ""max_evals"": 2000000, ""max_unary"": 999, ""mutation_rate"": 0.1, ""ops"": [""+"", ""-"", ""*"", ""/"", ""sin"", ""cos"", ""exp"", ""log""], ""succ_error_tol"": 1e-06}",0.5
imcts,Livermore,10,Livermore-10,expression,81,15787,40,20,20,2,"[""x0"", ""x1""]",6*sin(x[0]) * cos(x[1]),0.9876390099525452,False,0.9998433566483741,0.9998324750636401,26.0,2000000,13.97679802897619,0.0,0,sin(x0) * cos(x1) - x1 * x1 * x0 * (x1 + x1 - x1) + (sin(x0) + sin(x0)) / exp(x1 * x1) + sin(x0) + sin(x0) + sin(x0),sin(x0) * cos(x1) - x1 * x1 * x0 * (x1 + x1 - x1) + (sin(x0) + sin(x0)) / exp(x1 * x1) + sin(x0) + sin(x0) + sin(x0),-x0*x1**3 + sin(x0)*cos(x1) + 3*sin(x0) + 2*exp(-x1**2)*sin(x0),[],"{""K"": 500, ""c"": 6.0, ""exploration_rate"": 0.1, ""gamma"": 0.5, ""gp_rate"": 0.5, ""lm_iterations"": 10, ""max_constants"": 999, ""max_depth"": 6, ""max_evals"": 2000000, ""max_unary"": 999, ""mutation_rate"": 0.1, ""ops"": [""+"", ""-"", ""*"", ""/"", ""sin"", ""cos"", ""exp"", ""log""], ""succ_error_tol"": 1e-06}","{""K"": 500, ""c"": 6.0, ""exploration_rate"": 0.1, ""gamma"": 0.5, ""gp_rate"": 0.5, ""lm_iterations"": 10, ""max_constants"": 999, ""max_depth"": 6, ""max_evals"": 2000000, ""max_unary"": 999, ""mutation_rate"": 0.1, ""ops"": [""+"", ""-"", ""*"", ""/"", ""sin"", ""cos"", ""exp"", ""log""], ""succ_error_tol"": 1e-06}",0.5
imcts,Livermore,10,Livermore-10,expression,82,27132,40,20,20,2,"[""x0"", ""x1""]",6*sin(x[0]) * cos(x[1]),0.9999999403953552,True,1.0,1.0,6.0,218822,1.1598613469977863,0.0,0,cos(x1) * (sin(x0) + sin(x0) + sin(x0) + sin(x0) + sin(x0) + sin(x0)),cos(x1) * (sin(x0) + sin(x0) + sin(x0) + sin(x0) + sin(x0) + sin(x0)),6*sin(x0)*cos(x1),[],"{""K"": 500, ""c"": 6.0, ""exploration_rate"": 0.1, ""gamma"": 0.5, ""gp_rate"": 0.5, ""lm_iterations"": 10, ""max_constants"": 999, ""max_depth"": 6, ""max_evals"": 2000000, ""max_unary"": 999, ""mutation_rate"": 0.1, ""ops"": [""+"", ""-"", ""*"", ""/"", ""sin"", ""cos"", ""exp"", ""log""], ""succ_error_tol"": 1e-06}","{""K"": 500, ""c"": 6.0, ""exploration_rate"": 0.1, ""gamma"": 0.5, ""gp_rate"": 0.5, ""lm_iterations"": 10, ""max_constants"": 999, ""max_depth"": 6, ""max_evals"": 2000000, ""max_unary"": 999, ""mutation_rate"": 0.1, ""ops"": [""+"", ""-"", ""*"", ""/"", ""sin"", ""cos"", ""exp"", ""log""], ""succ_error_tol"": 1e-06}",0.5
imcts,Livermore,10,Livermore-10,expression,83,17159,40,20,20,2,"[""x0"", ""x1""]",6*sin(x[0]) * cos(x[1]),0.9912605285644531,False,0.9999222687030117,0.9999040977304519,34.0,2000001,12.850893453985918,0.0,0,x0 + x0 - sin(x1) * x0 * x1 + x0 + x0 + (sin(x0) + x0 - x1 * x1 * sin(x0)) * (cos(x0) - sin(x1) * x1 * x1),x0 + x0 - sin(x1) * x0 * x1 + x0 + x0 + (sin(x0) + x0 - x1 * x1 * sin(x0)) * (cos(x0) - sin(x1) * x1 * x1),-x0*x1*sin(x1) + 4*x0 - (x1**2*sin(x1) - cos(x0))*(x0 - x1**2*sin(x0) + sin(x0)),[],"{""K"": 500, ""c"": 6.0, ""exploration_rate"": 0.1, ""gamma"": 0.5, ""gp_rate"": 0.5, ""lm_iterations"": 10, ""max_constants"": 999, ""max_depth"": 6, ""max_evals"": 2000000, ""max_unary"": 999, ""mutation_rate"": 0.1, ""ops"": [""+"", ""-"", ""*"", ""/"", ""sin"", ""cos"", ""exp"", ""log""], ""succ_error_tol"": 1e-06}","{""K"": 500, ""c"": 6.0, ""exploration_rate"": 0.1, ""gamma"": 0.5, ""gp_rate"": 0.5, ""lm_iterations"": 10, ""max_constants"": 999, ""max_depth"": 6, ""max_evals"": 2000000, ""max_unary"": 999, ""mutation_rate"": 0.1, ""ops"": [""+"", ""-"", ""*"", ""/"", ""sin"", ""cos"", ""exp"", ""log""], ""succ_error_tol"": 1e-06}",0.5
imcts,Livermore,10,Livermore-10,expression,84,12206,40,20,20,2,"[""x0"", ""x1""]",6*sin(x[0]) * cos(x[1]),0.995529055595398,False,0.9999798308567961,0.9999860369184143,15.0,2000004,12.977973100030795,0.0,0,(sin(x0) + x0 * cos(x0) + sin(x0) + x0 + x0 + sin(x0)) * cos(x1),(sin(x0) + x0 * cos(x0) + sin(x0) + x0 + x0 + sin(x0)) * cos(x1),(x0*cos(x0) + 2*x0 + 3*sin(x0))*cos(x1),[],"{""K"": 500, ""c"": 6.0, ""exploration_rate"": 0.1, ""gamma"": 0.5, ""gp_rate"": 0.5, ""lm_iterations"": 10, ""max_constants"": 999, ""max_depth"": 6, ""max_evals"": 2000000, ""max_unary"": 999, ""mutation_rate"": 0.1, ""ops"": [""+"", ""-"", ""*"", ""/"", ""sin"", ""cos"", ""exp"", ""log""], ""succ_error_tol"": 1e-06}","{""K"": 500, ""c"": 6.0, ""exploration_rate"": 0.1, ""gamma"": 0.5, ""gp_rate"": 0.5, ""lm_iterations"": 10, ""max_constants"": 999, ""max_depth"": 6, ""max_evals"": 2000000, ""max_unary"": 999, ""mutation_rate"": 0.1, ""ops"": [""+"", ""-"", ""*"", ""/"", ""sin"", ""cos"", ""exp"", ""log""], ""succ_error_tol"": 1e-06}",0.5
imcts,Livermore,10,Livermore-10,expression,85,8226,40,20,20,2,"[""x0"", ""x1""]",6*sin(x[0]) * cos(x[1]),0.9967633485794067,False,0.9999894559277493,0.9999897892049212,14.0,2000000,13.284822392975911,0.0,0,cos(x1) * (cos(x0) * x0 + x0 + x0) + (cos(x1) + cos(x1) + cos(x1)) * sin(x0),cos(x1) * (cos(x0) * x0 + x0 + x0) + (cos(x1) + cos(x1) + cos(x1)) * sin(x0),(x0*(cos(x0) + 2) + 3*sin(x0))*cos(x1),[],"{""K"": 500, ""c"": 6.0, ""exploration_rate"": 0.1, ""gamma"": 0.5, ""gp_rate"": 0.5, ""lm_iterations"": 10, ""max_constants"": 999, ""max_depth"": 6, ""max_evals"": 2000000, ""max_unary"": 999, ""mutation_rate"": 0.1, ""ops"": [""+"", ""-"", ""*"", ""/"", ""sin"", ""cos"", ""exp"", ""log""], ""succ_error_tol"": 1e-06}","{""K"": 500, ""c"": 6.0, ""exploration_rate"": 0.1, ""gamma"": 0.5, ""gp_rate"": 0.5, ""lm_iterations"": 10, ""max_constants"": 999, ""max_depth"": 6, ""max_evals"": 2000000, ""max_unary"": 999, ""mutation_rate"": 0.1, ""ops"": [""+"", ""-"", ""*"", ""/"", ""sin"", ""cos"", ""exp"", ""log""], ""succ_error_tol"": 1e-06}",0.5
imcts,Livermore,10,Livermore-10,expression,86,14541,40,20,20,2,"[""x0"", ""x1""]",6*sin(x[0]) * cos(x[1]),0.9999999403953552,True,1.0,1.0,6.0,560874,3.1981524489820004,0.0,0,(cos(x1) + cos(x1) + cos(x1)) * (x0 - x0 + sin(x0) + sin(x0)),(cos(x1) + cos(x1) + cos(x1)) * (x0 - x0 + sin(x0) + sin(x0)),6*sin(x0)*cos(x1),[],"{""K"": 500, ""c"": 6.0, ""exploration_rate"": 0.1, ""gamma"": 0.5, ""gp_rate"": 0.5, ""lm_iterations"": 10, ""max_constants"": 999, ""max_depth"": 6, ""max_evals"": 2000000, ""max_unary"": 999, ""mutation_rate"": 0.1, ""ops"": [""+"", ""-"", ""*"", ""/"", ""sin"", ""cos"", ""exp"", ""log""], ""succ_error_tol"": 1e-06}","{""K"": 500, ""c"": 6.0, ""exploration_rate"": 0.1, ""gamma"": 0.5, ""gp_rate"": 0.5, ""lm_iterations"": 10, ""max_constants"": 999, ""max_depth"": 6, ""max_evals"": 2000000, ""max_unary"": 999, ""mutation_rate"": 0.1, ""ops"": [""+"", ""-"", ""*"", ""/"", ""sin"", ""cos"", ""exp"", ""log""], ""succ_error_tol"": 1e-06}",0.5
imcts,Livermore,10,Livermore-10,expression,87,3152,40,20,20,2,"[""x0"", ""x1""]",6*sin(x[0]) * cos(x[1]),0.989557147026062,False,0.9998886333114207,0.999414011748847,28.0,2000004,13.64619544200832,0.0,0,sin(x0) * sin(x1) / (x0 / x0 + x1 / x0) + sin(x0 + x0) + (x0 + x0 + x0 + x0) / exp(x1 * x1),sin(x0) * sin(x1) / (x0 / x0 + x1 / x0) + sin(x0 + x0) + (x0 + x0 + x0 + x0) / exp(x1 * x1),4*x0*exp(-x1**2) + sin(2*x0) + sin(x0)*sin(x1)/(1 + x1/x0),[],"{""K"": 500, ""c"": 6.0, ""exploration_rate"": 0.1, ""gamma"": 0.5, ""gp_rate"": 0.5, ""lm_iterations"": 10, ""max_constants"": 999, ""max_depth"": 6, ""max_evals"": 2000000, ""max_unary"": 999, ""mutation_rate"": 0.1, ""ops"": [""+"", ""-"", ""*"", ""/"", ""sin"", ""cos"", ""exp"", ""log""], ""succ_error_tol"": 1e-06}","{""K"": 500, ""c"": 6.0, ""exploration_rate"": 0.1, ""gamma"": 0.5, ""gp_rate"": 0.5, ""lm_iterations"": 10, ""max_constants"": 999, ""max_depth"": 6, ""max_evals"": 2000000, ""max_unary"": 999, ""mutation_rate"": 0.1, ""ops"": [""+"", ""-"", ""*"", ""/"", ""sin"", ""cos"", ""exp"", ""log""], ""succ_error_tol"": 1e-06}",0.5
imcts,Livermore,10,Livermore-10,expression,88,26531,40,20,20,2,"[""x0"", ""x1""]",6*sin(x[0]) * cos(x[1]),0.9960788488388062,False,0.9999845033053829,0.9999906555934182,15.0,2000002,12.918868142005522,0.0,0,(x0 + x0 + sin(x0) + x0 * cos(x0) + sin(x0) + sin(x0)) * cos(x1),(x0 + x0 + sin(x0) + x0 * cos(x0) + sin(x0) + sin(x0)) * cos(x1),(x0*cos(x0) + 2*x0 + 3*sin(x0))*cos(x1),[],"{""K"": 500, ""c"": 6.0, ""exploration_rate"": 0.1, ""gamma"": 0.5, ""gp_rate"": 0.5, ""lm_iterations"": 10, ""max_constants"": 999, ""max_depth"": 6, ""max_evals"": 2000000, ""max_unary"": 999, ""mutation_rate"": 0.1, ""ops"": [""+"", ""-"", ""*"", ""/"", ""sin"", ""cos"", ""exp"", ""log""], ""succ_error_tol"": 1e-06}","{""K"": 500, ""c"": 6.0, ""exploration_rate"": 0.1, ""gamma"": 0.5, ""gp_rate"": 0.5, ""lm_iterations"": 10, ""max_constants"": 999, ""max_depth"": 6, ""max_evals"": 2000000, ""max_unary"": 999, ""mutation_rate"": 0.1, ""ops"": [""+"", ""-"", ""*"", ""/"", ""sin"", ""cos"", ""exp"", ""log""], ""succ_error_tol"": 1e-06}",0.5
imcts,Livermore,10,Livermore-10,expression,89,1585,40,20,20,2,"[""x0"", ""x1""]",6*sin(x[0]) * cos(x[1]),0.9999999403953552,True,1.0,1.0,6.0,1505544,10.465654079976957,0.0,0,(sin(x0) + sin(x0)) * cos(x1) + sin(x0) * cos(x1) + (sin(x0) + sin(x0)) * cos(x1) + sin(x0) * cos(x1),(sin(x0) + sin(x0)) * cos(x1) + sin(x0) * cos(x1) + (sin(x0) + sin(x0)) * cos(x1) + sin(x0) * cos(x1),6*sin(x0)*cos(x1),[],"{""K"": 500, ""c"": 6.0, ""exploration_rate"": 0.1, ""gamma"": 0.5, ""gp_rate"": 0.5, ""lm_iterations"": 10, ""max_constants"": 999, ""max_depth"": 6, ""max_evals"": 2000000, ""max_unary"": 999, ""mutation_rate"": 0.1, ""ops"": [""+"", ""-"", ""*"", ""/"", ""sin"", ""cos"", ""exp"", ""log""], ""succ_error_tol"": 1e-06}","{""K"": 500, ""c"": 6.0, ""exploration_rate"": 0.1, ""gamma"": 0.5, ""gp_rate"": 0.5, ""lm_iterations"": 10, ""max_constants"": 999, ""max_depth"": 6, ""max_evals"": 2000000, ""max_unary"": 999, ""mutation_rate"": 0.1, ""ops"": [""+"", ""-"", ""*"", ""/"", ""sin"", ""cos"", ""exp"", ""log""], ""succ_error_tol"": 1e-06}",0.5
imcts,Livermore,10,Livermore-10,expression,90,3943,40,20,20,2,"[""x0"", ""x1""]",6*sin(x[0]) * cos(x[1]),0.9893888235092163,False,0.9998849743575529,0.9998771400113973,16.0,2000002,12.488627650018316,0.0,0,cos(x1) * sin(x0) * (exp(x0) + x0 / x0 + exp(cos(x0)) + cos(x0 * x0)),cos(x1) * sin(x0) * (exp(x0) + x0 / x0 + exp(cos(x0)) + cos(x0 * x0)),(exp(x0) + exp(cos(x0)) + cos(x0**2) + 1)*sin(x0)*cos(x1),[],"{""K"": 500, ""c"": 6.0, ""exploration_rate"": 0.1, ""gamma"": 0.5, ""gp_rate"": 0.5, ""lm_iterations"": 10, ""max_constants"": 999, ""max_depth"": 6, ""max_evals"": 2000000, ""max_unary"": 999, ""mutation_rate"": 0.1, ""ops"": [""+"", ""-"", ""*"", ""/"", ""sin"", ""cos"", ""exp"", ""log""], ""succ_error_tol"": 1e-06}","{""K"": 500, ""c"": 6.0, ""exploration_rate"": 0.1, ""gamma"": 0.5, ""gp_rate"": 0.5, ""lm_iterations"": 10, ""max_constants"": 999, ""max_depth"": 6, ""max_evals"": 2000000, ""max_unary"": 999, ""mutation_rate"": 0.1, ""ops"": [""+"", ""-"", ""*"", ""/"", ""sin"", ""cos"", ""exp"", ""log""], ""succ_error_tol"": 1e-06}",0.5
imcts,Livermore,10,Livermore-10,expression,91,23939,40,20,20,2,"[""x0"", ""x1""]",6*sin(x[0]) * cos(x[1]),0.9999999403953552,True,1.0,1.0,6.0,603606,3.57545610103989,0.0,0,(cos(x1) + cos(x1)) * sin(x0) * (x1 / x1 + cos(x0 - x0) + cos(x0 - x0)),(cos(x1) + cos(x1)) * sin(x0) * (x1 / x1 + cos(x0 - x0) + cos(x0 - x0)),6*sin(x0)*cos(x1),[],"{""K"": 500, ""c"": 6.0, ""exploration_rate"": 0.1, ""gamma"": 0.5, ""gp_rate"": 0.5, ""lm_iterations"": 10, ""max_constants"": 999, ""max_depth"": 6, ""max_evals"": 2000000, ""max_unary"": 999, ""mutation_rate"": 0.1, ""ops"": [""+"", ""-"", ""*"", ""/"", ""sin"", ""cos"", ""exp"", ""log""], ""succ_error_tol"": 1e-06}","{""K"": 500, ""c"": 6.0, ""exploration_rate"": 0.1, ""gamma"": 0.5, ""gp_rate"": 0.5, ""lm_iterations"": 10, ""max_constants"": 999, ""max_depth"": 6, ""max_evals"": 2000000, ""max_unary"": 999, ""mutation_rate"": 0.1, ""ops"": [""+"", ""-"", ""*"", ""/"", ""sin"", ""cos"", ""exp"", ""log""], ""succ_error_tol"": 1e-06}",0.5
imcts,Livermore,10,Livermore-10,expression,92,19457,40,20,20,2,"[""x0"", ""x1""]",6*sin(x[0]) * cos(x[1]),0.9999999403953552,True,1.0,1.0,6.0,418423,2.3936669569811784,0.0,0,sin(x0) * (cos(x1) + cos(x1) + cos(x1) + cos(x1) + cos(x1) + cos(x1)),sin(x0) * (cos(x1) + cos(x1) + cos(x1) + cos(x1) + cos(x1) + cos(x1)),6*sin(x0)*cos(x1),[],"{""K"": 500, ""c"": 6.0, ""exploration_rate"": 0.1, ""gamma"": 0.5, ""gp_rate"": 0.5, ""lm_iterations"": 10, ""max_constants"": 999, ""max_depth"": 6, ""max_evals"": 2000000, ""max_unary"": 999, ""mutation_rate"": 0.1, ""ops"": [""+"", ""-"", ""*"", ""/"", ""sin"", ""cos"", ""exp"", ""log""], ""succ_error_tol"": 1e-06}","{""K"": 500, ""c"": 6.0, ""exploration_rate"": 0.1, ""gamma"": 0.5, ""gp_rate"": 0.5, ""lm_iterations"": 10, ""max_constants"": 999, ""max_depth"": 6, ""max_evals"": 2000000, ""max_unary"": 999, ""mutation_rate"": 0.1, ""ops"": [""+"", ""-"", ""*"", ""/"", ""sin"", ""cos"", ""exp"", ""log""], ""succ_error_tol"": 1e-06}",0.5
imcts,Livermore,10,Livermore-10,expression,93,1021,40,20,20,2,"[""x0"", ""x1""]",6*sin(x[0]) * cos(x[1]),0.9999999403953552,True,1.0,1.0,6.0,1429727,9.393092069018167,0.0,0,x0 * (cos(x1) + cos(x1) + cos(x1)) * (sin(x0) / x0 + sin(x0) / x0),x0 * (cos(x1) + cos(x1) + cos(x1)) * (sin(x0) / x0 + sin(x0) / x0),6*sin(x0)*cos(x1),[],"{""K"": 500, ""c"": 6.0, ""exploration_rate"": 0.1, ""gamma"": 0.5, ""gp_rate"": 0.5, ""lm_iterations"": 10, ""max_constants"": 999, ""max_depth"": 6, ""max_evals"": 2000000, ""max_unary"": 999, ""mutation_rate"": 0.1, ""ops"": [""+"", ""-"", ""*"", ""/"", ""sin"", ""cos"", ""exp"", ""log""], ""succ_error_tol"": 1e-06}","{""K"": 500, ""c"": 6.0, ""exploration_rate"": 0.1, ""gamma"": 0.5, ""gp_rate"": 0.5, ""lm_iterations"": 10, ""max_constants"": 999, ""max_depth"": 6, ""max_evals"": 2000000, ""max_unary"": 999, ""mutation_rate"": 0.1, ""ops"": [""+"", ""-"", ""*"", ""/"", ""sin"", ""cos"", ""exp"", ""log""], ""succ_error_tol"": 1e-06}",0.5
imcts,Livermore,10,Livermore-10,expression,94,11653,40,20,20,2,"[""x0"", ""x1""]",6*sin(x[0]) * cos(x[1]),0.9999999403953552,True,1.0,1.0,6.0,1382678,8.704621042998042,0.0,0,(x0 + x0 + x0) * cos(x1) * (sin(x0) + sin(x0)) / x0,(x0 + x0 + x0) * cos(x1) * (sin(x0) + sin(x0)) / x0,6*sin(x0)*cos(x1),[],"{""K"": 500, ""c"": 6.0, ""exploration_rate"": 0.1, ""gamma"": 0.5, ""gp_rate"": 0.5, ""lm_iterations"": 10, ""max_constants"": 999, ""max_depth"": 6, ""max_evals"": 2000000, ""max_unary"": 999, ""mutation_rate"": 0.1, ""ops"": [""+"", ""-"", ""*"", ""/"", ""sin"", ""cos"", ""exp"", ""log""], ""succ_error_tol"": 1e-06}","{""K"": 500, ""c"": 6.0, ""exploration_rate"": 0.1, ""gamma"": 0.5, ""gp_rate"": 0.5, ""lm_iterations"": 10, ""max_constants"": 999, ""max_depth"": 6, ""max_evals"": 2000000, ""max_unary"": 999, ""mutation_rate"": 0.1, ""ops"": [""+"", ""-"", ""*"", ""/"", ""sin"", ""cos"", ""exp"", ""log""], ""succ_error_tol"": 1e-06}",0.5
imcts,Livermore,10,Livermore-10,expression,95,10805,40,20,20,2,"[""x0"", ""x1""]",6*sin(x[0]) * cos(x[1]),0.9999999403953552,True,1.0,1.0,6.0,863940,5.0005699069588445,0.0,0,cos(x1) * (sin(x0) + sin(x0) + sin(x0) + sin(x0) + sin(x0) + sin(x0)),cos(x1) * (sin(x0) + sin(x0) + sin(x0) + sin(x0) + sin(x0) + sin(x0)),6*sin(x0)*cos(x1),[],"{""K"": 500, ""c"": 6.0, ""exploration_rate"": 0.1, ""gamma"": 0.5, ""gp_rate"": 0.5, ""lm_iterations"": 10, ""max_constants"": 999, ""max_depth"": 6, ""max_evals"": 2000000, ""max_unary"": 999, ""mutation_rate"": 0.1, ""ops"": [""+"", ""-"", ""*"", ""/"", ""sin"", ""cos"", ""exp"", ""log""], ""succ_error_tol"": 1e-06}","{""K"": 500, ""c"": 6.0, ""exploration_rate"": 0.1, ""gamma"": 0.5, ""gp_rate"": 0.5, ""lm_iterations"": 10, ""max_constants"": 999, ""max_depth"": 6, ""max_evals"": 2000000, ""max_unary"": 999, ""mutation_rate"": 0.1, ""ops"": [""+"", ""-"", ""*"", ""/"", ""sin"", ""cos"", ""exp"", ""log""], ""succ_error_tol"": 1e-06}",0.5
imcts,Livermore,10,Livermore-10,expression,96,13417,40,20,20,2,"[""x0"", ""x1""]",6*sin(x[0]) * cos(x[1]),0.9999999403953552,True,1.0,1.0,6.0,1903552,13.307789409998804,0.0,0,cos(x1) * (sin(x0) + sin(x0)) + cos(x1) * sin(x0) + sin(x0) * cos(x1) + (sin(x0) + sin(x0)) * cos(x1),cos(x1) * (sin(x0) + sin(x0)) + cos(x1) * sin(x0) + sin(x0) * cos(x1) + (sin(x0) + sin(x0)) * cos(x1),6*sin(x0)*cos(x1),[],"{""K"": 500, ""c"": 6.0, ""exploration_rate"": 0.1, ""gamma"": 0.5, ""gp_rate"": 0.5, ""lm_iterations"": 10, ""max_constants"": 999, ""max_depth"": 6, ""max_evals"": 2000000, ""max_unary"": 999, ""mutation_rate"": 0.1, ""ops"": [""+"", ""-"", ""*"", ""/"", ""sin"", ""cos"", ""exp"", ""log""], ""succ_error_tol"": 1e-06}","{""K"": 500, ""c"": 6.0, ""exploration_rate"": 0.1, ""gamma"": 0.5, ""gp_rate"": 0.5, ""lm_iterations"": 10, ""max_constants"": 999, ""max_depth"": 6, ""max_evals"": 2000000, ""max_unary"": 999, ""mutation_rate"": 0.1, ""ops"": [""+"", ""-"", ""*"", ""/"", ""sin"", ""cos"", ""exp"", ""log""], ""succ_error_tol"": 1e-06}",0.5
imcts,Livermore,10,Livermore-10,expression,97,20227,40,20,20,2,"[""x0"", ""x1""]",6*sin(x[0]) * cos(x[1]),0.9888981580734253,False,0.999873965879701,0.9999114136033177,16.0,2000002,13.018714374979027,0.0,0,(exp(x0) + exp(cos(x0)) + cos(x0 * x0) + x0 / x0) * sin(x0) * cos(x1),(exp(x0) + exp(cos(x0)) + cos(x0 * x0) + x0 / x0) * sin(x0) * cos(x1),(exp(x0) + exp(cos(x0)) + cos(x0**2) + 1)*sin(x0)*cos(x1),[],"{""K"": 500, ""c"": 6.0, ""exploration_rate"": 0.1, ""gamma"": 0.5, ""gp_rate"": 0.5, ""lm_iterations"": 10, ""max_constants"": 999, ""max_depth"": 6, ""max_evals"": 2000000, ""max_unary"": 999, ""mutation_rate"": 0.1, ""ops"": [""+"", ""-"", ""*"", ""/"", ""sin"", ""cos"", ""exp"", ""log""], ""succ_error_tol"": 1e-06}","{""K"": 500, ""c"": 6.0, ""exploration_rate"": 0.1, ""gamma"": 0.5, ""gp_rate"": 0.5, ""lm_iterations"": 10, ""max_constants"": 999, ""max_depth"": 6, ""max_evals"": 2000000, ""max_unary"": 999, ""mutation_rate"": 0.1, ""ops"": [""+"", ""-"", ""*"", ""/"", ""sin"", ""cos"", ""exp"", ""log""], ""succ_error_tol"": 1e-06}",0.5
imcts,Livermore,10,Livermore-10,expression,98,7989,40,20,20,2,"[""x0"", ""x1""]",6*sin(x[0]) * cos(x[1]),0.9940634965896606,False,0.999964335716268,0.9995811320025189,18.0,2000005,12.793294636998326,0.0,0,cos(x1) * sin(x0) * (cos(x0 / x0) / cos(x1 * x0) + exp(x0 / x0) + exp(x0 / x0)),cos(x1) * sin(x0) * (cos(x0 / x0) / cos(x1 * x0) + exp(x0 / x0) + exp(x0 / x0)),(2*E + cos(1)/cos(x0*x1))*sin(x0)*cos(x1),[],"{""K"": 500, ""c"": 6.0, ""exploration_rate"": 0.1, ""gamma"": 0.5, ""gp_rate"": 0.5, ""lm_iterations"": 10, ""max_constants"": 999, ""max_depth"": 6, ""max_evals"": 2000000, ""max_unary"": 999, ""mutation_rate"": 0.1, ""ops"": [""+"", ""-"", ""*"", ""/"", ""sin"", ""cos"", ""exp"", ""log""], ""succ_error_tol"": 1e-06}","{""K"": 500, ""c"": 6.0, ""exploration_rate"": 0.1, ""gamma"": 0.5, ""gp_rate"": 0.5, ""lm_iterations"": 10, ""max_constants"": 999, ""max_depth"": 6, ""max_evals"": 2000000, ""max_unary"": 999, ""mutation_rate"": 0.1, ""ops"": [""+"", ""-"", ""*"", ""/"", ""sin"", ""cos"", ""exp"", ""log""], ""succ_error_tol"": 1e-06}",0.5
imcts,Livermore,10,Livermore-10,expression,99,9692,40,20,20,2,"[""x0"", ""x1""]",6*sin(x[0]) * cos(x[1]),0.9932593107223511,False,0.9999539441999706,0.9999534845538314,40.0,2000000,13.154848675010726,0.0,0,(x0 - sin(x1) * x1 * x0) * (sin(x0) / x0 + cos(x0)) + sin(x0) + x0 + x0 + sin(x0) - x0 * x1 * x1 * x0 / sin(x0),(x0 - sin(x1) * x1 * x0) * (sin(x0) / x0 + cos(x0)) + sin(x0) + x0 + x0 + sin(x0) - x0 * x1 * x1 * x0 / sin(x0),-x0**2*x1**2/sin(x0) + 2*x0 - (x0*x1*sin(x1) - x0)*(cos(x0) + sin(x0)/x0) + 2*sin(x0),[],"{""K"": 500, ""c"": 6.0, ""exploration_rate"": 0.1, ""gamma"": 0.5, ""gp_rate"": 0.5, ""lm_iterations"": 10, ""max_constants"": 999, ""max_depth"": 6, ""max_evals"": 2000000, ""max_unary"": 999, ""mutation_rate"": 0.1, ""ops"": [""+"", ""-"", ""*"", ""/"", ""sin"", ""cos"", ""exp"", ""log""], ""succ_error_tol"": 1e-06}","{""K"": 500, ""c"": 6.0, ""exploration_rate"": 0.1, ""gamma"": 0.5, ""gp_rate"": 0.5, ""lm_iterations"": 10, ""max_constants"": 999, ""max_depth"": 6, ""max_evals"": 2000000, ""max_unary"": 999, ""mutation_rate"": 0.1, ""ops"": [""+"", ""-"", ""*"", ""/"", ""sin"", ""cos"", ""exp"", ""log""], ""succ_error_tol"": 1e-06}",0.5
