algorithm,group,case_id,case_name,source_type,run,seed,samples_total,samples_train,samples_test,variables,feature_names,target_expression,reward,success,train_r2,test_r2,complexity,evaluations,time_sec,tuning_time_sec,tuning_evaluations,expression,materialized_expression,simplified_expression,coefficients,algorithm_params,tuned_params,test_ratio
imcts,Livermore,6,Livermore-6,expression,0,23654,40,20,20,1,"[""x0""]",4*x[0]**4 + 3*x[0]**3 + 2*x[0]**2 + x[0],0.995756208896637,False,0.9999818367504586,0.9999900604829671,32.0,2000005,14.124454014003277,0.0,0,exp(x0 * sin(x0)) * (x0 * (x0 + x0) + sin(x0)) + (sin(x0 + x0) + x0 * x0 * sin(x0)) * x0 * sin(x0) * exp(sin(x0)),exp(x0 * sin(x0)) * (x0 * (x0 + x0) + sin(x0)) + (sin(x0 + x0) + x0 * x0 * sin(x0)) * x0 * sin(x0) * exp(sin(x0)),x0*(x0**2 + 2*cos(x0))*exp(sin(x0))*sin(x0)**2 + (2*x0**2 + sin(x0))*exp(x0*sin(x0)),[],"{""K"": 500, ""c"": 6.0, ""exploration_rate"": 0.1, ""gamma"": 0.5, ""gp_rate"": 0.5, ""lm_iterations"": 10, ""max_constants"": 999, ""max_depth"": 6, ""max_evals"": 2000000, ""max_unary"": 999, ""mutation_rate"": 0.1, ""ops"": [""+"", ""-"", ""*"", ""/"", ""sin"", ""cos"", ""exp"", ""log""], ""succ_error_tol"": 1e-06}","{""K"": 500, ""c"": 6.0, ""exploration_rate"": 0.1, ""gamma"": 0.5, ""gp_rate"": 0.5, ""lm_iterations"": 10, ""max_constants"": 999, ""max_depth"": 6, ""max_evals"": 2000000, ""max_unary"": 999, ""mutation_rate"": 0.1, ""ops"": [""+"", ""-"", ""*"", ""/"", ""sin"", ""cos"", ""exp"", ""log""], ""succ_error_tol"": 1e-06}",0.5
imcts,Livermore,6,Livermore-6,expression,1,15795,40,20,20,1,"[""x0""]",4*x[0]**4 + 3*x[0]**3 + 2*x[0]**2 + x[0],0.9999999403953552,True,1.0,1.0,17.0,213542,1.3045835820375942,0.0,0,(x0 + x0 + x0 / x0) * (x0 * x0 * x0 + x0) + x0 * (x0 + x0) * (x0 + x0 * x0),(x0 + x0 + x0 / x0) * (x0 * x0 * x0 + x0) + x0 * (x0 + x0) * (x0 + x0 * x0),x0*(4*x0**3 + 3*x0**2 + 2*x0 + 1),[],"{""K"": 500, ""c"": 6.0, ""exploration_rate"": 0.1, ""gamma"": 0.5, ""gp_rate"": 0.5, ""lm_iterations"": 10, ""max_constants"": 999, ""max_depth"": 6, ""max_evals"": 2000000, ""max_unary"": 999, ""mutation_rate"": 0.1, ""ops"": [""+"", ""-"", ""*"", ""/"", ""sin"", ""cos"", ""exp"", ""log""], ""succ_error_tol"": 1e-06}","{""K"": 500, ""c"": 6.0, ""exploration_rate"": 0.1, ""gamma"": 0.5, ""gp_rate"": 0.5, ""lm_iterations"": 10, ""max_constants"": 999, ""max_depth"": 6, ""max_evals"": 2000000, ""max_unary"": 999, ""mutation_rate"": 0.1, ""ops"": [""+"", ""-"", ""*"", ""/"", ""sin"", ""cos"", ""exp"", ""log""], ""succ_error_tol"": 1e-06}",0.5
imcts,Livermore,6,Livermore-6,expression,2,860,40,20,20,1,"[""x0""]",4*x[0]**4 + 3*x[0]**3 + 2*x[0]**2 + x[0],0.9968000650405884,False,0.9999896944607625,0.9999849709606133,34.0,2000004,14.664195023011416,0.0,0,exp(x0 * x0 + x0) + x0 * x0 * x0 * x0 - cos(x0) + (sin(x0 + x0) + sin(x0) * x0 * x0) * (sin(x0) + cos(x0)) * x0 * x0,exp(x0 * x0 + x0) + x0 * x0 * x0 * x0 - cos(x0) + (sin(x0 + x0) + sin(x0) * x0 * x0) * (sin(x0) + cos(x0)) * x0 * x0,x0**4 + x0**2*(x0**2*sin(x0) + sin(2*x0))*(sin(x0) + cos(x0)) + exp(x0**2 + x0) - cos(x0),[],"{""K"": 500, ""c"": 6.0, ""exploration_rate"": 0.1, ""gamma"": 0.5, ""gp_rate"": 0.5, ""lm_iterations"": 10, ""max_constants"": 999, ""max_depth"": 6, ""max_evals"": 2000000, ""max_unary"": 999, ""mutation_rate"": 0.1, ""ops"": [""+"", ""-"", ""*"", ""/"", ""sin"", ""cos"", ""exp"", ""log""], ""succ_error_tol"": 1e-06}","{""K"": 500, ""c"": 6.0, ""exploration_rate"": 0.1, ""gamma"": 0.5, ""gp_rate"": 0.5, ""lm_iterations"": 10, ""max_constants"": 999, ""max_depth"": 6, ""max_evals"": 2000000, ""max_unary"": 999, ""mutation_rate"": 0.1, ""ops"": [""+"", ""-"", ""*"", ""/"", ""sin"", ""cos"", ""exp"", ""log""], ""succ_error_tol"": 1e-06}",0.5
imcts,Livermore,6,Livermore-6,expression,3,5390,40,20,20,1,"[""x0""]",4*x[0]**4 + 3*x[0]**3 + 2*x[0]**2 + x[0],0.9991384744644165,False,0.9999992565450281,0.9999983837991756,28.0,2000000,14.384338047006167,0.0,0,x0 * exp(x0) * (sin(x0) * sin(x0) + x0 / x0 * exp(x0)) - (x0 * x0 - (sin(x0) + x0)) * sin(x0 / x0) * x0 * x0 * x0,x0 * exp(x0) * (sin(x0) * sin(x0) + x0 / x0 * exp(x0)) - (x0 * x0 - (sin(x0) + x0)) * sin(x0 / x0) * x0 * x0 * x0,x0*(x0**2*(-x0**2 + x0 + sin(x0))*sin(1) + (exp(x0) + sin(x0)**2)*exp(x0)),[],"{""K"": 500, ""c"": 6.0, ""exploration_rate"": 0.1, ""gamma"": 0.5, ""gp_rate"": 0.5, ""lm_iterations"": 10, ""max_constants"": 999, ""max_depth"": 6, ""max_evals"": 2000000, ""max_unary"": 999, ""mutation_rate"": 0.1, ""ops"": [""+"", ""-"", ""*"", ""/"", ""sin"", ""cos"", ""exp"", ""log""], ""succ_error_tol"": 1e-06}","{""K"": 500, ""c"": 6.0, ""exploration_rate"": 0.1, ""gamma"": 0.5, ""gp_rate"": 0.5, ""lm_iterations"": 10, ""max_constants"": 999, ""max_depth"": 6, ""max_evals"": 2000000, ""max_unary"": 999, ""mutation_rate"": 0.1, ""ops"": [""+"", ""-"", ""*"", ""/"", ""sin"", ""cos"", ""exp"", ""log""], ""succ_error_tol"": 1e-06}",0.5
imcts,Livermore,6,Livermore-6,expression,4,16850,40,20,20,1,"[""x0""]",4*x[0]**4 + 3*x[0]**3 + 2*x[0]**2 + x[0],0.9999999403953552,True,1.0,1.0,17.0,731160,4.800851810025051,0.0,0,(x0 + x0 + x0) * (x0 + x0 / x0) * x0 * x0 + (x0 + x0) * x0 + x0 * x0 * x0 * x0 + x0,(x0 + x0 + x0) * (x0 + x0 / x0) * x0 * x0 + (x0 + x0) * x0 + x0 * x0 * x0 * x0 + x0,x0*(4*x0**3 + 3*x0**2 + 2*x0 + 1),[],"{""K"": 500, ""c"": 6.0, ""exploration_rate"": 0.1, ""gamma"": 0.5, ""gp_rate"": 0.5, ""lm_iterations"": 10, ""max_constants"": 999, ""max_depth"": 6, ""max_evals"": 2000000, ""max_unary"": 999, ""mutation_rate"": 0.1, ""ops"": [""+"", ""-"", ""*"", ""/"", ""sin"", ""cos"", ""exp"", ""log""], ""succ_error_tol"": 1e-06}","{""K"": 500, ""c"": 6.0, ""exploration_rate"": 0.1, ""gamma"": 0.5, ""gp_rate"": 0.5, ""lm_iterations"": 10, ""max_constants"": 999, ""max_depth"": 6, ""max_evals"": 2000000, ""max_unary"": 999, ""mutation_rate"": 0.1, ""ops"": [""+"", ""-"", ""*"", ""/"", ""sin"", ""cos"", ""exp"", ""log""], ""succ_error_tol"": 1e-06}",0.5
imcts,Livermore,6,Livermore-6,expression,5,29910,40,20,20,1,"[""x0""]",4*x[0]**4 + 3*x[0]**3 + 2*x[0]**2 + x[0],0.9887857437133789,False,0.9998713707938364,0.9994515999416793,27.0,2000003,14.144466372963507,0.0,0,(x0 + x0 * sin(x0) * sin(x0)) * (exp(x0 + x0) - (x0 * x0 + x0 - x0) + sin(x0) * sin(x0) * cos(x0 + x0)),(x0 + x0 * sin(x0) * sin(x0)) * (exp(x0 + x0) - (x0 * x0 + x0 - x0) + sin(x0) * sin(x0) * cos(x0 + x0)),x0*(sin(x0)**2 + 1)*(-x0**2 + exp(2*x0) + sin(x0)**2*cos(2*x0)),[],"{""K"": 500, ""c"": 6.0, ""exploration_rate"": 0.1, ""gamma"": 0.5, ""gp_rate"": 0.5, ""lm_iterations"": 10, ""max_constants"": 999, ""max_depth"": 6, ""max_evals"": 2000000, ""max_unary"": 999, ""mutation_rate"": 0.1, ""ops"": [""+"", ""-"", ""*"", ""/"", ""sin"", ""cos"", ""exp"", ""log""], ""succ_error_tol"": 1e-06}","{""K"": 500, ""c"": 6.0, ""exploration_rate"": 0.1, ""gamma"": 0.5, ""gp_rate"": 0.5, ""lm_iterations"": 10, ""max_constants"": 999, ""max_depth"": 6, ""max_evals"": 2000000, ""max_unary"": 999, ""mutation_rate"": 0.1, ""ops"": [""+"", ""-"", ""*"", ""/"", ""sin"", ""cos"", ""exp"", ""log""], ""succ_error_tol"": 1e-06}",0.5
imcts,Livermore,6,Livermore-6,expression,6,4426,40,20,20,1,"[""x0""]",4*x[0]**4 + 3*x[0]**3 + 2*x[0]**2 + x[0],0.9943151473999023,False,0.999967311442915,0.9999195269864901,30.0,2000002,13.978073048987426,0.0,0,(x0 * x0 + x0 * x0) * (exp(x0) + x0 * x0) + x0 - sin(x0) * sin(x0) * (sin(x0) - exp(x0)) * sin(x0) * (sin(x0) + cos(x0)),(x0 * x0 + x0 * x0) * (exp(x0) + x0 * x0) + x0 - sin(x0) * sin(x0) * (sin(x0) - exp(x0)) * sin(x0) * (sin(x0) + cos(x0)),2*x0**2*(x0**2 + exp(x0)) + x0 + (exp(x0) - sin(x0))*(sin(x0) + cos(x0))*sin(x0)**3,[],"{""K"": 500, ""c"": 6.0, ""exploration_rate"": 0.1, ""gamma"": 0.5, ""gp_rate"": 0.5, ""lm_iterations"": 10, ""max_constants"": 999, ""max_depth"": 6, ""max_evals"": 2000000, ""max_unary"": 999, ""mutation_rate"": 0.1, ""ops"": [""+"", ""-"", ""*"", ""/"", ""sin"", ""cos"", ""exp"", ""log""], ""succ_error_tol"": 1e-06}","{""K"": 500, ""c"": 6.0, ""exploration_rate"": 0.1, ""gamma"": 0.5, ""gp_rate"": 0.5, ""lm_iterations"": 10, ""max_constants"": 999, ""max_depth"": 6, ""max_evals"": 2000000, ""max_unary"": 999, ""mutation_rate"": 0.1, ""ops"": [""+"", ""-"", ""*"", ""/"", ""sin"", ""cos"", ""exp"", ""log""], ""succ_error_tol"": 1e-06}",0.5
imcts,Livermore,6,Livermore-6,expression,7,21962,40,20,20,1,"[""x0""]",4*x[0]**4 + 3*x[0]**3 + 2*x[0]**2 + x[0],0.9939122796058655,False,0.9999624844803184,0.9999854382987045,25.0,2000000,14.640889290021732,0.0,0,exp(x0) * exp(sin(x0)) * sin(x0) + (x0 * x0 * sin(x0) + exp(x0) + x0 + x0) * x0 * sin(x0) * x0,exp(x0) * exp(sin(x0)) * sin(x0) + (x0 * x0 * sin(x0) + exp(x0) + x0 + x0) * x0 * sin(x0) * x0,(x0**2*(x0**2*sin(x0) + 2*x0 + exp(x0)) + exp(x0 + sin(x0)))*sin(x0),[],"{""K"": 500, ""c"": 6.0, ""exploration_rate"": 0.1, ""gamma"": 0.5, ""gp_rate"": 0.5, ""lm_iterations"": 10, ""max_constants"": 999, ""max_depth"": 6, ""max_evals"": 2000000, ""max_unary"": 999, ""mutation_rate"": 0.1, ""ops"": [""+"", ""-"", ""*"", ""/"", ""sin"", ""cos"", ""exp"", ""log""], ""succ_error_tol"": 1e-06}","{""K"": 500, ""c"": 6.0, ""exploration_rate"": 0.1, ""gamma"": 0.5, ""gp_rate"": 0.5, ""lm_iterations"": 10, ""max_constants"": 999, ""max_depth"": 6, ""max_evals"": 2000000, ""max_unary"": 999, ""mutation_rate"": 0.1, ""ops"": [""+"", ""-"", ""*"", ""/"", ""sin"", ""cos"", ""exp"", ""log""], ""succ_error_tol"": 1e-06}",0.5
imcts,Livermore,6,Livermore-6,expression,8,14423,40,20,20,1,"[""x0""]",4*x[0]**4 + 3*x[0]**3 + 2*x[0]**2 + x[0],0.9918716549873352,False,0.9999328425152321,0.9993460661836022,32.0,2000000,14.355707551003434,0.0,0,x0 * (exp(x0) + sin(x0)) * (sin(x0) * x0 + x0 * x0) - (x0 / cos(x0 * x0) - exp(x0) * (sin(x0) + x0)),x0 * (exp(x0) + sin(x0)) * (sin(x0) * x0 + x0 * x0) - (x0 / cos(x0 * x0) - exp(x0) * (sin(x0) + x0)),(-x0 + (x0 + sin(x0))*(x0**2*(exp(x0) + sin(x0)) + exp(x0))*cos(x0**2))/cos(x0**2),[],"{""K"": 500, ""c"": 6.0, ""exploration_rate"": 0.1, ""gamma"": 0.5, ""gp_rate"": 0.5, ""lm_iterations"": 10, ""max_constants"": 999, ""max_depth"": 6, ""max_evals"": 2000000, ""max_unary"": 999, ""mutation_rate"": 0.1, ""ops"": [""+"", ""-"", ""*"", ""/"", ""sin"", ""cos"", ""exp"", ""log""], ""succ_error_tol"": 1e-06}","{""K"": 500, ""c"": 6.0, ""exploration_rate"": 0.1, ""gamma"": 0.5, ""gp_rate"": 0.5, ""lm_iterations"": 10, ""max_constants"": 999, ""max_depth"": 6, ""max_evals"": 2000000, ""max_unary"": 999, ""mutation_rate"": 0.1, ""ops"": [""+"", ""-"", ""*"", ""/"", ""sin"", ""cos"", ""exp"", ""log""], ""succ_error_tol"": 1e-06}",0.5
imcts,Livermore,6,Livermore-6,expression,9,28020,40,20,20,1,"[""x0""]",4*x[0]**4 + 3*x[0]**3 + 2*x[0]**2 + x[0],0.9913952350616455,False,0.9999246665916165,0.9998762835198819,31.0,2000004,14.967063221964054,0.0,0,sin(x0 * x0) * sin(x0) / (x0 + x0) * (x0 * x0 + sin(x0 + x0)) + x0 * x0 * x0 * (x0 + x0) + x0 * exp(x0 + x0),sin(x0 * x0) * sin(x0) / (x0 + x0) * (x0 * x0 + sin(x0 + x0)) + x0 * x0 * x0 * (x0 + x0) + x0 * exp(x0 + x0),2*x0**4 + x0*exp(2*x0) + (x0**2 + sin(2*x0))*sin(x0)*sin(x0**2)/(2*x0),[],"{""K"": 500, ""c"": 6.0, ""exploration_rate"": 0.1, ""gamma"": 0.5, ""gp_rate"": 0.5, ""lm_iterations"": 10, ""max_constants"": 999, ""max_depth"": 6, ""max_evals"": 2000000, ""max_unary"": 999, ""mutation_rate"": 0.1, ""ops"": [""+"", ""-"", ""*"", ""/"", ""sin"", ""cos"", ""exp"", ""log""], ""succ_error_tol"": 1e-06}","{""K"": 500, ""c"": 6.0, ""exploration_rate"": 0.1, ""gamma"": 0.5, ""gp_rate"": 0.5, ""lm_iterations"": 10, ""max_constants"": 999, ""max_depth"": 6, ""max_evals"": 2000000, ""max_unary"": 999, ""mutation_rate"": 0.1, ""ops"": [""+"", ""-"", ""*"", ""/"", ""sin"", ""cos"", ""exp"", ""log""], ""succ_error_tol"": 1e-06}",0.5
imcts,Livermore,6,Livermore-6,expression,10,29802,40,20,20,1,"[""x0""]",4*x[0]**4 + 3*x[0]**3 + 2*x[0]**2 + x[0],0.9945386052131653,False,0.9999698443095182,0.9995548224366823,25.0,2000008,14.070532406040002,0.0,0,exp(x0) * x0 * exp(x0) + x0 * (x0 + x0) * x0 * x0 + (x0 + sin(x0) * sin(x0)) * cos(x0) * sin(x0) * sin(x0),exp(x0) * x0 * exp(x0) + x0 * (x0 + x0) * x0 * x0 + (x0 + sin(x0) * sin(x0)) * cos(x0) * sin(x0) * sin(x0),2*x0**4 + x0*exp(2*x0) + (x0 + sin(x0)**2)*sin(x0)**2*cos(x0),[],"{""K"": 500, ""c"": 6.0, ""exploration_rate"": 0.1, ""gamma"": 0.5, ""gp_rate"": 0.5, ""lm_iterations"": 10, ""max_constants"": 999, ""max_depth"": 6, ""max_evals"": 2000000, ""max_unary"": 999, ""mutation_rate"": 0.1, ""ops"": [""+"", ""-"", ""*"", ""/"", ""sin"", ""cos"", ""exp"", ""log""], ""succ_error_tol"": 1e-06}","{""K"": 500, ""c"": 6.0, ""exploration_rate"": 0.1, ""gamma"": 0.5, ""gp_rate"": 0.5, ""lm_iterations"": 10, ""max_constants"": 999, ""max_depth"": 6, ""max_evals"": 2000000, ""max_unary"": 999, ""mutation_rate"": 0.1, ""ops"": [""+"", ""-"", ""*"", ""/"", ""sin"", ""cos"", ""exp"", ""log""], ""succ_error_tol"": 1e-06}",0.5
imcts,Livermore,6,Livermore-6,expression,11,21575,40,20,20,1,"[""x0""]",4*x[0]**4 + 3*x[0]**3 + 2*x[0]**2 + x[0],0.9978578686714172,False,0.9999953915976176,0.9997298202044886,35.0,2000004,13.88804098800756,0.0,0,(sin(x0) * sin(x0) + sin(x0) / cos(x0)) / (exp(x0 * x0) / (x0 * sin(x0))) + (exp(x0 + x0) + (x0 + x0) * x0 * x0) * x0,(sin(x0) * sin(x0) + sin(x0) / cos(x0)) / (exp(x0 * x0) / (x0 * sin(x0))) + (exp(x0 + x0) + (x0 + x0) * x0 * x0) * x0,x0*(2*x0**3 + exp(2*x0)) + x0*(sin(x0)**2 + sin(x0)/cos(x0))*exp(-x0**2)*sin(x0),[],"{""K"": 500, ""c"": 6.0, ""exploration_rate"": 0.1, ""gamma"": 0.5, ""gp_rate"": 0.5, ""lm_iterations"": 10, ""max_constants"": 999, ""max_depth"": 6, ""max_evals"": 2000000, ""max_unary"": 999, ""mutation_rate"": 0.1, ""ops"": [""+"", ""-"", ""*"", ""/"", ""sin"", ""cos"", ""exp"", ""log""], ""succ_error_tol"": 1e-06}","{""K"": 500, ""c"": 6.0, ""exploration_rate"": 0.1, ""gamma"": 0.5, ""gp_rate"": 0.5, ""lm_iterations"": 10, ""max_constants"": 999, ""max_depth"": 6, ""max_evals"": 2000000, ""max_unary"": 999, ""mutation_rate"": 0.1, ""ops"": [""+"", ""-"", ""*"", ""/"", ""sin"", ""cos"", ""exp"", ""log""], ""succ_error_tol"": 1e-06}",0.5
imcts,Livermore,6,Livermore-6,expression,12,11964,40,20,20,1,"[""x0""]",4*x[0]**4 + 3*x[0]**3 + 2*x[0]**2 + x[0],0.9980145692825317,False,0.9999960420118637,0.9911030983429141,38.0,2000006,13.744508503994439,0.0,0,x0 * exp(x0) * (exp(x0) + x0) - x0 / exp(x0) * (x0 - sin(x0)) + (x0 / x0 - sin(x0)) * (x0 * x0 - x0) * (exp(x0) + sin(x0)) * x0,x0 * exp(x0) * (exp(x0) + x0) - x0 / exp(x0) * (x0 - sin(x0)) + (x0 / x0 - sin(x0)) * (x0 * x0 - x0) * (exp(x0) + sin(x0)) * x0,x0*(-x0 + (-x0*(x0 - 1)*(exp(x0) + sin(x0))*(sin(x0) - 1) + (x0 + exp(x0))*exp(x0))*exp(x0) + sin(x0))*exp(-x0),[],"{""K"": 500, ""c"": 6.0, ""exploration_rate"": 0.1, ""gamma"": 0.5, ""gp_rate"": 0.5, ""lm_iterations"": 10, ""max_constants"": 999, ""max_depth"": 6, ""max_evals"": 2000000, ""max_unary"": 999, ""mutation_rate"": 0.1, ""ops"": [""+"", ""-"", ""*"", ""/"", ""sin"", ""cos"", ""exp"", ""log""], ""succ_error_tol"": 1e-06}","{""K"": 500, ""c"": 6.0, ""exploration_rate"": 0.1, ""gamma"": 0.5, ""gp_rate"": 0.5, ""lm_iterations"": 10, ""max_constants"": 999, ""max_depth"": 6, ""max_evals"": 2000000, ""max_unary"": 999, ""mutation_rate"": 0.1, ""ops"": [""+"", ""-"", ""*"", ""/"", ""sin"", ""cos"", ""exp"", ""log""], ""succ_error_tol"": 1e-06}",0.5
imcts,Livermore,6,Livermore-6,expression,13,11284,40,20,20,1,"[""x0""]",4*x[0]**4 + 3*x[0]**3 + 2*x[0]**2 + x[0],0.9909660220146179,False,0.9999168922313448,0.9992645850563205,20.0,2000000,13.867160372959916,0.0,0,sin(x0) * sin(x0 * x0) * (x0 + x0 + x0 + cos(x0)) + exp(x0 + x0) * x0,sin(x0) * sin(x0 * x0) * (x0 + x0 + x0 + cos(x0)) + exp(x0 + x0) * x0,x0*exp(2*x0) + (3*x0 + cos(x0))*sin(x0)*sin(x0**2),[],"{""K"": 500, ""c"": 6.0, ""exploration_rate"": 0.1, ""gamma"": 0.5, ""gp_rate"": 0.5, ""lm_iterations"": 10, ""max_constants"": 999, ""max_depth"": 6, ""max_evals"": 2000000, ""max_unary"": 999, ""mutation_rate"": 0.1, ""ops"": [""+"", ""-"", ""*"", ""/"", ""sin"", ""cos"", ""exp"", ""log""], ""succ_error_tol"": 1e-06}","{""K"": 500, ""c"": 6.0, ""exploration_rate"": 0.1, ""gamma"": 0.5, ""gp_rate"": 0.5, ""lm_iterations"": 10, ""max_constants"": 999, ""max_depth"": 6, ""max_evals"": 2000000, ""max_unary"": 999, ""mutation_rate"": 0.1, ""ops"": [""+"", ""-"", ""*"", ""/"", ""sin"", ""cos"", ""exp"", ""log""], ""succ_error_tol"": 1e-06}",0.5
imcts,Livermore,6,Livermore-6,expression,14,22118,40,20,20,1,"[""x0""]",4*x[0]**4 + 3*x[0]**3 + 2*x[0]**2 + x[0],0.99467933177948,False,0.9999713862043753,0.9997768258860212,29.0,2000002,14.124082521011587,0.0,0,x0 * (x0 * x0 * x0 + exp(x0 + x0)) + (cos(x0) + sin(x0) + sin(x0) / cos(x0)) * cos(x0) * x0 * x0 * x0,x0 * (x0 * x0 * x0 + exp(x0 + x0)) + (cos(x0) + sin(x0) + sin(x0) / cos(x0)) * cos(x0) * x0 * x0 * x0,x0**3*(sin(x0) + sin(x0)/cos(x0) + cos(x0))*cos(x0) + x0*(x0**3 + exp(2*x0)),[],"{""K"": 500, ""c"": 6.0, ""exploration_rate"": 0.1, ""gamma"": 0.5, ""gp_rate"": 0.5, ""lm_iterations"": 10, ""max_constants"": 999, ""max_depth"": 6, ""max_evals"": 2000000, ""max_unary"": 999, ""mutation_rate"": 0.1, ""ops"": [""+"", ""-"", ""*"", ""/"", ""sin"", ""cos"", ""exp"", ""log""], ""succ_error_tol"": 1e-06}","{""K"": 500, ""c"": 6.0, ""exploration_rate"": 0.1, ""gamma"": 0.5, ""gp_rate"": 0.5, ""lm_iterations"": 10, ""max_constants"": 999, ""max_depth"": 6, ""max_evals"": 2000000, ""max_unary"": 999, ""mutation_rate"": 0.1, ""ops"": [""+"", ""-"", ""*"", ""/"", ""sin"", ""cos"", ""exp"", ""log""], ""succ_error_tol"": 1e-06}",0.5
imcts,Livermore,6,Livermore-6,expression,15,6265,40,20,20,1,"[""x0""]",4*x[0]**4 + 3*x[0]**3 + 2*x[0]**2 + x[0],0.9930136799812317,False,0.9999505026149457,0.9998335503789463,22.0,2000009,13.259896810981445,0.0,0,x0 + (x0 * x0 + sin(x0)) * x0 * sin(x0) + x0 * (exp(x0) + x0 * x0) * (x0 + x0),x0 + (x0 * x0 + sin(x0)) * x0 * sin(x0) + x0 * (exp(x0) + x0 * x0) * (x0 + x0),x0*(2*x0*(x0**2 + exp(x0)) + (x0**2 + sin(x0))*sin(x0) + 1),[],"{""K"": 500, ""c"": 6.0, ""exploration_rate"": 0.1, ""gamma"": 0.5, ""gp_rate"": 0.5, ""lm_iterations"": 10, ""max_constants"": 999, ""max_depth"": 6, ""max_evals"": 2000000, ""max_unary"": 999, ""mutation_rate"": 0.1, ""ops"": [""+"", ""-"", ""*"", ""/"", ""sin"", ""cos"", ""exp"", ""log""], ""succ_error_tol"": 1e-06}","{""K"": 500, ""c"": 6.0, ""exploration_rate"": 0.1, ""gamma"": 0.5, ""gp_rate"": 0.5, ""lm_iterations"": 10, ""max_constants"": 999, ""max_depth"": 6, ""max_evals"": 2000000, ""max_unary"": 999, ""mutation_rate"": 0.1, ""ops"": [""+"", ""-"", ""*"", ""/"", ""sin"", ""cos"", ""exp"", ""log""], ""succ_error_tol"": 1e-06}",0.5
imcts,Livermore,6,Livermore-6,expression,16,11363,40,20,20,1,"[""x0""]",4*x[0]**4 + 3*x[0]**3 + 2*x[0]**2 + x[0],0.9956782460212708,False,0.9999811598440294,0.9999662233633471,30.0,2000004,14.179831599991303,0.0,0,exp(sin(x0)) * x0 * (exp(sin(x0)) + sin(x0) * x0) + (cos(x0) * x0 + x0 * x0 * sin(x0)) * x0 * x0 * (x0 + sin(x0)),exp(sin(x0)) * x0 * (exp(sin(x0)) + sin(x0) * x0) + (cos(x0) * x0 + x0 * x0 * sin(x0)) * x0 * x0 * (x0 + sin(x0)),x0*(x0**2*(x0 + sin(x0))*(x0*sin(x0) + cos(x0)) + (x0*sin(x0) + exp(sin(x0)))*exp(sin(x0))),[],"{""K"": 500, ""c"": 6.0, ""exploration_rate"": 0.1, ""gamma"": 0.5, ""gp_rate"": 0.5, ""lm_iterations"": 10, ""max_constants"": 999, ""max_depth"": 6, ""max_evals"": 2000000, ""max_unary"": 999, ""mutation_rate"": 0.1, ""ops"": [""+"", ""-"", ""*"", ""/"", ""sin"", ""cos"", ""exp"", ""log""], ""succ_error_tol"": 1e-06}","{""K"": 500, ""c"": 6.0, ""exploration_rate"": 0.1, ""gamma"": 0.5, ""gp_rate"": 0.5, ""lm_iterations"": 10, ""max_constants"": 999, ""max_depth"": 6, ""max_evals"": 2000000, ""max_unary"": 999, ""mutation_rate"": 0.1, ""ops"": [""+"", ""-"", ""*"", ""/"", ""sin"", ""cos"", ""exp"", ""log""], ""succ_error_tol"": 1e-06}",0.5
imcts,Livermore,6,Livermore-6,expression,17,27495,40,20,20,1,"[""x0""]",4*x[0]**4 + 3*x[0]**3 + 2*x[0]**2 + x[0],0.9886414408683777,False,0.9998680012481149,0.9999367522188729,35.0,2000000,14.188562786963303,0.0,0,(x0 / sin(x0) + x0 * x0 + sin(x0) * (x0 + x0)) * (sin(x0) * x0 - sin(x0) / x0 + exp(x0) - (x0 - sin(x0))),(x0 / sin(x0) + x0 * x0 + sin(x0) * (x0 + x0)) * (sin(x0) * x0 - sin(x0) / x0 + exp(x0) - (x0 - sin(x0))),(x0*(x0*sin(x0) - x0 + exp(x0) + sin(x0)) - sin(x0))*((x0 + 2*sin(x0))*sin(x0) + 1)/sin(x0),[],"{""K"": 500, ""c"": 6.0, ""exploration_rate"": 0.1, ""gamma"": 0.5, ""gp_rate"": 0.5, ""lm_iterations"": 10, ""max_constants"": 999, ""max_depth"": 6, ""max_evals"": 2000000, ""max_unary"": 999, ""mutation_rate"": 0.1, ""ops"": [""+"", ""-"", ""*"", ""/"", ""sin"", ""cos"", ""exp"", ""log""], ""succ_error_tol"": 1e-06}","{""K"": 500, ""c"": 6.0, ""exploration_rate"": 0.1, ""gamma"": 0.5, ""gp_rate"": 0.5, ""lm_iterations"": 10, ""max_constants"": 999, ""max_depth"": 6, ""max_evals"": 2000000, ""max_unary"": 999, ""mutation_rate"": 0.1, ""ops"": [""+"", ""-"", ""*"", ""/"", ""sin"", ""cos"", ""exp"", ""log""], ""succ_error_tol"": 1e-06}",0.5
imcts,Livermore,6,Livermore-6,expression,18,16023,40,20,20,1,"[""x0""]",4*x[0]**4 + 3*x[0]**3 + 2*x[0]**2 + x[0],0.9886308312416077,False,0.9998677524191205,0.9999303967965152,23.0,2000001,14.197298791026697,0.0,0,sin(x0) + x0 * x0 + (x0 + x0) * x0 * x0 * x0 + (sin(x0) + sin(x0) + x0 / x0) * sin(x0) * x0 * x0 / x0 * exp(x0),sin(x0) + x0 * x0 + (x0 + x0) * x0 * x0 * x0 + (sin(x0) + sin(x0) + x0 / x0) * sin(x0) * x0 * x0 / x0 * exp(x0),2*x0**4 + x0**2 + x0*(2*sin(x0) + 1)*exp(x0)*sin(x0) + sin(x0),[],"{""K"": 500, ""c"": 6.0, ""exploration_rate"": 0.1, ""gamma"": 0.5, ""gp_rate"": 0.5, ""lm_iterations"": 10, ""max_constants"": 999, ""max_depth"": 6, ""max_evals"": 2000000, ""max_unary"": 999, ""mutation_rate"": 0.1, ""ops"": [""+"", ""-"", ""*"", ""/"", ""sin"", ""cos"", ""exp"", ""log""], ""succ_error_tol"": 1e-06}","{""K"": 500, ""c"": 6.0, ""exploration_rate"": 0.1, ""gamma"": 0.5, ""gp_rate"": 0.5, ""lm_iterations"": 10, ""max_constants"": 999, ""max_depth"": 6, ""max_evals"": 2000000, ""max_unary"": 999, ""mutation_rate"": 0.1, ""ops"": [""+"", ""-"", ""*"", ""/"", ""sin"", ""cos"", ""exp"", ""log""], ""succ_error_tol"": 1e-06}",0.5
imcts,Livermore,6,Livermore-6,expression,19,8322,40,20,20,1,"[""x0""]",4*x[0]**4 + 3*x[0]**3 + 2*x[0]**2 + x[0],0.991380512714386,False,0.9999244076803734,0.9997709883578165,20.0,2000005,13.804435566009488,0.0,0,(sin(x0) + sin(x0) * x0) * (x0 * x0 + x0 * x0 + exp(x0)) + x0 * x0 * (x0 + x0) * x0,(sin(x0) + sin(x0) * x0) * (x0 * x0 + x0 * x0 + exp(x0)) + x0 * x0 * (x0 + x0) * x0,2*x0**4 + (x0 + 1)*(2*x0**2 + exp(x0))*sin(x0),[],"{""K"": 500, ""c"": 6.0, ""exploration_rate"": 0.1, ""gamma"": 0.5, ""gp_rate"": 0.5, ""lm_iterations"": 10, ""max_constants"": 999, ""max_depth"": 6, ""max_evals"": 2000000, ""max_unary"": 999, ""mutation_rate"": 0.1, ""ops"": [""+"", ""-"", ""*"", ""/"", ""sin"", ""cos"", ""exp"", ""log""], ""succ_error_tol"": 1e-06}","{""K"": 500, ""c"": 6.0, ""exploration_rate"": 0.1, ""gamma"": 0.5, ""gp_rate"": 0.5, ""lm_iterations"": 10, ""max_constants"": 999, ""max_depth"": 6, ""max_evals"": 2000000, ""max_unary"": 999, ""mutation_rate"": 0.1, ""ops"": [""+"", ""-"", ""*"", ""/"", ""sin"", ""cos"", ""exp"", ""log""], ""succ_error_tol"": 1e-06}",0.5
imcts,Livermore,6,Livermore-6,expression,20,1685,40,20,20,1,"[""x0""]",4*x[0]**4 + 3*x[0]**3 + 2*x[0]**2 + x[0],0.9931056499481201,False,0.999951805337517,0.9999783731643803,35.0,2000000,14.46362064400455,0.0,0,(x0 + x0 * x0 * x0) * (exp(x0) + x0) + (exp(sin(x0)) - sin(x0) * x0 * x0) * (exp(x0) - x0 * x0) * x0 * x0 * x0,(x0 + x0 * x0 * x0) * (exp(x0) + x0) + (exp(sin(x0)) - sin(x0) * x0 * x0) * (exp(x0) - x0 * x0) * x0 * x0 * x0,x0**3*(x0**2 - exp(x0))*(x0**2*sin(x0) - exp(sin(x0))) + (x0 + exp(x0))*(x0**3 + x0),[],"{""K"": 500, ""c"": 6.0, ""exploration_rate"": 0.1, ""gamma"": 0.5, ""gp_rate"": 0.5, ""lm_iterations"": 10, ""max_constants"": 999, ""max_depth"": 6, ""max_evals"": 2000000, ""max_unary"": 999, ""mutation_rate"": 0.1, ""ops"": [""+"", ""-"", ""*"", ""/"", ""sin"", ""cos"", ""exp"", ""log""], ""succ_error_tol"": 1e-06}","{""K"": 500, ""c"": 6.0, ""exploration_rate"": 0.1, ""gamma"": 0.5, ""gp_rate"": 0.5, ""lm_iterations"": 10, ""max_constants"": 999, ""max_depth"": 6, ""max_evals"": 2000000, ""max_unary"": 999, ""mutation_rate"": 0.1, ""ops"": [""+"", ""-"", ""*"", ""/"", ""sin"", ""cos"", ""exp"", ""log""], ""succ_error_tol"": 1e-06}",0.5
imcts,Livermore,6,Livermore-6,expression,21,32052,40,20,20,1,"[""x0""]",4*x[0]**4 + 3*x[0]**3 + 2*x[0]**2 + x[0],0.994631290435791,False,0.9999708653904222,0.9999576784160288,27.0,2000001,13.839170809020288,0.0,0,exp(x0) * exp(x0) * x0 + (x0 + x0) * x0 * x0 * x0 + (x0 * x0 * x0 + cos(x0 * x0)) * sin(exp(x0)) * sin(x0) * x0 * x0,exp(x0) * exp(x0) * x0 + (x0 + x0) * x0 * x0 * x0 + (x0 * x0 * x0 + cos(x0 * x0)) * sin(exp(x0)) * sin(x0) * x0 * x0,x0*(2*x0**3 + x0*(x0**3 + cos(x0**2))*sin(x0)*sin(exp(x0)) + exp(2*x0)),[],"{""K"": 500, ""c"": 6.0, ""exploration_rate"": 0.1, ""gamma"": 0.5, ""gp_rate"": 0.5, ""lm_iterations"": 10, ""max_constants"": 999, ""max_depth"": 6, ""max_evals"": 2000000, ""max_unary"": 999, ""mutation_rate"": 0.1, ""ops"": [""+"", ""-"", ""*"", ""/"", ""sin"", ""cos"", ""exp"", ""log""], ""succ_error_tol"": 1e-06}","{""K"": 500, ""c"": 6.0, ""exploration_rate"": 0.1, ""gamma"": 0.5, ""gp_rate"": 0.5, ""lm_iterations"": 10, ""max_constants"": 999, ""max_depth"": 6, ""max_evals"": 2000000, ""max_unary"": 999, ""mutation_rate"": 0.1, ""ops"": [""+"", ""-"", ""*"", ""/"", ""sin"", ""cos"", ""exp"", ""log""], ""succ_error_tol"": 1e-06}",0.5
imcts,Livermore,6,Livermore-6,expression,22,769,40,20,20,1,"[""x0""]",4*x[0]**4 + 3*x[0]**3 + 2*x[0]**2 + x[0],0.9999999403953552,True,1.0,1.0,17.0,820445,5.220251815975644,0.0,0,x0 * (x0 - x0 * x0) + x0 * x0 + x0 + (x0 + x0 + x0 + x0) * (x0 * x0 + x0) * x0,x0 * (x0 - x0 * x0) + x0 * x0 + x0 + (x0 + x0 + x0 + x0) * (x0 * x0 + x0) * x0,x0*(4*x0**3 + 3*x0**2 + 2*x0 + 1),[],"{""K"": 500, ""c"": 6.0, ""exploration_rate"": 0.1, ""gamma"": 0.5, ""gp_rate"": 0.5, ""lm_iterations"": 10, ""max_constants"": 999, ""max_depth"": 6, ""max_evals"": 2000000, ""max_unary"": 999, ""mutation_rate"": 0.1, ""ops"": [""+"", ""-"", ""*"", ""/"", ""sin"", ""cos"", ""exp"", ""log""], ""succ_error_tol"": 1e-06}","{""K"": 500, ""c"": 6.0, ""exploration_rate"": 0.1, ""gamma"": 0.5, ""gp_rate"": 0.5, ""lm_iterations"": 10, ""max_constants"": 999, ""max_depth"": 6, ""max_evals"": 2000000, ""max_unary"": 999, ""mutation_rate"": 0.1, ""ops"": [""+"", ""-"", ""*"", ""/"", ""sin"", ""cos"", ""exp"", ""log""], ""succ_error_tol"": 1e-06}",0.5
imcts,Livermore,6,Livermore-6,expression,23,26967,40,20,20,1,"[""x0""]",4*x[0]**4 + 3*x[0]**3 + 2*x[0]**2 + x[0],0.9919214248657227,False,0.9999336696771287,0.9998851286595151,33.0,2000000,13.852658212010283,0.0,0,(x0 * x0 * sin(x0) + x0) * x0 * sin(x0) * sin(x0 + x0) + (x0 + x0 * x0 + exp(x0 * x0)) * (sin(x0) + x0 * x0),(x0 * x0 * sin(x0) + x0) * x0 * sin(x0) * sin(x0 + x0) + (x0 + x0 * x0 + exp(x0 * x0)) * (sin(x0) + x0 * x0),x0**2*(x0*sin(x0) + 1)*sin(x0)*sin(2*x0) + (x0**2 + sin(x0))*(x0**2 + x0 + exp(x0**2)),[],"{""K"": 500, ""c"": 6.0, ""exploration_rate"": 0.1, ""gamma"": 0.5, ""gp_rate"": 0.5, ""lm_iterations"": 10, ""max_constants"": 999, ""max_depth"": 6, ""max_evals"": 2000000, ""max_unary"": 999, ""mutation_rate"": 0.1, ""ops"": [""+"", ""-"", ""*"", ""/"", ""sin"", ""cos"", ""exp"", ""log""], ""succ_error_tol"": 1e-06}","{""K"": 500, ""c"": 6.0, ""exploration_rate"": 0.1, ""gamma"": 0.5, ""gp_rate"": 0.5, ""lm_iterations"": 10, ""max_constants"": 999, ""max_depth"": 6, ""max_evals"": 2000000, ""max_unary"": 999, ""mutation_rate"": 0.1, ""ops"": [""+"", ""-"", ""*"", ""/"", ""sin"", ""cos"", ""exp"", ""log""], ""succ_error_tol"": 1e-06}",0.5
imcts,Livermore,6,Livermore-6,expression,24,30187,40,20,20,1,"[""x0""]",4*x[0]**4 + 3*x[0]**3 + 2*x[0]**2 + x[0],0.987458348274231,False,0.9998386865210527,0.9983547187511083,32.0,2000000,13.824236123997252,0.0,0,(x0 * x0 * x0 - sin(x0) * sin(x0) + exp(sin(x0))) * ((sin(x0) + exp(x0)) * sin(x0 * x0) + x0 + x0 - sin(x0)),(x0 * x0 * x0 - sin(x0) * sin(x0) + exp(sin(x0))) * ((sin(x0) + exp(x0)) * sin(x0 * x0) + x0 + x0 - sin(x0)),(2*x0 + (exp(x0) + sin(x0))*sin(x0**2) - sin(x0))*(x0**3 + exp(sin(x0)) - sin(x0)**2),[],"{""K"": 500, ""c"": 6.0, ""exploration_rate"": 0.1, ""gamma"": 0.5, ""gp_rate"": 0.5, ""lm_iterations"": 10, ""max_constants"": 999, ""max_depth"": 6, ""max_evals"": 2000000, ""max_unary"": 999, ""mutation_rate"": 0.1, ""ops"": [""+"", ""-"", ""*"", ""/"", ""sin"", ""cos"", ""exp"", ""log""], ""succ_error_tol"": 1e-06}","{""K"": 500, ""c"": 6.0, ""exploration_rate"": 0.1, ""gamma"": 0.5, ""gp_rate"": 0.5, ""lm_iterations"": 10, ""max_constants"": 999, ""max_depth"": 6, ""max_evals"": 2000000, ""max_unary"": 999, ""mutation_rate"": 0.1, ""ops"": [""+"", ""-"", ""*"", ""/"", ""sin"", ""cos"", ""exp"", ""log""], ""succ_error_tol"": 1e-06}",0.5
imcts,Livermore,6,Livermore-6,expression,25,32157,40,20,20,1,"[""x0""]",4*x[0]**4 + 3*x[0]**3 + 2*x[0]**2 + x[0],0.9999998807907104,True,1.0,1.0,17.0,1054706,6.651725700998213,0.0,0,x0 + x0 * x0 + (x0 + x0) * x0 * x0 * x0 + ((x0 + x0) * x0 + x0) * (x0 * x0 + x0),x0 + x0 * x0 + (x0 + x0) * x0 * x0 * x0 + ((x0 + x0) * x0 + x0) * (x0 * x0 + x0),x0*(4*x0**3 + 3*x0**2 + 2*x0 + 1),[],"{""K"": 500, ""c"": 6.0, ""exploration_rate"": 0.1, ""gamma"": 0.5, ""gp_rate"": 0.5, ""lm_iterations"": 10, ""max_constants"": 999, ""max_depth"": 6, ""max_evals"": 2000000, ""max_unary"": 999, ""mutation_rate"": 0.1, ""ops"": [""+"", ""-"", ""*"", ""/"", ""sin"", ""cos"", ""exp"", ""log""], ""succ_error_tol"": 1e-06}","{""K"": 500, ""c"": 6.0, ""exploration_rate"": 0.1, ""gamma"": 0.5, ""gp_rate"": 0.5, ""lm_iterations"": 10, ""max_constants"": 999, ""max_depth"": 6, ""max_evals"": 2000000, ""max_unary"": 999, ""mutation_rate"": 0.1, ""ops"": [""+"", ""-"", ""*"", ""/"", ""sin"", ""cos"", ""exp"", ""log""], ""succ_error_tol"": 1e-06}",0.5
imcts,Livermore,6,Livermore-6,expression,26,23333,40,20,20,1,"[""x0""]",4*x[0]**4 + 3*x[0]**3 + 2*x[0]**2 + x[0],0.9838091135025024,False,0.9997291549509805,0.9998857216850225,30.0,2000000,14.172819679020904,0.0,0,cos(x0) * cos(x0) * sin(x0) * sin(x0) * (sin(x0 + x0) + x0 * (x0 + x0)) + x0 * (exp(x0) + x0) * exp(x0 * x0),cos(x0) * cos(x0) * sin(x0) * sin(x0) * (sin(x0 + x0) + x0 * (x0 + x0)) + x0 * (exp(x0) + x0) * exp(x0 * x0),x0*(x0 + exp(x0))*exp(x0**2) + (2*x0**2 + sin(2*x0))*sin(x0)**2*cos(x0)**2,[],"{""K"": 500, ""c"": 6.0, ""exploration_rate"": 0.1, ""gamma"": 0.5, ""gp_rate"": 0.5, ""lm_iterations"": 10, ""max_constants"": 999, ""max_depth"": 6, ""max_evals"": 2000000, ""max_unary"": 999, ""mutation_rate"": 0.1, ""ops"": [""+"", ""-"", ""*"", ""/"", ""sin"", ""cos"", ""exp"", ""log""], ""succ_error_tol"": 1e-06}","{""K"": 500, ""c"": 6.0, ""exploration_rate"": 0.1, ""gamma"": 0.5, ""gp_rate"": 0.5, ""lm_iterations"": 10, ""max_constants"": 999, ""max_depth"": 6, ""max_evals"": 2000000, ""max_unary"": 999, ""mutation_rate"": 0.1, ""ops"": [""+"", ""-"", ""*"", ""/"", ""sin"", ""cos"", ""exp"", ""log""], ""succ_error_tol"": 1e-06}",0.5
imcts,Livermore,6,Livermore-6,expression,27,2433,40,20,20,1,"[""x0""]",4*x[0]**4 + 3*x[0]**3 + 2*x[0]**2 + x[0],0.9999999403953552,True,1.0,1.0,17.0,1384813,9.392313137999736,0.0,0,x0 * x0 * x0 + x0 + x0 * (x0 + x0) + x0 * (x0 + x0) * (x0 * x0 + x0 + x0 * x0),x0 * x0 * x0 + x0 + x0 * (x0 + x0) + x0 * (x0 + x0) * (x0 * x0 + x0 + x0 * x0),x0*(4*x0**3 + 3*x0**2 + 2*x0 + 1),[],"{""K"": 500, ""c"": 6.0, ""exploration_rate"": 0.1, ""gamma"": 0.5, ""gp_rate"": 0.5, ""lm_iterations"": 10, ""max_constants"": 999, ""max_depth"": 6, ""max_evals"": 2000000, ""max_unary"": 999, ""mutation_rate"": 0.1, ""ops"": [""+"", ""-"", ""*"", ""/"", ""sin"", ""cos"", ""exp"", ""log""], ""succ_error_tol"": 1e-06}","{""K"": 500, ""c"": 6.0, ""exploration_rate"": 0.1, ""gamma"": 0.5, ""gp_rate"": 0.5, ""lm_iterations"": 10, ""max_constants"": 999, ""max_depth"": 6, ""max_evals"": 2000000, ""max_unary"": 999, ""mutation_rate"": 0.1, ""ops"": [""+"", ""-"", ""*"", ""/"", ""sin"", ""cos"", ""exp"", ""log""], ""succ_error_tol"": 1e-06}",0.5
imcts,Livermore,6,Livermore-6,expression,28,5311,40,20,20,1,"[""x0""]",4*x[0]**4 + 3*x[0]**3 + 2*x[0]**2 + x[0],0.9958171844482422,False,0.9999823564709593,0.9982784619853384,33.0,2000001,13.752034945995547,0.0,0,(x0 + exp(sin(x0))) * (x0 * x0 * (x0 + x0) + x0) - (sin(exp(x0)) + cos(x0 * x0)) * cos(x0) * cos(x0) * (sin(x0) - x0),(x0 + exp(sin(x0))) * (x0 * x0 * (x0 + x0) + x0) - (sin(exp(x0)) + cos(x0 * x0)) * cos(x0) * cos(x0) * (sin(x0) - x0),(x0 + exp(sin(x0)))*(2*x0**3 + x0) + (x0 - sin(x0))*(sin(exp(x0)) + cos(x0**2))*cos(x0)**2,[],"{""K"": 500, ""c"": 6.0, ""exploration_rate"": 0.1, ""gamma"": 0.5, ""gp_rate"": 0.5, ""lm_iterations"": 10, ""max_constants"": 999, ""max_depth"": 6, ""max_evals"": 2000000, ""max_unary"": 999, ""mutation_rate"": 0.1, ""ops"": [""+"", ""-"", ""*"", ""/"", ""sin"", ""cos"", ""exp"", ""log""], ""succ_error_tol"": 1e-06}","{""K"": 500, ""c"": 6.0, ""exploration_rate"": 0.1, ""gamma"": 0.5, ""gp_rate"": 0.5, ""lm_iterations"": 10, ""max_constants"": 999, ""max_depth"": 6, ""max_evals"": 2000000, ""max_unary"": 999, ""mutation_rate"": 0.1, ""ops"": [""+"", ""-"", ""*"", ""/"", ""sin"", ""cos"", ""exp"", ""log""], ""succ_error_tol"": 1e-06}",0.5
imcts,Livermore,6,Livermore-6,expression,29,5051,40,20,20,1,"[""x0""]",4*x[0]**4 + 3*x[0]**3 + 2*x[0]**2 + x[0],0.9886165261268616,False,0.9998674145287862,0.9991716197860913,36.0,2000000,13.760942406021059,0.0,0,(exp(sin(x0)) + x0 + x0 - sin(x0)) * exp(x0 * x0) * x0 + (x0 * x0 + sin(x0)) / exp(x0 * x0) * (sin(x0) + sin(x0)) * sin(x0),(exp(sin(x0)) + x0 + x0 - sin(x0)) * exp(x0 * x0) * x0 + (x0 * x0 + sin(x0)) / exp(x0 * x0) * (sin(x0) + sin(x0)) * sin(x0),x0*(2*x0 + exp(sin(x0)) - sin(x0))*exp(x0**2) + 2*(x0**2 + sin(x0))*exp(-x0**2)*sin(x0)**2,[],"{""K"": 500, ""c"": 6.0, ""exploration_rate"": 0.1, ""gamma"": 0.5, ""gp_rate"": 0.5, ""lm_iterations"": 10, ""max_constants"": 999, ""max_depth"": 6, ""max_evals"": 2000000, ""max_unary"": 999, ""mutation_rate"": 0.1, ""ops"": [""+"", ""-"", ""*"", ""/"", ""sin"", ""cos"", ""exp"", ""log""], ""succ_error_tol"": 1e-06}","{""K"": 500, ""c"": 6.0, ""exploration_rate"": 0.1, ""gamma"": 0.5, ""gp_rate"": 0.5, ""lm_iterations"": 10, ""max_constants"": 999, ""max_depth"": 6, ""max_evals"": 2000000, ""max_unary"": 999, ""mutation_rate"": 0.1, ""ops"": [""+"", ""-"", ""*"", ""/"", ""sin"", ""cos"", ""exp"", ""log""], ""succ_error_tol"": 1e-06}",0.5
imcts,Livermore,6,Livermore-6,expression,30,6420,40,20,20,1,"[""x0""]",4*x[0]**4 + 3*x[0]**3 + 2*x[0]**2 + x[0],0.9999999403953552,True,1.0,1.0,17.0,862185,5.562962373020127,0.0,0,(x0 + x0 + x0) * x0 * (x0 + x0 * x0) + x0 * (x0 + x0 + x0 / x0 + x0 * x0 * x0),(x0 + x0 + x0) * x0 * (x0 + x0 * x0) + x0 * (x0 + x0 + x0 / x0 + x0 * x0 * x0),x0*(4*x0**3 + 3*x0**2 + 2*x0 + 1),[],"{""K"": 500, ""c"": 6.0, ""exploration_rate"": 0.1, ""gamma"": 0.5, ""gp_rate"": 0.5, ""lm_iterations"": 10, ""max_constants"": 999, ""max_depth"": 6, ""max_evals"": 2000000, ""max_unary"": 999, ""mutation_rate"": 0.1, ""ops"": [""+"", ""-"", ""*"", ""/"", ""sin"", ""cos"", ""exp"", ""log""], ""succ_error_tol"": 1e-06}","{""K"": 500, ""c"": 6.0, ""exploration_rate"": 0.1, ""gamma"": 0.5, ""gp_rate"": 0.5, ""lm_iterations"": 10, ""max_constants"": 999, ""max_depth"": 6, ""max_evals"": 2000000, ""max_unary"": 999, ""mutation_rate"": 0.1, ""ops"": [""+"", ""-"", ""*"", ""/"", ""sin"", ""cos"", ""exp"", ""log""], ""succ_error_tol"": 1e-06}",0.5
imcts,Livermore,6,Livermore-6,expression,31,17568,40,20,20,1,"[""x0""]",4*x[0]**4 + 3*x[0]**3 + 2*x[0]**2 + x[0],0.9999999403953552,True,1.0,1.0,17.0,111854,0.5737939790124074,0.0,0,x0 * (x0 + x0 + x0) * x0 * x0 + x0 + (x0 * x0 + x0 + x0) * (x0 * x0 + x0),x0 * (x0 + x0 + x0) * x0 * x0 + x0 + (x0 * x0 + x0 + x0) * (x0 * x0 + x0),x0*(3*x0**3 + x0*(x0 + 1)*(x0 + 2) + 1),[],"{""K"": 500, ""c"": 6.0, ""exploration_rate"": 0.1, ""gamma"": 0.5, ""gp_rate"": 0.5, ""lm_iterations"": 10, ""max_constants"": 999, ""max_depth"": 6, ""max_evals"": 2000000, ""max_unary"": 999, ""mutation_rate"": 0.1, ""ops"": [""+"", ""-"", ""*"", ""/"", ""sin"", ""cos"", ""exp"", ""log""], ""succ_error_tol"": 1e-06}","{""K"": 500, ""c"": 6.0, ""exploration_rate"": 0.1, ""gamma"": 0.5, ""gp_rate"": 0.5, ""lm_iterations"": 10, ""max_constants"": 999, ""max_depth"": 6, ""max_evals"": 2000000, ""max_unary"": 999, ""mutation_rate"": 0.1, ""ops"": [""+"", ""-"", ""*"", ""/"", ""sin"", ""cos"", ""exp"", ""log""], ""succ_error_tol"": 1e-06}",0.5
imcts,Livermore,6,Livermore-6,expression,32,20939,40,20,20,1,"[""x0""]",4*x[0]**4 + 3*x[0]**3 + 2*x[0]**2 + x[0],0.9935259819030762,False,0.9999575392998137,0.9999223610610296,38.0,2000000,13.627763583965134,0.0,0,(sin(x0) + x0 * x0) * sin(x0 + x0) / (cos(x0) * x0 * x0 + (x0 + x0) / (x0 * x0)) + (exp(x0 + x0) + x0 * x0 * (x0 + x0)) * x0,(sin(x0) + x0 * x0) * sin(x0 + x0) / (cos(x0) * x0 * x0 + (x0 + x0) / (x0 * x0)) + (exp(x0 + x0) + x0 * x0 * (x0 + x0)) * x0,x0*(2*x0**3 + exp(2*x0)) + (x0**2 + sin(x0))*sin(2*x0)/(x0**2*cos(x0) + 2/x0),[],"{""K"": 500, ""c"": 6.0, ""exploration_rate"": 0.1, ""gamma"": 0.5, ""gp_rate"": 0.5, ""lm_iterations"": 10, ""max_constants"": 999, ""max_depth"": 6, ""max_evals"": 2000000, ""max_unary"": 999, ""mutation_rate"": 0.1, ""ops"": [""+"", ""-"", ""*"", ""/"", ""sin"", ""cos"", ""exp"", ""log""], ""succ_error_tol"": 1e-06}","{""K"": 500, ""c"": 6.0, ""exploration_rate"": 0.1, ""gamma"": 0.5, ""gp_rate"": 0.5, ""lm_iterations"": 10, ""max_constants"": 999, ""max_depth"": 6, ""max_evals"": 2000000, ""max_unary"": 999, ""mutation_rate"": 0.1, ""ops"": [""+"", ""-"", ""*"", ""/"", ""sin"", ""cos"", ""exp"", ""log""], ""succ_error_tol"": 1e-06}",0.5
imcts,Livermore,6,Livermore-6,expression,33,19769,40,20,20,1,"[""x0""]",4*x[0]**4 + 3*x[0]**3 + 2*x[0]**2 + x[0],0.9902238845825195,False,0.9999025307203816,0.9998831943638312,35.0,2000007,14.006412686023396,0.0,0,x0 * x0 * (sin(x0) + cos(x0)) * (x0 + x0 * x0 + x0) + sin(x0) / cos(x0) * (exp(sin(x0)) + sin(x0) / cos(x0)),x0 * x0 * (sin(x0) + cos(x0)) * (x0 + x0 * x0 + x0) + sin(x0) / cos(x0) * (exp(sin(x0)) + sin(x0) / cos(x0)),x0**2*(x0**2 + 2*x0)*(sin(x0) + cos(x0)) + (exp(sin(x0)) + sin(x0)/cos(x0))*sin(x0)/cos(x0),[],"{""K"": 500, ""c"": 6.0, ""exploration_rate"": 0.1, ""gamma"": 0.5, ""gp_rate"": 0.5, ""lm_iterations"": 10, ""max_constants"": 999, ""max_depth"": 6, ""max_evals"": 2000000, ""max_unary"": 999, ""mutation_rate"": 0.1, ""ops"": [""+"", ""-"", ""*"", ""/"", ""sin"", ""cos"", ""exp"", ""log""], ""succ_error_tol"": 1e-06}","{""K"": 500, ""c"": 6.0, ""exploration_rate"": 0.1, ""gamma"": 0.5, ""gp_rate"": 0.5, ""lm_iterations"": 10, ""max_constants"": 999, ""max_depth"": 6, ""max_evals"": 2000000, ""max_unary"": 999, ""mutation_rate"": 0.1, ""ops"": [""+"", ""-"", ""*"", ""/"", ""sin"", ""cos"", ""exp"", ""log""], ""succ_error_tol"": 1e-06}",0.5
imcts,Livermore,6,Livermore-6,expression,34,28693,40,20,20,1,"[""x0""]",4*x[0]**4 + 3*x[0]**3 + 2*x[0]**2 + x[0],0.9895435571670532,False,0.9998883398464345,0.9997378284918187,18.0,2000002,13.01007339201169,0.0,0,sin(x0) * (x0 + x0) * cos(x0) + x0 + x0 * (x0 + x0 + x0) * (x0 + sin(x0) * (x0 + x0)),sin(x0) * (x0 + x0) * cos(x0) + x0 + x0 * (x0 + x0 + x0) * (x0 + sin(x0) * (x0 + x0)),x0*(x0**2*(6*sin(x0) + 3) + sin(2*x0) + 1),[],"{""K"": 500, ""c"": 6.0, ""exploration_rate"": 0.1, ""gamma"": 0.5, ""gp_rate"": 0.5, ""lm_iterations"": 10, ""max_constants"": 999, ""max_depth"": 6, ""max_evals"": 2000000, ""max_unary"": 999, ""mutation_rate"": 0.1, ""ops"": [""+"", ""-"", ""*"", ""/"", ""sin"", ""cos"", ""exp"", ""log""], ""succ_error_tol"": 1e-06}","{""K"": 500, ""c"": 6.0, ""exploration_rate"": 0.1, ""gamma"": 0.5, ""gp_rate"": 0.5, ""lm_iterations"": 10, ""max_constants"": 999, ""max_depth"": 6, ""max_evals"": 2000000, ""max_unary"": 999, ""mutation_rate"": 0.1, ""ops"": [""+"", ""-"", ""*"", ""/"", ""sin"", ""cos"", ""exp"", ""log""], ""succ_error_tol"": 1e-06}",0.5
imcts,Livermore,6,Livermore-6,expression,35,6396,40,20,20,1,"[""x0""]",4*x[0]**4 + 3*x[0]**3 + 2*x[0]**2 + x[0],0.9964393973350525,False,0.9999872315646975,0.9999612508233114,35.0,2000003,13.41297524102265,0.0,0,(sin(x0) * x0 + exp(x0)) * ((x0 + x0) * x0 + x0) - sin(x0) / (cos(x0) + exp(x0)) * (x0 + cos(x0)) * (sin(x0) + x0),(sin(x0) * x0 + exp(x0)) * ((x0 + x0) * x0 + x0) - sin(x0) / (cos(x0) + exp(x0)) * (x0 + cos(x0)) * (sin(x0) + x0),-(x0 + sin(x0))*(x0 + cos(x0))*sin(x0)/(exp(x0) + cos(x0)) + (2*x0**2 + x0)*(x0*sin(x0) + exp(x0)),[],"{""K"": 500, ""c"": 6.0, ""exploration_rate"": 0.1, ""gamma"": 0.5, ""gp_rate"": 0.5, ""lm_iterations"": 10, ""max_constants"": 999, ""max_depth"": 6, ""max_evals"": 2000000, ""max_unary"": 999, ""mutation_rate"": 0.1, ""ops"": [""+"", ""-"", ""*"", ""/"", ""sin"", ""cos"", ""exp"", ""log""], ""succ_error_tol"": 1e-06}","{""K"": 500, ""c"": 6.0, ""exploration_rate"": 0.1, ""gamma"": 0.5, ""gp_rate"": 0.5, ""lm_iterations"": 10, ""max_constants"": 999, ""max_depth"": 6, ""max_evals"": 2000000, ""max_unary"": 999, ""mutation_rate"": 0.1, ""ops"": [""+"", ""-"", ""*"", ""/"", ""sin"", ""cos"", ""exp"", ""log""], ""succ_error_tol"": 1e-06}",0.5
imcts,Livermore,6,Livermore-6,expression,36,29419,40,20,20,1,"[""x0""]",4*x[0]**4 + 3*x[0]**3 + 2*x[0]**2 + x[0],0.9941692352294922,False,0.9999656019292713,0.9998347251380573,28.0,2000003,13.694934245024342,0.0,0,x0 * exp(x0 + x0) + x0 * x0 * x0 * (sin(x0) + x0) + x0 * cos(x0) * x0 * x0 * (sin(x0) + cos(x0 * x0)),x0 * exp(x0 + x0) + x0 * x0 * x0 * (sin(x0) + x0) + x0 * cos(x0) * x0 * x0 * (sin(x0) + cos(x0 * x0)),x0*(x0**2*(x0 + sin(x0)) + x0**2*(sin(x0) + cos(x0**2))*cos(x0) + exp(2*x0)),[],"{""K"": 500, ""c"": 6.0, ""exploration_rate"": 0.1, ""gamma"": 0.5, ""gp_rate"": 0.5, ""lm_iterations"": 10, ""max_constants"": 999, ""max_depth"": 6, ""max_evals"": 2000000, ""max_unary"": 999, ""mutation_rate"": 0.1, ""ops"": [""+"", ""-"", ""*"", ""/"", ""sin"", ""cos"", ""exp"", ""log""], ""succ_error_tol"": 1e-06}","{""K"": 500, ""c"": 6.0, ""exploration_rate"": 0.1, ""gamma"": 0.5, ""gp_rate"": 0.5, ""lm_iterations"": 10, ""max_constants"": 999, ""max_depth"": 6, ""max_evals"": 2000000, ""max_unary"": 999, ""mutation_rate"": 0.1, ""ops"": [""+"", ""-"", ""*"", ""/"", ""sin"", ""cos"", ""exp"", ""log""], ""succ_error_tol"": 1e-06}",0.5
imcts,Livermore,6,Livermore-6,expression,37,27480,40,20,20,1,"[""x0""]",4*x[0]**4 + 3*x[0]**3 + 2*x[0]**2 + x[0],0.9817510843276978,False,0.999654479492402,0.9997052851306365,24.0,2000003,13.77613419300178,0.0,0,(cos(x0 * x0) + x0 + sin(x0) * exp(x0)) * (sin(x0) + x0 * x0 * x0 + sin(x0) * sin(x0) * x0),(cos(x0 * x0) + x0 + sin(x0) * exp(x0)) * (sin(x0) + x0 * x0 * x0 + sin(x0) * sin(x0) * x0),(x0 + exp(x0)*sin(x0) + cos(x0**2))*(x0**3 + x0*sin(x0)**2 + sin(x0)),[],"{""K"": 500, ""c"": 6.0, ""exploration_rate"": 0.1, ""gamma"": 0.5, ""gp_rate"": 0.5, ""lm_iterations"": 10, ""max_constants"": 999, ""max_depth"": 6, ""max_evals"": 2000000, ""max_unary"": 999, ""mutation_rate"": 0.1, ""ops"": [""+"", ""-"", ""*"", ""/"", ""sin"", ""cos"", ""exp"", ""log""], ""succ_error_tol"": 1e-06}","{""K"": 500, ""c"": 6.0, ""exploration_rate"": 0.1, ""gamma"": 0.5, ""gp_rate"": 0.5, ""lm_iterations"": 10, ""max_constants"": 999, ""max_depth"": 6, ""max_evals"": 2000000, ""max_unary"": 999, ""mutation_rate"": 0.1, ""ops"": [""+"", ""-"", ""*"", ""/"", ""sin"", ""cos"", ""exp"", ""log""], ""succ_error_tol"": 1e-06}",0.5
imcts,Livermore,6,Livermore-6,expression,38,32304,40,20,20,1,"[""x0""]",4*x[0]**4 + 3*x[0]**3 + 2*x[0]**2 + x[0],0.9999999403953552,True,1.0,1.0,17.0,1916165,13.898203079996165,0.0,0,x0 + (x0 + x0) * x0 + x0 * x0 * x0 * x0 + (x0 * x0 + x0) * x0 * (x0 + x0 + x0),x0 + (x0 + x0) * x0 + x0 * x0 * x0 * x0 + (x0 * x0 + x0) * x0 * (x0 + x0 + x0),x0*(4*x0**3 + 3*x0**2 + 2*x0 + 1),[],"{""K"": 500, ""c"": 6.0, ""exploration_rate"": 0.1, ""gamma"": 0.5, ""gp_rate"": 0.5, ""lm_iterations"": 10, ""max_constants"": 999, ""max_depth"": 6, ""max_evals"": 2000000, ""max_unary"": 999, ""mutation_rate"": 0.1, ""ops"": [""+"", ""-"", ""*"", ""/"", ""sin"", ""cos"", ""exp"", ""log""], ""succ_error_tol"": 1e-06}","{""K"": 500, ""c"": 6.0, ""exploration_rate"": 0.1, ""gamma"": 0.5, ""gp_rate"": 0.5, ""lm_iterations"": 10, ""max_constants"": 999, ""max_depth"": 6, ""max_evals"": 2000000, ""max_unary"": 999, ""mutation_rate"": 0.1, ""ops"": [""+"", ""-"", ""*"", ""/"", ""sin"", ""cos"", ""exp"", ""log""], ""succ_error_tol"": 1e-06}",0.5
imcts,Livermore,6,Livermore-6,expression,39,8666,40,20,20,1,"[""x0""]",4*x[0]**4 + 3*x[0]**3 + 2*x[0]**2 + x[0],0.9999999403953552,True,1.0,1.0,17.0,1963383,13.393611074017826,0.0,0,(x0 + x0 + x0 * x0) * (x0 * x0 + x0) + x0 + x0 * x0 * x0 * (x0 + x0 + x0),(x0 + x0 + x0 * x0) * (x0 * x0 + x0) + x0 + x0 * x0 * x0 * (x0 + x0 + x0),x0*(3*x0**3 + x0*(x0 + 1)*(x0 + 2) + 1),[],"{""K"": 500, ""c"": 6.0, ""exploration_rate"": 0.1, ""gamma"": 0.5, ""gp_rate"": 0.5, ""lm_iterations"": 10, ""max_constants"": 999, ""max_depth"": 6, ""max_evals"": 2000000, ""max_unary"": 999, ""mutation_rate"": 0.1, ""ops"": [""+"", ""-"", ""*"", ""/"", ""sin"", ""cos"", ""exp"", ""log""], ""succ_error_tol"": 1e-06}","{""K"": 500, ""c"": 6.0, ""exploration_rate"": 0.1, ""gamma"": 0.5, ""gp_rate"": 0.5, ""lm_iterations"": 10, ""max_constants"": 999, ""max_depth"": 6, ""max_evals"": 2000000, ""max_unary"": 999, ""mutation_rate"": 0.1, ""ops"": [""+"", ""-"", ""*"", ""/"", ""sin"", ""cos"", ""exp"", ""log""], ""succ_error_tol"": 1e-06}",0.5
imcts,Livermore,6,Livermore-6,expression,40,25658,40,20,20,1,"[""x0""]",4*x[0]**4 + 3*x[0]**3 + 2*x[0]**2 + x[0],0.9999999403953552,True,1.0,1.0,17.0,90646,0.4332799999974668,0.0,0,x0 * x0 * x0 + x0 + ((x0 + x0) * x0 * x0 + x0 + x0 * x0) * (x0 + x0),x0 * x0 * x0 + x0 + ((x0 + x0) * x0 * x0 + x0 + x0 * x0) * (x0 + x0),x0*(4*x0**3 + 3*x0**2 + 2*x0 + 1),[],"{""K"": 500, ""c"": 6.0, ""exploration_rate"": 0.1, ""gamma"": 0.5, ""gp_rate"": 0.5, ""lm_iterations"": 10, ""max_constants"": 999, ""max_depth"": 6, ""max_evals"": 2000000, ""max_unary"": 999, ""mutation_rate"": 0.1, ""ops"": [""+"", ""-"", ""*"", ""/"", ""sin"", ""cos"", ""exp"", ""log""], ""succ_error_tol"": 1e-06}","{""K"": 500, ""c"": 6.0, ""exploration_rate"": 0.1, ""gamma"": 0.5, ""gp_rate"": 0.5, ""lm_iterations"": 10, ""max_constants"": 999, ""max_depth"": 6, ""max_evals"": 2000000, ""max_unary"": 999, ""mutation_rate"": 0.1, ""ops"": [""+"", ""-"", ""*"", ""/"", ""sin"", ""cos"", ""exp"", ""log""], ""succ_error_tol"": 1e-06}",0.5
imcts,Livermore,6,Livermore-6,expression,41,18942,40,20,20,1,"[""x0""]",4*x[0]**4 + 3*x[0]**3 + 2*x[0]**2 + x[0],0.9964559674263,False,0.9999873501660581,0.9999740144512307,34.0,2000007,13.80422470299527,0.0,0,(x0 * x0 * (x0 + x0) + x0) * (exp(sin(x0)) + x0) - cos(x0 * x0) * log(cos(x0)) * (sin(x0) + cos(x0)) * (x0 - x0 * x0),(x0 * x0 * (x0 + x0) + x0) * (exp(sin(x0)) + x0) - cos(x0 * x0) * log(cos(x0)) * (sin(x0) + cos(x0)) * (x0 - x0 * x0),(x0 + exp(sin(x0)))*(2*x0**3 + x0) + (x0**2 - x0)*(sin(x0) + cos(x0))*log(cos(x0))*cos(x0**2),[],"{""K"": 500, ""c"": 6.0, ""exploration_rate"": 0.1, ""gamma"": 0.5, ""gp_rate"": 0.5, ""lm_iterations"": 10, ""max_constants"": 999, ""max_depth"": 6, ""max_evals"": 2000000, ""max_unary"": 999, ""mutation_rate"": 0.1, ""ops"": [""+"", ""-"", ""*"", ""/"", ""sin"", ""cos"", ""exp"", ""log""], ""succ_error_tol"": 1e-06}","{""K"": 500, ""c"": 6.0, ""exploration_rate"": 0.1, ""gamma"": 0.5, ""gp_rate"": 0.5, ""lm_iterations"": 10, ""max_constants"": 999, ""max_depth"": 6, ""max_evals"": 2000000, ""max_unary"": 999, ""mutation_rate"": 0.1, ""ops"": [""+"", ""-"", ""*"", ""/"", ""sin"", ""cos"", ""exp"", ""log""], ""succ_error_tol"": 1e-06}",0.5
imcts,Livermore,6,Livermore-6,expression,42,24233,40,20,20,1,"[""x0""]",4*x[0]**4 + 3*x[0]**3 + 2*x[0]**2 + x[0],0.9972267746925354,False,0.9999922663186613,0.9999452228263991,25.0,2000000,13.271436407987494,0.0,0,exp(sin(x0) / x0) * x0 * x0 * x0 * x0 + sin(x0) * sin(x0) * cos(x0) * x0 + exp(x0 + x0) * x0,exp(sin(x0) / x0) * x0 * x0 * x0 * x0 + sin(x0) * sin(x0) * cos(x0) * x0 + exp(x0 + x0) * x0,x0*(x0**3*exp(sin(x0)/x0) + exp(2*x0) + sin(x0)**2*cos(x0)),[],"{""K"": 500, ""c"": 6.0, ""exploration_rate"": 0.1, ""gamma"": 0.5, ""gp_rate"": 0.5, ""lm_iterations"": 10, ""max_constants"": 999, ""max_depth"": 6, ""max_evals"": 2000000, ""max_unary"": 999, ""mutation_rate"": 0.1, ""ops"": [""+"", ""-"", ""*"", ""/"", ""sin"", ""cos"", ""exp"", ""log""], ""succ_error_tol"": 1e-06}","{""K"": 500, ""c"": 6.0, ""exploration_rate"": 0.1, ""gamma"": 0.5, ""gp_rate"": 0.5, ""lm_iterations"": 10, ""max_constants"": 999, ""max_depth"": 6, ""max_evals"": 2000000, ""max_unary"": 999, ""mutation_rate"": 0.1, ""ops"": [""+"", ""-"", ""*"", ""/"", ""sin"", ""cos"", ""exp"", ""log""], ""succ_error_tol"": 1e-06}",0.5
imcts,Livermore,6,Livermore-6,expression,43,18431,40,20,20,1,"[""x0""]",4*x[0]**4 + 3*x[0]**3 + 2*x[0]**2 + x[0],0.9915579557418823,False,0.9999275129970294,0.9999245251605225,27.0,2000004,13.062351029017009,0.0,0,((x0 + x0) * x0 * x0 + x0) * (x0 + exp(sin(x0))) + x0 * x0 * x0 * (x0 + cos(x0)) / exp(exp(x0)),((x0 + x0) * x0 * x0 + x0) * (x0 + exp(sin(x0))) + x0 * x0 * x0 * (x0 + cos(x0)) / exp(exp(x0)),x0**3*(x0 + cos(x0))*exp(-exp(x0)) + (x0 + exp(sin(x0)))*(2*x0**3 + x0),[],"{""K"": 500, ""c"": 6.0, ""exploration_rate"": 0.1, ""gamma"": 0.5, ""gp_rate"": 0.5, ""lm_iterations"": 10, ""max_constants"": 999, ""max_depth"": 6, ""max_evals"": 2000000, ""max_unary"": 999, ""mutation_rate"": 0.1, ""ops"": [""+"", ""-"", ""*"", ""/"", ""sin"", ""cos"", ""exp"", ""log""], ""succ_error_tol"": 1e-06}","{""K"": 500, ""c"": 6.0, ""exploration_rate"": 0.1, ""gamma"": 0.5, ""gp_rate"": 0.5, ""lm_iterations"": 10, ""max_constants"": 999, ""max_depth"": 6, ""max_evals"": 2000000, ""max_unary"": 999, ""mutation_rate"": 0.1, ""ops"": [""+"", ""-"", ""*"", ""/"", ""sin"", ""cos"", ""exp"", ""log""], ""succ_error_tol"": 1e-06}",0.5
imcts,Livermore,6,Livermore-6,expression,44,32219,40,20,20,1,"[""x0""]",4*x[0]**4 + 3*x[0]**3 + 2*x[0]**2 + x[0],0.9999999403953552,True,1.0,1.0,17.0,757837,4.751120318018366,0.0,0,x0 + x0 * x0 * x0 + (x0 + x0) * x0 + (x0 + x0) * x0 * (x0 * x0 + x0 + x0 * x0),x0 + x0 * x0 * x0 + (x0 + x0) * x0 + (x0 + x0) * x0 * (x0 * x0 + x0 + x0 * x0),x0*(4*x0**3 + 3*x0**2 + 2*x0 + 1),[],"{""K"": 500, ""c"": 6.0, ""exploration_rate"": 0.1, ""gamma"": 0.5, ""gp_rate"": 0.5, ""lm_iterations"": 10, ""max_constants"": 999, ""max_depth"": 6, ""max_evals"": 2000000, ""max_unary"": 999, ""mutation_rate"": 0.1, ""ops"": [""+"", ""-"", ""*"", ""/"", ""sin"", ""cos"", ""exp"", ""log""], ""succ_error_tol"": 1e-06}","{""K"": 500, ""c"": 6.0, ""exploration_rate"": 0.1, ""gamma"": 0.5, ""gp_rate"": 0.5, ""lm_iterations"": 10, ""max_constants"": 999, ""max_depth"": 6, ""max_evals"": 2000000, ""max_unary"": 999, ""mutation_rate"": 0.1, ""ops"": [""+"", ""-"", ""*"", ""/"", ""sin"", ""cos"", ""exp"", ""log""], ""succ_error_tol"": 1e-06}",0.5
imcts,Livermore,6,Livermore-6,expression,45,2747,40,20,20,1,"[""x0""]",4*x[0]**4 + 3*x[0]**3 + 2*x[0]**2 + x[0],0.9942027926445007,False,0.9999659990328068,0.9999882989259128,28.0,2000003,13.996855998004321,0.0,0,(exp(x0) * exp(x0) + x0 * x0 * (x0 + x0)) * x0 + x0 * x0 * x0 * sin(exp(x0)) * (cos(x0) + x0 * x0 * sin(x0)),(exp(x0) * exp(x0) + x0 * x0 * (x0 + x0)) * x0 + x0 * x0 * x0 * sin(exp(x0)) * (cos(x0) + x0 * x0 * sin(x0)),x0*(2*x0**3 + x0**2*(x0**2*sin(x0) + cos(x0))*sin(exp(x0)) + exp(2*x0)),[],"{""K"": 500, ""c"": 6.0, ""exploration_rate"": 0.1, ""gamma"": 0.5, ""gp_rate"": 0.5, ""lm_iterations"": 10, ""max_constants"": 999, ""max_depth"": 6, ""max_evals"": 2000000, ""max_unary"": 999, ""mutation_rate"": 0.1, ""ops"": [""+"", ""-"", ""*"", ""/"", ""sin"", ""cos"", ""exp"", ""log""], ""succ_error_tol"": 1e-06}","{""K"": 500, ""c"": 6.0, ""exploration_rate"": 0.1, ""gamma"": 0.5, ""gp_rate"": 0.5, ""lm_iterations"": 10, ""max_constants"": 999, ""max_depth"": 6, ""max_evals"": 2000000, ""max_unary"": 999, ""mutation_rate"": 0.1, ""ops"": [""+"", ""-"", ""*"", ""/"", ""sin"", ""cos"", ""exp"", ""log""], ""succ_error_tol"": 1e-06}",0.5
imcts,Livermore,6,Livermore-6,expression,46,25551,40,20,20,1,"[""x0""]",4*x[0]**4 + 3*x[0]**3 + 2*x[0]**2 + x[0],0.9999998807907104,True,1.0,1.0,17.0,240931,1.3325814600102603,0.0,0,x0 * x0 * x0 * (x0 + x0 + x0) - (x0 - (x0 + x0)) + (x0 * x0 + x0) * (x0 + x0 * x0 + x0),x0 * x0 * x0 * (x0 + x0 + x0) - (x0 - (x0 + x0)) + (x0 * x0 + x0) * (x0 + x0 * x0 + x0),x0*(3*x0**3 + x0*(x0 + 1)*(x0 + 2) + 1),[],"{""K"": 500, ""c"": 6.0, ""exploration_rate"": 0.1, ""gamma"": 0.5, ""gp_rate"": 0.5, ""lm_iterations"": 10, ""max_constants"": 999, ""max_depth"": 6, ""max_evals"": 2000000, ""max_unary"": 999, ""mutation_rate"": 0.1, ""ops"": [""+"", ""-"", ""*"", ""/"", ""sin"", ""cos"", ""exp"", ""log""], ""succ_error_tol"": 1e-06}","{""K"": 500, ""c"": 6.0, ""exploration_rate"": 0.1, ""gamma"": 0.5, ""gp_rate"": 0.5, ""lm_iterations"": 10, ""max_constants"": 999, ""max_depth"": 6, ""max_evals"": 2000000, ""max_unary"": 999, ""mutation_rate"": 0.1, ""ops"": [""+"", ""-"", ""*"", ""/"", ""sin"", ""cos"", ""exp"", ""log""], ""succ_error_tol"": 1e-06}",0.5
imcts,Livermore,6,Livermore-6,expression,47,26382,40,20,20,1,"[""x0""]",4*x[0]**4 + 3*x[0]**3 + 2*x[0]**2 + x[0],0.9881983399391174,False,0.999857374120023,0.9989210350295533,34.0,2000003,13.689007061009761,0.0,0,(sin(x0) + x0 * x0 * (x0 + x0)) * (exp(x0) + x0) + cos(x0 + x0) * (sin(x0) + x0 + x0) * (x0 - sin(x0)) / x0,(sin(x0) + x0 * x0 * (x0 + x0)) * (exp(x0) + x0) + cos(x0 + x0) * (sin(x0) + x0 + x0) * (x0 - sin(x0)) / x0,(x0 + exp(x0))*(2*x0**3 + sin(x0)) + (x0 - sin(x0))*(2*x0 + sin(x0))*cos(2*x0)/x0,[],"{""K"": 500, ""c"": 6.0, ""exploration_rate"": 0.1, ""gamma"": 0.5, ""gp_rate"": 0.5, ""lm_iterations"": 10, ""max_constants"": 999, ""max_depth"": 6, ""max_evals"": 2000000, ""max_unary"": 999, ""mutation_rate"": 0.1, ""ops"": [""+"", ""-"", ""*"", ""/"", ""sin"", ""cos"", ""exp"", ""log""], ""succ_error_tol"": 1e-06}","{""K"": 500, ""c"": 6.0, ""exploration_rate"": 0.1, ""gamma"": 0.5, ""gp_rate"": 0.5, ""lm_iterations"": 10, ""max_constants"": 999, ""max_depth"": 6, ""max_evals"": 2000000, ""max_unary"": 999, ""mutation_rate"": 0.1, ""ops"": [""+"", ""-"", ""*"", ""/"", ""sin"", ""cos"", ""exp"", ""log""], ""succ_error_tol"": 1e-06}",0.5
imcts,Livermore,6,Livermore-6,expression,48,189,40,20,20,1,"[""x0""]",4*x[0]**4 + 3*x[0]**3 + 2*x[0]**2 + x[0],0.9941867589950562,False,0.9999658100290347,0.9998862140681415,23.0,2000008,14.148887418035883,0.0,0,x0 * ((x0 + x0) * x0 * x0 + exp(x0 + x0)) + sin(x0) * sin(x0) * cos(x0) * x0 * (sin(x0) / x0 + sin(x0)),x0 * ((x0 + x0) * x0 * x0 + exp(x0 + x0)) + sin(x0) * sin(x0) * cos(x0) * x0 * (sin(x0) / x0 + sin(x0)),x0*(2*x0**3 + exp(2*x0)) + (x0 + 1)*sin(x0)**3*cos(x0),[],"{""K"": 500, ""c"": 6.0, ""exploration_rate"": 0.1, ""gamma"": 0.5, ""gp_rate"": 0.5, ""lm_iterations"": 10, ""max_constants"": 999, ""max_depth"": 6, ""max_evals"": 2000000, ""max_unary"": 999, ""mutation_rate"": 0.1, ""ops"": [""+"", ""-"", ""*"", ""/"", ""sin"", ""cos"", ""exp"", ""log""], ""succ_error_tol"": 1e-06}","{""K"": 500, ""c"": 6.0, ""exploration_rate"": 0.1, ""gamma"": 0.5, ""gp_rate"": 0.5, ""lm_iterations"": 10, ""max_constants"": 999, ""max_depth"": 6, ""max_evals"": 2000000, ""max_unary"": 999, ""mutation_rate"": 0.1, ""ops"": [""+"", ""-"", ""*"", ""/"", ""sin"", ""cos"", ""exp"", ""log""], ""succ_error_tol"": 1e-06}",0.5
imcts,Livermore,6,Livermore-6,expression,49,31677,40,20,20,1,"[""x0""]",4*x[0]**4 + 3*x[0]**3 + 2*x[0]**2 + x[0],0.9999999403953552,True,1.0,1.0,17.0,222829,1.2701771380379796,0.0,0,x0 * (x0 + x0) * x0 * (x0 + x0) + x0 * x0 * x0 + x0 + (x0 + x0) * (x0 * x0 + x0),x0 * (x0 + x0) * x0 * (x0 + x0) + x0 * x0 * x0 + x0 + (x0 + x0) * (x0 * x0 + x0),x0*(4*x0**3 + 3*x0**2 + 2*x0 + 1),[],"{""K"": 500, ""c"": 6.0, ""exploration_rate"": 0.1, ""gamma"": 0.5, ""gp_rate"": 0.5, ""lm_iterations"": 10, ""max_constants"": 999, ""max_depth"": 6, ""max_evals"": 2000000, ""max_unary"": 999, ""mutation_rate"": 0.1, ""ops"": [""+"", ""-"", ""*"", ""/"", ""sin"", ""cos"", ""exp"", ""log""], ""succ_error_tol"": 1e-06}","{""K"": 500, ""c"": 6.0, ""exploration_rate"": 0.1, ""gamma"": 0.5, ""gp_rate"": 0.5, ""lm_iterations"": 10, ""max_constants"": 999, ""max_depth"": 6, ""max_evals"": 2000000, ""max_unary"": 999, ""mutation_rate"": 0.1, ""ops"": [""+"", ""-"", ""*"", ""/"", ""sin"", ""cos"", ""exp"", ""log""], ""succ_error_tol"": 1e-06}",0.5
imcts,Livermore,6,Livermore-6,expression,50,19118,40,20,20,1,"[""x0""]",4*x[0]**4 + 3*x[0]**3 + 2*x[0]**2 + x[0],0.9921635389328003,False,0.9999376156909652,0.999963074375849,26.0,2000005,13.991469054017216,0.0,0,sin(x0) * x0 * x0 + sin(x0) + (x0 + x0) * x0 * (exp(x0) + x0 * x0) + x0 * sin(x0 * x0 * x0),sin(x0) * x0 * x0 + sin(x0) + (x0 + x0) * x0 * (exp(x0) + x0 * x0) + x0 * sin(x0 * x0 * x0),2*x0**2*(x0**2 + exp(x0)) + x0**2*sin(x0) + x0*sin(x0**3) + sin(x0),[],"{""K"": 500, ""c"": 6.0, ""exploration_rate"": 0.1, ""gamma"": 0.5, ""gp_rate"": 0.5, ""lm_iterations"": 10, ""max_constants"": 999, ""max_depth"": 6, ""max_evals"": 2000000, ""max_unary"": 999, ""mutation_rate"": 0.1, ""ops"": [""+"", ""-"", ""*"", ""/"", ""sin"", ""cos"", ""exp"", ""log""], ""succ_error_tol"": 1e-06}","{""K"": 500, ""c"": 6.0, ""exploration_rate"": 0.1, ""gamma"": 0.5, ""gp_rate"": 0.5, ""lm_iterations"": 10, ""max_constants"": 999, ""max_depth"": 6, ""max_evals"": 2000000, ""max_unary"": 999, ""mutation_rate"": 0.1, ""ops"": [""+"", ""-"", ""*"", ""/"", ""sin"", ""cos"", ""exp"", ""log""], ""succ_error_tol"": 1e-06}",0.5
imcts,Livermore,6,Livermore-6,expression,51,3005,40,20,20,1,"[""x0""]",4*x[0]**4 + 3*x[0]**3 + 2*x[0]**2 + x[0],0.9859338402748108,False,0.999796458075581,0.9998040116547751,27.0,2000001,13.539988495991565,0.0,0,exp(x0 * x0) * (x0 + exp(x0)) * x0 - (x0 * x0 - x0) * exp(x0) * x0 * x0 * (exp(x0) + sin(x0)),exp(x0 * x0) * (x0 + exp(x0)) * x0 - (x0 * x0 - x0) * exp(x0) * x0 * x0 * (exp(x0) + sin(x0)),x0*(-x0**2*(x0 - 1)*(exp(x0) + sin(x0))*exp(x0) + (x0 + exp(x0))*exp(x0**2)),[],"{""K"": 500, ""c"": 6.0, ""exploration_rate"": 0.1, ""gamma"": 0.5, ""gp_rate"": 0.5, ""lm_iterations"": 10, ""max_constants"": 999, ""max_depth"": 6, ""max_evals"": 2000000, ""max_unary"": 999, ""mutation_rate"": 0.1, ""ops"": [""+"", ""-"", ""*"", ""/"", ""sin"", ""cos"", ""exp"", ""log""], ""succ_error_tol"": 1e-06}","{""K"": 500, ""c"": 6.0, ""exploration_rate"": 0.1, ""gamma"": 0.5, ""gp_rate"": 0.5, ""lm_iterations"": 10, ""max_constants"": 999, ""max_depth"": 6, ""max_evals"": 2000000, ""max_unary"": 999, ""mutation_rate"": 0.1, ""ops"": [""+"", ""-"", ""*"", ""/"", ""sin"", ""cos"", ""exp"", ""log""], ""succ_error_tol"": 1e-06}",0.5
imcts,Livermore,6,Livermore-6,expression,52,21042,40,20,20,1,"[""x0""]",4*x[0]**4 + 3*x[0]**3 + 2*x[0]**2 + x[0],0.9952898621559143,False,0.9999776039574502,0.9999412208205547,28.0,2000001,13.091792033985257,0.0,0,x0 * (exp(x0 + x0) + (x0 + x0) * x0 * x0) + (cos(x0) + x0 * x0 * sin(x0)) * x0 * x0 * x0 * sin(exp(x0)),x0 * (exp(x0 + x0) + (x0 + x0) * x0 * x0) + (cos(x0) + x0 * x0 * sin(x0)) * x0 * x0 * x0 * sin(exp(x0)),x0*(2*x0**3 + x0**2*(x0**2*sin(x0) + cos(x0))*sin(exp(x0)) + exp(2*x0)),[],"{""K"": 500, ""c"": 6.0, ""exploration_rate"": 0.1, ""gamma"": 0.5, ""gp_rate"": 0.5, ""lm_iterations"": 10, ""max_constants"": 999, ""max_depth"": 6, ""max_evals"": 2000000, ""max_unary"": 999, ""mutation_rate"": 0.1, ""ops"": [""+"", ""-"", ""*"", ""/"", ""sin"", ""cos"", ""exp"", ""log""], ""succ_error_tol"": 1e-06}","{""K"": 500, ""c"": 6.0, ""exploration_rate"": 0.1, ""gamma"": 0.5, ""gp_rate"": 0.5, ""lm_iterations"": 10, ""max_constants"": 999, ""max_depth"": 6, ""max_evals"": 2000000, ""max_unary"": 999, ""mutation_rate"": 0.1, ""ops"": [""+"", ""-"", ""*"", ""/"", ""sin"", ""cos"", ""exp"", ""log""], ""succ_error_tol"": 1e-06}",0.5
imcts,Livermore,6,Livermore-6,expression,53,1899,40,20,20,1,"[""x0""]",4*x[0]**4 + 3*x[0]**3 + 2*x[0]**2 + x[0],0.9962096214294434,False,0.9999855233439355,0.9999789864547318,31.0,2000000,13.309012774960138,0.0,0,(x0 + x0) * x0 * x0 * x0 + (x0 * x0 + x0) * (x0 * x0 + exp(x0)) - (sin(x0) - x0) * (sin(x0) + x0 + exp(cos(x0))),(x0 + x0) * x0 * x0 * x0 + (x0 * x0 + x0) * (x0 * x0 + exp(x0)) - (sin(x0) - x0) * (sin(x0) + x0 + exp(cos(x0))),2*x0**4 + x0*(x0 + 1)*(x0**2 + exp(x0)) + (x0 - sin(x0))*(x0 + exp(cos(x0)) + sin(x0)),[],"{""K"": 500, ""c"": 6.0, ""exploration_rate"": 0.1, ""gamma"": 0.5, ""gp_rate"": 0.5, ""lm_iterations"": 10, ""max_constants"": 999, ""max_depth"": 6, ""max_evals"": 2000000, ""max_unary"": 999, ""mutation_rate"": 0.1, ""ops"": [""+"", ""-"", ""*"", ""/"", ""sin"", ""cos"", ""exp"", ""log""], ""succ_error_tol"": 1e-06}","{""K"": 500, ""c"": 6.0, ""exploration_rate"": 0.1, ""gamma"": 0.5, ""gp_rate"": 0.5, ""lm_iterations"": 10, ""max_constants"": 999, ""max_depth"": 6, ""max_evals"": 2000000, ""max_unary"": 999, ""mutation_rate"": 0.1, ""ops"": [""+"", ""-"", ""*"", ""/"", ""sin"", ""cos"", ""exp"", ""log""], ""succ_error_tol"": 1e-06}",0.5
imcts,Livermore,6,Livermore-6,expression,54,24118,40,20,20,1,"[""x0""]",4*x[0]**4 + 3*x[0]**3 + 2*x[0]**2 + x[0],0.9898210763931274,False,0.9998942466886905,0.9998036717685161,23.0,2000002,13.682065592962317,0.0,0,x0 * (x0 + exp(sin(x0))) * (x0 * x0 + x0 / sin(x0) + sin(x0 / x0) * x0 * x0),x0 * (x0 + exp(sin(x0))) * (x0 * x0 + x0 / sin(x0) + sin(x0 / x0) * x0 * x0),x0*(x0 + exp(sin(x0)))*(x0**2*sin(1) + x0**2 + x0/sin(x0)),[],"{""K"": 500, ""c"": 6.0, ""exploration_rate"": 0.1, ""gamma"": 0.5, ""gp_rate"": 0.5, ""lm_iterations"": 10, ""max_constants"": 999, ""max_depth"": 6, ""max_evals"": 2000000, ""max_unary"": 999, ""mutation_rate"": 0.1, ""ops"": [""+"", ""-"", ""*"", ""/"", ""sin"", ""cos"", ""exp"", ""log""], ""succ_error_tol"": 1e-06}","{""K"": 500, ""c"": 6.0, ""exploration_rate"": 0.1, ""gamma"": 0.5, ""gp_rate"": 0.5, ""lm_iterations"": 10, ""max_constants"": 999, ""max_depth"": 6, ""max_evals"": 2000000, ""max_unary"": 999, ""mutation_rate"": 0.1, ""ops"": [""+"", ""-"", ""*"", ""/"", ""sin"", ""cos"", ""exp"", ""log""], ""succ_error_tol"": 1e-06}",0.5
imcts,Livermore,6,Livermore-6,expression,55,1267,40,20,20,1,"[""x0""]",4*x[0]**4 + 3*x[0]**3 + 2*x[0]**2 + x[0],0.9959110021591187,False,0.9999831422921347,0.9993934964866069,28.0,2000002,13.828893045021687,0.0,0,((x0 + x0) * x0 + x0 / x0) * (sin(x0) + exp(x0)) * x0 + x0 * cos(x0) * sin(x0 * x0) * cos(exp(x0 * x0)),((x0 + x0) * x0 + x0 / x0) * (sin(x0) + exp(x0)) * x0 + x0 * cos(x0) * sin(x0 * x0) * cos(exp(x0 * x0)),x0*((2*x0**2 + 1)*(exp(x0) + sin(x0)) + sin(x0**2)*cos(x0)*cos(exp(x0**2))),[],"{""K"": 500, ""c"": 6.0, ""exploration_rate"": 0.1, ""gamma"": 0.5, ""gp_rate"": 0.5, ""lm_iterations"": 10, ""max_constants"": 999, ""max_depth"": 6, ""max_evals"": 2000000, ""max_unary"": 999, ""mutation_rate"": 0.1, ""ops"": [""+"", ""-"", ""*"", ""/"", ""sin"", ""cos"", ""exp"", ""log""], ""succ_error_tol"": 1e-06}","{""K"": 500, ""c"": 6.0, ""exploration_rate"": 0.1, ""gamma"": 0.5, ""gp_rate"": 0.5, ""lm_iterations"": 10, ""max_constants"": 999, ""max_depth"": 6, ""max_evals"": 2000000, ""max_unary"": 999, ""mutation_rate"": 0.1, ""ops"": [""+"", ""-"", ""*"", ""/"", ""sin"", ""cos"", ""exp"", ""log""], ""succ_error_tol"": 1e-06}",0.5
imcts,Livermore,6,Livermore-6,expression,56,31551,40,20,20,1,"[""x0""]",4*x[0]**4 + 3*x[0]**3 + 2*x[0]**2 + x[0],0.9943411946296692,False,0.9999676132665939,0.9999601876473303,36.0,2000001,14.845450734021142,0.0,0,(x0 - x0 * x0) * sin(x0 / x0) * sin(x0) * x0 * x0 * sin(exp(x0)) + x0 * x0 * x0 * (x0 - x0 * x0) + (x0 * x0 + exp(x0)) * exp(x0) * x0,(x0 - x0 * x0) * sin(x0 / x0) * sin(x0) * x0 * x0 * sin(exp(x0)) + x0 * x0 * x0 * (x0 - x0 * x0) + (x0 * x0 + exp(x0)) * exp(x0) * x0,x0*(x0**3*(1 - x0) - x0**2*(x0 - 1)*sin(1)*sin(x0)*sin(exp(x0)) + (x0**2 + exp(x0))*exp(x0)),[],"{""K"": 500, ""c"": 6.0, ""exploration_rate"": 0.1, ""gamma"": 0.5, ""gp_rate"": 0.5, ""lm_iterations"": 10, ""max_constants"": 999, ""max_depth"": 6, ""max_evals"": 2000000, ""max_unary"": 999, ""mutation_rate"": 0.1, ""ops"": [""+"", ""-"", ""*"", ""/"", ""sin"", ""cos"", ""exp"", ""log""], ""succ_error_tol"": 1e-06}","{""K"": 500, ""c"": 6.0, ""exploration_rate"": 0.1, ""gamma"": 0.5, ""gp_rate"": 0.5, ""lm_iterations"": 10, ""max_constants"": 999, ""max_depth"": 6, ""max_evals"": 2000000, ""max_unary"": 999, ""mutation_rate"": 0.1, ""ops"": [""+"", ""-"", ""*"", ""/"", ""sin"", ""cos"", ""exp"", ""log""], ""succ_error_tol"": 1e-06}",0.5
imcts,Livermore,6,Livermore-6,expression,57,17912,40,20,20,1,"[""x0""]",4*x[0]**4 + 3*x[0]**3 + 2*x[0]**2 + x[0],0.9925897717475891,False,0.9999442652254398,0.9999369307851087,30.0,2000000,14.486597896029707,0.0,0,(exp(x0) * x0 - x0 * x0 * x0) * sin(x0) * cos(x0) * (x0 + sin(x0)) + (exp(x0) + x0) * x0 * exp(sin(x0) * x0),(exp(x0) * x0 - x0 * x0 * x0) * sin(x0) * cos(x0) * (x0 + sin(x0)) + (exp(x0) + x0) * x0 * exp(sin(x0) * x0),x0*((x0 + exp(x0))*exp(x0*sin(x0)) + (x0 + sin(x0))*(-x0**2 + exp(x0))*sin(x0)*cos(x0)),[],"{""K"": 500, ""c"": 6.0, ""exploration_rate"": 0.1, ""gamma"": 0.5, ""gp_rate"": 0.5, ""lm_iterations"": 10, ""max_constants"": 999, ""max_depth"": 6, ""max_evals"": 2000000, ""max_unary"": 999, ""mutation_rate"": 0.1, ""ops"": [""+"", ""-"", ""*"", ""/"", ""sin"", ""cos"", ""exp"", ""log""], ""succ_error_tol"": 1e-06}","{""K"": 500, ""c"": 6.0, ""exploration_rate"": 0.1, ""gamma"": 0.5, ""gp_rate"": 0.5, ""lm_iterations"": 10, ""max_constants"": 999, ""max_depth"": 6, ""max_evals"": 2000000, ""max_unary"": 999, ""mutation_rate"": 0.1, ""ops"": [""+"", ""-"", ""*"", ""/"", ""sin"", ""cos"", ""exp"", ""log""], ""succ_error_tol"": 1e-06}",0.5
imcts,Livermore,6,Livermore-6,expression,58,11394,40,20,20,1,"[""x0""]",4*x[0]**4 + 3*x[0]**3 + 2*x[0]**2 + x[0],0.9970042109489441,False,0.9999909710051161,0.9999328877962194,33.0,2000000,13.964795645035338,0.0,0,(cos(x0 * x0) + x0 + x0) * x0 * sin(x0) * sin(x0) + exp(x0) * x0 * x0 * cos(x0) * x0 + x0 / cos(x0) * (exp(x0) + x0),(cos(x0 * x0) + x0 + x0) * x0 * sin(x0) * sin(x0) + exp(x0) * x0 * x0 * cos(x0) * x0 + x0 / cos(x0) * (exp(x0) + x0),x0**3*exp(x0)*cos(x0) + x0*(x0 + exp(x0))/cos(x0) + x0*(2*x0 + cos(x0**2))*sin(x0)**2,[],"{""K"": 500, ""c"": 6.0, ""exploration_rate"": 0.1, ""gamma"": 0.5, ""gp_rate"": 0.5, ""lm_iterations"": 10, ""max_constants"": 999, ""max_depth"": 6, ""max_evals"": 2000000, ""max_unary"": 999, ""mutation_rate"": 0.1, ""ops"": [""+"", ""-"", ""*"", ""/"", ""sin"", ""cos"", ""exp"", ""log""], ""succ_error_tol"": 1e-06}","{""K"": 500, ""c"": 6.0, ""exploration_rate"": 0.1, ""gamma"": 0.5, ""gp_rate"": 0.5, ""lm_iterations"": 10, ""max_constants"": 999, ""max_depth"": 6, ""max_evals"": 2000000, ""max_unary"": 999, ""mutation_rate"": 0.1, ""ops"": [""+"", ""-"", ""*"", ""/"", ""sin"", ""cos"", ""exp"", ""log""], ""succ_error_tol"": 1e-06}",0.5
imcts,Livermore,6,Livermore-6,expression,59,3556,40,20,20,1,"[""x0""]",4*x[0]**4 + 3*x[0]**3 + 2*x[0]**2 + x[0],0.9953404664993286,False,0.9999780850577998,0.9999659751153906,31.0,2000003,13.610404923034366,0.0,0,(x0 * x0 + sin(x0) * exp(x0)) * (x0 * sin(x0) + exp(x0) - x0) + x0 * x0 * x0 * (cos(x0 * x0) + x0),(x0 * x0 + sin(x0) * exp(x0)) * (x0 * sin(x0) + exp(x0) - x0) + x0 * x0 * x0 * (cos(x0 * x0) + x0),x0**3*(x0 + cos(x0**2)) + (x0**2 + exp(x0)*sin(x0))*(x0*sin(x0) - x0 + exp(x0)),[],"{""K"": 500, ""c"": 6.0, ""exploration_rate"": 0.1, ""gamma"": 0.5, ""gp_rate"": 0.5, ""lm_iterations"": 10, ""max_constants"": 999, ""max_depth"": 6, ""max_evals"": 2000000, ""max_unary"": 999, ""mutation_rate"": 0.1, ""ops"": [""+"", ""-"", ""*"", ""/"", ""sin"", ""cos"", ""exp"", ""log""], ""succ_error_tol"": 1e-06}","{""K"": 500, ""c"": 6.0, ""exploration_rate"": 0.1, ""gamma"": 0.5, ""gp_rate"": 0.5, ""lm_iterations"": 10, ""max_constants"": 999, ""max_depth"": 6, ""max_evals"": 2000000, ""max_unary"": 999, ""mutation_rate"": 0.1, ""ops"": [""+"", ""-"", ""*"", ""/"", ""sin"", ""cos"", ""exp"", ""log""], ""succ_error_tol"": 1e-06}",0.5
imcts,Livermore,6,Livermore-6,expression,60,3890,40,20,20,1,"[""x0""]",4*x[0]**4 + 3*x[0]**3 + 2*x[0]**2 + x[0],0.9999999403953552,True,1.0,1.0,17.0,930792,5.876036690024193,0.0,0,(x0 + x0) * x0 + x0 * x0 * x0 + x0 + ((x0 + x0) * x0 + x0) * (x0 + x0) * x0,(x0 + x0) * x0 + x0 * x0 * x0 + x0 + ((x0 + x0) * x0 + x0) * (x0 + x0) * x0,x0*(4*x0**3 + 3*x0**2 + 2*x0 + 1),[],"{""K"": 500, ""c"": 6.0, ""exploration_rate"": 0.1, ""gamma"": 0.5, ""gp_rate"": 0.5, ""lm_iterations"": 10, ""max_constants"": 999, ""max_depth"": 6, ""max_evals"": 2000000, ""max_unary"": 999, ""mutation_rate"": 0.1, ""ops"": [""+"", ""-"", ""*"", ""/"", ""sin"", ""cos"", ""exp"", ""log""], ""succ_error_tol"": 1e-06}","{""K"": 500, ""c"": 6.0, ""exploration_rate"": 0.1, ""gamma"": 0.5, ""gp_rate"": 0.5, ""lm_iterations"": 10, ""max_constants"": 999, ""max_depth"": 6, ""max_evals"": 2000000, ""max_unary"": 999, ""mutation_rate"": 0.1, ""ops"": [""+"", ""-"", ""*"", ""/"", ""sin"", ""cos"", ""exp"", ""log""], ""succ_error_tol"": 1e-06}",0.5
imcts,Livermore,6,Livermore-6,expression,61,8838,40,20,20,1,"[""x0""]",4*x[0]**4 + 3*x[0]**3 + 2*x[0]**2 + x[0],0.9938787221908569,False,0.9999620115352259,0.9999740369652703,30.0,2000008,13.337275622005109,0.0,0,(exp(x0 + x0) + (x0 + x0) * x0 * x0) * x0 + sin(x0) * sin(x0) * (x0 * x0 + cos(x0)) * cos(x0) * cos(x0) * (x0 + x0 * x0),(exp(x0 + x0) + (x0 + x0) * x0 * x0) * x0 + sin(x0) * sin(x0) * (x0 * x0 + cos(x0)) * cos(x0) * cos(x0) * (x0 + x0 * x0),x0*(2*x0**3 + (x0 + 1)*(x0**2 + cos(x0))*sin(x0)**2*cos(x0)**2 + exp(2*x0)),[],"{""K"": 500, ""c"": 6.0, ""exploration_rate"": 0.1, ""gamma"": 0.5, ""gp_rate"": 0.5, ""lm_iterations"": 10, ""max_constants"": 999, ""max_depth"": 6, ""max_evals"": 2000000, ""max_unary"": 999, ""mutation_rate"": 0.1, ""ops"": [""+"", ""-"", ""*"", ""/"", ""sin"", ""cos"", ""exp"", ""log""], ""succ_error_tol"": 1e-06}","{""K"": 500, ""c"": 6.0, ""exploration_rate"": 0.1, ""gamma"": 0.5, ""gp_rate"": 0.5, ""lm_iterations"": 10, ""max_constants"": 999, ""max_depth"": 6, ""max_evals"": 2000000, ""max_unary"": 999, ""mutation_rate"": 0.1, ""ops"": [""+"", ""-"", ""*"", ""/"", ""sin"", ""cos"", ""exp"", ""log""], ""succ_error_tol"": 1e-06}",0.5
imcts,Livermore,6,Livermore-6,expression,62,30740,40,20,20,1,"[""x0""]",4*x[0]**4 + 3*x[0]**3 + 2*x[0]**2 + x[0],0.9954516887664795,False,0.9999791232804368,0.9999800880057745,28.0,2000004,13.856395501003135,0.0,0,exp(x0 + x0) * x0 + (x0 + x0) * x0 * x0 * x0 + (cos(x0) + sin(x0) * x0 * x0) * sin(exp(x0)) * x0 * x0 * x0,exp(x0 + x0) * x0 + (x0 + x0) * x0 * x0 * x0 + (cos(x0) + sin(x0) * x0 * x0) * sin(exp(x0)) * x0 * x0 * x0,x0*(2*x0**3 + x0**2*(x0**2*sin(x0) + cos(x0))*sin(exp(x0)) + exp(2*x0)),[],"{""K"": 500, ""c"": 6.0, ""exploration_rate"": 0.1, ""gamma"": 0.5, ""gp_rate"": 0.5, ""lm_iterations"": 10, ""max_constants"": 999, ""max_depth"": 6, ""max_evals"": 2000000, ""max_unary"": 999, ""mutation_rate"": 0.1, ""ops"": [""+"", ""-"", ""*"", ""/"", ""sin"", ""cos"", ""exp"", ""log""], ""succ_error_tol"": 1e-06}","{""K"": 500, ""c"": 6.0, ""exploration_rate"": 0.1, ""gamma"": 0.5, ""gp_rate"": 0.5, ""lm_iterations"": 10, ""max_constants"": 999, ""max_depth"": 6, ""max_evals"": 2000000, ""max_unary"": 999, ""mutation_rate"": 0.1, ""ops"": [""+"", ""-"", ""*"", ""/"", ""sin"", ""cos"", ""exp"", ""log""], ""succ_error_tol"": 1e-06}",0.5
imcts,Livermore,6,Livermore-6,expression,63,27464,40,20,20,1,"[""x0""]",4*x[0]**4 + 3*x[0]**3 + 2*x[0]**2 + x[0],0.9914329648017883,False,0.9999253317477369,0.9997549270240467,31.0,2000000,14.172061489953194,0.0,0,(cos(x0) * x0 + sin(x0)) * x0 * sin(x0) * (cos(x0) + x0) + (exp(x0) * sin(x0) + sin(x0 * x0)) * exp(x0 * x0),(cos(x0) * x0 + sin(x0)) * x0 * sin(x0) * (cos(x0) + x0) + (exp(x0) * sin(x0) + sin(x0 * x0)) * exp(x0 * x0),x0*(x0 + cos(x0))*(x0*cos(x0) + sin(x0))*sin(x0) + (exp(x0)*sin(x0) + sin(x0**2))*exp(x0**2),[],"{""K"": 500, ""c"": 6.0, ""exploration_rate"": 0.1, ""gamma"": 0.5, ""gp_rate"": 0.5, ""lm_iterations"": 10, ""max_constants"": 999, ""max_depth"": 6, ""max_evals"": 2000000, ""max_unary"": 999, ""mutation_rate"": 0.1, ""ops"": [""+"", ""-"", ""*"", ""/"", ""sin"", ""cos"", ""exp"", ""log""], ""succ_error_tol"": 1e-06}","{""K"": 500, ""c"": 6.0, ""exploration_rate"": 0.1, ""gamma"": 0.5, ""gp_rate"": 0.5, ""lm_iterations"": 10, ""max_constants"": 999, ""max_depth"": 6, ""max_evals"": 2000000, ""max_unary"": 999, ""mutation_rate"": 0.1, ""ops"": [""+"", ""-"", ""*"", ""/"", ""sin"", ""cos"", ""exp"", ""log""], ""succ_error_tol"": 1e-06}",0.5
imcts,Livermore,6,Livermore-6,expression,64,14502,40,20,20,1,"[""x0""]",4*x[0]**4 + 3*x[0]**3 + 2*x[0]**2 + x[0],0.9944157600402832,False,0.9999684646539727,0.999960581451815,27.0,2000004,13.584817918017507,0.0,0,x0 * exp(x0 + x0) + x0 * x0 * (x0 + x0) * x0 + (cos(x0 * x0) + x0 * x0 * x0) * x0 * x0 * sin(x0) * sin(exp(x0)),x0 * exp(x0 + x0) + x0 * x0 * (x0 + x0) * x0 + (cos(x0 * x0) + x0 * x0 * x0) * x0 * x0 * sin(x0) * sin(exp(x0)),x0*(2*x0**3 + x0*(x0**3 + cos(x0**2))*sin(x0)*sin(exp(x0)) + exp(2*x0)),[],"{""K"": 500, ""c"": 6.0, ""exploration_rate"": 0.1, ""gamma"": 0.5, ""gp_rate"": 0.5, ""lm_iterations"": 10, ""max_constants"": 999, ""max_depth"": 6, ""max_evals"": 2000000, ""max_unary"": 999, ""mutation_rate"": 0.1, ""ops"": [""+"", ""-"", ""*"", ""/"", ""sin"", ""cos"", ""exp"", ""log""], ""succ_error_tol"": 1e-06}","{""K"": 500, ""c"": 6.0, ""exploration_rate"": 0.1, ""gamma"": 0.5, ""gp_rate"": 0.5, ""lm_iterations"": 10, ""max_constants"": 999, ""max_depth"": 6, ""max_evals"": 2000000, ""max_unary"": 999, ""mutation_rate"": 0.1, ""ops"": [""+"", ""-"", ""*"", ""/"", ""sin"", ""cos"", ""exp"", ""log""], ""succ_error_tol"": 1e-06}",0.5
imcts,Livermore,6,Livermore-6,expression,65,21777,40,20,20,1,"[""x0""]",4*x[0]**4 + 3*x[0]**3 + 2*x[0]**2 + x[0],0.9947020411491394,False,0.9999716318472958,0.9999847502670234,23.0,2000002,14.158965659036767,0.0,0,(x0 + x0 * x0) * sin(x0 * x0) + sin(x0) + x0 * (x0 + x0) * (exp(x0) + x0 * x0),(x0 + x0 * x0) * sin(x0 * x0) + sin(x0) + x0 * (x0 + x0) * (exp(x0) + x0 * x0),2*x0**2*(x0**2 + exp(x0)) + x0*(x0 + 1)*sin(x0**2) + sin(x0),[],"{""K"": 500, ""c"": 6.0, ""exploration_rate"": 0.1, ""gamma"": 0.5, ""gp_rate"": 0.5, ""lm_iterations"": 10, ""max_constants"": 999, ""max_depth"": 6, ""max_evals"": 2000000, ""max_unary"": 999, ""mutation_rate"": 0.1, ""ops"": [""+"", ""-"", ""*"", ""/"", ""sin"", ""cos"", ""exp"", ""log""], ""succ_error_tol"": 1e-06}","{""K"": 500, ""c"": 6.0, ""exploration_rate"": 0.1, ""gamma"": 0.5, ""gp_rate"": 0.5, ""lm_iterations"": 10, ""max_constants"": 999, ""max_depth"": 6, ""max_evals"": 2000000, ""max_unary"": 999, ""mutation_rate"": 0.1, ""ops"": [""+"", ""-"", ""*"", ""/"", ""sin"", ""cos"", ""exp"", ""log""], ""succ_error_tol"": 1e-06}",0.5
imcts,Livermore,6,Livermore-6,expression,66,10627,40,20,20,1,"[""x0""]",4*x[0]**4 + 3*x[0]**3 + 2*x[0]**2 + x[0],0.995408833026886,False,0.9999787266077749,0.9993509693565391,24.0,2000003,13.277957647980656,0.0,0,x0 * x0 * (x0 + cos(x0)) * (sin(x0) + sin(x0) - cos(x0)) + (sin(x0) + exp(x0 + x0)) * x0,x0 * x0 * (x0 + cos(x0)) * (sin(x0) + sin(x0) - cos(x0)) + (sin(x0) + exp(x0 + x0)) * x0,x0*(x0*(x0 + cos(x0))*(2*sin(x0) - cos(x0)) + exp(2*x0) + sin(x0)),[],"{""K"": 500, ""c"": 6.0, ""exploration_rate"": 0.1, ""gamma"": 0.5, ""gp_rate"": 0.5, ""lm_iterations"": 10, ""max_constants"": 999, ""max_depth"": 6, ""max_evals"": 2000000, ""max_unary"": 999, ""mutation_rate"": 0.1, ""ops"": [""+"", ""-"", ""*"", ""/"", ""sin"", ""cos"", ""exp"", ""log""], ""succ_error_tol"": 1e-06}","{""K"": 500, ""c"": 6.0, ""exploration_rate"": 0.1, ""gamma"": 0.5, ""gp_rate"": 0.5, ""lm_iterations"": 10, ""max_constants"": 999, ""max_depth"": 6, ""max_evals"": 2000000, ""max_unary"": 999, ""mutation_rate"": 0.1, ""ops"": [""+"", ""-"", ""*"", ""/"", ""sin"", ""cos"", ""exp"", ""log""], ""succ_error_tol"": 1e-06}",0.5
imcts,Livermore,6,Livermore-6,expression,67,8792,40,20,20,1,"[""x0""]",4*x[0]**4 + 3*x[0]**3 + 2*x[0]**2 + x[0],0.9999999403953552,True,1.0,1.0,17.0,1877711,13.058715572988149,0.0,0,(x0 + x0) * x0 * x0 * (x0 + x0) - (x0 - x0 - x0) + (x0 + x0) * x0 + x0 * x0 * (x0 + x0 + x0),(x0 + x0) * x0 * x0 * (x0 + x0) - (x0 - x0 - x0) + (x0 + x0) * x0 + x0 * x0 * (x0 + x0 + x0),x0*(4*x0**3 + 3*x0**2 + 2*x0 + 1),[],"{""K"": 500, ""c"": 6.0, ""exploration_rate"": 0.1, ""gamma"": 0.5, ""gp_rate"": 0.5, ""lm_iterations"": 10, ""max_constants"": 999, ""max_depth"": 6, ""max_evals"": 2000000, ""max_unary"": 999, ""mutation_rate"": 0.1, ""ops"": [""+"", ""-"", ""*"", ""/"", ""sin"", ""cos"", ""exp"", ""log""], ""succ_error_tol"": 1e-06}","{""K"": 500, ""c"": 6.0, ""exploration_rate"": 0.1, ""gamma"": 0.5, ""gp_rate"": 0.5, ""lm_iterations"": 10, ""max_constants"": 999, ""max_depth"": 6, ""max_evals"": 2000000, ""max_unary"": 999, ""mutation_rate"": 0.1, ""ops"": [""+"", ""-"", ""*"", ""/"", ""sin"", ""cos"", ""exp"", ""log""], ""succ_error_tol"": 1e-06}",0.5
imcts,Livermore,6,Livermore-6,expression,68,10555,40,20,20,1,"[""x0""]",4*x[0]**4 + 3*x[0]**3 + 2*x[0]**2 + x[0],0.9920364022254944,False,0.9999355589980425,0.9574379306960697,32.0,2000000,12.903649350977503,0.0,0,(exp(sin(x0)) - sin(x0) / cos(x0) + x0 * (x0 + x0)) * sin(x0) / cos(x0 * x0) * (exp(sin(x0)) + sin(x0)),(exp(sin(x0)) - sin(x0) / cos(x0) + x0 * (x0 + x0)) * sin(x0) / cos(x0 * x0) * (exp(sin(x0)) + sin(x0)),((2*x0**2 + exp(sin(x0)))*cos(x0) - sin(x0))*(exp(sin(x0)) + sin(x0))*tan(x0)/cos(x0**2),[],"{""K"": 500, ""c"": 6.0, ""exploration_rate"": 0.1, ""gamma"": 0.5, ""gp_rate"": 0.5, ""lm_iterations"": 10, ""max_constants"": 999, ""max_depth"": 6, ""max_evals"": 2000000, ""max_unary"": 999, ""mutation_rate"": 0.1, ""ops"": [""+"", ""-"", ""*"", ""/"", ""sin"", ""cos"", ""exp"", ""log""], ""succ_error_tol"": 1e-06}","{""K"": 500, ""c"": 6.0, ""exploration_rate"": 0.1, ""gamma"": 0.5, ""gp_rate"": 0.5, ""lm_iterations"": 10, ""max_constants"": 999, ""max_depth"": 6, ""max_evals"": 2000000, ""max_unary"": 999, ""mutation_rate"": 0.1, ""ops"": [""+"", ""-"", ""*"", ""/"", ""sin"", ""cos"", ""exp"", ""log""], ""succ_error_tol"": 1e-06}",0.5
imcts,Livermore,6,Livermore-6,expression,69,10253,40,20,20,1,"[""x0""]",4*x[0]**4 + 3*x[0]**3 + 2*x[0]**2 + x[0],0.9962809085845947,False,0.9999860647420995,0.9999475685253356,23.0,2000004,13.675019340007566,0.0,0,(x0 * x0 + x0) * sin(x0 * x0) + sin(x0) + x0 * (x0 + x0) * (x0 * x0 + exp(x0)),(x0 * x0 + x0) * sin(x0 * x0) + sin(x0) + x0 * (x0 + x0) * (x0 * x0 + exp(x0)),2*x0**2*(x0**2 + exp(x0)) + x0*(x0 + 1)*sin(x0**2) + sin(x0),[],"{""K"": 500, ""c"": 6.0, ""exploration_rate"": 0.1, ""gamma"": 0.5, ""gp_rate"": 0.5, ""lm_iterations"": 10, ""max_constants"": 999, ""max_depth"": 6, ""max_evals"": 2000000, ""max_unary"": 999, ""mutation_rate"": 0.1, ""ops"": [""+"", ""-"", ""*"", ""/"", ""sin"", ""cos"", ""exp"", ""log""], ""succ_error_tol"": 1e-06}","{""K"": 500, ""c"": 6.0, ""exploration_rate"": 0.1, ""gamma"": 0.5, ""gp_rate"": 0.5, ""lm_iterations"": 10, ""max_constants"": 999, ""max_depth"": 6, ""max_evals"": 2000000, ""max_unary"": 999, ""mutation_rate"": 0.1, ""ops"": [""+"", ""-"", ""*"", ""/"", ""sin"", ""cos"", ""exp"", ""log""], ""succ_error_tol"": 1e-06}",0.5
imcts,Livermore,6,Livermore-6,expression,70,8433,40,20,20,1,"[""x0""]",4*x[0]**4 + 3*x[0]**3 + 2*x[0]**2 + x[0],0.9930793642997742,False,0.9999514354467245,0.9929353375309785,20.0,2000005,13.650985700020101,0.0,0,((x0 + x0) * sin(x0 * x0) + exp(x0) * (exp(x0) + x0 * x0)) * sin(x0),((x0 + x0) * sin(x0 * x0) + exp(x0) * (exp(x0) + x0 * x0)) * sin(x0),(2*x0*sin(x0**2) + (x0**2 + exp(x0))*exp(x0))*sin(x0),[],"{""K"": 500, ""c"": 6.0, ""exploration_rate"": 0.1, ""gamma"": 0.5, ""gp_rate"": 0.5, ""lm_iterations"": 10, ""max_constants"": 999, ""max_depth"": 6, ""max_evals"": 2000000, ""max_unary"": 999, ""mutation_rate"": 0.1, ""ops"": [""+"", ""-"", ""*"", ""/"", ""sin"", ""cos"", ""exp"", ""log""], ""succ_error_tol"": 1e-06}","{""K"": 500, ""c"": 6.0, ""exploration_rate"": 0.1, ""gamma"": 0.5, ""gp_rate"": 0.5, ""lm_iterations"": 10, ""max_constants"": 999, ""max_depth"": 6, ""max_evals"": 2000000, ""max_unary"": 999, ""mutation_rate"": 0.1, ""ops"": [""+"", ""-"", ""*"", ""/"", ""sin"", ""cos"", ""exp"", ""log""], ""succ_error_tol"": 1e-06}",0.5
imcts,Livermore,6,Livermore-6,expression,71,10233,40,20,20,1,"[""x0""]",4*x[0]**4 + 3*x[0]**3 + 2*x[0]**2 + x[0],0.9979481101036072,False,0.9999957727790159,0.9999893325875424,27.0,2000002,13.80047094495967,0.0,0,(x0 + (x0 + x0) * x0) * (x0 + x0) * x0 + sin(x0) * x0 - cos(x0) * x0 + x0 + x0 * exp(x0),(x0 + (x0 + x0) * x0) * (x0 + x0) * x0 + sin(x0) * x0 - cos(x0) * x0 + x0 + x0 * exp(x0),x0*(4*x0**3 + 2*x0**2 + exp(x0) - sqrt(2)*cos(x0 + pi/4) + 1),[],"{""K"": 500, ""c"": 6.0, ""exploration_rate"": 0.1, ""gamma"": 0.5, ""gp_rate"": 0.5, ""lm_iterations"": 10, ""max_constants"": 999, ""max_depth"": 6, ""max_evals"": 2000000, ""max_unary"": 999, ""mutation_rate"": 0.1, ""ops"": [""+"", ""-"", ""*"", ""/"", ""sin"", ""cos"", ""exp"", ""log""], ""succ_error_tol"": 1e-06}","{""K"": 500, ""c"": 6.0, ""exploration_rate"": 0.1, ""gamma"": 0.5, ""gp_rate"": 0.5, ""lm_iterations"": 10, ""max_constants"": 999, ""max_depth"": 6, ""max_evals"": 2000000, ""max_unary"": 999, ""mutation_rate"": 0.1, ""ops"": [""+"", ""-"", ""*"", ""/"", ""sin"", ""cos"", ""exp"", ""log""], ""succ_error_tol"": 1e-06}",0.5
imcts,Livermore,6,Livermore-6,expression,72,11016,40,20,20,1,"[""x0""]",4*x[0]**4 + 3*x[0]**3 + 2*x[0]**2 + x[0],0.9906809329986572,False,0.9999115141089668,0.9846297413917564,40.0,2000001,13.742957394977566,0.0,0,(sin(x0) * exp(sin(x0)) - (x0 - x0 * x0) * (x0 + x0 - sin(x0))) * ((x0 * x0 + exp(x0)) * sin(x0) + exp(x0 + x0 - sin(x0))),(sin(x0) * exp(sin(x0)) - (x0 - x0 * x0) * (x0 + x0 - sin(x0))) * ((x0 * x0 + exp(x0)) * sin(x0) + exp(x0 + x0 - sin(x0))),((x0**2 + exp(x0))*sin(x0) + exp(2*x0 - sin(x0)))*(x0*(x0 - 1)*(2*x0 - sin(x0)) + exp(sin(x0))*sin(x0)),[],"{""K"": 500, ""c"": 6.0, ""exploration_rate"": 0.1, ""gamma"": 0.5, ""gp_rate"": 0.5, ""lm_iterations"": 10, ""max_constants"": 999, ""max_depth"": 6, ""max_evals"": 2000000, ""max_unary"": 999, ""mutation_rate"": 0.1, ""ops"": [""+"", ""-"", ""*"", ""/"", ""sin"", ""cos"", ""exp"", ""log""], ""succ_error_tol"": 1e-06}","{""K"": 500, ""c"": 6.0, ""exploration_rate"": 0.1, ""gamma"": 0.5, ""gp_rate"": 0.5, ""lm_iterations"": 10, ""max_constants"": 999, ""max_depth"": 6, ""max_evals"": 2000000, ""max_unary"": 999, ""mutation_rate"": 0.1, ""ops"": [""+"", ""-"", ""*"", ""/"", ""sin"", ""cos"", ""exp"", ""log""], ""succ_error_tol"": 1e-06}",0.5
imcts,Livermore,6,Livermore-6,expression,73,23897,40,20,20,1,"[""x0""]",4*x[0]**4 + 3*x[0]**3 + 2*x[0]**2 + x[0],0.9928957223892212,False,0.9999488040227251,0.9999417905082557,31.0,2000001,13.730232784990221,0.0,0,(x0 * x0 + x0 * x0 + cos(x0) * sin(x0)) * sin(x0) * sin(x0) + (sin(x0) * x0 * x0 + exp(x0 + x0)) * x0,(x0 * x0 + x0 * x0 + cos(x0) * sin(x0)) * sin(x0) * sin(x0) + (sin(x0) * x0 * x0 + exp(x0 + x0)) * x0,x0*(x0**2*sin(x0) + exp(2*x0)) + (2*x0**2 + sin(2*x0)/2)*sin(x0)**2,[],"{""K"": 500, ""c"": 6.0, ""exploration_rate"": 0.1, ""gamma"": 0.5, ""gp_rate"": 0.5, ""lm_iterations"": 10, ""max_constants"": 999, ""max_depth"": 6, ""max_evals"": 2000000, ""max_unary"": 999, ""mutation_rate"": 0.1, ""ops"": [""+"", ""-"", ""*"", ""/"", ""sin"", ""cos"", ""exp"", ""log""], ""succ_error_tol"": 1e-06}","{""K"": 500, ""c"": 6.0, ""exploration_rate"": 0.1, ""gamma"": 0.5, ""gp_rate"": 0.5, ""lm_iterations"": 10, ""max_constants"": 999, ""max_depth"": 6, ""max_evals"": 2000000, ""max_unary"": 999, ""mutation_rate"": 0.1, ""ops"": [""+"", ""-"", ""*"", ""/"", ""sin"", ""cos"", ""exp"", ""log""], ""succ_error_tol"": 1e-06}",0.5
imcts,Livermore,6,Livermore-6,expression,74,2612,40,20,20,1,"[""x0""]",4*x[0]**4 + 3*x[0]**3 + 2*x[0]**2 + x[0],0.9893651008605957,False,0.9998844552110782,0.9898548778618311,23.0,2000003,13.374485422973521,0.0,0,x0 * (exp(sin(x0)) + x0) * (exp(sin(x0 * x0)) + cos(x0) * x0 * x0 * x0 / sin(x0)),x0 * (exp(sin(x0)) + x0) * (exp(sin(x0 * x0)) + cos(x0) * x0 * x0 * x0 / sin(x0)),x0*(x0 + exp(sin(x0)))*(x0**3*cos(x0)/sin(x0) + exp(sin(x0**2))),[],"{""K"": 500, ""c"": 6.0, ""exploration_rate"": 0.1, ""gamma"": 0.5, ""gp_rate"": 0.5, ""lm_iterations"": 10, ""max_constants"": 999, ""max_depth"": 6, ""max_evals"": 2000000, ""max_unary"": 999, ""mutation_rate"": 0.1, ""ops"": [""+"", ""-"", ""*"", ""/"", ""sin"", ""cos"", ""exp"", ""log""], ""succ_error_tol"": 1e-06}","{""K"": 500, ""c"": 6.0, ""exploration_rate"": 0.1, ""gamma"": 0.5, ""gp_rate"": 0.5, ""lm_iterations"": 10, ""max_constants"": 999, ""max_depth"": 6, ""max_evals"": 2000000, ""max_unary"": 999, ""mutation_rate"": 0.1, ""ops"": [""+"", ""-"", ""*"", ""/"", ""sin"", ""cos"", ""exp"", ""log""], ""succ_error_tol"": 1e-06}",0.5
imcts,Livermore,6,Livermore-6,expression,75,23425,40,20,20,1,"[""x0""]",4*x[0]**4 + 3*x[0]**3 + 2*x[0]**2 + x[0],0.9957472681999207,False,0.999981759189679,0.9999317704542807,24.0,2000004,13.578335303987842,0.0,0,exp(x0 * x0) - cos(x0 * x0) + x0 + sin(x0) * x0 + (x0 * x0 + x0 * x0 * x0) * (x0 + x0 + x0),exp(x0 * x0) - cos(x0 * x0) + x0 + sin(x0) * x0 + (x0 * x0 + x0 * x0 * x0) * (x0 + x0 + x0),3*x0**3*(x0 + 1) + x0*sin(x0) + x0 + exp(x0**2) - cos(x0**2),[],"{""K"": 500, ""c"": 6.0, ""exploration_rate"": 0.1, ""gamma"": 0.5, ""gp_rate"": 0.5, ""lm_iterations"": 10, ""max_constants"": 999, ""max_depth"": 6, ""max_evals"": 2000000, ""max_unary"": 999, ""mutation_rate"": 0.1, ""ops"": [""+"", ""-"", ""*"", ""/"", ""sin"", ""cos"", ""exp"", ""log""], ""succ_error_tol"": 1e-06}","{""K"": 500, ""c"": 6.0, ""exploration_rate"": 0.1, ""gamma"": 0.5, ""gp_rate"": 0.5, ""lm_iterations"": 10, ""max_constants"": 999, ""max_depth"": 6, ""max_evals"": 2000000, ""max_unary"": 999, ""mutation_rate"": 0.1, ""ops"": [""+"", ""-"", ""*"", ""/"", ""sin"", ""cos"", ""exp"", ""log""], ""succ_error_tol"": 1e-06}",0.5
imcts,Livermore,6,Livermore-6,expression,76,25939,40,20,20,1,"[""x0""]",4*x[0]**4 + 3*x[0]**3 + 2*x[0]**2 + x[0],0.9851253032684326,False,0.9997720121674498,0.9997078668747859,25.0,2000003,13.857513256953098,0.0,0,x0 * x0 / sin(x0) * (x0 * x0 + sin(x0)) * (x0 * x0 / (x0 + x0) + x0 + x0) + x0 * (x0 * x0 * x0 + exp(x0) + x0),x0 * x0 / sin(x0) * (x0 * x0 + sin(x0)) * (x0 * x0 / (x0 + x0) + x0 + x0) + x0 * (x0 * x0 * x0 + exp(x0) + x0),5*x0**3*(x0**2 + sin(x0))/(2*sin(x0)) + x0*(x0**3 + x0 + exp(x0)),[],"{""K"": 500, ""c"": 6.0, ""exploration_rate"": 0.1, ""gamma"": 0.5, ""gp_rate"": 0.5, ""lm_iterations"": 10, ""max_constants"": 999, ""max_depth"": 6, ""max_evals"": 2000000, ""max_unary"": 999, ""mutation_rate"": 0.1, ""ops"": [""+"", ""-"", ""*"", ""/"", ""sin"", ""cos"", ""exp"", ""log""], ""succ_error_tol"": 1e-06}","{""K"": 500, ""c"": 6.0, ""exploration_rate"": 0.1, ""gamma"": 0.5, ""gp_rate"": 0.5, ""lm_iterations"": 10, ""max_constants"": 999, ""max_depth"": 6, ""max_evals"": 2000000, ""max_unary"": 999, ""mutation_rate"": 0.1, ""ops"": [""+"", ""-"", ""*"", ""/"", ""sin"", ""cos"", ""exp"", ""log""], ""succ_error_tol"": 1e-06}",0.5
imcts,Livermore,6,Livermore-6,expression,77,22619,40,20,20,1,"[""x0""]",4*x[0]**4 + 3*x[0]**3 + 2*x[0]**2 + x[0],0.9960034489631653,False,0.9999838990362253,0.9999856178755752,28.0,2000003,13.780054820992518,0.0,0,(x0 * x0 * (x0 + x0) + exp(x0 + x0)) * x0 + (sin(x0) * x0 * x0 + cos(x0)) * x0 * x0 * x0 * sin(exp(x0)),(x0 * x0 * (x0 + x0) + exp(x0 + x0)) * x0 + (sin(x0) * x0 * x0 + cos(x0)) * x0 * x0 * x0 * sin(exp(x0)),x0*(2*x0**3 + x0**2*(x0**2*sin(x0) + cos(x0))*sin(exp(x0)) + exp(2*x0)),[],"{""K"": 500, ""c"": 6.0, ""exploration_rate"": 0.1, ""gamma"": 0.5, ""gp_rate"": 0.5, ""lm_iterations"": 10, ""max_constants"": 999, ""max_depth"": 6, ""max_evals"": 2000000, ""max_unary"": 999, ""mutation_rate"": 0.1, ""ops"": [""+"", ""-"", ""*"", ""/"", ""sin"", ""cos"", ""exp"", ""log""], ""succ_error_tol"": 1e-06}","{""K"": 500, ""c"": 6.0, ""exploration_rate"": 0.1, ""gamma"": 0.5, ""gp_rate"": 0.5, ""lm_iterations"": 10, ""max_constants"": 999, ""max_depth"": 6, ""max_evals"": 2000000, ""max_unary"": 999, ""mutation_rate"": 0.1, ""ops"": [""+"", ""-"", ""*"", ""/"", ""sin"", ""cos"", ""exp"", ""log""], ""succ_error_tol"": 1e-06}",0.5
imcts,Livermore,6,Livermore-6,expression,78,21870,40,20,20,1,"[""x0""]",4*x[0]**4 + 3*x[0]**3 + 2*x[0]**2 + x[0],0.9922810792922974,False,0.9999394883302519,0.9998935181523176,30.0,2000005,13.786001299973577,0.0,0,sin(x0) * sin(x0) * (sin(x0) + x0 * x0) * sin(x0 / x0) * cos(x0 * x0) + (exp(x0) * exp(x0) + x0 * x0 * (x0 + x0)) * x0,sin(x0) * sin(x0) * (sin(x0) + x0 * x0) * sin(x0 / x0) * cos(x0 * x0) + (exp(x0) * exp(x0) + x0 * x0 * (x0 + x0)) * x0,x0*(2*x0**3 + exp(2*x0)) + (x0**2 + sin(x0))*sin(1)*sin(x0)**2*cos(x0**2),[],"{""K"": 500, ""c"": 6.0, ""exploration_rate"": 0.1, ""gamma"": 0.5, ""gp_rate"": 0.5, ""lm_iterations"": 10, ""max_constants"": 999, ""max_depth"": 6, ""max_evals"": 2000000, ""max_unary"": 999, ""mutation_rate"": 0.1, ""ops"": [""+"", ""-"", ""*"", ""/"", ""sin"", ""cos"", ""exp"", ""log""], ""succ_error_tol"": 1e-06}","{""K"": 500, ""c"": 6.0, ""exploration_rate"": 0.1, ""gamma"": 0.5, ""gp_rate"": 0.5, ""lm_iterations"": 10, ""max_constants"": 999, ""max_depth"": 6, ""max_evals"": 2000000, ""max_unary"": 999, ""mutation_rate"": 0.1, ""ops"": [""+"", ""-"", ""*"", ""/"", ""sin"", ""cos"", ""exp"", ""log""], ""succ_error_tol"": 1e-06}",0.5
imcts,Livermore,6,Livermore-6,expression,79,23483,40,20,20,1,"[""x0""]",4*x[0]**4 + 3*x[0]**3 + 2*x[0]**2 + x[0],0.9915286302566528,False,0.9999270037339872,0.9999121367451773,30.0,2000002,13.939948145998642,0.0,0,(cos(x0) * sin(x0) + x0 * x0) * cos(x0) * x0 * (x0 + sin(x0)) + exp(x0 * sin(x0)) * x0 * (exp(x0) + x0),(cos(x0) * sin(x0) + x0 * x0) * cos(x0) * x0 * (x0 + sin(x0)) + exp(x0 * sin(x0)) * x0 * (exp(x0) + x0),x0*((x0 + exp(x0))*exp(x0*sin(x0)) + (x0 + sin(x0))*(x0**2 + sin(2*x0)/2)*cos(x0)),[],"{""K"": 500, ""c"": 6.0, ""exploration_rate"": 0.1, ""gamma"": 0.5, ""gp_rate"": 0.5, ""lm_iterations"": 10, ""max_constants"": 999, ""max_depth"": 6, ""max_evals"": 2000000, ""max_unary"": 999, ""mutation_rate"": 0.1, ""ops"": [""+"", ""-"", ""*"", ""/"", ""sin"", ""cos"", ""exp"", ""log""], ""succ_error_tol"": 1e-06}","{""K"": 500, ""c"": 6.0, ""exploration_rate"": 0.1, ""gamma"": 0.5, ""gp_rate"": 0.5, ""lm_iterations"": 10, ""max_constants"": 999, ""max_depth"": 6, ""max_evals"": 2000000, ""max_unary"": 999, ""mutation_rate"": 0.1, ""ops"": [""+"", ""-"", ""*"", ""/"", ""sin"", ""cos"", ""exp"", ""log""], ""succ_error_tol"": 1e-06}",0.5
imcts,Livermore,6,Livermore-6,expression,80,26054,40,20,20,1,"[""x0""]",4*x[0]**4 + 3*x[0]**3 + 2*x[0]**2 + x[0],0.9999999403953552,True,1.0,1.0,17.0,615424,3.775043283996638,0.0,0,x0 + x0 * x0 + x0 * x0 * (x0 + x0) * (x0 + x0 + x0 / x0) + (x0 * x0 + x0) * x0,x0 + x0 * x0 + x0 * x0 * (x0 + x0) * (x0 + x0 + x0 / x0) + (x0 * x0 + x0) * x0,x0*(4*x0**3 + 3*x0**2 + 2*x0 + 1),[],"{""K"": 500, ""c"": 6.0, ""exploration_rate"": 0.1, ""gamma"": 0.5, ""gp_rate"": 0.5, ""lm_iterations"": 10, ""max_constants"": 999, ""max_depth"": 6, ""max_evals"": 2000000, ""max_unary"": 999, ""mutation_rate"": 0.1, ""ops"": [""+"", ""-"", ""*"", ""/"", ""sin"", ""cos"", ""exp"", ""log""], ""succ_error_tol"": 1e-06}","{""K"": 500, ""c"": 6.0, ""exploration_rate"": 0.1, ""gamma"": 0.5, ""gp_rate"": 0.5, ""lm_iterations"": 10, ""max_constants"": 999, ""max_depth"": 6, ""max_evals"": 2000000, ""max_unary"": 999, ""mutation_rate"": 0.1, ""ops"": [""+"", ""-"", ""*"", ""/"", ""sin"", ""cos"", ""exp"", ""log""], ""succ_error_tol"": 1e-06}",0.5
imcts,Livermore,6,Livermore-6,expression,81,15787,40,20,20,1,"[""x0""]",4*x[0]**4 + 3*x[0]**3 + 2*x[0]**2 + x[0],0.9999998807907104,True,1.0,1.0,17.0,260270,1.381120323028881,0.0,0,(x0 * x0 * x0 + x0) * (x0 + x0 + x0 / x0) + (x0 * x0 + x0) * (x0 * x0 + x0 * x0),(x0 * x0 * x0 + x0) * (x0 + x0 + x0 / x0) + (x0 * x0 + x0) * (x0 * x0 + x0 * x0),x0*(4*x0**3 + 3*x0**2 + 2*x0 + 1),[],"{""K"": 500, ""c"": 6.0, ""exploration_rate"": 0.1, ""gamma"": 0.5, ""gp_rate"": 0.5, ""lm_iterations"": 10, ""max_constants"": 999, ""max_depth"": 6, ""max_evals"": 2000000, ""max_unary"": 999, ""mutation_rate"": 0.1, ""ops"": [""+"", ""-"", ""*"", ""/"", ""sin"", ""cos"", ""exp"", ""log""], ""succ_error_tol"": 1e-06}","{""K"": 500, ""c"": 6.0, ""exploration_rate"": 0.1, ""gamma"": 0.5, ""gp_rate"": 0.5, ""lm_iterations"": 10, ""max_constants"": 999, ""max_depth"": 6, ""max_evals"": 2000000, ""max_unary"": 999, ""mutation_rate"": 0.1, ""ops"": [""+"", ""-"", ""*"", ""/"", ""sin"", ""cos"", ""exp"", ""log""], ""succ_error_tol"": 1e-06}",0.5
imcts,Livermore,6,Livermore-6,expression,82,27132,40,20,20,1,"[""x0""]",4*x[0]**4 + 3*x[0]**3 + 2*x[0]**2 + x[0],0.9916272163391113,False,0.9999287070787372,0.9999187547249838,34.0,2000006,13.583779154985677,0.0,0,x0 * x0 * (x0 * x0 + x0 * x0 + sin(x0)) + x0 * x0 * sin(x0) * (x0 + x0 - sin(x0)) + exp(x0 + x0) * sin(x0),x0 * x0 * (x0 * x0 + x0 * x0 + sin(x0)) + x0 * x0 * sin(x0) * (x0 + x0 - sin(x0)) + exp(x0 + x0) * sin(x0),x0**2*(2*x0 - sin(x0))*sin(x0) + x0**2*(2*x0**2 + sin(x0)) + exp(2*x0)*sin(x0),[],"{""K"": 500, ""c"": 6.0, ""exploration_rate"": 0.1, ""gamma"": 0.5, ""gp_rate"": 0.5, ""lm_iterations"": 10, ""max_constants"": 999, ""max_depth"": 6, ""max_evals"": 2000000, ""max_unary"": 999, ""mutation_rate"": 0.1, ""ops"": [""+"", ""-"", ""*"", ""/"", ""sin"", ""cos"", ""exp"", ""log""], ""succ_error_tol"": 1e-06}","{""K"": 500, ""c"": 6.0, ""exploration_rate"": 0.1, ""gamma"": 0.5, ""gp_rate"": 0.5, ""lm_iterations"": 10, ""max_constants"": 999, ""max_depth"": 6, ""max_evals"": 2000000, ""max_unary"": 999, ""mutation_rate"": 0.1, ""ops"": [""+"", ""-"", ""*"", ""/"", ""sin"", ""cos"", ""exp"", ""log""], ""succ_error_tol"": 1e-06}",0.5
imcts,Livermore,6,Livermore-6,expression,83,17159,40,20,20,1,"[""x0""]",4*x[0]**4 + 3*x[0]**3 + 2*x[0]**2 + x[0],0.98888099193573,False,0.9998735727257535,0.9987337502048358,25.0,2000002,14.040776305017062,0.0,0,(x0 + sin(x0) - x0 + sin(x0) * (x0 + x0) + cos(x0 * x0)) * ((x0 + x0) * sin(x0) * x0 * sin(x0) + sin(x0) * x0 + sin(x0)),(x0 + sin(x0) - x0 + sin(x0) * (x0 + x0) + cos(x0 * x0)) * ((x0 + x0) * sin(x0) * x0 * sin(x0) + sin(x0) * x0 + sin(x0)),(2*x0*sin(x0) + sin(x0) + cos(x0**2))*(2*x0**2*sin(x0) + x0 + 1)*sin(x0),[],"{""K"": 500, ""c"": 6.0, ""exploration_rate"": 0.1, ""gamma"": 0.5, ""gp_rate"": 0.5, ""lm_iterations"": 10, ""max_constants"": 999, ""max_depth"": 6, ""max_evals"": 2000000, ""max_unary"": 999, ""mutation_rate"": 0.1, ""ops"": [""+"", ""-"", ""*"", ""/"", ""sin"", ""cos"", ""exp"", ""log""], ""succ_error_tol"": 1e-06}","{""K"": 500, ""c"": 6.0, ""exploration_rate"": 0.1, ""gamma"": 0.5, ""gp_rate"": 0.5, ""lm_iterations"": 10, ""max_constants"": 999, ""max_depth"": 6, ""max_evals"": 2000000, ""max_unary"": 999, ""mutation_rate"": 0.1, ""ops"": [""+"", ""-"", ""*"", ""/"", ""sin"", ""cos"", ""exp"", ""log""], ""succ_error_tol"": 1e-06}",0.5
imcts,Livermore,6,Livermore-6,expression,84,12206,40,20,20,1,"[""x0""]",4*x[0]**4 + 3*x[0]**3 + 2*x[0]**2 + x[0],0.9965722560882568,False,0.9999881698676476,0.9999787412331089,27.0,2000005,12.794213967979886,0.0,0,x0 * exp(x0) * exp(x0) + x0 * x0 * x0 * (x0 + x0) + (cos(x0 * x0) + x0 * x0 * x0) * sin(x0) * x0 * x0 * sin(exp(x0)),x0 * exp(x0) * exp(x0) + x0 * x0 * x0 * (x0 + x0) + (cos(x0 * x0) + x0 * x0 * x0) * sin(x0) * x0 * x0 * sin(exp(x0)),x0*(2*x0**3 + x0*(x0**3 + cos(x0**2))*sin(x0)*sin(exp(x0)) + exp(2*x0)),[],"{""K"": 500, ""c"": 6.0, ""exploration_rate"": 0.1, ""gamma"": 0.5, ""gp_rate"": 0.5, ""lm_iterations"": 10, ""max_constants"": 999, ""max_depth"": 6, ""max_evals"": 2000000, ""max_unary"": 999, ""mutation_rate"": 0.1, ""ops"": [""+"", ""-"", ""*"", ""/"", ""sin"", ""cos"", ""exp"", ""log""], ""succ_error_tol"": 1e-06}","{""K"": 500, ""c"": 6.0, ""exploration_rate"": 0.1, ""gamma"": 0.5, ""gp_rate"": 0.5, ""lm_iterations"": 10, ""max_constants"": 999, ""max_depth"": 6, ""max_evals"": 2000000, ""max_unary"": 999, ""mutation_rate"": 0.1, ""ops"": [""+"", ""-"", ""*"", ""/"", ""sin"", ""cos"", ""exp"", ""log""], ""succ_error_tol"": 1e-06}",0.5
imcts,Livermore,6,Livermore-6,expression,85,8226,40,20,20,1,"[""x0""]",4*x[0]**4 + 3*x[0]**3 + 2*x[0]**2 + x[0],0.9999999403953552,True,1.0,1.0,17.0,1327986,8.890961778000928,0.0,0,(x0 + x0 + x0 / x0) / (x0 / x0 / x0 / (x0 * x0 + x0 / x0)) + (x0 + x0) * x0 / x0 * x0 * (x0 + x0 * x0),(x0 + x0 + x0 / x0) / (x0 / x0 / x0 / (x0 * x0 + x0 / x0)) + (x0 + x0) * x0 / x0 * x0 * (x0 + x0 * x0),x0*(4*x0**3 + 3*x0**2 + 2*x0 + 1),[],"{""K"": 500, ""c"": 6.0, ""exploration_rate"": 0.1, ""gamma"": 0.5, ""gp_rate"": 0.5, ""lm_iterations"": 10, ""max_constants"": 999, ""max_depth"": 6, ""max_evals"": 2000000, ""max_unary"": 999, ""mutation_rate"": 0.1, ""ops"": [""+"", ""-"", ""*"", ""/"", ""sin"", ""cos"", ""exp"", ""log""], ""succ_error_tol"": 1e-06}","{""K"": 500, ""c"": 6.0, ""exploration_rate"": 0.1, ""gamma"": 0.5, ""gp_rate"": 0.5, ""lm_iterations"": 10, ""max_constants"": 999, ""max_depth"": 6, ""max_evals"": 2000000, ""max_unary"": 999, ""mutation_rate"": 0.1, ""ops"": [""+"", ""-"", ""*"", ""/"", ""sin"", ""cos"", ""exp"", ""log""], ""succ_error_tol"": 1e-06}",0.5
imcts,Livermore,6,Livermore-6,expression,86,14541,40,20,20,1,"[""x0""]",4*x[0]**4 + 3*x[0]**3 + 2*x[0]**2 + x[0],0.9999998807907104,True,1.0,1.0,17.0,465286,2.821171806019265,0.0,0,x0 * x0 + x0 + x0 * x0 * (x0 + x0) * x0 + (x0 + x0 + x0 / x0) * x0 * (x0 * x0 + x0),x0 * x0 + x0 + x0 * x0 * (x0 + x0) * x0 + (x0 + x0 + x0 / x0) * x0 * (x0 * x0 + x0),x0*(4*x0**3 + 3*x0**2 + 2*x0 + 1),[],"{""K"": 500, ""c"": 6.0, ""exploration_rate"": 0.1, ""gamma"": 0.5, ""gp_rate"": 0.5, ""lm_iterations"": 10, ""max_constants"": 999, ""max_depth"": 6, ""max_evals"": 2000000, ""max_unary"": 999, ""mutation_rate"": 0.1, ""ops"": [""+"", ""-"", ""*"", ""/"", ""sin"", ""cos"", ""exp"", ""log""], ""succ_error_tol"": 1e-06}","{""K"": 500, ""c"": 6.0, ""exploration_rate"": 0.1, ""gamma"": 0.5, ""gp_rate"": 0.5, ""lm_iterations"": 10, ""max_constants"": 999, ""max_depth"": 6, ""max_evals"": 2000000, ""max_unary"": 999, ""mutation_rate"": 0.1, ""ops"": [""+"", ""-"", ""*"", ""/"", ""sin"", ""cos"", ""exp"", ""log""], ""succ_error_tol"": 1e-06}",0.5
imcts,Livermore,6,Livermore-6,expression,87,3152,40,20,20,1,"[""x0""]",4*x[0]**4 + 3*x[0]**3 + 2*x[0]**2 + x[0],0.9836789965629578,False,0.9997244384929567,0.9998825184192068,26.0,2000000,13.692236348986626,0.0,0,(sin(x0) + x0 * x0 * (x0 + x0)) * (exp(x0) + x0) + cos(x0) * x0 * x0 / x0 * sin(x0) * sin(x0) * cos(x0 + x0),(sin(x0) + x0 * x0 * (x0 + x0)) * (exp(x0) + x0) + cos(x0) * x0 * x0 / x0 * sin(x0) * sin(x0) * cos(x0 + x0),x0*sin(x0)**2*cos(x0)*cos(2*x0) + (x0 + exp(x0))*(2*x0**3 + sin(x0)),[],"{""K"": 500, ""c"": 6.0, ""exploration_rate"": 0.1, ""gamma"": 0.5, ""gp_rate"": 0.5, ""lm_iterations"": 10, ""max_constants"": 999, ""max_depth"": 6, ""max_evals"": 2000000, ""max_unary"": 999, ""mutation_rate"": 0.1, ""ops"": [""+"", ""-"", ""*"", ""/"", ""sin"", ""cos"", ""exp"", ""log""], ""succ_error_tol"": 1e-06}","{""K"": 500, ""c"": 6.0, ""exploration_rate"": 0.1, ""gamma"": 0.5, ""gp_rate"": 0.5, ""lm_iterations"": 10, ""max_constants"": 999, ""max_depth"": 6, ""max_evals"": 2000000, ""max_unary"": 999, ""mutation_rate"": 0.1, ""ops"": [""+"", ""-"", ""*"", ""/"", ""sin"", ""cos"", ""exp"", ""log""], ""succ_error_tol"": 1e-06}",0.5
imcts,Livermore,6,Livermore-6,expression,88,26531,40,20,20,1,"[""x0""]",4*x[0]**4 + 3*x[0]**3 + 2*x[0]**2 + x[0],0.9931122660636902,False,0.999951898428994,0.999987310709368,24.0,2000002,14.441708045022096,0.0,0,cos(x0 * x0) * x0 + x0 * x0 * exp(x0 * x0) + (sin(x0) + x0 / x0) * (x0 * x0 + x0) * (x0 + x0 * sin(x0)),cos(x0 * x0) * x0 + x0 * x0 * exp(x0 * x0) + (sin(x0) + x0 / x0) * (x0 * x0 + x0) * (x0 + x0 * sin(x0)),x0*(x0*(x0 + 1)*(sin(x0) + 1)**2 + x0*exp(x0**2) + cos(x0**2)),[],"{""K"": 500, ""c"": 6.0, ""exploration_rate"": 0.1, ""gamma"": 0.5, ""gp_rate"": 0.5, ""lm_iterations"": 10, ""max_constants"": 999, ""max_depth"": 6, ""max_evals"": 2000000, ""max_unary"": 999, ""mutation_rate"": 0.1, ""ops"": [""+"", ""-"", ""*"", ""/"", ""sin"", ""cos"", ""exp"", ""log""], ""succ_error_tol"": 1e-06}","{""K"": 500, ""c"": 6.0, ""exploration_rate"": 0.1, ""gamma"": 0.5, ""gp_rate"": 0.5, ""lm_iterations"": 10, ""max_constants"": 999, ""max_depth"": 6, ""max_evals"": 2000000, ""max_unary"": 999, ""mutation_rate"": 0.1, ""ops"": [""+"", ""-"", ""*"", ""/"", ""sin"", ""cos"", ""exp"", ""log""], ""succ_error_tol"": 1e-06}",0.5
imcts,Livermore,6,Livermore-6,expression,89,1585,40,20,20,1,"[""x0""]",4*x[0]**4 + 3*x[0]**3 + 2*x[0]**2 + x[0],0.9949581027030945,False,0.999974320865083,0.9663767919324525,29.0,2000007,13.312753465026617,0.0,0,cos(x0) * (x0 + x0) * x0 * x0 * x0 / exp(x0 * x0 + x0) + (exp(x0) * x0 + x0 * x0 * x0) * exp(x0),cos(x0) * (x0 + x0) * x0 * x0 * x0 / exp(x0 * x0 + x0) + (exp(x0) * x0 + x0 * x0 * x0) * exp(x0),2*x0**4*exp(-x0**2 - x0)*cos(x0) + (x0**3 + x0*exp(x0))*exp(x0),[],"{""K"": 500, ""c"": 6.0, ""exploration_rate"": 0.1, ""gamma"": 0.5, ""gp_rate"": 0.5, ""lm_iterations"": 10, ""max_constants"": 999, ""max_depth"": 6, ""max_evals"": 2000000, ""max_unary"": 999, ""mutation_rate"": 0.1, ""ops"": [""+"", ""-"", ""*"", ""/"", ""sin"", ""cos"", ""exp"", ""log""], ""succ_error_tol"": 1e-06}","{""K"": 500, ""c"": 6.0, ""exploration_rate"": 0.1, ""gamma"": 0.5, ""gp_rate"": 0.5, ""lm_iterations"": 10, ""max_constants"": 999, ""max_depth"": 6, ""max_evals"": 2000000, ""max_unary"": 999, ""mutation_rate"": 0.1, ""ops"": [""+"", ""-"", ""*"", ""/"", ""sin"", ""cos"", ""exp"", ""log""], ""succ_error_tol"": 1e-06}",0.5
imcts,Livermore,6,Livermore-6,expression,90,3943,40,20,20,1,"[""x0""]",4*x[0]**4 + 3*x[0]**3 + 2*x[0]**2 + x[0],0.9888948798179626,False,0.9998738920770217,0.9937157237244685,23.0,2000000,13.678195308020804,0.0,0,(sin(x0) * exp(sin(x0)) + x0 + cos(x0 * x0)) * (sin(x0) + (x0 + x0) * sin(x0 * x0)),(sin(x0) * exp(sin(x0)) + x0 + cos(x0 * x0)) * (sin(x0) + (x0 + x0) * sin(x0 * x0)),(2*x0*sin(x0**2) + sin(x0))*(x0 + exp(sin(x0))*sin(x0) + cos(x0**2)),[],"{""K"": 500, ""c"": 6.0, ""exploration_rate"": 0.1, ""gamma"": 0.5, ""gp_rate"": 0.5, ""lm_iterations"": 10, ""max_constants"": 999, ""max_depth"": 6, ""max_evals"": 2000000, ""max_unary"": 999, ""mutation_rate"": 0.1, ""ops"": [""+"", ""-"", ""*"", ""/"", ""sin"", ""cos"", ""exp"", ""log""], ""succ_error_tol"": 1e-06}","{""K"": 500, ""c"": 6.0, ""exploration_rate"": 0.1, ""gamma"": 0.5, ""gp_rate"": 0.5, ""lm_iterations"": 10, ""max_constants"": 999, ""max_depth"": 6, ""max_evals"": 2000000, ""max_unary"": 999, ""mutation_rate"": 0.1, ""ops"": [""+"", ""-"", ""*"", ""/"", ""sin"", ""cos"", ""exp"", ""log""], ""succ_error_tol"": 1e-06}",0.5
imcts,Livermore,6,Livermore-6,expression,91,23939,40,20,20,1,"[""x0""]",4*x[0]**4 + 3*x[0]**3 + 2*x[0]**2 + x[0],0.9925622940063477,False,0.9999438485949259,0.999935545357273,32.0,2000002,13.787095735024195,0.0,0,sin(x0) * exp(x0 + x0) + exp(x0) * cos(x0) * x0 * x0 * x0 + (x0 * x0 * sin(x0) + sin(x0) + x0) * x0 * x0 * sin(x0),sin(x0) * exp(x0 + x0) + exp(x0) * cos(x0) * x0 * x0 * x0 + (x0 * x0 * sin(x0) + sin(x0) + x0) * x0 * x0 * sin(x0),x0**3*exp(x0)*cos(x0) + x0**2*(x0**2*sin(x0) + x0 + sin(x0))*sin(x0) + exp(2*x0)*sin(x0),[],"{""K"": 500, ""c"": 6.0, ""exploration_rate"": 0.1, ""gamma"": 0.5, ""gp_rate"": 0.5, ""lm_iterations"": 10, ""max_constants"": 999, ""max_depth"": 6, ""max_evals"": 2000000, ""max_unary"": 999, ""mutation_rate"": 0.1, ""ops"": [""+"", ""-"", ""*"", ""/"", ""sin"", ""cos"", ""exp"", ""log""], ""succ_error_tol"": 1e-06}","{""K"": 500, ""c"": 6.0, ""exploration_rate"": 0.1, ""gamma"": 0.5, ""gp_rate"": 0.5, ""lm_iterations"": 10, ""max_constants"": 999, ""max_depth"": 6, ""max_evals"": 2000000, ""max_unary"": 999, ""mutation_rate"": 0.1, ""ops"": [""+"", ""-"", ""*"", ""/"", ""sin"", ""cos"", ""exp"", ""log""], ""succ_error_tol"": 1e-06}",0.5
imcts,Livermore,6,Livermore-6,expression,92,19457,40,20,20,1,"[""x0""]",4*x[0]**4 + 3*x[0]**3 + 2*x[0]**2 + x[0],0.9999999403953552,True,1.0,1.0,17.0,370805,2.1832102250191383,0.0,0,(x0 / x0 + x0) * x0 * x0 * (x0 + x0) + (x0 / x0 + x0 * x0) * (x0 * x0 + x0 + x0 * x0),(x0 / x0 + x0) * x0 * x0 * (x0 + x0) + (x0 / x0 + x0 * x0) * (x0 * x0 + x0 + x0 * x0),x0*(4*x0**3 + 3*x0**2 + 2*x0 + 1),[],"{""K"": 500, ""c"": 6.0, ""exploration_rate"": 0.1, ""gamma"": 0.5, ""gp_rate"": 0.5, ""lm_iterations"": 10, ""max_constants"": 999, ""max_depth"": 6, ""max_evals"": 2000000, ""max_unary"": 999, ""mutation_rate"": 0.1, ""ops"": [""+"", ""-"", ""*"", ""/"", ""sin"", ""cos"", ""exp"", ""log""], ""succ_error_tol"": 1e-06}","{""K"": 500, ""c"": 6.0, ""exploration_rate"": 0.1, ""gamma"": 0.5, ""gp_rate"": 0.5, ""lm_iterations"": 10, ""max_constants"": 999, ""max_depth"": 6, ""max_evals"": 2000000, ""max_unary"": 999, ""mutation_rate"": 0.1, ""ops"": [""+"", ""-"", ""*"", ""/"", ""sin"", ""cos"", ""exp"", ""log""], ""succ_error_tol"": 1e-06}",0.5
imcts,Livermore,6,Livermore-6,expression,93,1021,40,20,20,1,"[""x0""]",4*x[0]**4 + 3*x[0]**3 + 2*x[0]**2 + x[0],0.9973852038383484,False,0.9999931268908556,0.9999718254389367,21.0,2000002,13.228359138011001,0.0,0,x0 + x0 * (x0 + x0) + x0 * x0 * (cos(x0) + x0) * (x0 + sin(x0) + x0 * exp(x0)),x0 + x0 * (x0 + x0) + x0 * x0 * (cos(x0) + x0) * (x0 + sin(x0) + x0 * exp(x0)),x0*(x0*(x0 + cos(x0))*(x0*exp(x0) + x0 + sin(x0)) + 2*x0 + 1),[],"{""K"": 500, ""c"": 6.0, ""exploration_rate"": 0.1, ""gamma"": 0.5, ""gp_rate"": 0.5, ""lm_iterations"": 10, ""max_constants"": 999, ""max_depth"": 6, ""max_evals"": 2000000, ""max_unary"": 999, ""mutation_rate"": 0.1, ""ops"": [""+"", ""-"", ""*"", ""/"", ""sin"", ""cos"", ""exp"", ""log""], ""succ_error_tol"": 1e-06}","{""K"": 500, ""c"": 6.0, ""exploration_rate"": 0.1, ""gamma"": 0.5, ""gp_rate"": 0.5, ""lm_iterations"": 10, ""max_constants"": 999, ""max_depth"": 6, ""max_evals"": 2000000, ""max_unary"": 999, ""mutation_rate"": 0.1, ""ops"": [""+"", ""-"", ""*"", ""/"", ""sin"", ""cos"", ""exp"", ""log""], ""succ_error_tol"": 1e-06}",0.5
imcts,Livermore,6,Livermore-6,expression,94,11653,40,20,20,1,"[""x0""]",4*x[0]**4 + 3*x[0]**3 + 2*x[0]**2 + x[0],0.9999999403953552,True,1.0,1.0,17.0,234026,1.268981105007697,0.0,0,(x0 + cos(x0 - x0)) * (x0 * x0 + x0) + ((x0 + x0) * x0 + x0) * (x0 * x0 + x0 * x0),(x0 + cos(x0 - x0)) * (x0 * x0 + x0) + ((x0 + x0) * x0 + x0) * (x0 * x0 + x0 * x0),x0*(x0**2*(4*x0 + 2) + (x0 + 1)**2),[],"{""K"": 500, ""c"": 6.0, ""exploration_rate"": 0.1, ""gamma"": 0.5, ""gp_rate"": 0.5, ""lm_iterations"": 10, ""max_constants"": 999, ""max_depth"": 6, ""max_evals"": 2000000, ""max_unary"": 999, ""mutation_rate"": 0.1, ""ops"": [""+"", ""-"", ""*"", ""/"", ""sin"", ""cos"", ""exp"", ""log""], ""succ_error_tol"": 1e-06}","{""K"": 500, ""c"": 6.0, ""exploration_rate"": 0.1, ""gamma"": 0.5, ""gp_rate"": 0.5, ""lm_iterations"": 10, ""max_constants"": 999, ""max_depth"": 6, ""max_evals"": 2000000, ""max_unary"": 999, ""mutation_rate"": 0.1, ""ops"": [""+"", ""-"", ""*"", ""/"", ""sin"", ""cos"", ""exp"", ""log""], ""succ_error_tol"": 1e-06}",0.5
imcts,Livermore,6,Livermore-6,expression,95,10805,40,20,20,1,"[""x0""]",4*x[0]**4 + 3*x[0]**3 + 2*x[0]**2 + x[0],0.995214581489563,False,0.9999768787389356,0.9951231765667482,24.0,2000000,13.623017484031152,0.0,0,sin(x0) * (x0 * x0 + x0 * x0) * (x0 + exp(x0)) + exp(x0) * sin(x0) * sin(x0) + x0 * x0 + sin(x0),sin(x0) * (x0 * x0 + x0 * x0) * (x0 + exp(x0)) + exp(x0) * sin(x0) * sin(x0) + x0 * x0 + sin(x0),2*x0**2*(x0 + exp(x0))*sin(x0) + x0**2 + exp(x0)*sin(x0)**2 + sin(x0),[],"{""K"": 500, ""c"": 6.0, ""exploration_rate"": 0.1, ""gamma"": 0.5, ""gp_rate"": 0.5, ""lm_iterations"": 10, ""max_constants"": 999, ""max_depth"": 6, ""max_evals"": 2000000, ""max_unary"": 999, ""mutation_rate"": 0.1, ""ops"": [""+"", ""-"", ""*"", ""/"", ""sin"", ""cos"", ""exp"", ""log""], ""succ_error_tol"": 1e-06}","{""K"": 500, ""c"": 6.0, ""exploration_rate"": 0.1, ""gamma"": 0.5, ""gp_rate"": 0.5, ""lm_iterations"": 10, ""max_constants"": 999, ""max_depth"": 6, ""max_evals"": 2000000, ""max_unary"": 999, ""mutation_rate"": 0.1, ""ops"": [""+"", ""-"", ""*"", ""/"", ""sin"", ""cos"", ""exp"", ""log""], ""succ_error_tol"": 1e-06}",0.5
imcts,Livermore,6,Livermore-6,expression,96,13417,40,20,20,1,"[""x0""]",4*x[0]**4 + 3*x[0]**3 + 2*x[0]**2 + x[0],0.9999999403953552,True,1.0,1.0,17.0,750433,4.732111549004912,0.0,0,(x0 * x0 + x0 / x0) * ((x0 + x0) * x0 + x0) + (x0 * x0 + x0) * (x0 + x0) * x0,(x0 * x0 + x0 / x0) * ((x0 + x0) * x0 + x0) + (x0 * x0 + x0) * (x0 + x0) * x0,x0*(4*x0**3 + 3*x0**2 + 2*x0 + 1),[],"{""K"": 500, ""c"": 6.0, ""exploration_rate"": 0.1, ""gamma"": 0.5, ""gp_rate"": 0.5, ""lm_iterations"": 10, ""max_constants"": 999, ""max_depth"": 6, ""max_evals"": 2000000, ""max_unary"": 999, ""mutation_rate"": 0.1, ""ops"": [""+"", ""-"", ""*"", ""/"", ""sin"", ""cos"", ""exp"", ""log""], ""succ_error_tol"": 1e-06}","{""K"": 500, ""c"": 6.0, ""exploration_rate"": 0.1, ""gamma"": 0.5, ""gp_rate"": 0.5, ""lm_iterations"": 10, ""max_constants"": 999, ""max_depth"": 6, ""max_evals"": 2000000, ""max_unary"": 999, ""mutation_rate"": 0.1, ""ops"": [""+"", ""-"", ""*"", ""/"", ""sin"", ""cos"", ""exp"", ""log""], ""succ_error_tol"": 1e-06}",0.5
imcts,Livermore,6,Livermore-6,expression,97,20227,40,20,20,1,"[""x0""]",4*x[0]**4 + 3*x[0]**3 + 2*x[0]**2 + x[0],0.9954155683517456,False,0.99997878903573,0.9995183254827014,26.0,2000005,13.629171216976829,0.0,0,(x0 + x0 * x0 / sin(x0)) * x0 * x0 * x0 + exp(x0) * sin(x0) * (sin(x0) * sin(x0) + exp(x0)),(x0 + x0 * x0 / sin(x0)) * x0 * x0 * x0 + exp(x0) * sin(x0) * (sin(x0) * sin(x0) + exp(x0)),x0**5/sin(x0) + x0**4 + exp(2*x0)*sin(x0) + exp(x0)*sin(x0)**3,[],"{""K"": 500, ""c"": 6.0, ""exploration_rate"": 0.1, ""gamma"": 0.5, ""gp_rate"": 0.5, ""lm_iterations"": 10, ""max_constants"": 999, ""max_depth"": 6, ""max_evals"": 2000000, ""max_unary"": 999, ""mutation_rate"": 0.1, ""ops"": [""+"", ""-"", ""*"", ""/"", ""sin"", ""cos"", ""exp"", ""log""], ""succ_error_tol"": 1e-06}","{""K"": 500, ""c"": 6.0, ""exploration_rate"": 0.1, ""gamma"": 0.5, ""gp_rate"": 0.5, ""lm_iterations"": 10, ""max_constants"": 999, ""max_depth"": 6, ""max_evals"": 2000000, ""max_unary"": 999, ""mutation_rate"": 0.1, ""ops"": [""+"", ""-"", ""*"", ""/"", ""sin"", ""cos"", ""exp"", ""log""], ""succ_error_tol"": 1e-06}",0.5
imcts,Livermore,6,Livermore-6,expression,98,7989,40,20,20,1,"[""x0""]",4*x[0]**4 + 3*x[0]**3 + 2*x[0]**2 + x[0],0.9957505464553833,False,0.9999817879202433,0.9999106761431004,30.0,2000000,13.528044443984982,0.0,0,exp(x0) * x0 * exp(x0) + x0 * x0 * (x0 + x0) * x0 + (sin(x0) * x0 * x0 + cos(x0 * x0)) * sin(exp(x0)) * x0 * x0 * x0,exp(x0) * x0 * exp(x0) + x0 * x0 * (x0 + x0) * x0 + (sin(x0) * x0 * x0 + cos(x0 * x0)) * sin(exp(x0)) * x0 * x0 * x0,x0*(2*x0**3 + x0**2*(x0**2*sin(x0) + cos(x0**2))*sin(exp(x0)) + exp(2*x0)),[],"{""K"": 500, ""c"": 6.0, ""exploration_rate"": 0.1, ""gamma"": 0.5, ""gp_rate"": 0.5, ""lm_iterations"": 10, ""max_constants"": 999, ""max_depth"": 6, ""max_evals"": 2000000, ""max_unary"": 999, ""mutation_rate"": 0.1, ""ops"": [""+"", ""-"", ""*"", ""/"", ""sin"", ""cos"", ""exp"", ""log""], ""succ_error_tol"": 1e-06}","{""K"": 500, ""c"": 6.0, ""exploration_rate"": 0.1, ""gamma"": 0.5, ""gp_rate"": 0.5, ""lm_iterations"": 10, ""max_constants"": 999, ""max_depth"": 6, ""max_evals"": 2000000, ""max_unary"": 999, ""mutation_rate"": 0.1, ""ops"": [""+"", ""-"", ""*"", ""/"", ""sin"", ""cos"", ""exp"", ""log""], ""succ_error_tol"": 1e-06}",0.5
imcts,Livermore,6,Livermore-6,expression,99,9692,40,20,20,1,"[""x0""]",4*x[0]**4 + 3*x[0]**3 + 2*x[0]**2 + x[0],0.9968596696853638,False,0.9999900756767207,0.9999843313893172,43.0,2000000,12.611247344990261,0.0,0,(exp(x0) + x0) * (x0 / cos(x0) + sin(x0) * x0 * x0) + exp(x0) * sin(x0) * (x0 - x0 * x0) * sin(x0) / cos(x0) * (cos(x0) + sin(x0)),(exp(x0) + x0) * (x0 / cos(x0) + sin(x0) * x0 * x0) + exp(x0) * sin(x0) * (x0 - x0 * x0) * sin(x0) / cos(x0) * (cos(x0) + sin(x0)),(x0 + exp(x0))*(x0**2*sin(x0) + x0/cos(x0)) - (x0**2 - x0)*(sin(x0) + cos(x0))*exp(x0)*sin(x0)**2/cos(x0),[],"{""K"": 500, ""c"": 6.0, ""exploration_rate"": 0.1, ""gamma"": 0.5, ""gp_rate"": 0.5, ""lm_iterations"": 10, ""max_constants"": 999, ""max_depth"": 6, ""max_evals"": 2000000, ""max_unary"": 999, ""mutation_rate"": 0.1, ""ops"": [""+"", ""-"", ""*"", ""/"", ""sin"", ""cos"", ""exp"", ""log""], ""succ_error_tol"": 1e-06}","{""K"": 500, ""c"": 6.0, ""exploration_rate"": 0.1, ""gamma"": 0.5, ""gp_rate"": 0.5, ""lm_iterations"": 10, ""max_constants"": 999, ""max_depth"": 6, ""max_evals"": 2000000, ""max_unary"": 999, ""mutation_rate"": 0.1, ""ops"": [""+"", ""-"", ""*"", ""/"", ""sin"", ""cos"", ""exp"", ""log""], ""succ_error_tol"": 1e-06}",0.5
