algorithm,group,case_id,case_name,source_type,run,seed,samples_total,samples_train,samples_test,variables,feature_names,target_expression,reward,success,train_r2,test_r2,complexity,evaluations,time_sec,tuning_time_sec,tuning_evaluations,expression,materialized_expression,simplified_expression,coefficients,algorithm_params,tuned_params,test_ratio
imcts,Livermore,7,Livermore-7,expression,0,23654,40,20,20,1,"[""x0""]",sinh(x[0]),0.9998365640640259,False,0.9999999732696834,0.999999987772465,8.0,2000003,15.269996649003588,0.0,0,sin(x0) + x0 * x0 * x0 * x0 / (x0 + x0 + x0),sin(x0) + x0 * x0 * x0 * x0 / (x0 + x0 + x0),x0**3/3 + sin(x0),[],"{""K"": 500, ""c"": 6.0, ""exploration_rate"": 0.1, ""gamma"": 0.5, ""gp_rate"": 0.5, ""lm_iterations"": 10, ""max_constants"": 999, ""max_depth"": 6, ""max_evals"": 2000000, ""max_unary"": 999, ""mutation_rate"": 0.1, ""ops"": [""+"", ""-"", ""*"", ""/"", ""sin"", ""cos"", ""exp"", ""log""], ""succ_error_tol"": 1e-06}","{""K"": 500, ""c"": 6.0, ""exploration_rate"": 0.1, ""gamma"": 0.5, ""gp_rate"": 0.5, ""lm_iterations"": 10, ""max_constants"": 999, ""max_depth"": 6, ""max_evals"": 2000000, ""max_unary"": 999, ""mutation_rate"": 0.1, ""ops"": [""+"", ""-"", ""*"", ""/"", ""sin"", ""cos"", ""exp"", ""log""], ""succ_error_tol"": 1e-06}",0.5
imcts,Livermore,7,Livermore-7,expression,1,15795,40,20,20,1,"[""x0""]",sinh(x[0]),0.9998071789741516,False,0.9999999628058391,0.9999999644273141,8.0,2000000,14.53153050201945,0.0,0,sin(x0) + x0 / (x0 + x0 + x0) * x0 * x0 * x0,sin(x0) + x0 / (x0 + x0 + x0) * x0 * x0 * x0,x0**3/3 + sin(x0),[],"{""K"": 500, ""c"": 6.0, ""exploration_rate"": 0.1, ""gamma"": 0.5, ""gp_rate"": 0.5, ""lm_iterations"": 10, ""max_constants"": 999, ""max_depth"": 6, ""max_evals"": 2000000, ""max_unary"": 999, ""mutation_rate"": 0.1, ""ops"": [""+"", ""-"", ""*"", ""/"", ""sin"", ""cos"", ""exp"", ""log""], ""succ_error_tol"": 1e-06}","{""K"": 500, ""c"": 6.0, ""exploration_rate"": 0.1, ""gamma"": 0.5, ""gp_rate"": 0.5, ""lm_iterations"": 10, ""max_constants"": 999, ""max_depth"": 6, ""max_evals"": 2000000, ""max_unary"": 999, ""mutation_rate"": 0.1, ""ops"": [""+"", ""-"", ""*"", ""/"", ""sin"", ""cos"", ""exp"", ""log""], ""succ_error_tol"": 1e-06}",0.5
imcts,Livermore,7,Livermore-7,expression,2,860,40,20,20,1,"[""x0""]",sinh(x[0]),1.0,True,1.0,1.0,2.0,272523,1.680800094967708,0.0,0,(exp(x0) + x0 - x0 - x0 / x0 / exp(x0)) / (x0 / x0 + x0 / x0),(exp(x0) + x0 - x0 - x0 / x0 / exp(x0)) / (x0 / x0 + x0 / x0),sinh(x0),[],"{""K"": 500, ""c"": 6.0, ""exploration_rate"": 0.1, ""gamma"": 0.5, ""gp_rate"": 0.5, ""lm_iterations"": 10, ""max_constants"": 999, ""max_depth"": 6, ""max_evals"": 2000000, ""max_unary"": 999, ""mutation_rate"": 0.1, ""ops"": [""+"", ""-"", ""*"", ""/"", ""sin"", ""cos"", ""exp"", ""log""], ""succ_error_tol"": 1e-06}","{""K"": 500, ""c"": 6.0, ""exploration_rate"": 0.1, ""gamma"": 0.5, ""gp_rate"": 0.5, ""lm_iterations"": 10, ""max_constants"": 999, ""max_depth"": 6, ""max_evals"": 2000000, ""max_unary"": 999, ""mutation_rate"": 0.1, ""ops"": [""+"", ""-"", ""*"", ""/"", ""sin"", ""cos"", ""exp"", ""log""], ""succ_error_tol"": 1e-06}",0.5
imcts,Livermore,7,Livermore-7,expression,3,5390,40,20,20,1,"[""x0""]",sinh(x[0]),0.9998443126678467,False,0.9999999757595587,0.9999999896166918,30.0,2000004,13.75320992100751,0.0,0,(x0 - sin(x0)) * (sin(x0) - x0) / exp((x0 + x0) / sin(x0)) + exp(x0) - cos(x0) - x0 * x0,(x0 - sin(x0)) * (sin(x0) - x0) / exp((x0 + x0) / sin(x0)) + exp(x0) - cos(x0) - x0 * x0,-x0**2 - (x0 - sin(x0))**2*exp(-2*x0/sin(x0)) + exp(x0) - cos(x0),[],"{""K"": 500, ""c"": 6.0, ""exploration_rate"": 0.1, ""gamma"": 0.5, ""gp_rate"": 0.5, ""lm_iterations"": 10, ""max_constants"": 999, ""max_depth"": 6, ""max_evals"": 2000000, ""max_unary"": 999, ""mutation_rate"": 0.1, ""ops"": [""+"", ""-"", ""*"", ""/"", ""sin"", ""cos"", ""exp"", ""log""], ""succ_error_tol"": 1e-06}","{""K"": 500, ""c"": 6.0, ""exploration_rate"": 0.1, ""gamma"": 0.5, ""gp_rate"": 0.5, ""lm_iterations"": 10, ""max_constants"": 999, ""max_depth"": 6, ""max_evals"": 2000000, ""max_unary"": 999, ""mutation_rate"": 0.1, ""ops"": [""+"", ""-"", ""*"", ""/"", ""sin"", ""cos"", ""exp"", ""log""], ""succ_error_tol"": 1e-06}",0.5
imcts,Livermore,7,Livermore-7,expression,4,16850,40,20,20,1,"[""x0""]",sinh(x[0]),0.9998199343681335,False,0.9999999675622372,0.9999998977997311,22.0,2000003,13.96543780202046,0.0,0,(x0 - sin(x0)) * (sin(x0) - x0) / (x0 + x0) + x0 * x0 / sin(x0),(x0 - sin(x0)) * (sin(x0) - x0) / (x0 + x0) + x0 * x0 / sin(x0),x0**2/sin(x0) - (x0 - sin(x0))**2/(2*x0),[],"{""K"": 500, ""c"": 6.0, ""exploration_rate"": 0.1, ""gamma"": 0.5, ""gp_rate"": 0.5, ""lm_iterations"": 10, ""max_constants"": 999, ""max_depth"": 6, ""max_evals"": 2000000, ""max_unary"": 999, ""mutation_rate"": 0.1, ""ops"": [""+"", ""-"", ""*"", ""/"", ""sin"", ""cos"", ""exp"", ""log""], ""succ_error_tol"": 1e-06}","{""K"": 500, ""c"": 6.0, ""exploration_rate"": 0.1, ""gamma"": 0.5, ""gp_rate"": 0.5, ""lm_iterations"": 10, ""max_constants"": 999, ""max_depth"": 6, ""max_evals"": 2000000, ""max_unary"": 999, ""mutation_rate"": 0.1, ""ops"": [""+"", ""-"", ""*"", ""/"", ""sin"", ""cos"", ""exp"", ""log""], ""succ_error_tol"": 1e-06}",0.5
imcts,Livermore,7,Livermore-7,expression,5,29910,40,20,20,1,"[""x0""]",sinh(x[0]),0.9999999403953552,True,1.0,1.0,2.0,723907,4.532933255017269,0.0,0,(x0 * exp(x0) - x0 / exp(x0)) / (x0 + x0),(x0 * exp(x0) - x0 / exp(x0)) / (x0 + x0),sinh(x0),[],"{""K"": 500, ""c"": 6.0, ""exploration_rate"": 0.1, ""gamma"": 0.5, ""gp_rate"": 0.5, ""lm_iterations"": 10, ""max_constants"": 999, ""max_depth"": 6, ""max_evals"": 2000000, ""max_unary"": 999, ""mutation_rate"": 0.1, ""ops"": [""+"", ""-"", ""*"", ""/"", ""sin"", ""cos"", ""exp"", ""log""], ""succ_error_tol"": 1e-06}","{""K"": 500, ""c"": 6.0, ""exploration_rate"": 0.1, ""gamma"": 0.5, ""gp_rate"": 0.5, ""lm_iterations"": 10, ""max_constants"": 999, ""max_depth"": 6, ""max_evals"": 2000000, ""max_unary"": 999, ""mutation_rate"": 0.1, ""ops"": [""+"", ""-"", ""*"", ""/"", ""sin"", ""cos"", ""exp"", ""log""], ""succ_error_tol"": 1e-06}",0.5
imcts,Livermore,7,Livermore-7,expression,6,4426,40,20,20,1,"[""x0""]",sinh(x[0]),0.9999819993972778,False,0.999999999675792,0.9999999998014627,21.0,2000004,13.170477050996851,0.0,0,(x0 - sin(x0)) * log(cos(x0)) / exp((x0 + x0) / x0) + x0 * x0 / (sin(x0) * x0 / x0),(x0 - sin(x0)) * log(cos(x0)) / exp((x0 + x0) / x0) + x0 * x0 / (sin(x0) * x0 / x0),x0**2/sin(x0) + (x0 - sin(x0))*exp(-2)*log(cos(x0)),[],"{""K"": 500, ""c"": 6.0, ""exploration_rate"": 0.1, ""gamma"": 0.5, ""gp_rate"": 0.5, ""lm_iterations"": 10, ""max_constants"": 999, ""max_depth"": 6, ""max_evals"": 2000000, ""max_unary"": 999, ""mutation_rate"": 0.1, ""ops"": [""+"", ""-"", ""*"", ""/"", ""sin"", ""cos"", ""exp"", ""log""], ""succ_error_tol"": 1e-06}","{""K"": 500, ""c"": 6.0, ""exploration_rate"": 0.1, ""gamma"": 0.5, ""gp_rate"": 0.5, ""lm_iterations"": 10, ""max_constants"": 999, ""max_depth"": 6, ""max_evals"": 2000000, ""max_unary"": 999, ""mutation_rate"": 0.1, ""ops"": [""+"", ""-"", ""*"", ""/"", ""sin"", ""cos"", ""exp"", ""log""], ""succ_error_tol"": 1e-06}",0.5
imcts,Livermore,7,Livermore-7,expression,7,21962,40,20,20,1,"[""x0""]",sinh(x[0]),0.9998124837875366,False,0.9999999648294245,0.9999999820606418,8.0,2000003,13.272265170991886,0.0,0,sin(x0) + x0 * x0 * x0 / x0 / ((x0 + x0 + x0) / (x0 * x0)),sin(x0) + x0 * x0 * x0 / x0 / ((x0 + x0 + x0) / (x0 * x0)),x0**3/3 + sin(x0),[],"{""K"": 500, ""c"": 6.0, ""exploration_rate"": 0.1, ""gamma"": 0.5, ""gp_rate"": 0.5, ""lm_iterations"": 10, ""max_constants"": 999, ""max_depth"": 6, ""max_evals"": 2000000, ""max_unary"": 999, ""mutation_rate"": 0.1, ""ops"": [""+"", ""-"", ""*"", ""/"", ""sin"", ""cos"", ""exp"", ""log""], ""succ_error_tol"": 1e-06}","{""K"": 500, ""c"": 6.0, ""exploration_rate"": 0.1, ""gamma"": 0.5, ""gp_rate"": 0.5, ""lm_iterations"": 10, ""max_constants"": 999, ""max_depth"": 6, ""max_evals"": 2000000, ""max_unary"": 999, ""mutation_rate"": 0.1, ""ops"": [""+"", ""-"", ""*"", ""/"", ""sin"", ""cos"", ""exp"", ""log""], ""succ_error_tol"": 1e-06}",0.5
imcts,Livermore,7,Livermore-7,expression,8,14423,40,20,20,1,"[""x0""]",sinh(x[0]),0.9998395442962646,False,0.9999999742560669,0.999999960452908,8.0,2000008,13.135475411952939,0.0,0,sin(x0) + x0 / x0 * x0 * x0 * x0 * x0 * x0 / x0 / (x0 + x0 + x0),sin(x0) + x0 / x0 * x0 * x0 * x0 * x0 * x0 / x0 / (x0 + x0 + x0),x0**3/3 + sin(x0),[],"{""K"": 500, ""c"": 6.0, ""exploration_rate"": 0.1, ""gamma"": 0.5, ""gp_rate"": 0.5, ""lm_iterations"": 10, ""max_constants"": 999, ""max_depth"": 6, ""max_evals"": 2000000, ""max_unary"": 999, ""mutation_rate"": 0.1, ""ops"": [""+"", ""-"", ""*"", ""/"", ""sin"", ""cos"", ""exp"", ""log""], ""succ_error_tol"": 1e-06}","{""K"": 500, ""c"": 6.0, ""exploration_rate"": 0.1, ""gamma"": 0.5, ""gp_rate"": 0.5, ""lm_iterations"": 10, ""max_constants"": 999, ""max_depth"": 6, ""max_evals"": 2000000, ""max_unary"": 999, ""mutation_rate"": 0.1, ""ops"": [""+"", ""-"", ""*"", ""/"", ""sin"", ""cos"", ""exp"", ""log""], ""succ_error_tol"": 1e-06}",0.5
imcts,Livermore,7,Livermore-7,expression,9,28020,40,20,20,1,"[""x0""]",sinh(x[0]),0.9998527765274048,False,0.9999999783232171,0.9999999614031342,22.0,2000010,13.172198961954564,0.0,0,x0 / (sin(x0) / x0 + x0 - x0) - (x0 - sin(x0)) / x0 * (x0 - sin(x0)) * x0 / (x0 + x0),x0 / (sin(x0) / x0 + x0 - x0) - (x0 - sin(x0)) / x0 * (x0 - sin(x0)) * x0 / (x0 + x0),x0**2/sin(x0) - (x0 - sin(x0))**2/(2*x0),[],"{""K"": 500, ""c"": 6.0, ""exploration_rate"": 0.1, ""gamma"": 0.5, ""gp_rate"": 0.5, ""lm_iterations"": 10, ""max_constants"": 999, ""max_depth"": 6, ""max_evals"": 2000000, ""max_unary"": 999, ""mutation_rate"": 0.1, ""ops"": [""+"", ""-"", ""*"", ""/"", ""sin"", ""cos"", ""exp"", ""log""], ""succ_error_tol"": 1e-06}","{""K"": 500, ""c"": 6.0, ""exploration_rate"": 0.1, ""gamma"": 0.5, ""gp_rate"": 0.5, ""lm_iterations"": 10, ""max_constants"": 999, ""max_depth"": 6, ""max_evals"": 2000000, ""max_unary"": 999, ""mutation_rate"": 0.1, ""ops"": [""+"", ""-"", ""*"", ""/"", ""sin"", ""cos"", ""exp"", ""log""], ""succ_error_tol"": 1e-06}",0.5
imcts,Livermore,7,Livermore-7,expression,10,29802,40,20,20,1,"[""x0""]",sinh(x[0]),0.9998858571052551,False,0.9999999869742711,0.9999998858462077,27.0,2000001,13.137644491973333,0.0,0,x0 + x0 - sin(x0) + (x0 - sin(x0)) * cos(x0 * x0) * (x0 - sin(x0)) / sin(x0 + x0),x0 + x0 - sin(x0) + (x0 - sin(x0)) * cos(x0 * x0) * (x0 - sin(x0)) / sin(x0 + x0),2*x0 + (x0 - sin(x0))**2*cos(x0**2)/sin(2*x0) - sin(x0),[],"{""K"": 500, ""c"": 6.0, ""exploration_rate"": 0.1, ""gamma"": 0.5, ""gp_rate"": 0.5, ""lm_iterations"": 10, ""max_constants"": 999, ""max_depth"": 6, ""max_evals"": 2000000, ""max_unary"": 999, ""mutation_rate"": 0.1, ""ops"": [""+"", ""-"", ""*"", ""/"", ""sin"", ""cos"", ""exp"", ""log""], ""succ_error_tol"": 1e-06}","{""K"": 500, ""c"": 6.0, ""exploration_rate"": 0.1, ""gamma"": 0.5, ""gp_rate"": 0.5, ""lm_iterations"": 10, ""max_constants"": 999, ""max_depth"": 6, ""max_evals"": 2000000, ""max_unary"": 999, ""mutation_rate"": 0.1, ""ops"": [""+"", ""-"", ""*"", ""/"", ""sin"", ""cos"", ""exp"", ""log""], ""succ_error_tol"": 1e-06}",0.5
imcts,Livermore,7,Livermore-7,expression,11,21575,40,20,20,1,"[""x0""]",sinh(x[0]),0.999850869178772,False,0.9999999777540651,0.9999999510181894,8.0,2000003,13.097754047019407,0.0,0,exp(x0 - x0) * (x0 * x0 * x0 * x0 / (x0 + x0 + x0) + sin(x0)),exp(x0 - x0) * (x0 * x0 * x0 * x0 / (x0 + x0 + x0) + sin(x0)),x0**3/3 + sin(x0),[],"{""K"": 500, ""c"": 6.0, ""exploration_rate"": 0.1, ""gamma"": 0.5, ""gp_rate"": 0.5, ""lm_iterations"": 10, ""max_constants"": 999, ""max_depth"": 6, ""max_evals"": 2000000, ""max_unary"": 999, ""mutation_rate"": 0.1, ""ops"": [""+"", ""-"", ""*"", ""/"", ""sin"", ""cos"", ""exp"", ""log""], ""succ_error_tol"": 1e-06}","{""K"": 500, ""c"": 6.0, ""exploration_rate"": 0.1, ""gamma"": 0.5, ""gp_rate"": 0.5, ""lm_iterations"": 10, ""max_constants"": 999, ""max_depth"": 6, ""max_evals"": 2000000, ""max_unary"": 999, ""mutation_rate"": 0.1, ""ops"": [""+"", ""-"", ""*"", ""/"", ""sin"", ""cos"", ""exp"", ""log""], ""succ_error_tol"": 1e-06}",0.5
imcts,Livermore,7,Livermore-7,expression,12,11964,40,20,20,1,"[""x0""]",sinh(x[0]),0.999990701675415,False,0.9999999999136356,0.9999999997261836,15.0,2000000,13.495937961968593,0.0,0,exp(x0) - x0 / x0 - x0 * x0 * x0 / (sin(x0) + x0),exp(x0) - x0 / x0 - x0 * x0 * x0 / (sin(x0) + x0),-x0**3/(x0 + sin(x0)) + exp(x0) - 1,[],"{""K"": 500, ""c"": 6.0, ""exploration_rate"": 0.1, ""gamma"": 0.5, ""gp_rate"": 0.5, ""lm_iterations"": 10, ""max_constants"": 999, ""max_depth"": 6, ""max_evals"": 2000000, ""max_unary"": 999, ""mutation_rate"": 0.1, ""ops"": [""+"", ""-"", ""*"", ""/"", ""sin"", ""cos"", ""exp"", ""log""], ""succ_error_tol"": 1e-06}","{""K"": 500, ""c"": 6.0, ""exploration_rate"": 0.1, ""gamma"": 0.5, ""gp_rate"": 0.5, ""lm_iterations"": 10, ""max_constants"": 999, ""max_depth"": 6, ""max_evals"": 2000000, ""max_unary"": 999, ""mutation_rate"": 0.1, ""ops"": [""+"", ""-"", ""*"", ""/"", ""sin"", ""cos"", ""exp"", ""log""], ""succ_error_tol"": 1e-06}",0.5
imcts,Livermore,7,Livermore-7,expression,13,11284,40,20,20,1,"[""x0""]",sinh(x[0]),0.9998394846916199,False,0.9999999742224789,0.9999999617877905,33.0,2000002,12.736840300029144,0.0,0,x0 * x0 / sin(x0) - (sin(x0) - x0) * (cos(x0) + x0 * x0) * (sin(x0) - x0) / (sin(x0) + x0 + x0),x0 * x0 / sin(x0) - (sin(x0) - x0) * (cos(x0) + x0 * x0) * (sin(x0) - x0) / (sin(x0) + x0 + x0),x0**2/sin(x0) - (x0 - sin(x0))**2*(x0**2 + cos(x0))/(2*x0 + sin(x0)),[],"{""K"": 500, ""c"": 6.0, ""exploration_rate"": 0.1, ""gamma"": 0.5, ""gp_rate"": 0.5, ""lm_iterations"": 10, ""max_constants"": 999, ""max_depth"": 6, ""max_evals"": 2000000, ""max_unary"": 999, ""mutation_rate"": 0.1, ""ops"": [""+"", ""-"", ""*"", ""/"", ""sin"", ""cos"", ""exp"", ""log""], ""succ_error_tol"": 1e-06}","{""K"": 500, ""c"": 6.0, ""exploration_rate"": 0.1, ""gamma"": 0.5, ""gp_rate"": 0.5, ""lm_iterations"": 10, ""max_constants"": 999, ""max_depth"": 6, ""max_evals"": 2000000, ""max_unary"": 999, ""mutation_rate"": 0.1, ""ops"": [""+"", ""-"", ""*"", ""/"", ""sin"", ""cos"", ""exp"", ""log""], ""succ_error_tol"": 1e-06}",0.5
imcts,Livermore,7,Livermore-7,expression,14,22118,40,20,20,1,"[""x0""]",sinh(x[0]),0.9999837875366211,False,0.9999999997380286,0.9999999996371084,21.0,2000003,13.012328505981714,0.0,0,x0 * x0 / sin(x0) - log(cos(x0)) * (sin(x0) - x0) / exp((x0 + x0) / x0),x0 * x0 / sin(x0) - log(cos(x0)) * (sin(x0) - x0) / exp((x0 + x0) / x0),x0**2/sin(x0) + (x0 - sin(x0))*exp(-2)*log(cos(x0)),[],"{""K"": 500, ""c"": 6.0, ""exploration_rate"": 0.1, ""gamma"": 0.5, ""gp_rate"": 0.5, ""lm_iterations"": 10, ""max_constants"": 999, ""max_depth"": 6, ""max_evals"": 2000000, ""max_unary"": 999, ""mutation_rate"": 0.1, ""ops"": [""+"", ""-"", ""*"", ""/"", ""sin"", ""cos"", ""exp"", ""log""], ""succ_error_tol"": 1e-06}","{""K"": 500, ""c"": 6.0, ""exploration_rate"": 0.1, ""gamma"": 0.5, ""gp_rate"": 0.5, ""lm_iterations"": 10, ""max_constants"": 999, ""max_depth"": 6, ""max_evals"": 2000000, ""max_unary"": 999, ""mutation_rate"": 0.1, ""ops"": [""+"", ""-"", ""*"", ""/"", ""sin"", ""cos"", ""exp"", ""log""], ""succ_error_tol"": 1e-06}",0.5
imcts,Livermore,7,Livermore-7,expression,15,6265,40,20,20,1,"[""x0""]",sinh(x[0]),0.9998770356178284,False,0.9999999848643657,0.9999999898641588,29.0,2000002,13.434451000997797,0.0,0,x0 + x0 - sin(x0) + (sin(x0) - x0) / cos(x0 / x0) * (sin(x0) - x0) / (sin(x0) + x0 + x0),x0 + x0 - sin(x0) + (sin(x0) - x0) / cos(x0 / x0) * (sin(x0) - x0) / (sin(x0) + x0 + x0),2*x0 + (x0 - sin(x0))**2/((2*x0 + sin(x0))*cos(1)) - sin(x0),[],"{""K"": 500, ""c"": 6.0, ""exploration_rate"": 0.1, ""gamma"": 0.5, ""gp_rate"": 0.5, ""lm_iterations"": 10, ""max_constants"": 999, ""max_depth"": 6, ""max_evals"": 2000000, ""max_unary"": 999, ""mutation_rate"": 0.1, ""ops"": [""+"", ""-"", ""*"", ""/"", ""sin"", ""cos"", ""exp"", ""log""], ""succ_error_tol"": 1e-06}","{""K"": 500, ""c"": 6.0, ""exploration_rate"": 0.1, ""gamma"": 0.5, ""gp_rate"": 0.5, ""lm_iterations"": 10, ""max_constants"": 999, ""max_depth"": 6, ""max_evals"": 2000000, ""max_unary"": 999, ""mutation_rate"": 0.1, ""ops"": [""+"", ""-"", ""*"", ""/"", ""sin"", ""cos"", ""exp"", ""log""], ""succ_error_tol"": 1e-06}",0.5
imcts,Livermore,7,Livermore-7,expression,16,11363,40,20,20,1,"[""x0""]",sinh(x[0]),0.999843955039978,False,0.9999999756428111,0.9999999855442437,8.0,2000000,13.004189143015537,0.0,0,x0 * x0 * x0 / ((x0 + x0) / x0 + x0 / x0) + sin(x0),x0 * x0 * x0 / ((x0 + x0) / x0 + x0 / x0) + sin(x0),x0**3/3 + sin(x0),[],"{""K"": 500, ""c"": 6.0, ""exploration_rate"": 0.1, ""gamma"": 0.5, ""gp_rate"": 0.5, ""lm_iterations"": 10, ""max_constants"": 999, ""max_depth"": 6, ""max_evals"": 2000000, ""max_unary"": 999, ""mutation_rate"": 0.1, ""ops"": [""+"", ""-"", ""*"", ""/"", ""sin"", ""cos"", ""exp"", ""log""], ""succ_error_tol"": 1e-06}","{""K"": 500, ""c"": 6.0, ""exploration_rate"": 0.1, ""gamma"": 0.5, ""gp_rate"": 0.5, ""lm_iterations"": 10, ""max_constants"": 999, ""max_depth"": 6, ""max_evals"": 2000000, ""max_unary"": 999, ""mutation_rate"": 0.1, ""ops"": [""+"", ""-"", ""*"", ""/"", ""sin"", ""cos"", ""exp"", ""log""], ""succ_error_tol"": 1e-06}",0.5
imcts,Livermore,7,Livermore-7,expression,17,27495,40,20,20,1,"[""x0""]",sinh(x[0]),0.9998825192451477,False,0.9999999862020319,0.9999999706055709,8.0,2000002,13.020908451988362,0.0,0,x0 * x0 * x0 / ((x0 + x0 + x0) / x0) + sin(x0),x0 * x0 * x0 / ((x0 + x0 + x0) / x0) + sin(x0),x0**3/3 + sin(x0),[],"{""K"": 500, ""c"": 6.0, ""exploration_rate"": 0.1, ""gamma"": 0.5, ""gp_rate"": 0.5, ""lm_iterations"": 10, ""max_constants"": 999, ""max_depth"": 6, ""max_evals"": 2000000, ""max_unary"": 999, ""mutation_rate"": 0.1, ""ops"": [""+"", ""-"", ""*"", ""/"", ""sin"", ""cos"", ""exp"", ""log""], ""succ_error_tol"": 1e-06}","{""K"": 500, ""c"": 6.0, ""exploration_rate"": 0.1, ""gamma"": 0.5, ""gp_rate"": 0.5, ""lm_iterations"": 10, ""max_constants"": 999, ""max_depth"": 6, ""max_evals"": 2000000, ""max_unary"": 999, ""mutation_rate"": 0.1, ""ops"": [""+"", ""-"", ""*"", ""/"", ""sin"", ""cos"", ""exp"", ""log""], ""succ_error_tol"": 1e-06}",0.5
imcts,Livermore,7,Livermore-7,expression,18,16023,40,20,20,1,"[""x0""]",sinh(x[0]),0.9998261332511902,False,0.999999969752601,0.9999999768153314,8.0,2000008,12.758788660052232,0.0,0,sin(x0) + x0 * x0 * x0 * x0 / (x0 + x0 + x0),sin(x0) + x0 * x0 * x0 * x0 / (x0 + x0 + x0),x0**3/3 + sin(x0),[],"{""K"": 500, ""c"": 6.0, ""exploration_rate"": 0.1, ""gamma"": 0.5, ""gp_rate"": 0.5, ""lm_iterations"": 10, ""max_constants"": 999, ""max_depth"": 6, ""max_evals"": 2000000, ""max_unary"": 999, ""mutation_rate"": 0.1, ""ops"": [""+"", ""-"", ""*"", ""/"", ""sin"", ""cos"", ""exp"", ""log""], ""succ_error_tol"": 1e-06}","{""K"": 500, ""c"": 6.0, ""exploration_rate"": 0.1, ""gamma"": 0.5, ""gp_rate"": 0.5, ""lm_iterations"": 10, ""max_constants"": 999, ""max_depth"": 6, ""max_evals"": 2000000, ""max_unary"": 999, ""mutation_rate"": 0.1, ""ops"": [""+"", ""-"", ""*"", ""/"", ""sin"", ""cos"", ""exp"", ""log""], ""succ_error_tol"": 1e-06}",0.5
imcts,Livermore,7,Livermore-7,expression,19,8322,40,20,20,1,"[""x0""]",sinh(x[0]),0.9996811151504517,False,0.9999998982516881,0.999994942600309,28.0,2000002,13.120971974043641,0.0,0,exp(x0) * x0 * x0 / exp(x0) / sin(x0) - (sin(x0) - x0) * (sin(x0) - cos(x0)) * (sin(x0) - x0) * exp(x0),exp(x0) * x0 * x0 / exp(x0) / sin(x0) - (sin(x0) - x0) * (sin(x0) - cos(x0)) * (sin(x0) - x0) * exp(x0),x0**2/sin(x0) - (x0 - sin(x0))**2*(sin(x0) - cos(x0))*exp(x0),[],"{""K"": 500, ""c"": 6.0, ""exploration_rate"": 0.1, ""gamma"": 0.5, ""gp_rate"": 0.5, ""lm_iterations"": 10, ""max_constants"": 999, ""max_depth"": 6, ""max_evals"": 2000000, ""max_unary"": 999, ""mutation_rate"": 0.1, ""ops"": [""+"", ""-"", ""*"", ""/"", ""sin"", ""cos"", ""exp"", ""log""], ""succ_error_tol"": 1e-06}","{""K"": 500, ""c"": 6.0, ""exploration_rate"": 0.1, ""gamma"": 0.5, ""gp_rate"": 0.5, ""lm_iterations"": 10, ""max_constants"": 999, ""max_depth"": 6, ""max_evals"": 2000000, ""max_unary"": 999, ""mutation_rate"": 0.1, ""ops"": [""+"", ""-"", ""*"", ""/"", ""sin"", ""cos"", ""exp"", ""log""], ""succ_error_tol"": 1e-06}",0.5
imcts,Livermore,7,Livermore-7,expression,20,1685,40,20,20,1,"[""x0""]",sinh(x[0]),0.9998317360877991,False,0.9999999716786269,0.9999999607525759,8.0,2000003,13.020376159984153,0.0,0,x0 / (x0 + x0 + x0) * x0 * x0 * x0 + sin(x0),x0 / (x0 + x0 + x0) * x0 * x0 * x0 + sin(x0),x0**3/3 + sin(x0),[],"{""K"": 500, ""c"": 6.0, ""exploration_rate"": 0.1, ""gamma"": 0.5, ""gp_rate"": 0.5, ""lm_iterations"": 10, ""max_constants"": 999, ""max_depth"": 6, ""max_evals"": 2000000, ""max_unary"": 999, ""mutation_rate"": 0.1, ""ops"": [""+"", ""-"", ""*"", ""/"", ""sin"", ""cos"", ""exp"", ""log""], ""succ_error_tol"": 1e-06}","{""K"": 500, ""c"": 6.0, ""exploration_rate"": 0.1, ""gamma"": 0.5, ""gp_rate"": 0.5, ""lm_iterations"": 10, ""max_constants"": 999, ""max_depth"": 6, ""max_evals"": 2000000, ""max_unary"": 999, ""mutation_rate"": 0.1, ""ops"": [""+"", ""-"", ""*"", ""/"", ""sin"", ""cos"", ""exp"", ""log""], ""succ_error_tol"": 1e-06}",0.5
imcts,Livermore,7,Livermore-7,expression,21,32052,40,20,20,1,"[""x0""]",sinh(x[0]),0.9998193383216858,False,0.9999999673484682,0.9999999721252724,8.0,2000006,13.273668237030506,0.0,0,sin(x0) + x0 * x0 * x0 / (x0 / x0 + (x0 + x0) / x0),sin(x0) + x0 * x0 * x0 / (x0 / x0 + (x0 + x0) / x0),x0**3/3 + sin(x0),[],"{""K"": 500, ""c"": 6.0, ""exploration_rate"": 0.1, ""gamma"": 0.5, ""gp_rate"": 0.5, ""lm_iterations"": 10, ""max_constants"": 999, ""max_depth"": 6, ""max_evals"": 2000000, ""max_unary"": 999, ""mutation_rate"": 0.1, ""ops"": [""+"", ""-"", ""*"", ""/"", ""sin"", ""cos"", ""exp"", ""log""], ""succ_error_tol"": 1e-06}","{""K"": 500, ""c"": 6.0, ""exploration_rate"": 0.1, ""gamma"": 0.5, ""gp_rate"": 0.5, ""lm_iterations"": 10, ""max_constants"": 999, ""max_depth"": 6, ""max_evals"": 2000000, ""max_unary"": 999, ""mutation_rate"": 0.1, ""ops"": [""+"", ""-"", ""*"", ""/"", ""sin"", ""cos"", ""exp"", ""log""], ""succ_error_tol"": 1e-06}",0.5
imcts,Livermore,7,Livermore-7,expression,22,769,40,20,20,1,"[""x0""]",sinh(x[0]),0.999825656414032,False,0.9999999695834401,0.999999950051679,22.0,2000001,13.00282137998147,0.0,0,x0 / (sin(x0) / x0) - (x0 - sin(x0)) / ((x0 + x0) / x0) * (x0 - sin(x0)) / x0,x0 / (sin(x0) / x0) - (x0 - sin(x0)) / ((x0 + x0) / x0) * (x0 - sin(x0)) / x0,x0**2/sin(x0) - (x0 - sin(x0))**2/(2*x0),[],"{""K"": 500, ""c"": 6.0, ""exploration_rate"": 0.1, ""gamma"": 0.5, ""gp_rate"": 0.5, ""lm_iterations"": 10, ""max_constants"": 999, ""max_depth"": 6, ""max_evals"": 2000000, ""max_unary"": 999, ""mutation_rate"": 0.1, ""ops"": [""+"", ""-"", ""*"", ""/"", ""sin"", ""cos"", ""exp"", ""log""], ""succ_error_tol"": 1e-06}","{""K"": 500, ""c"": 6.0, ""exploration_rate"": 0.1, ""gamma"": 0.5, ""gp_rate"": 0.5, ""lm_iterations"": 10, ""max_constants"": 999, ""max_depth"": 6, ""max_evals"": 2000000, ""max_unary"": 999, ""mutation_rate"": 0.1, ""ops"": [""+"", ""-"", ""*"", ""/"", ""sin"", ""cos"", ""exp"", ""log""], ""succ_error_tol"": 1e-06}",0.5
imcts,Livermore,7,Livermore-7,expression,23,26967,40,20,20,1,"[""x0""]",sinh(x[0]),0.9999576210975647,False,0.9999999982040203,0.9999998822070062,27.0,2000000,12.917975271004252,0.0,0,x0 - (sin(x0) - x0) + cos(x0 * x0) / sin(x0 + x0) * (sin(x0) - x0) * (sin(x0) - x0),x0 - (sin(x0) - x0) + cos(x0 * x0) / sin(x0 + x0) * (sin(x0) - x0) * (sin(x0) - x0),2*x0 + (x0 - sin(x0))**2*cos(x0**2)/sin(2*x0) - sin(x0),[],"{""K"": 500, ""c"": 6.0, ""exploration_rate"": 0.1, ""gamma"": 0.5, ""gp_rate"": 0.5, ""lm_iterations"": 10, ""max_constants"": 999, ""max_depth"": 6, ""max_evals"": 2000000, ""max_unary"": 999, ""mutation_rate"": 0.1, ""ops"": [""+"", ""-"", ""*"", ""/"", ""sin"", ""cos"", ""exp"", ""log""], ""succ_error_tol"": 1e-06}","{""K"": 500, ""c"": 6.0, ""exploration_rate"": 0.1, ""gamma"": 0.5, ""gp_rate"": 0.5, ""lm_iterations"": 10, ""max_constants"": 999, ""max_depth"": 6, ""max_evals"": 2000000, ""max_unary"": 999, ""mutation_rate"": 0.1, ""ops"": [""+"", ""-"", ""*"", ""/"", ""sin"", ""cos"", ""exp"", ""log""], ""succ_error_tol"": 1e-06}",0.5
imcts,Livermore,7,Livermore-7,expression,24,30187,40,20,20,1,"[""x0""]",sinh(x[0]),0.9998356103897095,False,0.9999999729713489,0.9999994806986702,27.0,2000002,12.746578516962472,0.0,0,x0 - (sin(x0) - x0) - (x0 - sin(x0)) * (x0 - sin(x0)) * (x0 - exp(x0)) / (x0 + x0),x0 - (sin(x0) - x0) - (x0 - sin(x0)) * (x0 - sin(x0)) * (x0 - exp(x0)) / (x0 + x0),2*x0 - sin(x0) - (x0 - exp(x0))*(x0 - sin(x0))**2/(2*x0),[],"{""K"": 500, ""c"": 6.0, ""exploration_rate"": 0.1, ""gamma"": 0.5, ""gp_rate"": 0.5, ""lm_iterations"": 10, ""max_constants"": 999, ""max_depth"": 6, ""max_evals"": 2000000, ""max_unary"": 999, ""mutation_rate"": 0.1, ""ops"": [""+"", ""-"", ""*"", ""/"", ""sin"", ""cos"", ""exp"", ""log""], ""succ_error_tol"": 1e-06}","{""K"": 500, ""c"": 6.0, ""exploration_rate"": 0.1, ""gamma"": 0.5, ""gp_rate"": 0.5, ""lm_iterations"": 10, ""max_constants"": 999, ""max_depth"": 6, ""max_evals"": 2000000, ""max_unary"": 999, ""mutation_rate"": 0.1, ""ops"": [""+"", ""-"", ""*"", ""/"", ""sin"", ""cos"", ""exp"", ""log""], ""succ_error_tol"": 1e-06}",0.5
imcts,Livermore,7,Livermore-7,expression,25,32157,40,20,20,1,"[""x0""]",sinh(x[0]),0.9998998641967773,False,0.9999999899771335,0.9999999647723585,8.0,2000002,13.276711534999777,0.0,0,(sin(x0) / x0 + x0 * x0 * x0 / (x0 + x0 + x0)) * x0,(sin(x0) / x0 + x0 * x0 * x0 / (x0 + x0 + x0)) * x0,x0**3/3 + sin(x0),[],"{""K"": 500, ""c"": 6.0, ""exploration_rate"": 0.1, ""gamma"": 0.5, ""gp_rate"": 0.5, ""lm_iterations"": 10, ""max_constants"": 999, ""max_depth"": 6, ""max_evals"": 2000000, ""max_unary"": 999, ""mutation_rate"": 0.1, ""ops"": [""+"", ""-"", ""*"", ""/"", ""sin"", ""cos"", ""exp"", ""log""], ""succ_error_tol"": 1e-06}","{""K"": 500, ""c"": 6.0, ""exploration_rate"": 0.1, ""gamma"": 0.5, ""gp_rate"": 0.5, ""lm_iterations"": 10, ""max_constants"": 999, ""max_depth"": 6, ""max_evals"": 2000000, ""max_unary"": 999, ""mutation_rate"": 0.1, ""ops"": [""+"", ""-"", ""*"", ""/"", ""sin"", ""cos"", ""exp"", ""log""], ""succ_error_tol"": 1e-06}",0.5
imcts,Livermore,7,Livermore-7,expression,26,23333,40,20,20,1,"[""x0""]",sinh(x[0]),0.9998875856399536,False,0.9999999858432217,0.9999999939263194,24.0,2000003,13.31002947903471,0.0,0,(sin(x0) - x0) * (sin(x0) - x0) / (sin(x0) * sin(x0) * sin(x0)) + x0 - (sin(x0) - x0) * sin(x0 / x0),(sin(x0) - x0) * (sin(x0) - x0) / (sin(x0) * sin(x0) * sin(x0)) + x0 - (sin(x0) - x0) * sin(x0 / x0),x0 + (x0 - sin(x0))**2/sin(x0)**3 + (x0 - sin(x0))*sin(1),[],"{""K"": 500, ""c"": 6.0, ""exploration_rate"": 0.1, ""gamma"": 0.5, ""gp_rate"": 0.5, ""lm_iterations"": 10, ""max_constants"": 999, ""max_depth"": 6, ""max_evals"": 2000000, ""max_unary"": 999, ""mutation_rate"": 0.1, ""ops"": [""+"", ""-"", ""*"", ""/"", ""sin"", ""cos"", ""exp"", ""log""], ""succ_error_tol"": 1e-06}","{""K"": 500, ""c"": 6.0, ""exploration_rate"": 0.1, ""gamma"": 0.5, ""gp_rate"": 0.5, ""lm_iterations"": 10, ""max_constants"": 999, ""max_depth"": 6, ""max_evals"": 2000000, ""max_unary"": 999, ""mutation_rate"": 0.1, ""ops"": [""+"", ""-"", ""*"", ""/"", ""sin"", ""cos"", ""exp"", ""log""], ""succ_error_tol"": 1e-06}",0.5
imcts,Livermore,7,Livermore-7,expression,27,2433,40,20,20,1,"[""x0""]",sinh(x[0]),0.9998727440834045,False,0.9999999838056921,0.9999999778264657,8.0,2000001,12.797338135016616,0.0,0,sin(x0) + x0 * x0 * x0 * x0 / (x0 + x0 + x0),sin(x0) + x0 * x0 * x0 * x0 / (x0 + x0 + x0),x0**3/3 + sin(x0),[],"{""K"": 500, ""c"": 6.0, ""exploration_rate"": 0.1, ""gamma"": 0.5, ""gp_rate"": 0.5, ""lm_iterations"": 10, ""max_constants"": 999, ""max_depth"": 6, ""max_evals"": 2000000, ""max_unary"": 999, ""mutation_rate"": 0.1, ""ops"": [""+"", ""-"", ""*"", ""/"", ""sin"", ""cos"", ""exp"", ""log""], ""succ_error_tol"": 1e-06}","{""K"": 500, ""c"": 6.0, ""exploration_rate"": 0.1, ""gamma"": 0.5, ""gp_rate"": 0.5, ""lm_iterations"": 10, ""max_constants"": 999, ""max_depth"": 6, ""max_evals"": 2000000, ""max_unary"": 999, ""mutation_rate"": 0.1, ""ops"": [""+"", ""-"", ""*"", ""/"", ""sin"", ""cos"", ""exp"", ""log""], ""succ_error_tol"": 1e-06}",0.5
imcts,Livermore,7,Livermore-7,expression,28,5311,40,20,20,1,"[""x0""]",sinh(x[0]),0.9999679923057556,False,0.9999999989751397,0.9999999726722627,8.0,2000004,12.80938444903586,0.0,0,sin(x0) + x0 * x0 / x0 * x0 * x0 * x0 / (x0 + x0 + x0),sin(x0) + x0 * x0 / x0 * x0 * x0 * x0 / (x0 + x0 + x0),x0**3/3 + sin(x0),[],"{""K"": 500, ""c"": 6.0, ""exploration_rate"": 0.1, ""gamma"": 0.5, ""gp_rate"": 0.5, ""lm_iterations"": 10, ""max_constants"": 999, ""max_depth"": 6, ""max_evals"": 2000000, ""max_unary"": 999, ""mutation_rate"": 0.1, ""ops"": [""+"", ""-"", ""*"", ""/"", ""sin"", ""cos"", ""exp"", ""log""], ""succ_error_tol"": 1e-06}","{""K"": 500, ""c"": 6.0, ""exploration_rate"": 0.1, ""gamma"": 0.5, ""gp_rate"": 0.5, ""lm_iterations"": 10, ""max_constants"": 999, ""max_depth"": 6, ""max_evals"": 2000000, ""max_unary"": 999, ""mutation_rate"": 0.1, ""ops"": [""+"", ""-"", ""*"", ""/"", ""sin"", ""cos"", ""exp"", ""log""], ""succ_error_tol"": 1e-06}",0.5
imcts,Livermore,7,Livermore-7,expression,29,5051,40,20,20,1,"[""x0""]",sinh(x[0]),0.9997894763946533,False,0.999999955657512,0.9999999381524147,26.0,2000003,12.983564392023254,0.0,0,x0 + x0 - sin(x0) - (sin(x0) - x0) * (x0 - sin(x0)) / (sin(x0) * cos(x0) + x0),x0 + x0 - sin(x0) - (sin(x0) - x0) * (x0 - sin(x0)) / (sin(x0) * cos(x0) + x0),2*x0 - sin(x0) + (x0 - sin(x0))**2/(x0 + sin(x0)*cos(x0)),[],"{""K"": 500, ""c"": 6.0, ""exploration_rate"": 0.1, ""gamma"": 0.5, ""gp_rate"": 0.5, ""lm_iterations"": 10, ""max_constants"": 999, ""max_depth"": 6, ""max_evals"": 2000000, ""max_unary"": 999, ""mutation_rate"": 0.1, ""ops"": [""+"", ""-"", ""*"", ""/"", ""sin"", ""cos"", ""exp"", ""log""], ""succ_error_tol"": 1e-06}","{""K"": 500, ""c"": 6.0, ""exploration_rate"": 0.1, ""gamma"": 0.5, ""gp_rate"": 0.5, ""lm_iterations"": 10, ""max_constants"": 999, ""max_depth"": 6, ""max_evals"": 2000000, ""max_unary"": 999, ""mutation_rate"": 0.1, ""ops"": [""+"", ""-"", ""*"", ""/"", ""sin"", ""cos"", ""exp"", ""log""], ""succ_error_tol"": 1e-06}",0.5
imcts,Livermore,7,Livermore-7,expression,30,6420,40,20,20,1,"[""x0""]",sinh(x[0]),0.9998370409011841,False,0.9999999734302353,0.9999999638770438,22.0,2000000,13.316900826001074,0.0,0,(sin(x0) - x0) * (x0 + x0) / x0 / ((x0 + x0 + x0) / (sin(x0) - x0)) + x0 + x0 - sin(x0),(sin(x0) - x0) * (x0 + x0) / x0 / ((x0 + x0 + x0) / (sin(x0) - x0)) + x0 + x0 - sin(x0),(8*x0**2 - 7*x0*sin(x0) + 2*sin(x0)**2)/(3*x0),[],"{""K"": 500, ""c"": 6.0, ""exploration_rate"": 0.1, ""gamma"": 0.5, ""gp_rate"": 0.5, ""lm_iterations"": 10, ""max_constants"": 999, ""max_depth"": 6, ""max_evals"": 2000000, ""max_unary"": 999, ""mutation_rate"": 0.1, ""ops"": [""+"", ""-"", ""*"", ""/"", ""sin"", ""cos"", ""exp"", ""log""], ""succ_error_tol"": 1e-06}","{""K"": 500, ""c"": 6.0, ""exploration_rate"": 0.1, ""gamma"": 0.5, ""gp_rate"": 0.5, ""lm_iterations"": 10, ""max_constants"": 999, ""max_depth"": 6, ""max_evals"": 2000000, ""max_unary"": 999, ""mutation_rate"": 0.1, ""ops"": [""+"", ""-"", ""*"", ""/"", ""sin"", ""cos"", ""exp"", ""log""], ""succ_error_tol"": 1e-06}",0.5
imcts,Livermore,7,Livermore-7,expression,31,17568,40,20,20,1,"[""x0""]",sinh(x[0]),0.9998587369918823,False,0.9999999800433328,0.9999999677008453,8.0,2000004,12.630952135950793,0.0,0,x0 * x0 * x0 * x0 / (x0 + x0 + x0) + sin(x0),x0 * x0 * x0 * x0 / (x0 + x0 + x0) + sin(x0),x0**3/3 + sin(x0),[],"{""K"": 500, ""c"": 6.0, ""exploration_rate"": 0.1, ""gamma"": 0.5, ""gp_rate"": 0.5, ""lm_iterations"": 10, ""max_constants"": 999, ""max_depth"": 6, ""max_evals"": 2000000, ""max_unary"": 999, ""mutation_rate"": 0.1, ""ops"": [""+"", ""-"", ""*"", ""/"", ""sin"", ""cos"", ""exp"", ""log""], ""succ_error_tol"": 1e-06}","{""K"": 500, ""c"": 6.0, ""exploration_rate"": 0.1, ""gamma"": 0.5, ""gp_rate"": 0.5, ""lm_iterations"": 10, ""max_constants"": 999, ""max_depth"": 6, ""max_evals"": 2000000, ""max_unary"": 999, ""mutation_rate"": 0.1, ""ops"": [""+"", ""-"", ""*"", ""/"", ""sin"", ""cos"", ""exp"", ""log""], ""succ_error_tol"": 1e-06}",0.5
imcts,Livermore,7,Livermore-7,expression,32,20939,40,20,20,1,"[""x0""]",sinh(x[0]),0.9997923374176025,False,0.9999999568556244,0.9999999843399634,8.0,2000007,12.907183531031478,0.0,0,x0 * x0 * x0 * x0 / (x0 + x0 + x0) + sin(x0),x0 * x0 * x0 * x0 / (x0 + x0 + x0) + sin(x0),x0**3/3 + sin(x0),[],"{""K"": 500, ""c"": 6.0, ""exploration_rate"": 0.1, ""gamma"": 0.5, ""gp_rate"": 0.5, ""lm_iterations"": 10, ""max_constants"": 999, ""max_depth"": 6, ""max_evals"": 2000000, ""max_unary"": 999, ""mutation_rate"": 0.1, ""ops"": [""+"", ""-"", ""*"", ""/"", ""sin"", ""cos"", ""exp"", ""log""], ""succ_error_tol"": 1e-06}","{""K"": 500, ""c"": 6.0, ""exploration_rate"": 0.1, ""gamma"": 0.5, ""gp_rate"": 0.5, ""lm_iterations"": 10, ""max_constants"": 999, ""max_depth"": 6, ""max_evals"": 2000000, ""max_unary"": 999, ""mutation_rate"": 0.1, ""ops"": [""+"", ""-"", ""*"", ""/"", ""sin"", ""cos"", ""exp"", ""log""], ""succ_error_tol"": 1e-06}",0.5
imcts,Livermore,7,Livermore-7,expression,33,19769,40,20,20,1,"[""x0""]",sinh(x[0]),0.9998658299446106,False,0.9999999819831275,0.9999999882083942,8.0,2000000,13.025180223979987,0.0,0,sin(x0) + x0 * x0 * x0 / (x0 + x0 + x0) * x0,sin(x0) + x0 * x0 * x0 / (x0 + x0 + x0) * x0,x0**3/3 + sin(x0),[],"{""K"": 500, ""c"": 6.0, ""exploration_rate"": 0.1, ""gamma"": 0.5, ""gp_rate"": 0.5, ""lm_iterations"": 10, ""max_constants"": 999, ""max_depth"": 6, ""max_evals"": 2000000, ""max_unary"": 999, ""mutation_rate"": 0.1, ""ops"": [""+"", ""-"", ""*"", ""/"", ""sin"", ""cos"", ""exp"", ""log""], ""succ_error_tol"": 1e-06}","{""K"": 500, ""c"": 6.0, ""exploration_rate"": 0.1, ""gamma"": 0.5, ""gp_rate"": 0.5, ""lm_iterations"": 10, ""max_constants"": 999, ""max_depth"": 6, ""max_evals"": 2000000, ""max_unary"": 999, ""mutation_rate"": 0.1, ""ops"": [""+"", ""-"", ""*"", ""/"", ""sin"", ""cos"", ""exp"", ""log""], ""succ_error_tol"": 1e-06}",0.5
imcts,Livermore,7,Livermore-7,expression,34,28693,40,20,20,1,"[""x0""]",sinh(x[0]),0.9998200535774231,False,0.9999999675958771,0.9999999829588861,24.0,2000001,12.527892619022168,0.0,0,(x0 - sin(x0)) * (x0 - sin(x0)) / (sin(x0) * sin(x0) / (x0 / x0 / sin(x0))) + x0 + (x0 - sin(x0)) * sin(x0 / x0),(x0 - sin(x0)) * (x0 - sin(x0)) / (sin(x0) * sin(x0) / (x0 / x0 / sin(x0))) + x0 + (x0 - sin(x0)) * sin(x0 / x0),x0 + (x0 - sin(x0))**2/sin(x0)**3 + (x0 - sin(x0))*sin(1),[],"{""K"": 500, ""c"": 6.0, ""exploration_rate"": 0.1, ""gamma"": 0.5, ""gp_rate"": 0.5, ""lm_iterations"": 10, ""max_constants"": 999, ""max_depth"": 6, ""max_evals"": 2000000, ""max_unary"": 999, ""mutation_rate"": 0.1, ""ops"": [""+"", ""-"", ""*"", ""/"", ""sin"", ""cos"", ""exp"", ""log""], ""succ_error_tol"": 1e-06}","{""K"": 500, ""c"": 6.0, ""exploration_rate"": 0.1, ""gamma"": 0.5, ""gp_rate"": 0.5, ""lm_iterations"": 10, ""max_constants"": 999, ""max_depth"": 6, ""max_evals"": 2000000, ""max_unary"": 999, ""mutation_rate"": 0.1, ""ops"": [""+"", ""-"", ""*"", ""/"", ""sin"", ""cos"", ""exp"", ""log""], ""succ_error_tol"": 1e-06}",0.5
imcts,Livermore,7,Livermore-7,expression,35,6396,40,20,20,1,"[""x0""]",sinh(x[0]),0.9998815655708313,False,0.9999999859655906,0.9999999674370829,33.0,2000005,12.901162826979998,0.0,0,x0 * x0 / sin(x0) + (cos(x0) + x0 * x0) * (sin(x0) - x0) * (x0 - sin(x0)) / (x0 + x0 + sin(x0)),x0 * x0 / sin(x0) + (cos(x0) + x0 * x0) * (sin(x0) - x0) * (x0 - sin(x0)) / (x0 + x0 + sin(x0)),x0**2/sin(x0) - (x0 - sin(x0))**2*(x0**2 + cos(x0))/(2*x0 + sin(x0)),[],"{""K"": 500, ""c"": 6.0, ""exploration_rate"": 0.1, ""gamma"": 0.5, ""gp_rate"": 0.5, ""lm_iterations"": 10, ""max_constants"": 999, ""max_depth"": 6, ""max_evals"": 2000000, ""max_unary"": 999, ""mutation_rate"": 0.1, ""ops"": [""+"", ""-"", ""*"", ""/"", ""sin"", ""cos"", ""exp"", ""log""], ""succ_error_tol"": 1e-06}","{""K"": 500, ""c"": 6.0, ""exploration_rate"": 0.1, ""gamma"": 0.5, ""gp_rate"": 0.5, ""lm_iterations"": 10, ""max_constants"": 999, ""max_depth"": 6, ""max_evals"": 2000000, ""max_unary"": 999, ""mutation_rate"": 0.1, ""ops"": [""+"", ""-"", ""*"", ""/"", ""sin"", ""cos"", ""exp"", ""log""], ""succ_error_tol"": 1e-06}",0.5
imcts,Livermore,7,Livermore-7,expression,36,29419,40,20,20,1,"[""x0""]",sinh(x[0]),0.9997838735580444,False,0.9999999532627613,0.999999872491028,24.0,2000002,13.00409162696451,0.0,0,x0 - (cos(x0) * x0 - sin(x0)) * (x0 + x0 - sin(x0)) / (x0 + x0),x0 - (cos(x0) * x0 - sin(x0)) * (x0 + x0 - sin(x0)) / (x0 + x0),x0 - (2*x0 - sin(x0))*(x0*cos(x0) - sin(x0))/(2*x0),[],"{""K"": 500, ""c"": 6.0, ""exploration_rate"": 0.1, ""gamma"": 0.5, ""gp_rate"": 0.5, ""lm_iterations"": 10, ""max_constants"": 999, ""max_depth"": 6, ""max_evals"": 2000000, ""max_unary"": 999, ""mutation_rate"": 0.1, ""ops"": [""+"", ""-"", ""*"", ""/"", ""sin"", ""cos"", ""exp"", ""log""], ""succ_error_tol"": 1e-06}","{""K"": 500, ""c"": 6.0, ""exploration_rate"": 0.1, ""gamma"": 0.5, ""gp_rate"": 0.5, ""lm_iterations"": 10, ""max_constants"": 999, ""max_depth"": 6, ""max_evals"": 2000000, ""max_unary"": 999, ""mutation_rate"": 0.1, ""ops"": [""+"", ""-"", ""*"", ""/"", ""sin"", ""cos"", ""exp"", ""log""], ""succ_error_tol"": 1e-06}",0.5
imcts,Livermore,7,Livermore-7,expression,37,27480,40,20,20,1,"[""x0""]",sinh(x[0]),0.99986332654953,False,0.9999999813195519,0.9999999650195189,8.0,2000004,12.607575398986228,0.0,0,sin(x0) + x0 / (x0 + x0 + x0) * x0 * x0 * x0,sin(x0) + x0 / (x0 + x0 + x0) * x0 * x0 * x0,x0**3/3 + sin(x0),[],"{""K"": 500, ""c"": 6.0, ""exploration_rate"": 0.1, ""gamma"": 0.5, ""gp_rate"": 0.5, ""lm_iterations"": 10, ""max_constants"": 999, ""max_depth"": 6, ""max_evals"": 2000000, ""max_unary"": 999, ""mutation_rate"": 0.1, ""ops"": [""+"", ""-"", ""*"", ""/"", ""sin"", ""cos"", ""exp"", ""log""], ""succ_error_tol"": 1e-06}","{""K"": 500, ""c"": 6.0, ""exploration_rate"": 0.1, ""gamma"": 0.5, ""gp_rate"": 0.5, ""lm_iterations"": 10, ""max_constants"": 999, ""max_depth"": 6, ""max_evals"": 2000000, ""max_unary"": 999, ""mutation_rate"": 0.1, ""ops"": [""+"", ""-"", ""*"", ""/"", ""sin"", ""cos"", ""exp"", ""log""], ""succ_error_tol"": 1e-06}",0.5
imcts,Livermore,7,Livermore-7,expression,38,32304,40,20,20,1,"[""x0""]",sinh(x[0]),0.9998466372489929,False,0.9999999764643044,0.9999999806745606,8.0,2000001,12.899697315995581,0.0,0,sin(x0) + x0 * x0 * x0 / (x0 / x0 + x0 / x0 + x0 / x0),sin(x0) + x0 * x0 * x0 / (x0 / x0 + x0 / x0 + x0 / x0),x0**3/3 + sin(x0),[],"{""K"": 500, ""c"": 6.0, ""exploration_rate"": 0.1, ""gamma"": 0.5, ""gp_rate"": 0.5, ""lm_iterations"": 10, ""max_constants"": 999, ""max_depth"": 6, ""max_evals"": 2000000, ""max_unary"": 999, ""mutation_rate"": 0.1, ""ops"": [""+"", ""-"", ""*"", ""/"", ""sin"", ""cos"", ""exp"", ""log""], ""succ_error_tol"": 1e-06}","{""K"": 500, ""c"": 6.0, ""exploration_rate"": 0.1, ""gamma"": 0.5, ""gp_rate"": 0.5, ""lm_iterations"": 10, ""max_constants"": 999, ""max_depth"": 6, ""max_evals"": 2000000, ""max_unary"": 999, ""mutation_rate"": 0.1, ""ops"": [""+"", ""-"", ""*"", ""/"", ""sin"", ""cos"", ""exp"", ""log""], ""succ_error_tol"": 1e-06}",0.5
imcts,Livermore,7,Livermore-7,expression,39,8666,40,20,20,1,"[""x0""]",sinh(x[0]),0.9998446702957153,False,0.9999999758702041,0.9999999792493304,8.0,2000000,12.61430835002102,0.0,0,sin(x0) + x0 / (x0 + x0 + x0) * x0 / x0 * x0 * x0 * x0,sin(x0) + x0 / (x0 + x0 + x0) * x0 / x0 * x0 * x0 * x0,x0**3/3 + sin(x0),[],"{""K"": 500, ""c"": 6.0, ""exploration_rate"": 0.1, ""gamma"": 0.5, ""gp_rate"": 0.5, ""lm_iterations"": 10, ""max_constants"": 999, ""max_depth"": 6, ""max_evals"": 2000000, ""max_unary"": 999, ""mutation_rate"": 0.1, ""ops"": [""+"", ""-"", ""*"", ""/"", ""sin"", ""cos"", ""exp"", ""log""], ""succ_error_tol"": 1e-06}","{""K"": 500, ""c"": 6.0, ""exploration_rate"": 0.1, ""gamma"": 0.5, ""gp_rate"": 0.5, ""lm_iterations"": 10, ""max_constants"": 999, ""max_depth"": 6, ""max_evals"": 2000000, ""max_unary"": 999, ""mutation_rate"": 0.1, ""ops"": [""+"", ""-"", ""*"", ""/"", ""sin"", ""cos"", ""exp"", ""log""], ""succ_error_tol"": 1e-06}",0.5
imcts,Livermore,7,Livermore-7,expression,40,25658,40,20,20,1,"[""x0""]",sinh(x[0]),0.999805748462677,False,0.9999999621484742,0.999999934976627,27.0,2000002,12.807330292998813,0.0,0,x0 - (sin(x0) - x0) - (sin(x0) - x0) / sin(x0 / x0) * (x0 - sin(x0)) / (x0 + sin(x0)),x0 - (sin(x0) - x0) - (sin(x0) - x0) / sin(x0 / x0) * (x0 - sin(x0)) / (x0 + sin(x0)),2*x0 + (x0 - sin(x0))**2/((x0 + sin(x0))*sin(1)) - sin(x0),[],"{""K"": 500, ""c"": 6.0, ""exploration_rate"": 0.1, ""gamma"": 0.5, ""gp_rate"": 0.5, ""lm_iterations"": 10, ""max_constants"": 999, ""max_depth"": 6, ""max_evals"": 2000000, ""max_unary"": 999, ""mutation_rate"": 0.1, ""ops"": [""+"", ""-"", ""*"", ""/"", ""sin"", ""cos"", ""exp"", ""log""], ""succ_error_tol"": 1e-06}","{""K"": 500, ""c"": 6.0, ""exploration_rate"": 0.1, ""gamma"": 0.5, ""gp_rate"": 0.5, ""lm_iterations"": 10, ""max_constants"": 999, ""max_depth"": 6, ""max_evals"": 2000000, ""max_unary"": 999, ""mutation_rate"": 0.1, ""ops"": [""+"", ""-"", ""*"", ""/"", ""sin"", ""cos"", ""exp"", ""log""], ""succ_error_tol"": 1e-06}",0.5
imcts,Livermore,7,Livermore-7,expression,41,18942,40,20,20,1,"[""x0""]",sinh(x[0]),0.9999074935913086,False,0.999999989767858,0.9999999367861261,26.0,2000006,12.4661042879452,0.0,0,(x0 - sin(x0)) * sin(x0 + x0) * (sin(x0) - x0) * (x0 - sin(x0)) + exp(x0) - cos(x0) - x0 * x0,(x0 - sin(x0)) * sin(x0 + x0) * (sin(x0) - x0) * (x0 - sin(x0)) + exp(x0) - cos(x0) - x0 * x0,-x0**2 - (x0 - sin(x0))**3*sin(2*x0) + exp(x0) - cos(x0),[],"{""K"": 500, ""c"": 6.0, ""exploration_rate"": 0.1, ""gamma"": 0.5, ""gp_rate"": 0.5, ""lm_iterations"": 10, ""max_constants"": 999, ""max_depth"": 6, ""max_evals"": 2000000, ""max_unary"": 999, ""mutation_rate"": 0.1, ""ops"": [""+"", ""-"", ""*"", ""/"", ""sin"", ""cos"", ""exp"", ""log""], ""succ_error_tol"": 1e-06}","{""K"": 500, ""c"": 6.0, ""exploration_rate"": 0.1, ""gamma"": 0.5, ""gp_rate"": 0.5, ""lm_iterations"": 10, ""max_constants"": 999, ""max_depth"": 6, ""max_evals"": 2000000, ""max_unary"": 999, ""mutation_rate"": 0.1, ""ops"": [""+"", ""-"", ""*"", ""/"", ""sin"", ""cos"", ""exp"", ""log""], ""succ_error_tol"": 1e-06}",0.5
imcts,Livermore,7,Livermore-7,expression,42,24233,40,20,20,1,"[""x0""]",sinh(x[0]),0.9999265074729919,False,0.9999999945935333,0.9999999883084565,8.0,2000007,12.587280194973573,0.0,0,sin(x0) + x0 * x0 * x0 / (x0 + x0 + x0) * x0,sin(x0) + x0 * x0 * x0 / (x0 + x0 + x0) * x0,x0**3/3 + sin(x0),[],"{""K"": 500, ""c"": 6.0, ""exploration_rate"": 0.1, ""gamma"": 0.5, ""gp_rate"": 0.5, ""lm_iterations"": 10, ""max_constants"": 999, ""max_depth"": 6, ""max_evals"": 2000000, ""max_unary"": 999, ""mutation_rate"": 0.1, ""ops"": [""+"", ""-"", ""*"", ""/"", ""sin"", ""cos"", ""exp"", ""log""], ""succ_error_tol"": 1e-06}","{""K"": 500, ""c"": 6.0, ""exploration_rate"": 0.1, ""gamma"": 0.5, ""gp_rate"": 0.5, ""lm_iterations"": 10, ""max_constants"": 999, ""max_depth"": 6, ""max_evals"": 2000000, ""max_unary"": 999, ""mutation_rate"": 0.1, ""ops"": [""+"", ""-"", ""*"", ""/"", ""sin"", ""cos"", ""exp"", ""log""], ""succ_error_tol"": 1e-06}",0.5
imcts,Livermore,7,Livermore-7,expression,43,18431,40,20,20,1,"[""x0""]",sinh(x[0]),0.9998384118080139,False,0.9999999738753583,0.9999999869229854,8.0,2000004,12.727395872003399,0.0,0,sin(x0) + x0 * x0 * x0 / ((x0 + x0 + x0) / x0),sin(x0) + x0 * x0 * x0 / ((x0 + x0 + x0) / x0),x0**3/3 + sin(x0),[],"{""K"": 500, ""c"": 6.0, ""exploration_rate"": 0.1, ""gamma"": 0.5, ""gp_rate"": 0.5, ""lm_iterations"": 10, ""max_constants"": 999, ""max_depth"": 6, ""max_evals"": 2000000, ""max_unary"": 999, ""mutation_rate"": 0.1, ""ops"": [""+"", ""-"", ""*"", ""/"", ""sin"", ""cos"", ""exp"", ""log""], ""succ_error_tol"": 1e-06}","{""K"": 500, ""c"": 6.0, ""exploration_rate"": 0.1, ""gamma"": 0.5, ""gp_rate"": 0.5, ""lm_iterations"": 10, ""max_constants"": 999, ""max_depth"": 6, ""max_evals"": 2000000, ""max_unary"": 999, ""mutation_rate"": 0.1, ""ops"": [""+"", ""-"", ""*"", ""/"", ""sin"", ""cos"", ""exp"", ""log""], ""succ_error_tol"": 1e-06}",0.5
imcts,Livermore,7,Livermore-7,expression,44,32219,40,20,20,1,"[""x0""]",sinh(x[0]),0.999840497970581,False,0.9999999745608634,0.999999969308582,21.0,2000003,13.243014040985145,0.0,0,x0 - (sin(x0) - x0) - (sin(x0) - x0) * (x0 - sin(x0)) / (x0 * x0 / (x0 + x0) + x0),x0 - (sin(x0) - x0) - (sin(x0) - x0) * (x0 - sin(x0)) / (x0 * x0 / (x0 + x0) + x0),2*x0 - sin(x0) + 2*(x0 - sin(x0))**2/(3*x0),[],"{""K"": 500, ""c"": 6.0, ""exploration_rate"": 0.1, ""gamma"": 0.5, ""gp_rate"": 0.5, ""lm_iterations"": 10, ""max_constants"": 999, ""max_depth"": 6, ""max_evals"": 2000000, ""max_unary"": 999, ""mutation_rate"": 0.1, ""ops"": [""+"", ""-"", ""*"", ""/"", ""sin"", ""cos"", ""exp"", ""log""], ""succ_error_tol"": 1e-06}","{""K"": 500, ""c"": 6.0, ""exploration_rate"": 0.1, ""gamma"": 0.5, ""gp_rate"": 0.5, ""lm_iterations"": 10, ""max_constants"": 999, ""max_depth"": 6, ""max_evals"": 2000000, ""max_unary"": 999, ""mutation_rate"": 0.1, ""ops"": [""+"", ""-"", ""*"", ""/"", ""sin"", ""cos"", ""exp"", ""log""], ""succ_error_tol"": 1e-06}",0.5
imcts,Livermore,7,Livermore-7,expression,45,2747,40,20,20,1,"[""x0""]",sinh(x[0]),0.9998056292533875,False,0.9999999622022007,0.999999960918362,8.0,2000002,12.893742467975244,0.0,0,x0 * x0 * x0 * x0 / (x0 + x0 + x0) + sin(x0),x0 * x0 * x0 * x0 / (x0 + x0 + x0) + sin(x0),x0**3/3 + sin(x0),[],"{""K"": 500, ""c"": 6.0, ""exploration_rate"": 0.1, ""gamma"": 0.5, ""gp_rate"": 0.5, ""lm_iterations"": 10, ""max_constants"": 999, ""max_depth"": 6, ""max_evals"": 2000000, ""max_unary"": 999, ""mutation_rate"": 0.1, ""ops"": [""+"", ""-"", ""*"", ""/"", ""sin"", ""cos"", ""exp"", ""log""], ""succ_error_tol"": 1e-06}","{""K"": 500, ""c"": 6.0, ""exploration_rate"": 0.1, ""gamma"": 0.5, ""gp_rate"": 0.5, ""lm_iterations"": 10, ""max_constants"": 999, ""max_depth"": 6, ""max_evals"": 2000000, ""max_unary"": 999, ""mutation_rate"": 0.1, ""ops"": [""+"", ""-"", ""*"", ""/"", ""sin"", ""cos"", ""exp"", ""log""], ""succ_error_tol"": 1e-06}",0.5
imcts,Livermore,7,Livermore-7,expression,46,25551,40,20,20,1,"[""x0""]",sinh(x[0]),0.9998485445976257,False,0.9999999770535406,0.9999999931986829,33.0,2000001,12.45123439503368,0.0,0,x0 * x0 / sin(x0) - (x0 - sin(x0)) * (cos(x0) + x0 * x0) / ((sin(x0) + x0 + x0) / (x0 - sin(x0))),x0 * x0 / sin(x0) - (x0 - sin(x0)) * (cos(x0) + x0 * x0) / ((sin(x0) + x0 + x0) / (x0 - sin(x0))),x0**2/sin(x0) - (x0 - sin(x0))**2*(x0**2 + cos(x0))/(2*x0 + sin(x0)),[],"{""K"": 500, ""c"": 6.0, ""exploration_rate"": 0.1, ""gamma"": 0.5, ""gp_rate"": 0.5, ""lm_iterations"": 10, ""max_constants"": 999, ""max_depth"": 6, ""max_evals"": 2000000, ""max_unary"": 999, ""mutation_rate"": 0.1, ""ops"": [""+"", ""-"", ""*"", ""/"", ""sin"", ""cos"", ""exp"", ""log""], ""succ_error_tol"": 1e-06}","{""K"": 500, ""c"": 6.0, ""exploration_rate"": 0.1, ""gamma"": 0.5, ""gp_rate"": 0.5, ""lm_iterations"": 10, ""max_constants"": 999, ""max_depth"": 6, ""max_evals"": 2000000, ""max_unary"": 999, ""mutation_rate"": 0.1, ""ops"": [""+"", ""-"", ""*"", ""/"", ""sin"", ""cos"", ""exp"", ""log""], ""succ_error_tol"": 1e-06}",0.5
imcts,Livermore,7,Livermore-7,expression,47,26382,40,20,20,1,"[""x0""]",sinh(x[0]),0.9998459219932556,False,0.9999999762474586,0.9999999495193845,33.0,2000003,12.610631090996321,0.0,0,x0 * x0 / sin(x0) - (x0 - sin(x0)) * (cos(x0) + x0 * x0) * (x0 - sin(x0)) / (sin(x0) + x0 + x0),x0 * x0 / sin(x0) - (x0 - sin(x0)) * (cos(x0) + x0 * x0) * (x0 - sin(x0)) / (sin(x0) + x0 + x0),x0**2/sin(x0) - (x0 - sin(x0))**2*(x0**2 + cos(x0))/(2*x0 + sin(x0)),[],"{""K"": 500, ""c"": 6.0, ""exploration_rate"": 0.1, ""gamma"": 0.5, ""gp_rate"": 0.5, ""lm_iterations"": 10, ""max_constants"": 999, ""max_depth"": 6, ""max_evals"": 2000000, ""max_unary"": 999, ""mutation_rate"": 0.1, ""ops"": [""+"", ""-"", ""*"", ""/"", ""sin"", ""cos"", ""exp"", ""log""], ""succ_error_tol"": 1e-06}","{""K"": 500, ""c"": 6.0, ""exploration_rate"": 0.1, ""gamma"": 0.5, ""gp_rate"": 0.5, ""lm_iterations"": 10, ""max_constants"": 999, ""max_depth"": 6, ""max_evals"": 2000000, ""max_unary"": 999, ""mutation_rate"": 0.1, ""ops"": [""+"", ""-"", ""*"", ""/"", ""sin"", ""cos"", ""exp"", ""log""], ""succ_error_tol"": 1e-06}",0.5
imcts,Livermore,7,Livermore-7,expression,48,189,40,20,20,1,"[""x0""]",sinh(x[0]),0.9998332858085632,False,0.9999999721985183,0.9999999695468496,8.0,2000002,13.24772316304734,0.0,0,sin(x0) + x0 * x0 * x0 * x0 / (x0 + x0 + x0),sin(x0) + x0 * x0 * x0 * x0 / (x0 + x0 + x0),x0**3/3 + sin(x0),[],"{""K"": 500, ""c"": 6.0, ""exploration_rate"": 0.1, ""gamma"": 0.5, ""gp_rate"": 0.5, ""lm_iterations"": 10, ""max_constants"": 999, ""max_depth"": 6, ""max_evals"": 2000000, ""max_unary"": 999, ""mutation_rate"": 0.1, ""ops"": [""+"", ""-"", ""*"", ""/"", ""sin"", ""cos"", ""exp"", ""log""], ""succ_error_tol"": 1e-06}","{""K"": 500, ""c"": 6.0, ""exploration_rate"": 0.1, ""gamma"": 0.5, ""gp_rate"": 0.5, ""lm_iterations"": 10, ""max_constants"": 999, ""max_depth"": 6, ""max_evals"": 2000000, ""max_unary"": 999, ""mutation_rate"": 0.1, ""ops"": [""+"", ""-"", ""*"", ""/"", ""sin"", ""cos"", ""exp"", ""log""], ""succ_error_tol"": 1e-06}",0.5
imcts,Livermore,7,Livermore-7,expression,49,31677,40,20,20,1,"[""x0""]",sinh(x[0]),0.9999426007270813,False,0.9999999967041575,0.9999999936997805,33.0,2000004,13.036653087008744,0.0,0,sin(x0) - x0 * cos(x0) + sin(x0) - x0 * x0 * sin(x0) * (sin(x0) - x0) / (x0 + x0 + x0 + (x0 + x0) * cos(x0)),sin(x0) - x0 * cos(x0) + sin(x0) - x0 * x0 * sin(x0) * (sin(x0) - x0) / (x0 + x0 + x0 + (x0 + x0) * cos(x0)),x0**2*(x0 - sin(x0))*sin(x0)/(2*x0*cos(x0) + 3*x0) - x0*cos(x0) + 2*sin(x0),[],"{""K"": 500, ""c"": 6.0, ""exploration_rate"": 0.1, ""gamma"": 0.5, ""gp_rate"": 0.5, ""lm_iterations"": 10, ""max_constants"": 999, ""max_depth"": 6, ""max_evals"": 2000000, ""max_unary"": 999, ""mutation_rate"": 0.1, ""ops"": [""+"", ""-"", ""*"", ""/"", ""sin"", ""cos"", ""exp"", ""log""], ""succ_error_tol"": 1e-06}","{""K"": 500, ""c"": 6.0, ""exploration_rate"": 0.1, ""gamma"": 0.5, ""gp_rate"": 0.5, ""lm_iterations"": 10, ""max_constants"": 999, ""max_depth"": 6, ""max_evals"": 2000000, ""max_unary"": 999, ""mutation_rate"": 0.1, ""ops"": [""+"", ""-"", ""*"", ""/"", ""sin"", ""cos"", ""exp"", ""log""], ""succ_error_tol"": 1e-06}",0.5
imcts,Livermore,7,Livermore-7,expression,50,19118,40,20,20,1,"[""x0""]",sinh(x[0]),0.9999110102653503,False,0.9999999920835034,0.9999999869529322,29.0,2000000,13.21630616497714,0.0,0,x0 + x0 / x0 * (x0 - sin(x0)) - (x0 - sin(x0)) / (x0 + x0 + sin(x0)) * (sin(x0) - x0) / cos(x0 / x0),x0 + x0 / x0 * (x0 - sin(x0)) - (x0 - sin(x0)) / (x0 + x0 + sin(x0)) * (sin(x0) - x0) / cos(x0 / x0),2*x0 + (x0 - sin(x0))**2/((2*x0 + sin(x0))*cos(1)) - sin(x0),[],"{""K"": 500, ""c"": 6.0, ""exploration_rate"": 0.1, ""gamma"": 0.5, ""gp_rate"": 0.5, ""lm_iterations"": 10, ""max_constants"": 999, ""max_depth"": 6, ""max_evals"": 2000000, ""max_unary"": 999, ""mutation_rate"": 0.1, ""ops"": [""+"", ""-"", ""*"", ""/"", ""sin"", ""cos"", ""exp"", ""log""], ""succ_error_tol"": 1e-06}","{""K"": 500, ""c"": 6.0, ""exploration_rate"": 0.1, ""gamma"": 0.5, ""gp_rate"": 0.5, ""lm_iterations"": 10, ""max_constants"": 999, ""max_depth"": 6, ""max_evals"": 2000000, ""max_unary"": 999, ""mutation_rate"": 0.1, ""ops"": [""+"", ""-"", ""*"", ""/"", ""sin"", ""cos"", ""exp"", ""log""], ""succ_error_tol"": 1e-06}",0.5
imcts,Livermore,7,Livermore-7,expression,51,3005,40,20,20,1,"[""x0""]",sinh(x[0]),0.9999999403953552,True,1.0,1.0,2.0,1742104,10.840964362956583,0.0,0,exp(x0) / (x0 / x0 + x0 / x0) - x0 / x0 / (exp(x0) + exp(x0)),exp(x0) / (x0 / x0 + x0 / x0) - x0 / x0 / (exp(x0) + exp(x0)),sinh(x0),[],"{""K"": 500, ""c"": 6.0, ""exploration_rate"": 0.1, ""gamma"": 0.5, ""gp_rate"": 0.5, ""lm_iterations"": 10, ""max_constants"": 999, ""max_depth"": 6, ""max_evals"": 2000000, ""max_unary"": 999, ""mutation_rate"": 0.1, ""ops"": [""+"", ""-"", ""*"", ""/"", ""sin"", ""cos"", ""exp"", ""log""], ""succ_error_tol"": 1e-06}","{""K"": 500, ""c"": 6.0, ""exploration_rate"": 0.1, ""gamma"": 0.5, ""gp_rate"": 0.5, ""lm_iterations"": 10, ""max_constants"": 999, ""max_depth"": 6, ""max_evals"": 2000000, ""max_unary"": 999, ""mutation_rate"": 0.1, ""ops"": [""+"", ""-"", ""*"", ""/"", ""sin"", ""cos"", ""exp"", ""log""], ""succ_error_tol"": 1e-06}",0.5
imcts,Livermore,7,Livermore-7,expression,52,21042,40,20,20,1,"[""x0""]",sinh(x[0]),0.9998564124107361,False,0.9999999793786533,0.9999999752846999,22.0,2000000,12.519339540041983,0.0,0,x0 * x0 / sin(x0) - (x0 - sin(x0)) * (x0 - sin(x0)) / (x0 + x0),x0 * x0 / sin(x0) - (x0 - sin(x0)) * (x0 - sin(x0)) / (x0 + x0),x0**2/sin(x0) - (x0 - sin(x0))**2/(2*x0),[],"{""K"": 500, ""c"": 6.0, ""exploration_rate"": 0.1, ""gamma"": 0.5, ""gp_rate"": 0.5, ""lm_iterations"": 10, ""max_constants"": 999, ""max_depth"": 6, ""max_evals"": 2000000, ""max_unary"": 999, ""mutation_rate"": 0.1, ""ops"": [""+"", ""-"", ""*"", ""/"", ""sin"", ""cos"", ""exp"", ""log""], ""succ_error_tol"": 1e-06}","{""K"": 500, ""c"": 6.0, ""exploration_rate"": 0.1, ""gamma"": 0.5, ""gp_rate"": 0.5, ""lm_iterations"": 10, ""max_constants"": 999, ""max_depth"": 6, ""max_evals"": 2000000, ""max_unary"": 999, ""mutation_rate"": 0.1, ""ops"": [""+"", ""-"", ""*"", ""/"", ""sin"", ""cos"", ""exp"", ""log""], ""succ_error_tol"": 1e-06}",0.5
imcts,Livermore,7,Livermore-7,expression,53,1899,40,20,20,1,"[""x0""]",sinh(x[0]),0.9998111128807068,False,0.9999999643108176,0.9999999724882537,8.0,2000003,13.059762778982986,0.0,0,sin(x0) + x0 * x0 * x0 * x0 / (x0 + x0 + x0),sin(x0) + x0 * x0 * x0 * x0 / (x0 + x0 + x0),x0**3/3 + sin(x0),[],"{""K"": 500, ""c"": 6.0, ""exploration_rate"": 0.1, ""gamma"": 0.5, ""gp_rate"": 0.5, ""lm_iterations"": 10, ""max_constants"": 999, ""max_depth"": 6, ""max_evals"": 2000000, ""max_unary"": 999, ""mutation_rate"": 0.1, ""ops"": [""+"", ""-"", ""*"", ""/"", ""sin"", ""cos"", ""exp"", ""log""], ""succ_error_tol"": 1e-06}","{""K"": 500, ""c"": 6.0, ""exploration_rate"": 0.1, ""gamma"": 0.5, ""gp_rate"": 0.5, ""lm_iterations"": 10, ""max_constants"": 999, ""max_depth"": 6, ""max_evals"": 2000000, ""max_unary"": 999, ""mutation_rate"": 0.1, ""ops"": [""+"", ""-"", ""*"", ""/"", ""sin"", ""cos"", ""exp"", ""log""], ""succ_error_tol"": 1e-06}",0.5
imcts,Livermore,7,Livermore-7,expression,54,24118,40,20,20,1,"[""x0""]",sinh(x[0]),0.9998540878295898,False,0.9999999786966136,0.9999999948604675,8.0,2000003,12.831871436035726,0.0,0,sin(x0) + x0 * x0 * x0 * x0 / (x0 + x0 + x0),sin(x0) + x0 * x0 * x0 * x0 / (x0 + x0 + x0),x0**3/3 + sin(x0),[],"{""K"": 500, ""c"": 6.0, ""exploration_rate"": 0.1, ""gamma"": 0.5, ""gp_rate"": 0.5, ""lm_iterations"": 10, ""max_constants"": 999, ""max_depth"": 6, ""max_evals"": 2000000, ""max_unary"": 999, ""mutation_rate"": 0.1, ""ops"": [""+"", ""-"", ""*"", ""/"", ""sin"", ""cos"", ""exp"", ""log""], ""succ_error_tol"": 1e-06}","{""K"": 500, ""c"": 6.0, ""exploration_rate"": 0.1, ""gamma"": 0.5, ""gp_rate"": 0.5, ""lm_iterations"": 10, ""max_constants"": 999, ""max_depth"": 6, ""max_evals"": 2000000, ""max_unary"": 999, ""mutation_rate"": 0.1, ""ops"": [""+"", ""-"", ""*"", ""/"", ""sin"", ""cos"", ""exp"", ""log""], ""succ_error_tol"": 1e-06}",0.5
imcts,Livermore,7,Livermore-7,expression,55,1267,40,20,20,1,"[""x0""]",sinh(x[0]),0.9998739957809448,False,0.9999999841241553,0.9999997450890799,26.0,2000001,13.197534838982392,0.0,0,x0 / (sin(x0) / x0) - (sin(x0) - x0) * (sin(x0) - x0) / (sin(x0 + x0) + sin(x0)),x0 / (sin(x0) / x0) - (sin(x0) - x0) * (sin(x0) - x0) / (sin(x0 + x0) + sin(x0)),(2*x0**2/tan(x0) + 2*x0 - sin(x0))/(2*cos(x0) + 1),[],"{""K"": 500, ""c"": 6.0, ""exploration_rate"": 0.1, ""gamma"": 0.5, ""gp_rate"": 0.5, ""lm_iterations"": 10, ""max_constants"": 999, ""max_depth"": 6, ""max_evals"": 2000000, ""max_unary"": 999, ""mutation_rate"": 0.1, ""ops"": [""+"", ""-"", ""*"", ""/"", ""sin"", ""cos"", ""exp"", ""log""], ""succ_error_tol"": 1e-06}","{""K"": 500, ""c"": 6.0, ""exploration_rate"": 0.1, ""gamma"": 0.5, ""gp_rate"": 0.5, ""lm_iterations"": 10, ""max_constants"": 999, ""max_depth"": 6, ""max_evals"": 2000000, ""max_unary"": 999, ""mutation_rate"": 0.1, ""ops"": [""+"", ""-"", ""*"", ""/"", ""sin"", ""cos"", ""exp"", ""log""], ""succ_error_tol"": 1e-06}",0.5
imcts,Livermore,7,Livermore-7,expression,56,31551,40,20,20,1,"[""x0""]",sinh(x[0]),0.9998148083686829,False,0.9999999656972696,0.9999999702307232,8.0,2000000,12.759939303970896,0.0,0,sin(x0) - (x0 + x0 - x0 - (x0 + x0)) / ((x0 + x0 + x0) / (x0 * x0 * x0)),sin(x0) - (x0 + x0 - x0 - (x0 + x0)) / ((x0 + x0 + x0) / (x0 * x0 * x0)),x0**3/3 + sin(x0),[],"{""K"": 500, ""c"": 6.0, ""exploration_rate"": 0.1, ""gamma"": 0.5, ""gp_rate"": 0.5, ""lm_iterations"": 10, ""max_constants"": 999, ""max_depth"": 6, ""max_evals"": 2000000, ""max_unary"": 999, ""mutation_rate"": 0.1, ""ops"": [""+"", ""-"", ""*"", ""/"", ""sin"", ""cos"", ""exp"", ""log""], ""succ_error_tol"": 1e-06}","{""K"": 500, ""c"": 6.0, ""exploration_rate"": 0.1, ""gamma"": 0.5, ""gp_rate"": 0.5, ""lm_iterations"": 10, ""max_constants"": 999, ""max_depth"": 6, ""max_evals"": 2000000, ""max_unary"": 999, ""mutation_rate"": 0.1, ""ops"": [""+"", ""-"", ""*"", ""/"", ""sin"", ""cos"", ""exp"", ""log""], ""succ_error_tol"": 1e-06}",0.5
imcts,Livermore,7,Livermore-7,expression,57,17912,40,20,20,1,"[""x0""]",sinh(x[0]),0.9998199939727783,False,0.9999999675757544,0.9999999715896242,8.0,2000001,13.00409405195387,0.0,0,sin(x0) + x0 * x0 * x0 / (x0 + x0 + x0) * x0,sin(x0) + x0 * x0 * x0 / (x0 + x0 + x0) * x0,x0**3/3 + sin(x0),[],"{""K"": 500, ""c"": 6.0, ""exploration_rate"": 0.1, ""gamma"": 0.5, ""gp_rate"": 0.5, ""lm_iterations"": 10, ""max_constants"": 999, ""max_depth"": 6, ""max_evals"": 2000000, ""max_unary"": 999, ""mutation_rate"": 0.1, ""ops"": [""+"", ""-"", ""*"", ""/"", ""sin"", ""cos"", ""exp"", ""log""], ""succ_error_tol"": 1e-06}","{""K"": 500, ""c"": 6.0, ""exploration_rate"": 0.1, ""gamma"": 0.5, ""gp_rate"": 0.5, ""lm_iterations"": 10, ""max_constants"": 999, ""max_depth"": 6, ""max_evals"": 2000000, ""max_unary"": 999, ""mutation_rate"": 0.1, ""ops"": [""+"", ""-"", ""*"", ""/"", ""sin"", ""cos"", ""exp"", ""log""], ""succ_error_tol"": 1e-06}",0.5
imcts,Livermore,7,Livermore-7,expression,58,11394,40,20,20,1,"[""x0""]",sinh(x[0]),0.9998175501823425,False,0.9999999666867146,0.9999999642470343,8.0,2000007,12.790427643980365,0.0,0,sin(x0) + x0 * x0 * x0 * x0 / (x0 + x0 + x0),sin(x0) + x0 * x0 * x0 * x0 / (x0 + x0 + x0),x0**3/3 + sin(x0),[],"{""K"": 500, ""c"": 6.0, ""exploration_rate"": 0.1, ""gamma"": 0.5, ""gp_rate"": 0.5, ""lm_iterations"": 10, ""max_constants"": 999, ""max_depth"": 6, ""max_evals"": 2000000, ""max_unary"": 999, ""mutation_rate"": 0.1, ""ops"": [""+"", ""-"", ""*"", ""/"", ""sin"", ""cos"", ""exp"", ""log""], ""succ_error_tol"": 1e-06}","{""K"": 500, ""c"": 6.0, ""exploration_rate"": 0.1, ""gamma"": 0.5, ""gp_rate"": 0.5, ""lm_iterations"": 10, ""max_constants"": 999, ""max_depth"": 6, ""max_evals"": 2000000, ""max_unary"": 999, ""mutation_rate"": 0.1, ""ops"": [""+"", ""-"", ""*"", ""/"", ""sin"", ""cos"", ""exp"", ""log""], ""succ_error_tol"": 1e-06}",0.5
imcts,Livermore,7,Livermore-7,expression,59,3556,40,20,20,1,"[""x0""]",sinh(x[0]),0.9998568892478943,False,0.999999978454731,0.9999999687705847,8.0,2000003,12.6360398530378,0.0,0,x0 * x0 * x0 * x0 / (x0 + x0 - x0 + x0 + x0) + sin(x0),x0 * x0 * x0 * x0 / (x0 + x0 - x0 + x0 + x0) + sin(x0),x0**3/3 + sin(x0),[],"{""K"": 500, ""c"": 6.0, ""exploration_rate"": 0.1, ""gamma"": 0.5, ""gp_rate"": 0.5, ""lm_iterations"": 10, ""max_constants"": 999, ""max_depth"": 6, ""max_evals"": 2000000, ""max_unary"": 999, ""mutation_rate"": 0.1, ""ops"": [""+"", ""-"", ""*"", ""/"", ""sin"", ""cos"", ""exp"", ""log""], ""succ_error_tol"": 1e-06}","{""K"": 500, ""c"": 6.0, ""exploration_rate"": 0.1, ""gamma"": 0.5, ""gp_rate"": 0.5, ""lm_iterations"": 10, ""max_constants"": 999, ""max_depth"": 6, ""max_evals"": 2000000, ""max_unary"": 999, ""mutation_rate"": 0.1, ""ops"": [""+"", ""-"", ""*"", ""/"", ""sin"", ""cos"", ""exp"", ""log""], ""succ_error_tol"": 1e-06}",0.5
imcts,Livermore,7,Livermore-7,expression,60,3890,40,20,20,1,"[""x0""]",sinh(x[0]),0.9997784495353699,False,0.9999999508864581,0.9999999678854309,22.0,2000003,12.908385439950507,0.0,0,x0 * x0 / sin(x0) - x0 / (x0 * x0) * (sin(x0) - x0) * x0 / (x0 + x0) * (sin(x0) - x0),x0 * x0 / sin(x0) - x0 / (x0 * x0) * (sin(x0) - x0) * x0 / (x0 + x0) * (sin(x0) - x0),x0**2/sin(x0) - (x0 - sin(x0))**2/(2*x0),[],"{""K"": 500, ""c"": 6.0, ""exploration_rate"": 0.1, ""gamma"": 0.5, ""gp_rate"": 0.5, ""lm_iterations"": 10, ""max_constants"": 999, ""max_depth"": 6, ""max_evals"": 2000000, ""max_unary"": 999, ""mutation_rate"": 0.1, ""ops"": [""+"", ""-"", ""*"", ""/"", ""sin"", ""cos"", ""exp"", ""log""], ""succ_error_tol"": 1e-06}","{""K"": 500, ""c"": 6.0, ""exploration_rate"": 0.1, ""gamma"": 0.5, ""gp_rate"": 0.5, ""lm_iterations"": 10, ""max_constants"": 999, ""max_depth"": 6, ""max_evals"": 2000000, ""max_unary"": 999, ""mutation_rate"": 0.1, ""ops"": [""+"", ""-"", ""*"", ""/"", ""sin"", ""cos"", ""exp"", ""log""], ""succ_error_tol"": 1e-06}",0.5
imcts,Livermore,7,Livermore-7,expression,61,8838,40,20,20,1,"[""x0""]",sinh(x[0]),0.9998564720153809,False,0.9999999793906773,0.9999999835237214,8.0,2000002,12.844459365005605,0.0,0,x0 * (sin(x0) / x0 + x0 * x0 * x0 / (x0 + x0 + x0)),x0 * (sin(x0) / x0 + x0 * x0 * x0 / (x0 + x0 + x0)),x0**3/3 + sin(x0),[],"{""K"": 500, ""c"": 6.0, ""exploration_rate"": 0.1, ""gamma"": 0.5, ""gp_rate"": 0.5, ""lm_iterations"": 10, ""max_constants"": 999, ""max_depth"": 6, ""max_evals"": 2000000, ""max_unary"": 999, ""mutation_rate"": 0.1, ""ops"": [""+"", ""-"", ""*"", ""/"", ""sin"", ""cos"", ""exp"", ""log""], ""succ_error_tol"": 1e-06}","{""K"": 500, ""c"": 6.0, ""exploration_rate"": 0.1, ""gamma"": 0.5, ""gp_rate"": 0.5, ""lm_iterations"": 10, ""max_constants"": 999, ""max_depth"": 6, ""max_evals"": 2000000, ""max_unary"": 999, ""mutation_rate"": 0.1, ""ops"": [""+"", ""-"", ""*"", ""/"", ""sin"", ""cos"", ""exp"", ""log""], ""succ_error_tol"": 1e-06}",0.5
imcts,Livermore,7,Livermore-7,expression,62,30740,40,20,20,1,"[""x0""]",sinh(x[0]),0.9999999403953552,True,1.0,1.0,2.0,974189,5.809259969042614,0.0,0,(x0 - x0 / exp(x0)) / ((x0 + x0) / (x0 / x0 + exp(x0))),(x0 - x0 / exp(x0)) / ((x0 + x0) / (x0 / x0 + exp(x0))),sinh(x0),[],"{""K"": 500, ""c"": 6.0, ""exploration_rate"": 0.1, ""gamma"": 0.5, ""gp_rate"": 0.5, ""lm_iterations"": 10, ""max_constants"": 999, ""max_depth"": 6, ""max_evals"": 2000000, ""max_unary"": 999, ""mutation_rate"": 0.1, ""ops"": [""+"", ""-"", ""*"", ""/"", ""sin"", ""cos"", ""exp"", ""log""], ""succ_error_tol"": 1e-06}","{""K"": 500, ""c"": 6.0, ""exploration_rate"": 0.1, ""gamma"": 0.5, ""gp_rate"": 0.5, ""lm_iterations"": 10, ""max_constants"": 999, ""max_depth"": 6, ""max_evals"": 2000000, ""max_unary"": 999, ""mutation_rate"": 0.1, ""ops"": [""+"", ""-"", ""*"", ""/"", ""sin"", ""cos"", ""exp"", ""log""], ""succ_error_tol"": 1e-06}",0.5
imcts,Livermore,7,Livermore-7,expression,63,27464,40,20,20,1,"[""x0""]",sinh(x[0]),0.999811053276062,False,0.9999999642906814,0.9999999365940212,32.0,2000002,12.66549046698492,0.0,0,exp(x0) - x0 * x0 - cos(x0 * x0 / x0) + (x0 - sin(x0)) * (sin(x0) - x0) * (x0 - sin(x0)) / (x0 + x0 - sin(x0)),exp(x0) - x0 * x0 - cos(x0 * x0 / x0) + (x0 - sin(x0)) * (sin(x0) - x0) * (x0 - sin(x0)) / (x0 + x0 - sin(x0)),-x0**2 - (x0 - sin(x0))**3/(2*x0 - sin(x0)) + exp(x0) - cos(x0),[],"{""K"": 500, ""c"": 6.0, ""exploration_rate"": 0.1, ""gamma"": 0.5, ""gp_rate"": 0.5, ""lm_iterations"": 10, ""max_constants"": 999, ""max_depth"": 6, ""max_evals"": 2000000, ""max_unary"": 999, ""mutation_rate"": 0.1, ""ops"": [""+"", ""-"", ""*"", ""/"", ""sin"", ""cos"", ""exp"", ""log""], ""succ_error_tol"": 1e-06}","{""K"": 500, ""c"": 6.0, ""exploration_rate"": 0.1, ""gamma"": 0.5, ""gp_rate"": 0.5, ""lm_iterations"": 10, ""max_constants"": 999, ""max_depth"": 6, ""max_evals"": 2000000, ""max_unary"": 999, ""mutation_rate"": 0.1, ""ops"": [""+"", ""-"", ""*"", ""/"", ""sin"", ""cos"", ""exp"", ""log""], ""succ_error_tol"": 1e-06}",0.5
imcts,Livermore,7,Livermore-7,expression,64,14502,40,20,20,1,"[""x0""]",sinh(x[0]),0.9998016357421875,False,0.9999999606292572,0.9999999620595285,27.0,2000005,12.586334555002395,0.0,0,x0 * x0 / sin(x0) + (sin(x0) - x0) * (x0 - sin(x0)) / (x0 + sin(x0 + x0)),x0 * x0 / sin(x0) + (sin(x0) - x0) * (x0 - sin(x0)) / (x0 + sin(x0 + x0)),x0**2/sin(x0) - (x0 - sin(x0))**2/(x0 + sin(2*x0)),[],"{""K"": 500, ""c"": 6.0, ""exploration_rate"": 0.1, ""gamma"": 0.5, ""gp_rate"": 0.5, ""lm_iterations"": 10, ""max_constants"": 999, ""max_depth"": 6, ""max_evals"": 2000000, ""max_unary"": 999, ""mutation_rate"": 0.1, ""ops"": [""+"", ""-"", ""*"", ""/"", ""sin"", ""cos"", ""exp"", ""log""], ""succ_error_tol"": 1e-06}","{""K"": 500, ""c"": 6.0, ""exploration_rate"": 0.1, ""gamma"": 0.5, ""gp_rate"": 0.5, ""lm_iterations"": 10, ""max_constants"": 999, ""max_depth"": 6, ""max_evals"": 2000000, ""max_unary"": 999, ""mutation_rate"": 0.1, ""ops"": [""+"", ""-"", ""*"", ""/"", ""sin"", ""cos"", ""exp"", ""log""], ""succ_error_tol"": 1e-06}",0.5
imcts,Livermore,7,Livermore-7,expression,65,21777,40,20,20,1,"[""x0""]",sinh(x[0]),0.9998227953910828,False,0.9999999654003097,0.9999999818621285,33.0,2000000,13.004655745986383,0.0,0,(x0 * x0 + cos(x0)) / (sin(x0) + x0 + x0) * (x0 - sin(x0)) * (sin(x0) - x0) + x0 / (sin(x0) / x0),(x0 * x0 + cos(x0)) / (sin(x0) + x0 + x0) * (x0 - sin(x0)) * (sin(x0) - x0) + x0 / (sin(x0) / x0),x0**2/sin(x0) - (x0 - sin(x0))**2*(x0**2 + cos(x0))/(2*x0 + sin(x0)),[],"{""K"": 500, ""c"": 6.0, ""exploration_rate"": 0.1, ""gamma"": 0.5, ""gp_rate"": 0.5, ""lm_iterations"": 10, ""max_constants"": 999, ""max_depth"": 6, ""max_evals"": 2000000, ""max_unary"": 999, ""mutation_rate"": 0.1, ""ops"": [""+"", ""-"", ""*"", ""/"", ""sin"", ""cos"", ""exp"", ""log""], ""succ_error_tol"": 1e-06}","{""K"": 500, ""c"": 6.0, ""exploration_rate"": 0.1, ""gamma"": 0.5, ""gp_rate"": 0.5, ""lm_iterations"": 10, ""max_constants"": 999, ""max_depth"": 6, ""max_evals"": 2000000, ""max_unary"": 999, ""mutation_rate"": 0.1, ""ops"": [""+"", ""-"", ""*"", ""/"", ""sin"", ""cos"", ""exp"", ""log""], ""succ_error_tol"": 1e-06}",0.5
imcts,Livermore,7,Livermore-7,expression,66,10627,40,20,20,1,"[""x0""]",sinh(x[0]),0.9998927712440491,False,0.9999999885045011,0.9999999777878723,8.0,2000003,12.99642334796954,0.0,0,sin(x0) + x0 * x0 * x0 / (x0 + x0 + x0) * x0,sin(x0) + x0 * x0 * x0 / (x0 + x0 + x0) * x0,x0**3/3 + sin(x0),[],"{""K"": 500, ""c"": 6.0, ""exploration_rate"": 0.1, ""gamma"": 0.5, ""gp_rate"": 0.5, ""lm_iterations"": 10, ""max_constants"": 999, ""max_depth"": 6, ""max_evals"": 2000000, ""max_unary"": 999, ""mutation_rate"": 0.1, ""ops"": [""+"", ""-"", ""*"", ""/"", ""sin"", ""cos"", ""exp"", ""log""], ""succ_error_tol"": 1e-06}","{""K"": 500, ""c"": 6.0, ""exploration_rate"": 0.1, ""gamma"": 0.5, ""gp_rate"": 0.5, ""lm_iterations"": 10, ""max_constants"": 999, ""max_depth"": 6, ""max_evals"": 2000000, ""max_unary"": 999, ""mutation_rate"": 0.1, ""ops"": [""+"", ""-"", ""*"", ""/"", ""sin"", ""cos"", ""exp"", ""log""], ""succ_error_tol"": 1e-06}",0.5
imcts,Livermore,7,Livermore-7,expression,67,8792,40,20,20,1,"[""x0""]",sinh(x[0]),0.9998866319656372,False,0.9999999871397763,0.999999978995043,8.0,2000002,12.562125173979439,0.0,0,x0 * x0 / (x0 + x0 + x0) * x0 * x0 + sin(x0),x0 * x0 / (x0 + x0 + x0) * x0 * x0 + sin(x0),x0**3/3 + sin(x0),[],"{""K"": 500, ""c"": 6.0, ""exploration_rate"": 0.1, ""gamma"": 0.5, ""gp_rate"": 0.5, ""lm_iterations"": 10, ""max_constants"": 999, ""max_depth"": 6, ""max_evals"": 2000000, ""max_unary"": 999, ""mutation_rate"": 0.1, ""ops"": [""+"", ""-"", ""*"", ""/"", ""sin"", ""cos"", ""exp"", ""log""], ""succ_error_tol"": 1e-06}","{""K"": 500, ""c"": 6.0, ""exploration_rate"": 0.1, ""gamma"": 0.5, ""gp_rate"": 0.5, ""lm_iterations"": 10, ""max_constants"": 999, ""max_depth"": 6, ""max_evals"": 2000000, ""max_unary"": 999, ""mutation_rate"": 0.1, ""ops"": [""+"", ""-"", ""*"", ""/"", ""sin"", ""cos"", ""exp"", ""log""], ""succ_error_tol"": 1e-06}",0.5
imcts,Livermore,7,Livermore-7,expression,68,10555,40,20,20,1,"[""x0""]",sinh(x[0]),0.9999186396598816,False,0.9999999933758321,0.9999548354047564,26.0,2000001,12.516451482952107,0.0,0,(x0 + x0 + x0) / (cos(x0) + (x0 + x0) / x0) + (x0 - sin(x0)) * (sin(x0) - x0) * x0 * cos(x0) * exp(sin(x0)),(x0 + x0 + x0) / (cos(x0) + (x0 + x0) / x0) + (x0 - sin(x0)) * (sin(x0) - x0) * x0 * cos(x0) * exp(sin(x0)),-x0*(x0 - sin(x0))**2*exp(sin(x0))*cos(x0) + 3*x0/(cos(x0) + 2),[],"{""K"": 500, ""c"": 6.0, ""exploration_rate"": 0.1, ""gamma"": 0.5, ""gp_rate"": 0.5, ""lm_iterations"": 10, ""max_constants"": 999, ""max_depth"": 6, ""max_evals"": 2000000, ""max_unary"": 999, ""mutation_rate"": 0.1, ""ops"": [""+"", ""-"", ""*"", ""/"", ""sin"", ""cos"", ""exp"", ""log""], ""succ_error_tol"": 1e-06}","{""K"": 500, ""c"": 6.0, ""exploration_rate"": 0.1, ""gamma"": 0.5, ""gp_rate"": 0.5, ""lm_iterations"": 10, ""max_constants"": 999, ""max_depth"": 6, ""max_evals"": 2000000, ""max_unary"": 999, ""mutation_rate"": 0.1, ""ops"": [""+"", ""-"", ""*"", ""/"", ""sin"", ""cos"", ""exp"", ""log""], ""succ_error_tol"": 1e-06}",0.5
imcts,Livermore,7,Livermore-7,expression,69,10253,40,20,20,1,"[""x0""]",sinh(x[0]),0.9998306035995483,False,0.9999999713026625,0.999999998030033,21.0,2000001,12.869876871001907,0.0,0,x0 * x0 / sin(x0) + (x0 - sin(x0)) * (sin(x0) - x0) * sin(x0 / x0) / (sin(x0) + sin(x0)),x0 * x0 / sin(x0) + (x0 - sin(x0)) * (sin(x0) - x0) * sin(x0 / x0) / (sin(x0) + sin(x0)),(x0**2 - (x0 - sin(x0))**2*sin(1)/2)/sin(x0),[],"{""K"": 500, ""c"": 6.0, ""exploration_rate"": 0.1, ""gamma"": 0.5, ""gp_rate"": 0.5, ""lm_iterations"": 10, ""max_constants"": 999, ""max_depth"": 6, ""max_evals"": 2000000, ""max_unary"": 999, ""mutation_rate"": 0.1, ""ops"": [""+"", ""-"", ""*"", ""/"", ""sin"", ""cos"", ""exp"", ""log""], ""succ_error_tol"": 1e-06}","{""K"": 500, ""c"": 6.0, ""exploration_rate"": 0.1, ""gamma"": 0.5, ""gp_rate"": 0.5, ""lm_iterations"": 10, ""max_constants"": 999, ""max_depth"": 6, ""max_evals"": 2000000, ""max_unary"": 999, ""mutation_rate"": 0.1, ""ops"": [""+"", ""-"", ""*"", ""/"", ""sin"", ""cos"", ""exp"", ""log""], ""succ_error_tol"": 1e-06}",0.5
imcts,Livermore,7,Livermore-7,expression,70,8433,40,20,20,1,"[""x0""]",sinh(x[0]),0.9998642802238464,False,0.9999999815727127,0.9999999843603924,8.0,2000002,12.728809105989058,0.0,0,sin(x0) + x0 * x0 * x0 * x0 / (x0 + x0 + x0),sin(x0) + x0 * x0 * x0 * x0 / (x0 + x0 + x0),x0**3/3 + sin(x0),[],"{""K"": 500, ""c"": 6.0, ""exploration_rate"": 0.1, ""gamma"": 0.5, ""gp_rate"": 0.5, ""lm_iterations"": 10, ""max_constants"": 999, ""max_depth"": 6, ""max_evals"": 2000000, ""max_unary"": 999, ""mutation_rate"": 0.1, ""ops"": [""+"", ""-"", ""*"", ""/"", ""sin"", ""cos"", ""exp"", ""log""], ""succ_error_tol"": 1e-06}","{""K"": 500, ""c"": 6.0, ""exploration_rate"": 0.1, ""gamma"": 0.5, ""gp_rate"": 0.5, ""lm_iterations"": 10, ""max_constants"": 999, ""max_depth"": 6, ""max_evals"": 2000000, ""max_unary"": 999, ""mutation_rate"": 0.1, ""ops"": [""+"", ""-"", ""*"", ""/"", ""sin"", ""cos"", ""exp"", ""log""], ""succ_error_tol"": 1e-06}",0.5
imcts,Livermore,7,Livermore-7,expression,71,10233,40,20,20,1,"[""x0""]",sinh(x[0]),0.9999999403953552,True,1.0,1.0,2.0,901461,5.528628334985115,0.0,0,(x0 * exp(x0) - x0 / exp(x0)) / (x0 + x0),(x0 * exp(x0) - x0 / exp(x0)) / (x0 + x0),sinh(x0),[],"{""K"": 500, ""c"": 6.0, ""exploration_rate"": 0.1, ""gamma"": 0.5, ""gp_rate"": 0.5, ""lm_iterations"": 10, ""max_constants"": 999, ""max_depth"": 6, ""max_evals"": 2000000, ""max_unary"": 999, ""mutation_rate"": 0.1, ""ops"": [""+"", ""-"", ""*"", ""/"", ""sin"", ""cos"", ""exp"", ""log""], ""succ_error_tol"": 1e-06}","{""K"": 500, ""c"": 6.0, ""exploration_rate"": 0.1, ""gamma"": 0.5, ""gp_rate"": 0.5, ""lm_iterations"": 10, ""max_constants"": 999, ""max_depth"": 6, ""max_evals"": 2000000, ""max_unary"": 999, ""mutation_rate"": 0.1, ""ops"": [""+"", ""-"", ""*"", ""/"", ""sin"", ""cos"", ""exp"", ""log""], ""succ_error_tol"": 1e-06}",0.5
imcts,Livermore,7,Livermore-7,expression,72,11016,40,20,20,1,"[""x0""]",sinh(x[0]),0.9999535083770752,False,0.9999999978398342,0.9999999793697809,8.0,2000003,12.887948576011695,0.0,0,sin(x0) + x0 * x0 * x0 / ((x0 + x0 + x0) / x0),sin(x0) + x0 * x0 * x0 / ((x0 + x0 + x0) / x0),x0**3/3 + sin(x0),[],"{""K"": 500, ""c"": 6.0, ""exploration_rate"": 0.1, ""gamma"": 0.5, ""gp_rate"": 0.5, ""lm_iterations"": 10, ""max_constants"": 999, ""max_depth"": 6, ""max_evals"": 2000000, ""max_unary"": 999, ""mutation_rate"": 0.1, ""ops"": [""+"", ""-"", ""*"", ""/"", ""sin"", ""cos"", ""exp"", ""log""], ""succ_error_tol"": 1e-06}","{""K"": 500, ""c"": 6.0, ""exploration_rate"": 0.1, ""gamma"": 0.5, ""gp_rate"": 0.5, ""lm_iterations"": 10, ""max_constants"": 999, ""max_depth"": 6, ""max_evals"": 2000000, ""max_unary"": 999, ""mutation_rate"": 0.1, ""ops"": [""+"", ""-"", ""*"", ""/"", ""sin"", ""cos"", ""exp"", ""log""], ""succ_error_tol"": 1e-06}",0.5
imcts,Livermore,7,Livermore-7,expression,73,23897,40,20,20,1,"[""x0""]",sinh(x[0]),0.9998451471328735,False,0.9999999760063055,0.9999999786731646,8.0,2000006,12.842094426043332,0.0,0,x0 * x0 * x0 / ((x0 + x0 + x0) / (x0 * x0 / x0)) + sin(x0),x0 * x0 * x0 / ((x0 + x0 + x0) / (x0 * x0 / x0)) + sin(x0),x0**3/3 + sin(x0),[],"{""K"": 500, ""c"": 6.0, ""exploration_rate"": 0.1, ""gamma"": 0.5, ""gp_rate"": 0.5, ""lm_iterations"": 10, ""max_constants"": 999, ""max_depth"": 6, ""max_evals"": 2000000, ""max_unary"": 999, ""mutation_rate"": 0.1, ""ops"": [""+"", ""-"", ""*"", ""/"", ""sin"", ""cos"", ""exp"", ""log""], ""succ_error_tol"": 1e-06}","{""K"": 500, ""c"": 6.0, ""exploration_rate"": 0.1, ""gamma"": 0.5, ""gp_rate"": 0.5, ""lm_iterations"": 10, ""max_constants"": 999, ""max_depth"": 6, ""max_evals"": 2000000, ""max_unary"": 999, ""mutation_rate"": 0.1, ""ops"": [""+"", ""-"", ""*"", ""/"", ""sin"", ""cos"", ""exp"", ""log""], ""succ_error_tol"": 1e-06}",0.5
imcts,Livermore,7,Livermore-7,expression,74,2612,40,20,20,1,"[""x0""]",sinh(x[0]),0.9998911619186401,False,0.9999999881488478,0.9999999268055083,21.0,2000002,12.614847639983054,0.0,0,x0 / sin(x0) * x0 - (sin(x0) - x0) * sin(x0 / x0) * (sin(x0) - x0) / (sin(x0) + sin(x0)),x0 / sin(x0) * x0 - (sin(x0) - x0) * sin(x0 / x0) * (sin(x0) - x0) / (sin(x0) + sin(x0)),(x0**2 - (x0 - sin(x0))**2*sin(1)/2)/sin(x0),[],"{""K"": 500, ""c"": 6.0, ""exploration_rate"": 0.1, ""gamma"": 0.5, ""gp_rate"": 0.5, ""lm_iterations"": 10, ""max_constants"": 999, ""max_depth"": 6, ""max_evals"": 2000000, ""max_unary"": 999, ""mutation_rate"": 0.1, ""ops"": [""+"", ""-"", ""*"", ""/"", ""sin"", ""cos"", ""exp"", ""log""], ""succ_error_tol"": 1e-06}","{""K"": 500, ""c"": 6.0, ""exploration_rate"": 0.1, ""gamma"": 0.5, ""gp_rate"": 0.5, ""lm_iterations"": 10, ""max_constants"": 999, ""max_depth"": 6, ""max_evals"": 2000000, ""max_unary"": 999, ""mutation_rate"": 0.1, ""ops"": [""+"", ""-"", ""*"", ""/"", ""sin"", ""cos"", ""exp"", ""log""], ""succ_error_tol"": 1e-06}",0.5
imcts,Livermore,7,Livermore-7,expression,75,23425,40,20,20,1,"[""x0""]",sinh(x[0]),0.9998003840446472,False,0.9999999601384834,0.9999999505926893,32.0,2000005,12.858102961967234,0.0,0,x0 + (x0 - sin(x0)) * x0 / sin(x0) + (sin(x0) - x0) * (x0 - sin(x0)) / (x0 + sin(x0 + x0)),x0 + (x0 - sin(x0)) * x0 / sin(x0) + (sin(x0) - x0) * (x0 - sin(x0)) / (x0 + sin(x0 + x0)),x0*(x0 - sin(x0))/sin(x0) + x0 - (x0 - sin(x0))**2/(x0 + sin(2*x0)),[],"{""K"": 500, ""c"": 6.0, ""exploration_rate"": 0.1, ""gamma"": 0.5, ""gp_rate"": 0.5, ""lm_iterations"": 10, ""max_constants"": 999, ""max_depth"": 6, ""max_evals"": 2000000, ""max_unary"": 999, ""mutation_rate"": 0.1, ""ops"": [""+"", ""-"", ""*"", ""/"", ""sin"", ""cos"", ""exp"", ""log""], ""succ_error_tol"": 1e-06}","{""K"": 500, ""c"": 6.0, ""exploration_rate"": 0.1, ""gamma"": 0.5, ""gp_rate"": 0.5, ""lm_iterations"": 10, ""max_constants"": 999, ""max_depth"": 6, ""max_evals"": 2000000, ""max_unary"": 999, ""mutation_rate"": 0.1, ""ops"": [""+"", ""-"", ""*"", ""/"", ""sin"", ""cos"", ""exp"", ""log""], ""succ_error_tol"": 1e-06}",0.5
imcts,Livermore,7,Livermore-7,expression,76,25939,40,20,20,1,"[""x0""]",sinh(x[0]),0.9997953176498413,False,0.9999999580800758,0.999999966167762,22.0,2000011,12.775981229031458,0.0,0,x0 * x0 * x0 / sin(x0) / x0 + x0 * (sin(x0) - x0) * (x0 - sin(x0)) / (x0 * (x0 + x0)),x0 * x0 * x0 / sin(x0) / x0 + x0 * (sin(x0) - x0) * (x0 - sin(x0)) / (x0 * (x0 + x0)),x0**2/sin(x0) - (x0 - sin(x0))**2/(2*x0),[],"{""K"": 500, ""c"": 6.0, ""exploration_rate"": 0.1, ""gamma"": 0.5, ""gp_rate"": 0.5, ""lm_iterations"": 10, ""max_constants"": 999, ""max_depth"": 6, ""max_evals"": 2000000, ""max_unary"": 999, ""mutation_rate"": 0.1, ""ops"": [""+"", ""-"", ""*"", ""/"", ""sin"", ""cos"", ""exp"", ""log""], ""succ_error_tol"": 1e-06}","{""K"": 500, ""c"": 6.0, ""exploration_rate"": 0.1, ""gamma"": 0.5, ""gp_rate"": 0.5, ""lm_iterations"": 10, ""max_constants"": 999, ""max_depth"": 6, ""max_evals"": 2000000, ""max_unary"": 999, ""mutation_rate"": 0.1, ""ops"": [""+"", ""-"", ""*"", ""/"", ""sin"", ""cos"", ""exp"", ""log""], ""succ_error_tol"": 1e-06}",0.5
imcts,Livermore,7,Livermore-7,expression,77,22619,40,20,20,1,"[""x0""]",sinh(x[0]),0.9997692704200745,False,0.9999999467406643,0.9999999515104279,24.0,2000001,12.672745791031048,0.0,0,exp(x0) - x0 * x0 - cos(x0) - (x0 - sin(x0)) * (sin(x0) - x0) * (sin(x0) - x0) * sin(x0),exp(x0) - x0 * x0 - cos(x0) - (x0 - sin(x0)) * (sin(x0) - x0) * (sin(x0) - x0) * sin(x0),-x0**2 - (x0 - sin(x0))**3*sin(x0) + exp(x0) - cos(x0),[],"{""K"": 500, ""c"": 6.0, ""exploration_rate"": 0.1, ""gamma"": 0.5, ""gp_rate"": 0.5, ""lm_iterations"": 10, ""max_constants"": 999, ""max_depth"": 6, ""max_evals"": 2000000, ""max_unary"": 999, ""mutation_rate"": 0.1, ""ops"": [""+"", ""-"", ""*"", ""/"", ""sin"", ""cos"", ""exp"", ""log""], ""succ_error_tol"": 1e-06}","{""K"": 500, ""c"": 6.0, ""exploration_rate"": 0.1, ""gamma"": 0.5, ""gp_rate"": 0.5, ""lm_iterations"": 10, ""max_constants"": 999, ""max_depth"": 6, ""max_evals"": 2000000, ""max_unary"": 999, ""mutation_rate"": 0.1, ""ops"": [""+"", ""-"", ""*"", ""/"", ""sin"", ""cos"", ""exp"", ""log""], ""succ_error_tol"": 1e-06}",0.5
imcts,Livermore,7,Livermore-7,expression,78,21870,40,20,20,1,"[""x0""]",sinh(x[0]),0.9998036026954651,False,0.9999999614200359,0.9999999855368712,8.0,2000006,12.634501251974143,0.0,0,sin(x0) + x0 * x0 * x0 * x0 / (x0 + x0 + x0),sin(x0) + x0 * x0 * x0 * x0 / (x0 + x0 + x0),x0**3/3 + sin(x0),[],"{""K"": 500, ""c"": 6.0, ""exploration_rate"": 0.1, ""gamma"": 0.5, ""gp_rate"": 0.5, ""lm_iterations"": 10, ""max_constants"": 999, ""max_depth"": 6, ""max_evals"": 2000000, ""max_unary"": 999, ""mutation_rate"": 0.1, ""ops"": [""+"", ""-"", ""*"", ""/"", ""sin"", ""cos"", ""exp"", ""log""], ""succ_error_tol"": 1e-06}","{""K"": 500, ""c"": 6.0, ""exploration_rate"": 0.1, ""gamma"": 0.5, ""gp_rate"": 0.5, ""lm_iterations"": 10, ""max_constants"": 999, ""max_depth"": 6, ""max_evals"": 2000000, ""max_unary"": 999, ""mutation_rate"": 0.1, ""ops"": [""+"", ""-"", ""*"", ""/"", ""sin"", ""cos"", ""exp"", ""log""], ""succ_error_tol"": 1e-06}",0.5
imcts,Livermore,7,Livermore-7,expression,79,23483,40,20,20,1,"[""x0""]",sinh(x[0]),0.999971330165863,False,0.9999999991787768,0.9999999991135173,29.0,2000003,13.171267162018921,0.0,0,(x0 + x0) * (x0 + x0) * (x0 - sin(x0)) / exp(exp(x0 / x0)) + sin(x0) / x0 * (x0 - sin(x0)) + x0,(x0 + x0) * (x0 + x0) * (x0 - sin(x0)) / exp(exp(x0 / x0)) + sin(x0) / x0 * (x0 - sin(x0)) + x0,4*x0**2*(x0 - sin(x0))*exp(-E) + x0 + (x0 - sin(x0))*sin(x0)/x0,[],"{""K"": 500, ""c"": 6.0, ""exploration_rate"": 0.1, ""gamma"": 0.5, ""gp_rate"": 0.5, ""lm_iterations"": 10, ""max_constants"": 999, ""max_depth"": 6, ""max_evals"": 2000000, ""max_unary"": 999, ""mutation_rate"": 0.1, ""ops"": [""+"", ""-"", ""*"", ""/"", ""sin"", ""cos"", ""exp"", ""log""], ""succ_error_tol"": 1e-06}","{""K"": 500, ""c"": 6.0, ""exploration_rate"": 0.1, ""gamma"": 0.5, ""gp_rate"": 0.5, ""lm_iterations"": 10, ""max_constants"": 999, ""max_depth"": 6, ""max_evals"": 2000000, ""max_unary"": 999, ""mutation_rate"": 0.1, ""ops"": [""+"", ""-"", ""*"", ""/"", ""sin"", ""cos"", ""exp"", ""log""], ""succ_error_tol"": 1e-06}",0.5
imcts,Livermore,7,Livermore-7,expression,80,26054,40,20,20,1,"[""x0""]",sinh(x[0]),0.9998899698257446,False,0.9999999878830195,0.9999999720269885,33.0,2000007,12.90573277004296,0.0,0,x0 / sin(x0) * x0 + (cos(x0) + x0 * x0) * (sin(x0) - x0) * (x0 - sin(x0)) / (x0 + x0 + sin(x0)),x0 / sin(x0) * x0 + (cos(x0) + x0 * x0) * (sin(x0) - x0) * (x0 - sin(x0)) / (x0 + x0 + sin(x0)),x0**2/sin(x0) - (x0 - sin(x0))**2*(x0**2 + cos(x0))/(2*x0 + sin(x0)),[],"{""K"": 500, ""c"": 6.0, ""exploration_rate"": 0.1, ""gamma"": 0.5, ""gp_rate"": 0.5, ""lm_iterations"": 10, ""max_constants"": 999, ""max_depth"": 6, ""max_evals"": 2000000, ""max_unary"": 999, ""mutation_rate"": 0.1, ""ops"": [""+"", ""-"", ""*"", ""/"", ""sin"", ""cos"", ""exp"", ""log""], ""succ_error_tol"": 1e-06}","{""K"": 500, ""c"": 6.0, ""exploration_rate"": 0.1, ""gamma"": 0.5, ""gp_rate"": 0.5, ""lm_iterations"": 10, ""max_constants"": 999, ""max_depth"": 6, ""max_evals"": 2000000, ""max_unary"": 999, ""mutation_rate"": 0.1, ""ops"": [""+"", ""-"", ""*"", ""/"", ""sin"", ""cos"", ""exp"", ""log""], ""succ_error_tol"": 1e-06}",0.5
imcts,Livermore,7,Livermore-7,expression,81,15787,40,20,20,1,"[""x0""]",sinh(x[0]),0.9999999403953552,True,1.0,1.0,2.0,1967177,12.294836371031124,0.0,0,(exp(x0) / (x0 / x0 / x0) - x0 / exp(x0)) / (x0 + x0),(exp(x0) / (x0 / x0 / x0) - x0 / exp(x0)) / (x0 + x0),sinh(x0),[],"{""K"": 500, ""c"": 6.0, ""exploration_rate"": 0.1, ""gamma"": 0.5, ""gp_rate"": 0.5, ""lm_iterations"": 10, ""max_constants"": 999, ""max_depth"": 6, ""max_evals"": 2000000, ""max_unary"": 999, ""mutation_rate"": 0.1, ""ops"": [""+"", ""-"", ""*"", ""/"", ""sin"", ""cos"", ""exp"", ""log""], ""succ_error_tol"": 1e-06}","{""K"": 500, ""c"": 6.0, ""exploration_rate"": 0.1, ""gamma"": 0.5, ""gp_rate"": 0.5, ""lm_iterations"": 10, ""max_constants"": 999, ""max_depth"": 6, ""max_evals"": 2000000, ""max_unary"": 999, ""mutation_rate"": 0.1, ""ops"": [""+"", ""-"", ""*"", ""/"", ""sin"", ""cos"", ""exp"", ""log""], ""succ_error_tol"": 1e-06}",0.5
imcts,Livermore,7,Livermore-7,expression,82,27132,40,20,20,1,"[""x0""]",sinh(x[0]),0.9997966885566711,False,0.9999999586466376,0.9999999553068578,22.0,2000003,13.120234292000532,0.0,0,(sin(x0) - x0) / (x0 + x0 + x0) * (x0 + x0) / x0 * (sin(x0) - x0) - (sin(x0) - x0 - x0 / cos(x0 - x0)),(sin(x0) - x0) / (x0 + x0 + x0) * (x0 + x0) / x0 * (sin(x0) - x0) - (sin(x0) - x0 - x0 / cos(x0 - x0)),(8*x0**2 - 7*x0*sin(x0) + 2*sin(x0)**2)/(3*x0),[],"{""K"": 500, ""c"": 6.0, ""exploration_rate"": 0.1, ""gamma"": 0.5, ""gp_rate"": 0.5, ""lm_iterations"": 10, ""max_constants"": 999, ""max_depth"": 6, ""max_evals"": 2000000, ""max_unary"": 999, ""mutation_rate"": 0.1, ""ops"": [""+"", ""-"", ""*"", ""/"", ""sin"", ""cos"", ""exp"", ""log""], ""succ_error_tol"": 1e-06}","{""K"": 500, ""c"": 6.0, ""exploration_rate"": 0.1, ""gamma"": 0.5, ""gp_rate"": 0.5, ""lm_iterations"": 10, ""max_constants"": 999, ""max_depth"": 6, ""max_evals"": 2000000, ""max_unary"": 999, ""mutation_rate"": 0.1, ""ops"": [""+"", ""-"", ""*"", ""/"", ""sin"", ""cos"", ""exp"", ""log""], ""succ_error_tol"": 1e-06}",0.5
imcts,Livermore,7,Livermore-7,expression,83,17159,40,20,20,1,"[""x0""]",sinh(x[0]),0.9998521208763123,False,0.999999978124698,0.9999999565843499,27.0,2000005,12.636851219984237,0.0,0,x0 + x0 - sin(x0) + (x0 - sin(x0)) / sin(x0 / x0) * (x0 - sin(x0)) / (sin(x0) + x0),x0 + x0 - sin(x0) + (x0 - sin(x0)) / sin(x0 / x0) * (x0 - sin(x0)) / (sin(x0) + x0),2*x0 + (x0 - sin(x0))**2/((x0 + sin(x0))*sin(1)) - sin(x0),[],"{""K"": 500, ""c"": 6.0, ""exploration_rate"": 0.1, ""gamma"": 0.5, ""gp_rate"": 0.5, ""lm_iterations"": 10, ""max_constants"": 999, ""max_depth"": 6, ""max_evals"": 2000000, ""max_unary"": 999, ""mutation_rate"": 0.1, ""ops"": [""+"", ""-"", ""*"", ""/"", ""sin"", ""cos"", ""exp"", ""log""], ""succ_error_tol"": 1e-06}","{""K"": 500, ""c"": 6.0, ""exploration_rate"": 0.1, ""gamma"": 0.5, ""gp_rate"": 0.5, ""lm_iterations"": 10, ""max_constants"": 999, ""max_depth"": 6, ""max_evals"": 2000000, ""max_unary"": 999, ""mutation_rate"": 0.1, ""ops"": [""+"", ""-"", ""*"", ""/"", ""sin"", ""cos"", ""exp"", ""log""], ""succ_error_tol"": 1e-06}",0.5
imcts,Livermore,7,Livermore-7,expression,84,12206,40,20,20,1,"[""x0""]",sinh(x[0]),0.9998612403869629,False,0.9999999807376017,0.9999999797297744,33.0,2000004,13.0078503509867,0.0,0,x0 / sin(x0) * x0 - (x0 - sin(x0)) / (sin(x0) + x0 + x0) * (x0 - sin(x0)) * (cos(x0) + x0 * x0),x0 / sin(x0) * x0 - (x0 - sin(x0)) / (sin(x0) + x0 + x0) * (x0 - sin(x0)) * (cos(x0) + x0 * x0),x0**2/sin(x0) - (x0 - sin(x0))**2*(x0**2 + cos(x0))/(2*x0 + sin(x0)),[],"{""K"": 500, ""c"": 6.0, ""exploration_rate"": 0.1, ""gamma"": 0.5, ""gp_rate"": 0.5, ""lm_iterations"": 10, ""max_constants"": 999, ""max_depth"": 6, ""max_evals"": 2000000, ""max_unary"": 999, ""mutation_rate"": 0.1, ""ops"": [""+"", ""-"", ""*"", ""/"", ""sin"", ""cos"", ""exp"", ""log""], ""succ_error_tol"": 1e-06}","{""K"": 500, ""c"": 6.0, ""exploration_rate"": 0.1, ""gamma"": 0.5, ""gp_rate"": 0.5, ""lm_iterations"": 10, ""max_constants"": 999, ""max_depth"": 6, ""max_evals"": 2000000, ""max_unary"": 999, ""mutation_rate"": 0.1, ""ops"": [""+"", ""-"", ""*"", ""/"", ""sin"", ""cos"", ""exp"", ""log""], ""succ_error_tol"": 1e-06}",0.5
imcts,Livermore,7,Livermore-7,expression,85,8226,40,20,20,1,"[""x0""]",sinh(x[0]),0.9999440908432007,False,0.9999999968710205,0.9999999961422876,15.0,2000002,12.865419027977623,0.0,0,((x0 - x0 + x0 * x0) / (x0 / x0 - cos(x0)) - cos(x0 - x0) / (exp(x0) / exp(x0))) * x0,((x0 - x0 + x0 * x0) / (x0 / x0 - cos(x0)) - cos(x0 - x0) / (exp(x0) / exp(x0))) * x0,-x0*(x0**2/(cos(x0) - 1) + 1),[],"{""K"": 500, ""c"": 6.0, ""exploration_rate"": 0.1, ""gamma"": 0.5, ""gp_rate"": 0.5, ""lm_iterations"": 10, ""max_constants"": 999, ""max_depth"": 6, ""max_evals"": 2000000, ""max_unary"": 999, ""mutation_rate"": 0.1, ""ops"": [""+"", ""-"", ""*"", ""/"", ""sin"", ""cos"", ""exp"", ""log""], ""succ_error_tol"": 1e-06}","{""K"": 500, ""c"": 6.0, ""exploration_rate"": 0.1, ""gamma"": 0.5, ""gp_rate"": 0.5, ""lm_iterations"": 10, ""max_constants"": 999, ""max_depth"": 6, ""max_evals"": 2000000, ""max_unary"": 999, ""mutation_rate"": 0.1, ""ops"": [""+"", ""-"", ""*"", ""/"", ""sin"", ""cos"", ""exp"", ""log""], ""succ_error_tol"": 1e-06}",0.5
imcts,Livermore,7,Livermore-7,expression,86,14541,40,20,20,1,"[""x0""]",sinh(x[0]),0.9999842643737793,False,0.9999999997522,0.9999999999586248,15.0,2000001,13.008536884037312,0.0,0,exp(x0) - x0 / x0 - x0 * x0 / (x0 + sin(x0)) * x0,exp(x0) - x0 / x0 - x0 * x0 / (x0 + sin(x0)) * x0,-x0**3/(x0 + sin(x0)) + exp(x0) - 1,[],"{""K"": 500, ""c"": 6.0, ""exploration_rate"": 0.1, ""gamma"": 0.5, ""gp_rate"": 0.5, ""lm_iterations"": 10, ""max_constants"": 999, ""max_depth"": 6, ""max_evals"": 2000000, ""max_unary"": 999, ""mutation_rate"": 0.1, ""ops"": [""+"", ""-"", ""*"", ""/"", ""sin"", ""cos"", ""exp"", ""log""], ""succ_error_tol"": 1e-06}","{""K"": 500, ""c"": 6.0, ""exploration_rate"": 0.1, ""gamma"": 0.5, ""gp_rate"": 0.5, ""lm_iterations"": 10, ""max_constants"": 999, ""max_depth"": 6, ""max_evals"": 2000000, ""max_unary"": 999, ""mutation_rate"": 0.1, ""ops"": [""+"", ""-"", ""*"", ""/"", ""sin"", ""cos"", ""exp"", ""log""], ""succ_error_tol"": 1e-06}",0.5
imcts,Livermore,7,Livermore-7,expression,87,3152,40,20,20,1,"[""x0""]",sinh(x[0]),0.9999839067459106,False,0.9999999997421292,0.9999999996665319,15.0,2000003,12.831039801996667,0.0,0,exp(x0) - x0 / x0 - x0 * x0 / (x0 + sin(x0)) * x0,exp(x0) - x0 / x0 - x0 * x0 / (x0 + sin(x0)) * x0,-x0**3/(x0 + sin(x0)) + exp(x0) - 1,[],"{""K"": 500, ""c"": 6.0, ""exploration_rate"": 0.1, ""gamma"": 0.5, ""gp_rate"": 0.5, ""lm_iterations"": 10, ""max_constants"": 999, ""max_depth"": 6, ""max_evals"": 2000000, ""max_unary"": 999, ""mutation_rate"": 0.1, ""ops"": [""+"", ""-"", ""*"", ""/"", ""sin"", ""cos"", ""exp"", ""log""], ""succ_error_tol"": 1e-06}","{""K"": 500, ""c"": 6.0, ""exploration_rate"": 0.1, ""gamma"": 0.5, ""gp_rate"": 0.5, ""lm_iterations"": 10, ""max_constants"": 999, ""max_depth"": 6, ""max_evals"": 2000000, ""max_unary"": 999, ""mutation_rate"": 0.1, ""ops"": [""+"", ""-"", ""*"", ""/"", ""sin"", ""cos"", ""exp"", ""log""], ""succ_error_tol"": 1e-06}",0.5
imcts,Livermore,7,Livermore-7,expression,88,26531,40,20,20,1,"[""x0""]",sinh(x[0]),0.9998838305473328,False,0.9999999864897956,0.9999999880405339,29.0,2000002,12.73682445299346,0.0,0,x0 + x0 - sin(x0) - (x0 - sin(x0)) * (sin(x0) - x0) / (cos(x0 / x0) * (x0 + x0 + sin(x0))),x0 + x0 - sin(x0) - (x0 - sin(x0)) * (sin(x0) - x0) / (cos(x0 / x0) * (x0 + x0 + sin(x0))),2*x0 + (x0 - sin(x0))**2/((2*x0 + sin(x0))*cos(1)) - sin(x0),[],"{""K"": 500, ""c"": 6.0, ""exploration_rate"": 0.1, ""gamma"": 0.5, ""gp_rate"": 0.5, ""lm_iterations"": 10, ""max_constants"": 999, ""max_depth"": 6, ""max_evals"": 2000000, ""max_unary"": 999, ""mutation_rate"": 0.1, ""ops"": [""+"", ""-"", ""*"", ""/"", ""sin"", ""cos"", ""exp"", ""log""], ""succ_error_tol"": 1e-06}","{""K"": 500, ""c"": 6.0, ""exploration_rate"": 0.1, ""gamma"": 0.5, ""gp_rate"": 0.5, ""lm_iterations"": 10, ""max_constants"": 999, ""max_depth"": 6, ""max_evals"": 2000000, ""max_unary"": 999, ""mutation_rate"": 0.1, ""ops"": [""+"", ""-"", ""*"", ""/"", ""sin"", ""cos"", ""exp"", ""log""], ""succ_error_tol"": 1e-06}",0.5
imcts,Livermore,7,Livermore-7,expression,89,1585,40,20,20,1,"[""x0""]",sinh(x[0]),0.9999999403953552,True,1.0,1.0,2.0,1075524,6.710506393981632,0.0,0,(exp(x0) * x0 - x0 / exp(x0)) / (x0 + x0),(exp(x0) * x0 - x0 / exp(x0)) / (x0 + x0),sinh(x0),[],"{""K"": 500, ""c"": 6.0, ""exploration_rate"": 0.1, ""gamma"": 0.5, ""gp_rate"": 0.5, ""lm_iterations"": 10, ""max_constants"": 999, ""max_depth"": 6, ""max_evals"": 2000000, ""max_unary"": 999, ""mutation_rate"": 0.1, ""ops"": [""+"", ""-"", ""*"", ""/"", ""sin"", ""cos"", ""exp"", ""log""], ""succ_error_tol"": 1e-06}","{""K"": 500, ""c"": 6.0, ""exploration_rate"": 0.1, ""gamma"": 0.5, ""gp_rate"": 0.5, ""lm_iterations"": 10, ""max_constants"": 999, ""max_depth"": 6, ""max_evals"": 2000000, ""max_unary"": 999, ""mutation_rate"": 0.1, ""ops"": [""+"", ""-"", ""*"", ""/"", ""sin"", ""cos"", ""exp"", ""log""], ""succ_error_tol"": 1e-06}",0.5
imcts,Livermore,7,Livermore-7,expression,90,3943,40,20,20,1,"[""x0""]",sinh(x[0]),0.999906063079834,False,0.9999999911725972,0.9999999639168464,8.0,2000002,13.043843696010299,0.0,0,sin(x0) + x0 * x0 * x0 * x0 / (x0 + x0 + x0),sin(x0) + x0 * x0 * x0 * x0 / (x0 + x0 + x0),x0**3/3 + sin(x0),[],"{""K"": 500, ""c"": 6.0, ""exploration_rate"": 0.1, ""gamma"": 0.5, ""gp_rate"": 0.5, ""lm_iterations"": 10, ""max_constants"": 999, ""max_depth"": 6, ""max_evals"": 2000000, ""max_unary"": 999, ""mutation_rate"": 0.1, ""ops"": [""+"", ""-"", ""*"", ""/"", ""sin"", ""cos"", ""exp"", ""log""], ""succ_error_tol"": 1e-06}","{""K"": 500, ""c"": 6.0, ""exploration_rate"": 0.1, ""gamma"": 0.5, ""gp_rate"": 0.5, ""lm_iterations"": 10, ""max_constants"": 999, ""max_depth"": 6, ""max_evals"": 2000000, ""max_unary"": 999, ""mutation_rate"": 0.1, ""ops"": [""+"", ""-"", ""*"", ""/"", ""sin"", ""cos"", ""exp"", ""log""], ""succ_error_tol"": 1e-06}",0.5
imcts,Livermore,7,Livermore-7,expression,91,23939,40,20,20,1,"[""x0""]",sinh(x[0]),0.9997960329055786,False,0.9999999583734513,0.9999999109298462,22.0,2000001,12.88672560302075,0.0,0,x0 * x0 / sin(x0) - (sin(x0) - x0) * (sin(x0) - x0) / (x0 + x0),x0 * x0 / sin(x0) - (sin(x0) - x0) * (sin(x0) - x0) / (x0 + x0),x0**2/sin(x0) - (x0 - sin(x0))**2/(2*x0),[],"{""K"": 500, ""c"": 6.0, ""exploration_rate"": 0.1, ""gamma"": 0.5, ""gp_rate"": 0.5, ""lm_iterations"": 10, ""max_constants"": 999, ""max_depth"": 6, ""max_evals"": 2000000, ""max_unary"": 999, ""mutation_rate"": 0.1, ""ops"": [""+"", ""-"", ""*"", ""/"", ""sin"", ""cos"", ""exp"", ""log""], ""succ_error_tol"": 1e-06}","{""K"": 500, ""c"": 6.0, ""exploration_rate"": 0.1, ""gamma"": 0.5, ""gp_rate"": 0.5, ""lm_iterations"": 10, ""max_constants"": 999, ""max_depth"": 6, ""max_evals"": 2000000, ""max_unary"": 999, ""mutation_rate"": 0.1, ""ops"": [""+"", ""-"", ""*"", ""/"", ""sin"", ""cos"", ""exp"", ""log""], ""succ_error_tol"": 1e-06}",0.5
imcts,Livermore,7,Livermore-7,expression,92,19457,40,20,20,1,"[""x0""]",sinh(x[0]),0.9998643398284912,False,0.9999999815795358,0.9999999756369558,8.0,2000001,12.853332072962075,0.0,0,sin(x0) + x0 * x0 / (x0 + x0 + x0) * x0 * x0,sin(x0) + x0 * x0 / (x0 + x0 + x0) * x0 * x0,x0**3/3 + sin(x0),[],"{""K"": 500, ""c"": 6.0, ""exploration_rate"": 0.1, ""gamma"": 0.5, ""gp_rate"": 0.5, ""lm_iterations"": 10, ""max_constants"": 999, ""max_depth"": 6, ""max_evals"": 2000000, ""max_unary"": 999, ""mutation_rate"": 0.1, ""ops"": [""+"", ""-"", ""*"", ""/"", ""sin"", ""cos"", ""exp"", ""log""], ""succ_error_tol"": 1e-06}","{""K"": 500, ""c"": 6.0, ""exploration_rate"": 0.1, ""gamma"": 0.5, ""gp_rate"": 0.5, ""lm_iterations"": 10, ""max_constants"": 999, ""max_depth"": 6, ""max_evals"": 2000000, ""max_unary"": 999, ""mutation_rate"": 0.1, ""ops"": [""+"", ""-"", ""*"", ""/"", ""sin"", ""cos"", ""exp"", ""log""], ""succ_error_tol"": 1e-06}",0.5
imcts,Livermore,7,Livermore-7,expression,93,1021,40,20,20,1,"[""x0""]",sinh(x[0]),0.9998272061347961,False,0.9999999701190443,0.9999999528395022,21.0,2000003,12.741953046992421,0.0,0,(x0 - sin(x0)) * x0 / x0 + x0 + (x0 - sin(x0)) / (x0 + x0 + x0) * (x0 / x0 + x0 / x0) * (x0 - sin(x0)),(x0 - sin(x0)) * x0 / x0 + x0 + (x0 - sin(x0)) / (x0 + x0 + x0) * (x0 / x0 + x0 / x0) * (x0 - sin(x0)),2*x0 - sin(x0) + 2*(x0 - sin(x0))**2/(3*x0),[],"{""K"": 500, ""c"": 6.0, ""exploration_rate"": 0.1, ""gamma"": 0.5, ""gp_rate"": 0.5, ""lm_iterations"": 10, ""max_constants"": 999, ""max_depth"": 6, ""max_evals"": 2000000, ""max_unary"": 999, ""mutation_rate"": 0.1, ""ops"": [""+"", ""-"", ""*"", ""/"", ""sin"", ""cos"", ""exp"", ""log""], ""succ_error_tol"": 1e-06}","{""K"": 500, ""c"": 6.0, ""exploration_rate"": 0.1, ""gamma"": 0.5, ""gp_rate"": 0.5, ""lm_iterations"": 10, ""max_constants"": 999, ""max_depth"": 6, ""max_evals"": 2000000, ""max_unary"": 999, ""mutation_rate"": 0.1, ""ops"": [""+"", ""-"", ""*"", ""/"", ""sin"", ""cos"", ""exp"", ""log""], ""succ_error_tol"": 1e-06}",0.5
imcts,Livermore,7,Livermore-7,expression,94,11653,40,20,20,1,"[""x0""]",sinh(x[0]),0.999870777130127,False,0.9999999833037655,0.9999999788530555,8.0,2000000,12.704126085038297,0.0,0,sin(x0) + x0 * x0 * x0 * x0 / (x0 + x0 + x0),sin(x0) + x0 * x0 * x0 * x0 / (x0 + x0 + x0),x0**3/3 + sin(x0),[],"{""K"": 500, ""c"": 6.0, ""exploration_rate"": 0.1, ""gamma"": 0.5, ""gp_rate"": 0.5, ""lm_iterations"": 10, ""max_constants"": 999, ""max_depth"": 6, ""max_evals"": 2000000, ""max_unary"": 999, ""mutation_rate"": 0.1, ""ops"": [""+"", ""-"", ""*"", ""/"", ""sin"", ""cos"", ""exp"", ""log""], ""succ_error_tol"": 1e-06}","{""K"": 500, ""c"": 6.0, ""exploration_rate"": 0.1, ""gamma"": 0.5, ""gp_rate"": 0.5, ""lm_iterations"": 10, ""max_constants"": 999, ""max_depth"": 6, ""max_evals"": 2000000, ""max_unary"": 999, ""mutation_rate"": 0.1, ""ops"": [""+"", ""-"", ""*"", ""/"", ""sin"", ""cos"", ""exp"", ""log""], ""succ_error_tol"": 1e-06}",0.5
imcts,Livermore,7,Livermore-7,expression,95,10805,40,20,20,1,"[""x0""]",sinh(x[0]),0.9997500777244568,False,0.9999999374956681,0.9999999306137909,29.0,2000004,12.871888956986368,0.0,0,(x0 - sin(x0)) * x0 / sin(x0) + x0 + (x0 / x0 - cos(x0)) * (x0 - sin(x0)) * log(sin(x0 / x0)),(x0 - sin(x0)) * x0 / sin(x0) + x0 + (x0 / x0 - cos(x0)) * (x0 - sin(x0)) * log(sin(x0 / x0)),x0*(x0 - sin(x0))/sin(x0) + x0 - (x0 - sin(x0))*(cos(x0) - 1)*log(sin(1)),[],"{""K"": 500, ""c"": 6.0, ""exploration_rate"": 0.1, ""gamma"": 0.5, ""gp_rate"": 0.5, ""lm_iterations"": 10, ""max_constants"": 999, ""max_depth"": 6, ""max_evals"": 2000000, ""max_unary"": 999, ""mutation_rate"": 0.1, ""ops"": [""+"", ""-"", ""*"", ""/"", ""sin"", ""cos"", ""exp"", ""log""], ""succ_error_tol"": 1e-06}","{""K"": 500, ""c"": 6.0, ""exploration_rate"": 0.1, ""gamma"": 0.5, ""gp_rate"": 0.5, ""lm_iterations"": 10, ""max_constants"": 999, ""max_depth"": 6, ""max_evals"": 2000000, ""max_unary"": 999, ""mutation_rate"": 0.1, ""ops"": [""+"", ""-"", ""*"", ""/"", ""sin"", ""cos"", ""exp"", ""log""], ""succ_error_tol"": 1e-06}",0.5
imcts,Livermore,7,Livermore-7,expression,96,13417,40,20,20,1,"[""x0""]",sinh(x[0]),0.9998664259910583,False,0.999999982144524,0.9999999921187479,8.0,2000006,13.198825541010592,0.0,0,sin(x0) + x0 * x0 * x0 * x0 / (x0 + x0 + x0),sin(x0) + x0 * x0 * x0 * x0 / (x0 + x0 + x0),x0**3/3 + sin(x0),[],"{""K"": 500, ""c"": 6.0, ""exploration_rate"": 0.1, ""gamma"": 0.5, ""gp_rate"": 0.5, ""lm_iterations"": 10, ""max_constants"": 999, ""max_depth"": 6, ""max_evals"": 2000000, ""max_unary"": 999, ""mutation_rate"": 0.1, ""ops"": [""+"", ""-"", ""*"", ""/"", ""sin"", ""cos"", ""exp"", ""log""], ""succ_error_tol"": 1e-06}","{""K"": 500, ""c"": 6.0, ""exploration_rate"": 0.1, ""gamma"": 0.5, ""gp_rate"": 0.5, ""lm_iterations"": 10, ""max_constants"": 999, ""max_depth"": 6, ""max_evals"": 2000000, ""max_unary"": 999, ""mutation_rate"": 0.1, ""ops"": [""+"", ""-"", ""*"", ""/"", ""sin"", ""cos"", ""exp"", ""log""], ""succ_error_tol"": 1e-06}",0.5
imcts,Livermore,7,Livermore-7,expression,97,20227,40,20,20,1,"[""x0""]",sinh(x[0]),0.9998164772987366,False,0.9999999646202979,0.9999999678809947,23.0,2000003,12.565251158026513,0.0,0,x0 - x0 / sin(x0) * (sin(x0) - x0) - (sin(x0) - x0) / (x0 + x0) * (sin(x0) - x0),x0 - x0 / sin(x0) * (sin(x0) - x0) - (sin(x0) - x0) / (x0 + x0) * (sin(x0) - x0),x0**2/sin(x0) - x0/2 + sin(x0) - sin(x0)**2/(2*x0),[],"{""K"": 500, ""c"": 6.0, ""exploration_rate"": 0.1, ""gamma"": 0.5, ""gp_rate"": 0.5, ""lm_iterations"": 10, ""max_constants"": 999, ""max_depth"": 6, ""max_evals"": 2000000, ""max_unary"": 999, ""mutation_rate"": 0.1, ""ops"": [""+"", ""-"", ""*"", ""/"", ""sin"", ""cos"", ""exp"", ""log""], ""succ_error_tol"": 1e-06}","{""K"": 500, ""c"": 6.0, ""exploration_rate"": 0.1, ""gamma"": 0.5, ""gp_rate"": 0.5, ""lm_iterations"": 10, ""max_constants"": 999, ""max_depth"": 6, ""max_evals"": 2000000, ""max_unary"": 999, ""mutation_rate"": 0.1, ""ops"": [""+"", ""-"", ""*"", ""/"", ""sin"", ""cos"", ""exp"", ""log""], ""succ_error_tol"": 1e-06}",0.5
imcts,Livermore,7,Livermore-7,expression,98,7989,40,20,20,1,"[""x0""]",sinh(x[0]),0.9998340606689453,False,0.9999999724465577,0.9999999626078812,8.0,2000002,12.638173045997974,0.0,0,x0 * x0 * x0 / ((x0 + x0) / x0 + exp(x0 - x0)) + sin(x0),x0 * x0 * x0 / ((x0 + x0) / x0 + exp(x0 - x0)) + sin(x0),x0**3/3 + sin(x0),[],"{""K"": 500, ""c"": 6.0, ""exploration_rate"": 0.1, ""gamma"": 0.5, ""gp_rate"": 0.5, ""lm_iterations"": 10, ""max_constants"": 999, ""max_depth"": 6, ""max_evals"": 2000000, ""max_unary"": 999, ""mutation_rate"": 0.1, ""ops"": [""+"", ""-"", ""*"", ""/"", ""sin"", ""cos"", ""exp"", ""log""], ""succ_error_tol"": 1e-06}","{""K"": 500, ""c"": 6.0, ""exploration_rate"": 0.1, ""gamma"": 0.5, ""gp_rate"": 0.5, ""lm_iterations"": 10, ""max_constants"": 999, ""max_depth"": 6, ""max_evals"": 2000000, ""max_unary"": 999, ""mutation_rate"": 0.1, ""ops"": [""+"", ""-"", ""*"", ""/"", ""sin"", ""cos"", ""exp"", ""log""], ""succ_error_tol"": 1e-06}",0.5
imcts,Livermore,7,Livermore-7,expression,99,9692,40,20,20,1,"[""x0""]",sinh(x[0]),0.9999999403953552,True,1.0,1.0,2.0,795790,4.832119855971541,0.0,0,(exp(x0) - x0 / exp(x0) / x0) / (x0 / x0 + x0 / x0),(exp(x0) - x0 / exp(x0) / x0) / (x0 / x0 + x0 / x0),sinh(x0),[],"{""K"": 500, ""c"": 6.0, ""exploration_rate"": 0.1, ""gamma"": 0.5, ""gp_rate"": 0.5, ""lm_iterations"": 10, ""max_constants"": 999, ""max_depth"": 6, ""max_evals"": 2000000, ""max_unary"": 999, ""mutation_rate"": 0.1, ""ops"": [""+"", ""-"", ""*"", ""/"", ""sin"", ""cos"", ""exp"", ""log""], ""succ_error_tol"": 1e-06}","{""K"": 500, ""c"": 6.0, ""exploration_rate"": 0.1, ""gamma"": 0.5, ""gp_rate"": 0.5, ""lm_iterations"": 10, ""max_constants"": 999, ""max_depth"": 6, ""max_evals"": 2000000, ""max_unary"": 999, ""mutation_rate"": 0.1, ""ops"": [""+"", ""-"", ""*"", ""/"", ""sin"", ""cos"", ""exp"", ""log""], ""succ_error_tol"": 1e-06}",0.5
