algorithm,group,case_id,case_name,source_type,run,seed,samples_total,samples_train,samples_test,variables,feature_names,target_expression,reward,success,train_r2,test_r2,complexity,evaluations,time_sec,tuning_time_sec,tuning_evaluations,expression,materialized_expression,simplified_expression,coefficients,algorithm_params,tuned_params,test_ratio
imcts,Livermore,18,Livermore-18,expression,0,23654,40,20,20,1,"[""x0""]",sin(x[0]**2)*cos(x[0]) - 5,0.9771808385848999,False,0.999454681394203,0.999287062962015,29.0,2000000,16.467802386032417,0.0,0,cos(x0) * sin(x0) * sin(x0) - sin(x0 / x0) * exp(x0 / x0) - (exp(sin(x0) / x0) + x0 * sin(x0) / exp(x0 / x0)),cos(x0) * sin(x0) * sin(x0) - sin(x0 / x0) * exp(x0 / x0) - (exp(sin(x0) / x0) + x0 * sin(x0) / exp(x0 / x0)),-x0*exp(-1)*sin(x0) - exp(sin(x0)/x0) + sin(x0)**2*cos(x0) - E*sin(1),[],"{""K"": 500, ""c"": 6.0, ""exploration_rate"": 0.1, ""gamma"": 0.5, ""gp_rate"": 0.5, ""lm_iterations"": 10, ""max_constants"": 999, ""max_depth"": 6, ""max_evals"": 2000000, ""max_unary"": 999, ""mutation_rate"": 0.1, ""ops"": [""+"", ""-"", ""*"", ""/"", ""sin"", ""cos"", ""exp"", ""log""], ""succ_error_tol"": 1e-06}","{""K"": 500, ""c"": 6.0, ""exploration_rate"": 0.1, ""gamma"": 0.5, ""gp_rate"": 0.5, ""lm_iterations"": 10, ""max_constants"": 999, ""max_depth"": 6, ""max_evals"": 2000000, ""max_unary"": 999, ""mutation_rate"": 0.1, ""ops"": [""+"", ""-"", ""*"", ""/"", ""sin"", ""cos"", ""exp"", ""log""], ""succ_error_tol"": 1e-06}",0.5
imcts,Livermore,18,Livermore-18,expression,1,15795,40,20,20,1,"[""x0""]",sin(x[0]**2)*cos(x[0]) - 5,0.9496117830276489,False,0.9971844415310434,0.9963351933516132,25.0,2000001,15.922830186027568,0.0,0,cos(x0 / (x0 + x0)) * x0 / (sin(x0) + x0) - (exp(x0 / sin(x0)) + exp(cos(x0))),cos(x0 / (x0 + x0)) * x0 / (sin(x0) + x0) - (exp(x0 / sin(x0)) + exp(cos(x0))),x0*cos(1/2)/(x0 + sin(x0)) - exp(x0/sin(x0)) - exp(cos(x0)),[],"{""K"": 500, ""c"": 6.0, ""exploration_rate"": 0.1, ""gamma"": 0.5, ""gp_rate"": 0.5, ""lm_iterations"": 10, ""max_constants"": 999, ""max_depth"": 6, ""max_evals"": 2000000, ""max_unary"": 999, ""mutation_rate"": 0.1, ""ops"": [""+"", ""-"", ""*"", ""/"", ""sin"", ""cos"", ""exp"", ""log""], ""succ_error_tol"": 1e-06}","{""K"": 500, ""c"": 6.0, ""exploration_rate"": 0.1, ""gamma"": 0.5, ""gp_rate"": 0.5, ""lm_iterations"": 10, ""max_constants"": 999, ""max_depth"": 6, ""max_evals"": 2000000, ""max_unary"": 999, ""mutation_rate"": 0.1, ""ops"": [""+"", ""-"", ""*"", ""/"", ""sin"", ""cos"", ""exp"", ""log""], ""succ_error_tol"": 1e-06}",0.5
imcts,Livermore,18,Livermore-18,expression,2,860,40,20,20,1,"[""x0""]",sin(x[0]**2)*cos(x[0]) - 5,0.9865365028381348,False,0.9998137605298483,0.9994473570801581,19.0,2000000,15.395297004957683,0.0,0,(cos(x0 * x0) - cos(x0)) * (cos(x0 / x0) + cos(x0 / x0)) - (x0 / x0 + x0 / x0 + cos(x0) + x0 / x0 + x0 / x0),(cos(x0 * x0) - cos(x0)) * (cos(x0 / x0) + cos(x0 / x0)) - (x0 / x0 + x0 / x0 + cos(x0) + x0 / x0 + x0 / x0),-2*(cos(x0) - cos(x0**2))*cos(1) - cos(x0) - 4,[],"{""K"": 500, ""c"": 6.0, ""exploration_rate"": 0.1, ""gamma"": 0.5, ""gp_rate"": 0.5, ""lm_iterations"": 10, ""max_constants"": 999, ""max_depth"": 6, ""max_evals"": 2000000, ""max_unary"": 999, ""mutation_rate"": 0.1, ""ops"": [""+"", ""-"", ""*"", ""/"", ""sin"", ""cos"", ""exp"", ""log""], ""succ_error_tol"": 1e-06}","{""K"": 500, ""c"": 6.0, ""exploration_rate"": 0.1, ""gamma"": 0.5, ""gp_rate"": 0.5, ""lm_iterations"": 10, ""max_constants"": 999, ""max_depth"": 6, ""max_evals"": 2000000, ""max_unary"": 999, ""mutation_rate"": 0.1, ""ops"": [""+"", ""-"", ""*"", ""/"", ""sin"", ""cos"", ""exp"", ""log""], ""succ_error_tol"": 1e-06}",0.5
imcts,Livermore,18,Livermore-18,expression,3,5390,40,20,20,1,"[""x0""]",sin(x[0]**2)*cos(x[0]) - 5,0.9999989867210388,False,1.0,1.0,9.0,2000002,15.682089816022199,0.0,0,sin(x0 * x0) * cos(x0) - (x0 / x0 + (x0 + x0) / x0) - (x0 / x0 + sin(x0) / sin(x0) + x0 - x0),sin(x0 * x0) * cos(x0) - (x0 / x0 + (x0 + x0) / x0) - (x0 / x0 + sin(x0) / sin(x0) + x0 - x0),sin(x0**2)*cos(x0) - 5,[],"{""K"": 500, ""c"": 6.0, ""exploration_rate"": 0.1, ""gamma"": 0.5, ""gp_rate"": 0.5, ""lm_iterations"": 10, ""max_constants"": 999, ""max_depth"": 6, ""max_evals"": 2000000, ""max_unary"": 999, ""mutation_rate"": 0.1, ""ops"": [""+"", ""-"", ""*"", ""/"", ""sin"", ""cos"", ""exp"", ""log""], ""succ_error_tol"": 1e-06}","{""K"": 500, ""c"": 6.0, ""exploration_rate"": 0.1, ""gamma"": 0.5, ""gp_rate"": 0.5, ""lm_iterations"": 10, ""max_constants"": 999, ""max_depth"": 6, ""max_evals"": 2000000, ""max_unary"": 999, ""mutation_rate"": 0.1, ""ops"": [""+"", ""-"", ""*"", ""/"", ""sin"", ""cos"", ""exp"", ""log""], ""succ_error_tol"": 1e-06}",0.5
imcts,Livermore,18,Livermore-18,expression,4,16850,40,20,20,1,"[""x0""]",sin(x[0]**2)*cos(x[0]) - 5,0.9999992251396179,True,1.0,1.0,9.0,749051,5.012041512003634,0.0,0,cos(x0) * sin(x0 * x0) - (x0 / x0 + (x0 + x0) / (x0 * x0) * (x0 + x0)),cos(x0) * sin(x0 * x0) - (x0 / x0 + (x0 + x0) / (x0 * x0) * (x0 + x0)),sin(x0**2)*cos(x0) - 5,[],"{""K"": 500, ""c"": 6.0, ""exploration_rate"": 0.1, ""gamma"": 0.5, ""gp_rate"": 0.5, ""lm_iterations"": 10, ""max_constants"": 999, ""max_depth"": 6, ""max_evals"": 2000000, ""max_unary"": 999, ""mutation_rate"": 0.1, ""ops"": [""+"", ""-"", ""*"", ""/"", ""sin"", ""cos"", ""exp"", ""log""], ""succ_error_tol"": 1e-06}","{""K"": 500, ""c"": 6.0, ""exploration_rate"": 0.1, ""gamma"": 0.5, ""gp_rate"": 0.5, ""lm_iterations"": 10, ""max_constants"": 999, ""max_depth"": 6, ""max_evals"": 2000000, ""max_unary"": 999, ""mutation_rate"": 0.1, ""ops"": [""+"", ""-"", ""*"", ""/"", ""sin"", ""cos"", ""exp"", ""log""], ""succ_error_tol"": 1e-06}",0.5
imcts,Livermore,18,Livermore-18,expression,5,29910,40,20,20,1,"[""x0""]",sin(x[0]**2)*cos(x[0]) - 5,0.9533104300498962,False,0.9976013344093282,0.9975478406794128,28.0,2000008,14.323469479975756,0.0,0,cos(x0 / x0) - exp(cos(x0)) - exp(x0 / sin(x0)) - cos(x0) * x0 / (x0 + x0 + x0 + x0) / exp(cos(x0 * x0)),cos(x0 / x0) - exp(cos(x0)) - exp(x0 / sin(x0)) - cos(x0) * x0 / (x0 + x0 + x0 + x0) / exp(cos(x0 * x0)),-exp(x0/sin(x0)) - exp(cos(x0)) + cos(1) - exp(-cos(x0**2))*cos(x0)/4,[],"{""K"": 500, ""c"": 6.0, ""exploration_rate"": 0.1, ""gamma"": 0.5, ""gp_rate"": 0.5, ""lm_iterations"": 10, ""max_constants"": 999, ""max_depth"": 6, ""max_evals"": 2000000, ""max_unary"": 999, ""mutation_rate"": 0.1, ""ops"": [""+"", ""-"", ""*"", ""/"", ""sin"", ""cos"", ""exp"", ""log""], ""succ_error_tol"": 1e-06}","{""K"": 500, ""c"": 6.0, ""exploration_rate"": 0.1, ""gamma"": 0.5, ""gp_rate"": 0.5, ""lm_iterations"": 10, ""max_constants"": 999, ""max_depth"": 6, ""max_evals"": 2000000, ""max_unary"": 999, ""mutation_rate"": 0.1, ""ops"": [""+"", ""-"", ""*"", ""/"", ""sin"", ""cos"", ""exp"", ""log""], ""succ_error_tol"": 1e-06}",0.5
imcts,Livermore,18,Livermore-18,expression,6,4426,40,20,20,1,"[""x0""]",sin(x[0]**2)*cos(x[0]) - 5,0.9941547513008118,False,0.9999654289190193,0.9999097965392083,40.0,2000000,15.288525728974491,0.0,0,sin(x0 * x0) - (x0 / x0 + cos(x0)) + sin(x0) * x0 / (cos(x0) + x0 * x0) - (cos(x0 * x0) + x0 * x0 + cos(x0) + exp(sin(x0) * x0)),sin(x0 * x0) - (x0 / x0 + cos(x0)) + sin(x0) * x0 / (cos(x0) + x0 * x0) - (cos(x0 * x0) + x0 * x0 + cos(x0) + exp(sin(x0) * x0)),-x0**2 + x0*sin(x0)/(x0**2 + cos(x0)) - exp(x0*sin(x0)) + sin(x0**2) - 2*cos(x0) - cos(x0**2) - 1,[],"{""K"": 500, ""c"": 6.0, ""exploration_rate"": 0.1, ""gamma"": 0.5, ""gp_rate"": 0.5, ""lm_iterations"": 10, ""max_constants"": 999, ""max_depth"": 6, ""max_evals"": 2000000, ""max_unary"": 999, ""mutation_rate"": 0.1, ""ops"": [""+"", ""-"", ""*"", ""/"", ""sin"", ""cos"", ""exp"", ""log""], ""succ_error_tol"": 1e-06}","{""K"": 500, ""c"": 6.0, ""exploration_rate"": 0.1, ""gamma"": 0.5, ""gp_rate"": 0.5, ""lm_iterations"": 10, ""max_constants"": 999, ""max_depth"": 6, ""max_evals"": 2000000, ""max_unary"": 999, ""mutation_rate"": 0.1, ""ops"": [""+"", ""-"", ""*"", ""/"", ""sin"", ""cos"", ""exp"", ""log""], ""succ_error_tol"": 1e-06}",0.5
imcts,Livermore,18,Livermore-18,expression,7,21962,40,20,20,1,"[""x0""]",sin(x[0]**2)*cos(x[0]) - 5,0.9852831363677979,False,0.9997768848261446,0.9997662858977849,28.0,2000006,14.114546649972908,0.0,0,cos(exp(x0 / x0)) - (exp(x0 / x0) - x0 * x0 * cos(x0)) - (exp(cos(x0)) + x0 / x0) / (exp(x0 / x0) - x0 * sin(x0)),cos(exp(x0 / x0)) - (exp(x0 / x0) - x0 * x0 * cos(x0)) - (exp(cos(x0)) + x0 / x0) / (exp(x0 / x0) - x0 * sin(x0)),x0**2*cos(x0) - E + cos(E) + (exp(cos(x0)) + 1)/(x0*sin(x0) - E),[],"{""K"": 500, ""c"": 6.0, ""exploration_rate"": 0.1, ""gamma"": 0.5, ""gp_rate"": 0.5, ""lm_iterations"": 10, ""max_constants"": 999, ""max_depth"": 6, ""max_evals"": 2000000, ""max_unary"": 999, ""mutation_rate"": 0.1, ""ops"": [""+"", ""-"", ""*"", ""/"", ""sin"", ""cos"", ""exp"", ""log""], ""succ_error_tol"": 1e-06}","{""K"": 500, ""c"": 6.0, ""exploration_rate"": 0.1, ""gamma"": 0.5, ""gp_rate"": 0.5, ""lm_iterations"": 10, ""max_constants"": 999, ""max_depth"": 6, ""max_evals"": 2000000, ""max_unary"": 999, ""mutation_rate"": 0.1, ""ops"": [""+"", ""-"", ""*"", ""/"", ""sin"", ""cos"", ""exp"", ""log""], ""succ_error_tol"": 1e-06}",0.5
imcts,Livermore,18,Livermore-18,expression,8,14423,40,20,20,1,"[""x0""]",sin(x[0]**2)*cos(x[0]) - 5,0.9692453145980835,False,0.9989931789142775,0.9989692617686493,31.0,2000002,14.471854172996245,0.0,0,x0 * sin(x0) * cos(x0) - exp(x0 / x0) / cos(x0 / x0) - sin(x0 / x0) / ((x0 + x0) * (x0 + x0)) * x0 / x0 / sin(x0) * (sin(x0) - x0),x0 * sin(x0) * cos(x0) - exp(x0 / x0) / cos(x0 / x0) - sin(x0 / x0) / ((x0 + x0) * (x0 + x0)) * x0 / x0 / sin(x0) * (sin(x0) - x0),x0*sin(x0)*cos(x0) - E/cos(1) + (x0 - sin(x0))*sin(1)/(4*x0**2*sin(x0)),[],"{""K"": 500, ""c"": 6.0, ""exploration_rate"": 0.1, ""gamma"": 0.5, ""gp_rate"": 0.5, ""lm_iterations"": 10, ""max_constants"": 999, ""max_depth"": 6, ""max_evals"": 2000000, ""max_unary"": 999, ""mutation_rate"": 0.1, ""ops"": [""+"", ""-"", ""*"", ""/"", ""sin"", ""cos"", ""exp"", ""log""], ""succ_error_tol"": 1e-06}","{""K"": 500, ""c"": 6.0, ""exploration_rate"": 0.1, ""gamma"": 0.5, ""gp_rate"": 0.5, ""lm_iterations"": 10, ""max_constants"": 999, ""max_depth"": 6, ""max_evals"": 2000000, ""max_unary"": 999, ""mutation_rate"": 0.1, ""ops"": [""+"", ""-"", ""*"", ""/"", ""sin"", ""cos"", ""exp"", ""log""], ""succ_error_tol"": 1e-06}",0.5
imcts,Livermore,18,Livermore-18,expression,9,28020,40,20,20,1,"[""x0""]",sin(x[0]**2)*cos(x[0]) - 5,0.9441409707069397,False,0.9964996290510265,0.9958030019016958,32.0,2000011,14.14874457498081,0.0,0,sin(exp(x0 / x0)) - (exp(cos(x0)) + exp(x0 / x0)) - x0 * x0 * x0 * (sin(x0) + x0) / (sin(x0) * (x0 + x0) + x0 * x0 + x0 / x0),sin(exp(x0 / x0)) - (exp(cos(x0)) + exp(x0 / x0)) - x0 * x0 * x0 * (sin(x0) + x0) / (sin(x0) * (x0 + x0) + x0 * x0 + x0 / x0),-x0**3*(x0 + sin(x0))/(x0**2 + 2*x0*sin(x0) + 1) - exp(cos(x0)) - E + sin(E),[],"{""K"": 500, ""c"": 6.0, ""exploration_rate"": 0.1, ""gamma"": 0.5, ""gp_rate"": 0.5, ""lm_iterations"": 10, ""max_constants"": 999, ""max_depth"": 6, ""max_evals"": 2000000, ""max_unary"": 999, ""mutation_rate"": 0.1, ""ops"": [""+"", ""-"", ""*"", ""/"", ""sin"", ""cos"", ""exp"", ""log""], ""succ_error_tol"": 1e-06}","{""K"": 500, ""c"": 6.0, ""exploration_rate"": 0.1, ""gamma"": 0.5, ""gp_rate"": 0.5, ""lm_iterations"": 10, ""max_constants"": 999, ""max_depth"": 6, ""max_evals"": 2000000, ""max_unary"": 999, ""mutation_rate"": 0.1, ""ops"": [""+"", ""-"", ""*"", ""/"", ""sin"", ""cos"", ""exp"", ""log""], ""succ_error_tol"": 1e-06}",0.5
imcts,Livermore,18,Livermore-18,expression,10,29802,40,20,20,1,"[""x0""]",sin(x[0]**2)*cos(x[0]) - 5,0.9750530123710632,False,0.9993453842460975,0.9986306167030361,35.0,2000003,14.2245408029994,0.0,0,(sin(x0) + sin(x0)) / (sin(x0) + x0 + x0) / (x0 / x0 + cos(x0) + x0 / x0) - ((x0 + x0) / x0 + exp(cos(x0)) - (log(cos(x0)) - sin(x0) / (x0 + x0))),(sin(x0) + sin(x0)) / (sin(x0) + x0 + x0) / (x0 / x0 + cos(x0) + x0 / x0) - ((x0 + x0) / x0 + exp(cos(x0)) - (log(cos(x0)) - sin(x0) / (x0 + x0))),-exp(cos(x0)) + log(cos(x0)) - 2 + 2*sin(x0)/((2*x0 + sin(x0))*(cos(x0) + 2)) - sin(x0)/(2*x0),[],"{""K"": 500, ""c"": 6.0, ""exploration_rate"": 0.1, ""gamma"": 0.5, ""gp_rate"": 0.5, ""lm_iterations"": 10, ""max_constants"": 999, ""max_depth"": 6, ""max_evals"": 2000000, ""max_unary"": 999, ""mutation_rate"": 0.1, ""ops"": [""+"", ""-"", ""*"", ""/"", ""sin"", ""cos"", ""exp"", ""log""], ""succ_error_tol"": 1e-06}","{""K"": 500, ""c"": 6.0, ""exploration_rate"": 0.1, ""gamma"": 0.5, ""gp_rate"": 0.5, ""lm_iterations"": 10, ""max_constants"": 999, ""max_depth"": 6, ""max_evals"": 2000000, ""max_unary"": 999, ""mutation_rate"": 0.1, ""ops"": [""+"", ""-"", ""*"", ""/"", ""sin"", ""cos"", ""exp"", ""log""], ""succ_error_tol"": 1e-06}",0.5
imcts,Livermore,18,Livermore-18,expression,11,21575,40,20,20,1,"[""x0""]",sin(x[0]**2)*cos(x[0]) - 5,0.9757962822914124,False,0.9993847491737486,0.9995084112148989,19.0,2000006,14.872961560962722,0.0,0,cos(x0) * sin(x0 * x0) - exp(cos(x0 / x0)) - (exp(x0 / x0) * sin(x0 / x0) + x0 / x0),cos(x0) * sin(x0 * x0) - exp(cos(x0 / x0)) - (exp(x0 / x0) * sin(x0 / x0) + x0 / x0),sin(x0**2)*cos(x0) - E*sin(1) - exp(cos(1)) - 1,[],"{""K"": 500, ""c"": 6.0, ""exploration_rate"": 0.1, ""gamma"": 0.5, ""gp_rate"": 0.5, ""lm_iterations"": 10, ""max_constants"": 999, ""max_depth"": 6, ""max_evals"": 2000000, ""max_unary"": 999, ""mutation_rate"": 0.1, ""ops"": [""+"", ""-"", ""*"", ""/"", ""sin"", ""cos"", ""exp"", ""log""], ""succ_error_tol"": 1e-06}","{""K"": 500, ""c"": 6.0, ""exploration_rate"": 0.1, ""gamma"": 0.5, ""gp_rate"": 0.5, ""lm_iterations"": 10, ""max_constants"": 999, ""max_depth"": 6, ""max_evals"": 2000000, ""max_unary"": 999, ""mutation_rate"": 0.1, ""ops"": [""+"", ""-"", ""*"", ""/"", ""sin"", ""cos"", ""exp"", ""log""], ""succ_error_tol"": 1e-06}",0.5
imcts,Livermore,18,Livermore-18,expression,12,11964,40,20,20,1,"[""x0""]",sin(x[0]**2)*cos(x[0]) - 5,0.9473130702972412,False,0.9969066688987539,0.9946652668289431,23.0,2000002,15.111820275953505,0.0,0,(sin(x0 / x0) - x0 / x0 * x0 * x0) / (cos(x0) + cos(x0)) - (exp(cos(x0)) + exp(x0 / x0)),(sin(x0 / x0) - x0 / x0 * x0 * x0) / (cos(x0) + cos(x0)) - (exp(cos(x0)) + exp(x0 / x0)),-(x0**2 - sin(1))/(2*cos(x0)) - exp(cos(x0)) - E,[],"{""K"": 500, ""c"": 6.0, ""exploration_rate"": 0.1, ""gamma"": 0.5, ""gp_rate"": 0.5, ""lm_iterations"": 10, ""max_constants"": 999, ""max_depth"": 6, ""max_evals"": 2000000, ""max_unary"": 999, ""mutation_rate"": 0.1, ""ops"": [""+"", ""-"", ""*"", ""/"", ""sin"", ""cos"", ""exp"", ""log""], ""succ_error_tol"": 1e-06}","{""K"": 500, ""c"": 6.0, ""exploration_rate"": 0.1, ""gamma"": 0.5, ""gp_rate"": 0.5, ""lm_iterations"": 10, ""max_constants"": 999, ""max_depth"": 6, ""max_evals"": 2000000, ""max_unary"": 999, ""mutation_rate"": 0.1, ""ops"": [""+"", ""-"", ""*"", ""/"", ""sin"", ""cos"", ""exp"", ""log""], ""succ_error_tol"": 1e-06}",0.5
imcts,Livermore,18,Livermore-18,expression,13,11284,40,20,20,1,"[""x0""]",sin(x[0]**2)*cos(x[0]) - 5,0.9999992251396179,True,1.0,1.0,9.0,1144983,8.027761734032538,0.0,0,cos(x0) * sin(x0 * x0) - (x0 / x0 + x0 / x0) - (x0 / x0 + x0 / x0 + x0 / x0),cos(x0) * sin(x0 * x0) - (x0 / x0 + x0 / x0) - (x0 / x0 + x0 / x0 + x0 / x0),sin(x0**2)*cos(x0) - 5,[],"{""K"": 500, ""c"": 6.0, ""exploration_rate"": 0.1, ""gamma"": 0.5, ""gp_rate"": 0.5, ""lm_iterations"": 10, ""max_constants"": 999, ""max_depth"": 6, ""max_evals"": 2000000, ""max_unary"": 999, ""mutation_rate"": 0.1, ""ops"": [""+"", ""-"", ""*"", ""/"", ""sin"", ""cos"", ""exp"", ""log""], ""succ_error_tol"": 1e-06}","{""K"": 500, ""c"": 6.0, ""exploration_rate"": 0.1, ""gamma"": 0.5, ""gp_rate"": 0.5, ""lm_iterations"": 10, ""max_constants"": 999, ""max_depth"": 6, ""max_evals"": 2000000, ""max_unary"": 999, ""mutation_rate"": 0.1, ""ops"": [""+"", ""-"", ""*"", ""/"", ""sin"", ""cos"", ""exp"", ""log""], ""succ_error_tol"": 1e-06}",0.5
imcts,Livermore,18,Livermore-18,expression,14,22118,40,20,20,1,"[""x0""]",sin(x[0]**2)*cos(x[0]) - 5,0.9682212471961975,False,0.9989227241795733,0.999493835973585,10.0,2000001,14.927135007048491,0.0,0,cos(x0 * x0) - (x0 - x0) * (x0 + x0) / (x0 / x0 + x0) - (x0 / x0 + cos(x0) + cos(x0) + x0 / x0 + (x0 + x0) / x0),cos(x0 * x0) - (x0 - x0) * (x0 + x0) / (x0 / x0 + x0) - (x0 / x0 + cos(x0) + cos(x0) + x0 / x0 + (x0 + x0) / x0),-2*cos(x0) + cos(x0**2) - 4,[],"{""K"": 500, ""c"": 6.0, ""exploration_rate"": 0.1, ""gamma"": 0.5, ""gp_rate"": 0.5, ""lm_iterations"": 10, ""max_constants"": 999, ""max_depth"": 6, ""max_evals"": 2000000, ""max_unary"": 999, ""mutation_rate"": 0.1, ""ops"": [""+"", ""-"", ""*"", ""/"", ""sin"", ""cos"", ""exp"", ""log""], ""succ_error_tol"": 1e-06}","{""K"": 500, ""c"": 6.0, ""exploration_rate"": 0.1, ""gamma"": 0.5, ""gp_rate"": 0.5, ""lm_iterations"": 10, ""max_constants"": 999, ""max_depth"": 6, ""max_evals"": 2000000, ""max_unary"": 999, ""mutation_rate"": 0.1, ""ops"": [""+"", ""-"", ""*"", ""/"", ""sin"", ""cos"", ""exp"", ""log""], ""succ_error_tol"": 1e-06}",0.5
imcts,Livermore,18,Livermore-18,expression,15,6265,40,20,20,1,"[""x0""]",sin(x[0]**2)*cos(x[0]) - 5,0.9964724779129028,False,0.9999874681533554,0.99999218349631,42.0,2000004,14.485668256005738,0.0,0,(sin(x0 * x0) + sin(x0 / x0)) * sin(x0) * (sin(x0) - x0) - (cos(x0) * cos(x0) + x0 / sin(x0) + (sin(x0) + x0 + x0) / x0),(sin(x0 * x0) + sin(x0 / x0)) * sin(x0) * (sin(x0) - x0) - (cos(x0) * cos(x0) + x0 / sin(x0) + (sin(x0) + x0 + x0) / x0),-x0/sin(x0) - (x0 - sin(x0))*(sin(x0**2) + sin(1))*sin(x0) - cos(x0)**2 - (2*x0 + sin(x0))/x0,[],"{""K"": 500, ""c"": 6.0, ""exploration_rate"": 0.1, ""gamma"": 0.5, ""gp_rate"": 0.5, ""lm_iterations"": 10, ""max_constants"": 999, ""max_depth"": 6, ""max_evals"": 2000000, ""max_unary"": 999, ""mutation_rate"": 0.1, ""ops"": [""+"", ""-"", ""*"", ""/"", ""sin"", ""cos"", ""exp"", ""log""], ""succ_error_tol"": 1e-06}","{""K"": 500, ""c"": 6.0, ""exploration_rate"": 0.1, ""gamma"": 0.5, ""gp_rate"": 0.5, ""lm_iterations"": 10, ""max_constants"": 999, ""max_depth"": 6, ""max_evals"": 2000000, ""max_unary"": 999, ""mutation_rate"": 0.1, ""ops"": [""+"", ""-"", ""*"", ""/"", ""sin"", ""cos"", ""exp"", ""log""], ""succ_error_tol"": 1e-06}",0.5
imcts,Livermore,18,Livermore-18,expression,16,11363,40,20,20,1,"[""x0""]",sin(x[0]**2)*cos(x[0]) - 5,0.9999990463256836,True,1.0,1.0,9.0,1883855,13.58418474701466,0.0,0,cos(x0) * sin(x0 * x0) - ((x0 + x0) / x0 + (x0 + x0) / x0) - x0 / x0 / (x0 / x0),cos(x0) * sin(x0 * x0) - ((x0 + x0) / x0 + (x0 + x0) / x0) - x0 / x0 / (x0 / x0),sin(x0**2)*cos(x0) - 5,[],"{""K"": 500, ""c"": 6.0, ""exploration_rate"": 0.1, ""gamma"": 0.5, ""gp_rate"": 0.5, ""lm_iterations"": 10, ""max_constants"": 999, ""max_depth"": 6, ""max_evals"": 2000000, ""max_unary"": 999, ""mutation_rate"": 0.1, ""ops"": [""+"", ""-"", ""*"", ""/"", ""sin"", ""cos"", ""exp"", ""log""], ""succ_error_tol"": 1e-06}","{""K"": 500, ""c"": 6.0, ""exploration_rate"": 0.1, ""gamma"": 0.5, ""gp_rate"": 0.5, ""lm_iterations"": 10, ""max_constants"": 999, ""max_depth"": 6, ""max_evals"": 2000000, ""max_unary"": 999, ""mutation_rate"": 0.1, ""ops"": [""+"", ""-"", ""*"", ""/"", ""sin"", ""cos"", ""exp"", ""log""], ""succ_error_tol"": 1e-06}",0.5
imcts,Livermore,18,Livermore-18,expression,17,27495,40,20,20,1,"[""x0""]",sin(x[0]**2)*cos(x[0]) - 5,0.9894427061080933,False,0.9998861515366686,0.9998580259405159,19.0,2000007,13.756227433041204,0.0,0,log(cos(x0)) - (x0 + x0) / sin(x0) - x0 / sin(x0) - (cos(x0) - sin(x0) * sin(x0) + cos(x0)),log(cos(x0)) - (x0 + x0) / sin(x0) - x0 / sin(x0) - (cos(x0) - sin(x0) * sin(x0) + cos(x0)),-3*x0/sin(x0) + log(cos(x0)) + sin(x0)**2 - 2*cos(x0),[],"{""K"": 500, ""c"": 6.0, ""exploration_rate"": 0.1, ""gamma"": 0.5, ""gp_rate"": 0.5, ""lm_iterations"": 10, ""max_constants"": 999, ""max_depth"": 6, ""max_evals"": 2000000, ""max_unary"": 999, ""mutation_rate"": 0.1, ""ops"": [""+"", ""-"", ""*"", ""/"", ""sin"", ""cos"", ""exp"", ""log""], ""succ_error_tol"": 1e-06}","{""K"": 500, ""c"": 6.0, ""exploration_rate"": 0.1, ""gamma"": 0.5, ""gp_rate"": 0.5, ""lm_iterations"": 10, ""max_constants"": 999, ""max_depth"": 6, ""max_evals"": 2000000, ""max_unary"": 999, ""mutation_rate"": 0.1, ""ops"": [""+"", ""-"", ""*"", ""/"", ""sin"", ""cos"", ""exp"", ""log""], ""succ_error_tol"": 1e-06}",0.5
imcts,Livermore,18,Livermore-18,expression,18,16023,40,20,20,1,"[""x0""]",sin(x[0]**2)*cos(x[0]) - 5,0.9740187525749207,False,0.9992884854751655,0.9993152600977874,10.0,2000002,14.515070828958414,0.0,0,cos(x0 * x0 / (x0 / x0)) - (cos(x0) + x0 / x0 + cos(x0) + x0 / x0 + x0 / x0 + x0 / x0),cos(x0 * x0 / (x0 / x0)) - (cos(x0) + x0 / x0 + cos(x0) + x0 / x0 + x0 / x0 + x0 / x0),-2*cos(x0) + cos(x0**2) - 4,[],"{""K"": 500, ""c"": 6.0, ""exploration_rate"": 0.1, ""gamma"": 0.5, ""gp_rate"": 0.5, ""lm_iterations"": 10, ""max_constants"": 999, ""max_depth"": 6, ""max_evals"": 2000000, ""max_unary"": 999, ""mutation_rate"": 0.1, ""ops"": [""+"", ""-"", ""*"", ""/"", ""sin"", ""cos"", ""exp"", ""log""], ""succ_error_tol"": 1e-06}","{""K"": 500, ""c"": 6.0, ""exploration_rate"": 0.1, ""gamma"": 0.5, ""gp_rate"": 0.5, ""lm_iterations"": 10, ""max_constants"": 999, ""max_depth"": 6, ""max_evals"": 2000000, ""max_unary"": 999, ""mutation_rate"": 0.1, ""ops"": [""+"", ""-"", ""*"", ""/"", ""sin"", ""cos"", ""exp"", ""log""], ""succ_error_tol"": 1e-06}",0.5
imcts,Livermore,18,Livermore-18,expression,19,8322,40,20,20,1,"[""x0""]",sin(x[0]**2)*cos(x[0]) - 5,0.9999990463256836,True,1.0,1.0,9.0,625467,3.9211492579779588,0.0,0,sin(x0 * x0) * cos(x0) * x0 / x0 - (x0 + x0 + x0) / x0 - (x0 / x0 + x0 / x0),sin(x0 * x0) * cos(x0) * x0 / x0 - (x0 + x0 + x0) / x0 - (x0 / x0 + x0 / x0),sin(x0**2)*cos(x0) - 5,[],"{""K"": 500, ""c"": 6.0, ""exploration_rate"": 0.1, ""gamma"": 0.5, ""gp_rate"": 0.5, ""lm_iterations"": 10, ""max_constants"": 999, ""max_depth"": 6, ""max_evals"": 2000000, ""max_unary"": 999, ""mutation_rate"": 0.1, ""ops"": [""+"", ""-"", ""*"", ""/"", ""sin"", ""cos"", ""exp"", ""log""], ""succ_error_tol"": 1e-06}","{""K"": 500, ""c"": 6.0, ""exploration_rate"": 0.1, ""gamma"": 0.5, ""gp_rate"": 0.5, ""lm_iterations"": 10, ""max_constants"": 999, ""max_depth"": 6, ""max_evals"": 2000000, ""max_unary"": 999, ""mutation_rate"": 0.1, ""ops"": [""+"", ""-"", ""*"", ""/"", ""sin"", ""cos"", ""exp"", ""log""], ""succ_error_tol"": 1e-06}",0.5
imcts,Livermore,18,Livermore-18,expression,20,1685,40,20,20,1,"[""x0""]",sin(x[0]**2)*cos(x[0]) - 5,0.9431774020195007,False,0.9963704258330247,0.9958830316407985,31.0,2000001,15.052635474014096,0.0,0,sin(x0 / x0) * x0 / x0 / (sin(x0) * sin(x0) + x0 / x0 + cos(x0)) - (sin(x0) * cos(x0) * x0 * x0 * x0 + exp(cos(x0)) + exp(x0 / x0)),sin(x0 / x0) * x0 / x0 / (sin(x0) * sin(x0) + x0 / x0 + cos(x0)) - (sin(x0) * cos(x0) * x0 * x0 * x0 + exp(cos(x0)) + exp(x0 / x0)),-x0**3*sin(x0)*cos(x0) - exp(cos(x0)) - E + sin(1)/(sin(x0)**2 + cos(x0) + 1),[],"{""K"": 500, ""c"": 6.0, ""exploration_rate"": 0.1, ""gamma"": 0.5, ""gp_rate"": 0.5, ""lm_iterations"": 10, ""max_constants"": 999, ""max_depth"": 6, ""max_evals"": 2000000, ""max_unary"": 999, ""mutation_rate"": 0.1, ""ops"": [""+"", ""-"", ""*"", ""/"", ""sin"", ""cos"", ""exp"", ""log""], ""succ_error_tol"": 1e-06}","{""K"": 500, ""c"": 6.0, ""exploration_rate"": 0.1, ""gamma"": 0.5, ""gp_rate"": 0.5, ""lm_iterations"": 10, ""max_constants"": 999, ""max_depth"": 6, ""max_evals"": 2000000, ""max_unary"": 999, ""mutation_rate"": 0.1, ""ops"": [""+"", ""-"", ""*"", ""/"", ""sin"", ""cos"", ""exp"", ""log""], ""succ_error_tol"": 1e-06}",0.5
imcts,Livermore,18,Livermore-18,expression,21,32052,40,20,20,1,"[""x0""]",sin(x[0]**2)*cos(x[0]) - 5,0.9654504060745239,False,0.9987193745163632,0.9986826760009194,34.0,2000005,13.434117808006704,0.0,0,sin(x0 / x0) - exp(cos(x0)) - exp(x0 / sin(x0)) - (x0 + x0) / sin(x0) * cos(x0 / x0) / (sin(x0) * sin(x0) + exp(x0 / x0)),sin(x0 / x0) - exp(cos(x0)) - exp(x0 / sin(x0)) - (x0 + x0) / sin(x0) * cos(x0 / x0) / (sin(x0) * sin(x0) + exp(x0 / x0)),-2*x0*cos(1)/((sin(x0)**2 + E)*sin(x0)) - exp(x0/sin(x0)) - exp(cos(x0)) + sin(1),[],"{""K"": 500, ""c"": 6.0, ""exploration_rate"": 0.1, ""gamma"": 0.5, ""gp_rate"": 0.5, ""lm_iterations"": 10, ""max_constants"": 999, ""max_depth"": 6, ""max_evals"": 2000000, ""max_unary"": 999, ""mutation_rate"": 0.1, ""ops"": [""+"", ""-"", ""*"", ""/"", ""sin"", ""cos"", ""exp"", ""log""], ""succ_error_tol"": 1e-06}","{""K"": 500, ""c"": 6.0, ""exploration_rate"": 0.1, ""gamma"": 0.5, ""gp_rate"": 0.5, ""lm_iterations"": 10, ""max_constants"": 999, ""max_depth"": 6, ""max_evals"": 2000000, ""max_unary"": 999, ""mutation_rate"": 0.1, ""ops"": [""+"", ""-"", ""*"", ""/"", ""sin"", ""cos"", ""exp"", ""log""], ""succ_error_tol"": 1e-06}",0.5
imcts,Livermore,18,Livermore-18,expression,22,769,40,20,20,1,"[""x0""]",sin(x[0]**2)*cos(x[0]) - 5,0.9532485008239746,False,0.9975946713245901,0.995955224586714,36.0,2000003,13.392308638023678,0.0,0,x0 - exp(x0) - exp(cos(x0)) - exp(sin(x0) - x0) - cos(x0 / x0) / (cos(x0 * x0) + exp(x0) - x0),x0 - exp(x0) - exp(cos(x0)) - exp(sin(x0) - x0) - cos(x0 / x0) / (cos(x0 * x0) + exp(x0) - x0),x0 - exp(x0) - exp(-x0 + sin(x0)) - exp(cos(x0)) - cos(1)/(-x0 + exp(x0) + cos(x0**2)),[],"{""K"": 500, ""c"": 6.0, ""exploration_rate"": 0.1, ""gamma"": 0.5, ""gp_rate"": 0.5, ""lm_iterations"": 10, ""max_constants"": 999, ""max_depth"": 6, ""max_evals"": 2000000, ""max_unary"": 999, ""mutation_rate"": 0.1, ""ops"": [""+"", ""-"", ""*"", ""/"", ""sin"", ""cos"", ""exp"", ""log""], ""succ_error_tol"": 1e-06}","{""K"": 500, ""c"": 6.0, ""exploration_rate"": 0.1, ""gamma"": 0.5, ""gp_rate"": 0.5, ""lm_iterations"": 10, ""max_constants"": 999, ""max_depth"": 6, ""max_evals"": 2000000, ""max_unary"": 999, ""mutation_rate"": 0.1, ""ops"": [""+"", ""-"", ""*"", ""/"", ""sin"", ""cos"", ""exp"", ""log""], ""succ_error_tol"": 1e-06}",0.5
imcts,Livermore,18,Livermore-18,expression,23,26967,40,20,20,1,"[""x0""]",sin(x[0]**2)*cos(x[0]) - 5,0.9547893404960632,False,0.9977578205523273,0.992746447976697,29.0,2000005,14.296242459036876,0.0,0,cos(x0 / (x0 + x0)) / (cos(x0) + x0 / sin(x0)) - (exp(x0 / sin(x0)) + exp(cos(x0))),cos(x0 / (x0 + x0)) / (cos(x0) + x0 / sin(x0)) - (exp(x0 / sin(x0)) + exp(cos(x0))),-exp(x0/sin(x0)) - exp(cos(x0)) + cos(1/2)/(x0/sin(x0) + cos(x0)),[],"{""K"": 500, ""c"": 6.0, ""exploration_rate"": 0.1, ""gamma"": 0.5, ""gp_rate"": 0.5, ""lm_iterations"": 10, ""max_constants"": 999, ""max_depth"": 6, ""max_evals"": 2000000, ""max_unary"": 999, ""mutation_rate"": 0.1, ""ops"": [""+"", ""-"", ""*"", ""/"", ""sin"", ""cos"", ""exp"", ""log""], ""succ_error_tol"": 1e-06}","{""K"": 500, ""c"": 6.0, ""exploration_rate"": 0.1, ""gamma"": 0.5, ""gp_rate"": 0.5, ""lm_iterations"": 10, ""max_constants"": 999, ""max_depth"": 6, ""max_evals"": 2000000, ""max_unary"": 999, ""mutation_rate"": 0.1, ""ops"": [""+"", ""-"", ""*"", ""/"", ""sin"", ""cos"", ""exp"", ""log""], ""succ_error_tol"": 1e-06}",0.5
imcts,Livermore,18,Livermore-18,expression,24,30187,40,20,20,1,"[""x0""]",sin(x[0]**2)*cos(x[0]) - 5,0.9999992251396179,True,1.0,1.0,9.0,467792,2.862971026042942,0.0,0,cos(x0) * sin(x0 * x0) - (x0 + x0 + x0 + x0) / x0 - x0 / x0,cos(x0) * sin(x0 * x0) - (x0 + x0 + x0 + x0) / x0 - x0 / x0,sin(x0**2)*cos(x0) - 5,[],"{""K"": 500, ""c"": 6.0, ""exploration_rate"": 0.1, ""gamma"": 0.5, ""gp_rate"": 0.5, ""lm_iterations"": 10, ""max_constants"": 999, ""max_depth"": 6, ""max_evals"": 2000000, ""max_unary"": 999, ""mutation_rate"": 0.1, ""ops"": [""+"", ""-"", ""*"", ""/"", ""sin"", ""cos"", ""exp"", ""log""], ""succ_error_tol"": 1e-06}","{""K"": 500, ""c"": 6.0, ""exploration_rate"": 0.1, ""gamma"": 0.5, ""gp_rate"": 0.5, ""lm_iterations"": 10, ""max_constants"": 999, ""max_depth"": 6, ""max_evals"": 2000000, ""max_unary"": 999, ""mutation_rate"": 0.1, ""ops"": [""+"", ""-"", ""*"", ""/"", ""sin"", ""cos"", ""exp"", ""log""], ""succ_error_tol"": 1e-06}",0.5
imcts,Livermore,18,Livermore-18,expression,25,32157,40,20,20,1,"[""x0""]",sin(x[0]**2)*cos(x[0]) - 5,0.9999988675117493,False,1.0,1.0,9.0,2000000,13.681010120024439,0.0,0,sin(x0 * x0) * cos(x0) - x0 / x0 - (x0 + x0 + x0 + x0) / x0,sin(x0 * x0) * cos(x0) - x0 / x0 - (x0 + x0 + x0 + x0) / x0,sin(x0**2)*cos(x0) - 5,[],"{""K"": 500, ""c"": 6.0, ""exploration_rate"": 0.1, ""gamma"": 0.5, ""gp_rate"": 0.5, ""lm_iterations"": 10, ""max_constants"": 999, ""max_depth"": 6, ""max_evals"": 2000000, ""max_unary"": 999, ""mutation_rate"": 0.1, ""ops"": [""+"", ""-"", ""*"", ""/"", ""sin"", ""cos"", ""exp"", ""log""], ""succ_error_tol"": 1e-06}","{""K"": 500, ""c"": 6.0, ""exploration_rate"": 0.1, ""gamma"": 0.5, ""gp_rate"": 0.5, ""lm_iterations"": 10, ""max_constants"": 999, ""max_depth"": 6, ""max_evals"": 2000000, ""max_unary"": 999, ""mutation_rate"": 0.1, ""ops"": [""+"", ""-"", ""*"", ""/"", ""sin"", ""cos"", ""exp"", ""log""], ""succ_error_tol"": 1e-06}",0.5
imcts,Livermore,18,Livermore-18,expression,26,23333,40,20,20,1,"[""x0""]",sin(x[0]**2)*cos(x[0]) - 5,0.9791882634162903,False,0.9995482472710164,0.9995669939192858,10.0,2000005,13.942357971041929,0.0,0,cos(x0 * x0) - (x0 / x0 + cos(x0)) - cos(x0) * x0 / x0 - (x0 + x0 + x0) / x0,cos(x0 * x0) - (x0 / x0 + cos(x0)) - cos(x0) * x0 / x0 - (x0 + x0 + x0) / x0,-2*cos(x0) + cos(x0**2) - 4,[],"{""K"": 500, ""c"": 6.0, ""exploration_rate"": 0.1, ""gamma"": 0.5, ""gp_rate"": 0.5, ""lm_iterations"": 10, ""max_constants"": 999, ""max_depth"": 6, ""max_evals"": 2000000, ""max_unary"": 999, ""mutation_rate"": 0.1, ""ops"": [""+"", ""-"", ""*"", ""/"", ""sin"", ""cos"", ""exp"", ""log""], ""succ_error_tol"": 1e-06}","{""K"": 500, ""c"": 6.0, ""exploration_rate"": 0.1, ""gamma"": 0.5, ""gp_rate"": 0.5, ""lm_iterations"": 10, ""max_constants"": 999, ""max_depth"": 6, ""max_evals"": 2000000, ""max_unary"": 999, ""mutation_rate"": 0.1, ""ops"": [""+"", ""-"", ""*"", ""/"", ""sin"", ""cos"", ""exp"", ""log""], ""succ_error_tol"": 1e-06}",0.5
imcts,Livermore,18,Livermore-18,expression,27,2433,40,20,20,1,"[""x0""]",sin(x[0]**2)*cos(x[0]) - 5,0.943040132522583,False,0.9963518486637594,0.99594863640735,32.0,2000002,13.924122186028399,0.0,0,sin(x0 / x0 + x0 * x0) / (x0 / x0 + x0 / sin(x0)) - (exp(x0 / sin(x0)) + exp(cos(x0))),sin(x0 / x0 + x0 * x0) / (x0 / x0 + x0 / sin(x0)) - (exp(x0 / sin(x0)) + exp(cos(x0))),-exp(x0/sin(x0)) - exp(cos(x0)) + sin(x0**2 + 1)/(x0/sin(x0) + 1),[],"{""K"": 500, ""c"": 6.0, ""exploration_rate"": 0.1, ""gamma"": 0.5, ""gp_rate"": 0.5, ""lm_iterations"": 10, ""max_constants"": 999, ""max_depth"": 6, ""max_evals"": 2000000, ""max_unary"": 999, ""mutation_rate"": 0.1, ""ops"": [""+"", ""-"", ""*"", ""/"", ""sin"", ""cos"", ""exp"", ""log""], ""succ_error_tol"": 1e-06}","{""K"": 500, ""c"": 6.0, ""exploration_rate"": 0.1, ""gamma"": 0.5, ""gp_rate"": 0.5, ""lm_iterations"": 10, ""max_constants"": 999, ""max_depth"": 6, ""max_evals"": 2000000, ""max_unary"": 999, ""mutation_rate"": 0.1, ""ops"": [""+"", ""-"", ""*"", ""/"", ""sin"", ""cos"", ""exp"", ""log""], ""succ_error_tol"": 1e-06}",0.5
imcts,Livermore,18,Livermore-18,expression,28,5311,40,20,20,1,"[""x0""]",sin(x[0]**2)*cos(x[0]) - 5,0.9999986886978149,False,1.0,1.0,9.0,2000005,14.462589164962992,0.0,0,cos(x0) * sin(x0 * x0) - (sin(x0) + sin(x0)) / sin(x0) - ((x0 + x0) / x0 + x0 / x0),cos(x0) * sin(x0 * x0) - (sin(x0) + sin(x0)) / sin(x0) - ((x0 + x0) / x0 + x0 / x0),sin(x0**2)*cos(x0) - 5,[],"{""K"": 500, ""c"": 6.0, ""exploration_rate"": 0.1, ""gamma"": 0.5, ""gp_rate"": 0.5, ""lm_iterations"": 10, ""max_constants"": 999, ""max_depth"": 6, ""max_evals"": 2000000, ""max_unary"": 999, ""mutation_rate"": 0.1, ""ops"": [""+"", ""-"", ""*"", ""/"", ""sin"", ""cos"", ""exp"", ""log""], ""succ_error_tol"": 1e-06}","{""K"": 500, ""c"": 6.0, ""exploration_rate"": 0.1, ""gamma"": 0.5, ""gp_rate"": 0.5, ""lm_iterations"": 10, ""max_constants"": 999, ""max_depth"": 6, ""max_evals"": 2000000, ""max_unary"": 999, ""mutation_rate"": 0.1, ""ops"": [""+"", ""-"", ""*"", ""/"", ""sin"", ""cos"", ""exp"", ""log""], ""succ_error_tol"": 1e-06}",0.5
imcts,Livermore,18,Livermore-18,expression,29,5051,40,20,20,1,"[""x0""]",sin(x[0]**2)*cos(x[0]) - 5,0.9999991059303284,True,1.0,1.0,9.0,1286209,8.843151009990834,0.0,0,cos(x0) * sin(x0 * x0) - (x0 + x0 + x0) / x0 - (x0 + x0) / x0 / (x0 / x0),cos(x0) * sin(x0 * x0) - (x0 + x0 + x0) / x0 - (x0 + x0) / x0 / (x0 / x0),sin(x0**2)*cos(x0) - 5,[],"{""K"": 500, ""c"": 6.0, ""exploration_rate"": 0.1, ""gamma"": 0.5, ""gp_rate"": 0.5, ""lm_iterations"": 10, ""max_constants"": 999, ""max_depth"": 6, ""max_evals"": 2000000, ""max_unary"": 999, ""mutation_rate"": 0.1, ""ops"": [""+"", ""-"", ""*"", ""/"", ""sin"", ""cos"", ""exp"", ""log""], ""succ_error_tol"": 1e-06}","{""K"": 500, ""c"": 6.0, ""exploration_rate"": 0.1, ""gamma"": 0.5, ""gp_rate"": 0.5, ""lm_iterations"": 10, ""max_constants"": 999, ""max_depth"": 6, ""max_evals"": 2000000, ""max_unary"": 999, ""mutation_rate"": 0.1, ""ops"": [""+"", ""-"", ""*"", ""/"", ""sin"", ""cos"", ""exp"", ""log""], ""succ_error_tol"": 1e-06}",0.5
imcts,Livermore,18,Livermore-18,expression,30,6420,40,20,20,1,"[""x0""]",sin(x[0]**2)*cos(x[0]) - 5,0.9302374124526978,False,0.994375841360205,0.9915639336675224,32.0,2000006,15.13584385899594,0.0,0,cos(x0) * cos(x0) * cos(x0 + x0) / (sin(x0) - exp(x0) - exp(x0 / x0)) - (exp(x0 / x0) + x0 / x0 + sin(x0) / x0),cos(x0) * cos(x0) * cos(x0 + x0) / (sin(x0) - exp(x0) - exp(x0 / x0)) - (exp(x0 / x0) + x0 / x0 + sin(x0) / x0),-E - 1 - cos(x0)**2*cos(2*x0)/(exp(x0) - sin(x0) + E) - sin(x0)/x0,[],"{""K"": 500, ""c"": 6.0, ""exploration_rate"": 0.1, ""gamma"": 0.5, ""gp_rate"": 0.5, ""lm_iterations"": 10, ""max_constants"": 999, ""max_depth"": 6, ""max_evals"": 2000000, ""max_unary"": 999, ""mutation_rate"": 0.1, ""ops"": [""+"", ""-"", ""*"", ""/"", ""sin"", ""cos"", ""exp"", ""log""], ""succ_error_tol"": 1e-06}","{""K"": 500, ""c"": 6.0, ""exploration_rate"": 0.1, ""gamma"": 0.5, ""gp_rate"": 0.5, ""lm_iterations"": 10, ""max_constants"": 999, ""max_depth"": 6, ""max_evals"": 2000000, ""max_unary"": 999, ""mutation_rate"": 0.1, ""ops"": [""+"", ""-"", ""*"", ""/"", ""sin"", ""cos"", ""exp"", ""log""], ""succ_error_tol"": 1e-06}",0.5
imcts,Livermore,18,Livermore-18,expression,31,17568,40,20,20,1,"[""x0""]",sin(x[0]**2)*cos(x[0]) - 5,0.9555781483650208,False,0.9978389718119831,0.9958452185947034,37.0,2000002,14.096129604033194,0.0,0,sin(x0 / x0) * sin(x0) / (x0 + x0) - (exp(x0 / x0) + exp(cos(x0))) - sin(x0) * x0 * x0 * x0 / (sin(x0) / x0 + x0 * x0),sin(x0 / x0) * sin(x0) / (x0 + x0) - (exp(x0 / x0) + exp(cos(x0))) - sin(x0) * x0 * x0 * x0 / (sin(x0) / x0 + x0 * x0),-x0**3*sin(x0)/(x0**2 + sin(x0)/x0) - exp(cos(x0)) - E + sin(1)*sin(x0)/(2*x0),[],"{""K"": 500, ""c"": 6.0, ""exploration_rate"": 0.1, ""gamma"": 0.5, ""gp_rate"": 0.5, ""lm_iterations"": 10, ""max_constants"": 999, ""max_depth"": 6, ""max_evals"": 2000000, ""max_unary"": 999, ""mutation_rate"": 0.1, ""ops"": [""+"", ""-"", ""*"", ""/"", ""sin"", ""cos"", ""exp"", ""log""], ""succ_error_tol"": 1e-06}","{""K"": 500, ""c"": 6.0, ""exploration_rate"": 0.1, ""gamma"": 0.5, ""gp_rate"": 0.5, ""lm_iterations"": 10, ""max_constants"": 999, ""max_depth"": 6, ""max_evals"": 2000000, ""max_unary"": 999, ""mutation_rate"": 0.1, ""ops"": [""+"", ""-"", ""*"", ""/"", ""sin"", ""cos"", ""exp"", ""log""], ""succ_error_tol"": 1e-06}",0.5
imcts,Livermore,18,Livermore-18,expression,32,20939,40,20,20,1,"[""x0""]",sin(x[0]**2)*cos(x[0]) - 5,0.9999992251396179,True,1.0,1.0,9.0,1362417,10.17451564600924,0.0,0,sin(x0 * x0) * cos(x0) / (x0 / x0) - (x0 / x0 + x0 / x0 + x0 / x0 + x0 / x0 + x0 / x0),sin(x0 * x0) * cos(x0) / (x0 / x0) - (x0 / x0 + x0 / x0 + x0 / x0 + x0 / x0 + x0 / x0),sin(x0**2)*cos(x0) - 5,[],"{""K"": 500, ""c"": 6.0, ""exploration_rate"": 0.1, ""gamma"": 0.5, ""gp_rate"": 0.5, ""lm_iterations"": 10, ""max_constants"": 999, ""max_depth"": 6, ""max_evals"": 2000000, ""max_unary"": 999, ""mutation_rate"": 0.1, ""ops"": [""+"", ""-"", ""*"", ""/"", ""sin"", ""cos"", ""exp"", ""log""], ""succ_error_tol"": 1e-06}","{""K"": 500, ""c"": 6.0, ""exploration_rate"": 0.1, ""gamma"": 0.5, ""gp_rate"": 0.5, ""lm_iterations"": 10, ""max_constants"": 999, ""max_depth"": 6, ""max_evals"": 2000000, ""max_unary"": 999, ""mutation_rate"": 0.1, ""ops"": [""+"", ""-"", ""*"", ""/"", ""sin"", ""cos"", ""exp"", ""log""], ""succ_error_tol"": 1e-06}",0.5
imcts,Livermore,18,Livermore-18,expression,33,19769,40,20,20,1,"[""x0""]",sin(x[0]**2)*cos(x[0]) - 5,0.9870469570159912,False,0.9998277854833564,0.9998804863205928,22.0,2000003,14.34490468900185,0.0,0,(x0 + x0 + x0) * (sin(x0) - x0) - sin(x0) / x0 - (sin(x0) / x0 + x0 / x0 + cos(x0) + sin(x0) / x0),(x0 + x0 + x0) * (sin(x0) - x0) - sin(x0) / x0 - (sin(x0) / x0 + x0 / x0 + cos(x0) + sin(x0) / x0),-3*x0*(x0 - sin(x0)) - cos(x0) - 1 - 3*sin(x0)/x0,[],"{""K"": 500, ""c"": 6.0, ""exploration_rate"": 0.1, ""gamma"": 0.5, ""gp_rate"": 0.5, ""lm_iterations"": 10, ""max_constants"": 999, ""max_depth"": 6, ""max_evals"": 2000000, ""max_unary"": 999, ""mutation_rate"": 0.1, ""ops"": [""+"", ""-"", ""*"", ""/"", ""sin"", ""cos"", ""exp"", ""log""], ""succ_error_tol"": 1e-06}","{""K"": 500, ""c"": 6.0, ""exploration_rate"": 0.1, ""gamma"": 0.5, ""gp_rate"": 0.5, ""lm_iterations"": 10, ""max_constants"": 999, ""max_depth"": 6, ""max_evals"": 2000000, ""max_unary"": 999, ""mutation_rate"": 0.1, ""ops"": [""+"", ""-"", ""*"", ""/"", ""sin"", ""cos"", ""exp"", ""log""], ""succ_error_tol"": 1e-06}",0.5
imcts,Livermore,18,Livermore-18,expression,34,28693,40,20,20,1,"[""x0""]",sin(x[0]**2)*cos(x[0]) - 5,0.9263816475868225,False,0.9936847550352007,0.9925464127859478,20.0,2000004,14.443765206029639,0.0,0,x0 / x0 * x0 / x0 - exp(cos(x0)) - (exp(x0 / sin(x0)) + cos(x0 / x0)),x0 / x0 * x0 / x0 - exp(cos(x0)) - (exp(x0 / sin(x0)) + cos(x0 / x0)),-exp(x0/sin(x0)) - exp(cos(x0)) - cos(1) + 1,[],"{""K"": 500, ""c"": 6.0, ""exploration_rate"": 0.1, ""gamma"": 0.5, ""gp_rate"": 0.5, ""lm_iterations"": 10, ""max_constants"": 999, ""max_depth"": 6, ""max_evals"": 2000000, ""max_unary"": 999, ""mutation_rate"": 0.1, ""ops"": [""+"", ""-"", ""*"", ""/"", ""sin"", ""cos"", ""exp"", ""log""], ""succ_error_tol"": 1e-06}","{""K"": 500, ""c"": 6.0, ""exploration_rate"": 0.1, ""gamma"": 0.5, ""gp_rate"": 0.5, ""lm_iterations"": 10, ""max_constants"": 999, ""max_depth"": 6, ""max_evals"": 2000000, ""max_unary"": 999, ""mutation_rate"": 0.1, ""ops"": [""+"", ""-"", ""*"", ""/"", ""sin"", ""cos"", ""exp"", ""log""], ""succ_error_tol"": 1e-06}",0.5
imcts,Livermore,18,Livermore-18,expression,35,6396,40,20,20,1,"[""x0""]",sin(x[0]**2)*cos(x[0]) - 5,0.9999990463256836,True,1.0,1.0,9.0,943704,6.260052757977974,0.0,0,cos(x0) * sin(x0 * x0) - x0 / x0 * (x0 + x0) / x0 - (x0 + x0 + x0) / x0,cos(x0) * sin(x0 * x0) - x0 / x0 * (x0 + x0) / x0 - (x0 + x0 + x0) / x0,sin(x0**2)*cos(x0) - 5,[],"{""K"": 500, ""c"": 6.0, ""exploration_rate"": 0.1, ""gamma"": 0.5, ""gp_rate"": 0.5, ""lm_iterations"": 10, ""max_constants"": 999, ""max_depth"": 6, ""max_evals"": 2000000, ""max_unary"": 999, ""mutation_rate"": 0.1, ""ops"": [""+"", ""-"", ""*"", ""/"", ""sin"", ""cos"", ""exp"", ""log""], ""succ_error_tol"": 1e-06}","{""K"": 500, ""c"": 6.0, ""exploration_rate"": 0.1, ""gamma"": 0.5, ""gp_rate"": 0.5, ""lm_iterations"": 10, ""max_constants"": 999, ""max_depth"": 6, ""max_evals"": 2000000, ""max_unary"": 999, ""mutation_rate"": 0.1, ""ops"": [""+"", ""-"", ""*"", ""/"", ""sin"", ""cos"", ""exp"", ""log""], ""succ_error_tol"": 1e-06}",0.5
imcts,Livermore,18,Livermore-18,expression,36,29419,40,20,20,1,"[""x0""]",sin(x[0]**2)*cos(x[0]) - 5,0.9677526950836182,False,0.9988896458613207,0.998522877328418,35.0,2000000,14.806142918008845,0.0,0,exp(sin(x0) / (x0 + x0)) / (exp(cos(x0)) + x0 * x0 + cos(x0)) - (exp(x0 / sin(x0)) + exp(cos(x0))),exp(sin(x0) / (x0 + x0)) / (exp(cos(x0)) + x0 * x0 + cos(x0)) - (exp(x0 / sin(x0)) + exp(cos(x0))),-exp(x0/sin(x0)) - exp(cos(x0)) + exp(sin(x0)/(2*x0))/(x0**2 + exp(cos(x0)) + cos(x0)),[],"{""K"": 500, ""c"": 6.0, ""exploration_rate"": 0.1, ""gamma"": 0.5, ""gp_rate"": 0.5, ""lm_iterations"": 10, ""max_constants"": 999, ""max_depth"": 6, ""max_evals"": 2000000, ""max_unary"": 999, ""mutation_rate"": 0.1, ""ops"": [""+"", ""-"", ""*"", ""/"", ""sin"", ""cos"", ""exp"", ""log""], ""succ_error_tol"": 1e-06}","{""K"": 500, ""c"": 6.0, ""exploration_rate"": 0.1, ""gamma"": 0.5, ""gp_rate"": 0.5, ""lm_iterations"": 10, ""max_constants"": 999, ""max_depth"": 6, ""max_evals"": 2000000, ""max_unary"": 999, ""mutation_rate"": 0.1, ""ops"": [""+"", ""-"", ""*"", ""/"", ""sin"", ""cos"", ""exp"", ""log""], ""succ_error_tol"": 1e-06}",0.5
imcts,Livermore,18,Livermore-18,expression,37,27480,40,20,20,1,"[""x0""]",sin(x[0]**2)*cos(x[0]) - 5,0.9515237808227539,False,0.9974045028462486,0.9968731623339582,26.0,2000010,13.950271245033946,0.0,0,(sin(x0 / x0) - x0 * x0) / ((x0 + x0) / x0 - sin(x0 * x0)) - (exp(cos(x0 - x0)) + exp(cos(x0))),(sin(x0 / x0) - x0 * x0) / ((x0 + x0) / x0 - sin(x0 * x0)) - (exp(cos(x0 - x0)) + exp(cos(x0))),(x0**2 - sin(1))/(sin(x0**2) - 2) - exp(cos(x0)) - E,[],"{""K"": 500, ""c"": 6.0, ""exploration_rate"": 0.1, ""gamma"": 0.5, ""gp_rate"": 0.5, ""lm_iterations"": 10, ""max_constants"": 999, ""max_depth"": 6, ""max_evals"": 2000000, ""max_unary"": 999, ""mutation_rate"": 0.1, ""ops"": [""+"", ""-"", ""*"", ""/"", ""sin"", ""cos"", ""exp"", ""log""], ""succ_error_tol"": 1e-06}","{""K"": 500, ""c"": 6.0, ""exploration_rate"": 0.1, ""gamma"": 0.5, ""gp_rate"": 0.5, ""lm_iterations"": 10, ""max_constants"": 999, ""max_depth"": 6, ""max_evals"": 2000000, ""max_unary"": 999, ""mutation_rate"": 0.1, ""ops"": [""+"", ""-"", ""*"", ""/"", ""sin"", ""cos"", ""exp"", ""log""], ""succ_error_tol"": 1e-06}",0.5
imcts,Livermore,18,Livermore-18,expression,38,32304,40,20,20,1,"[""x0""]",sin(x[0]**2)*cos(x[0]) - 5,0.9773080348968506,False,0.9994608698517049,0.998277416909848,30.0,2000002,13.664520415011793,0.0,0,x0 - (x0 + x0 / x0 + cos(x0)) - (cos(x0) / cos(x0 * x0) + sin(x0) / x0 + x0 / sin(x0)),x0 - (x0 + x0 / x0 + cos(x0)) - (cos(x0) / cos(x0 * x0) + sin(x0) / x0 + x0 / sin(x0)),-x0/sin(x0) - cos(x0) - cos(x0)/cos(x0**2) - 1 - sin(x0)/x0,[],"{""K"": 500, ""c"": 6.0, ""exploration_rate"": 0.1, ""gamma"": 0.5, ""gp_rate"": 0.5, ""lm_iterations"": 10, ""max_constants"": 999, ""max_depth"": 6, ""max_evals"": 2000000, ""max_unary"": 999, ""mutation_rate"": 0.1, ""ops"": [""+"", ""-"", ""*"", ""/"", ""sin"", ""cos"", ""exp"", ""log""], ""succ_error_tol"": 1e-06}","{""K"": 500, ""c"": 6.0, ""exploration_rate"": 0.1, ""gamma"": 0.5, ""gp_rate"": 0.5, ""lm_iterations"": 10, ""max_constants"": 999, ""max_depth"": 6, ""max_evals"": 2000000, ""max_unary"": 999, ""mutation_rate"": 0.1, ""ops"": [""+"", ""-"", ""*"", ""/"", ""sin"", ""cos"", ""exp"", ""log""], ""succ_error_tol"": 1e-06}",0.5
imcts,Livermore,18,Livermore-18,expression,39,8666,40,20,20,1,"[""x0""]",sin(x[0]**2)*cos(x[0]) - 5,0.9601373076438904,False,0.9982762753073839,0.9982425374540567,41.0,2000000,13.806280814984348,0.0,0,x0 * x0 / sin(x0) - exp(cos(x0)) - (exp(x0) + sin(x0) / x0) - (x0 + x0 - x0) / (sin(x0) + sin(x0)) / (cos(x0 * x0) + sin(x0 / x0)),x0 * x0 / sin(x0) - exp(cos(x0)) - (exp(x0) + sin(x0) / x0) - (x0 + x0 - x0) / (sin(x0) + sin(x0)) / (cos(x0 * x0) + sin(x0 / x0)),x0**2/sin(x0) - x0/(2*(cos(x0**2) + sin(1))*sin(x0)) - exp(x0) - exp(cos(x0)) - sin(x0)/x0,[],"{""K"": 500, ""c"": 6.0, ""exploration_rate"": 0.1, ""gamma"": 0.5, ""gp_rate"": 0.5, ""lm_iterations"": 10, ""max_constants"": 999, ""max_depth"": 6, ""max_evals"": 2000000, ""max_unary"": 999, ""mutation_rate"": 0.1, ""ops"": [""+"", ""-"", ""*"", ""/"", ""sin"", ""cos"", ""exp"", ""log""], ""succ_error_tol"": 1e-06}","{""K"": 500, ""c"": 6.0, ""exploration_rate"": 0.1, ""gamma"": 0.5, ""gp_rate"": 0.5, ""lm_iterations"": 10, ""max_constants"": 999, ""max_depth"": 6, ""max_evals"": 2000000, ""max_unary"": 999, ""mutation_rate"": 0.1, ""ops"": [""+"", ""-"", ""*"", ""/"", ""sin"", ""cos"", ""exp"", ""log""], ""succ_error_tol"": 1e-06}",0.5
imcts,Livermore,18,Livermore-18,expression,40,25658,40,20,20,1,"[""x0""]",sin(x[0]**2)*cos(x[0]) - 5,0.9965803027153015,False,0.9999882241663769,0.9999908107115775,26.0,2000003,13.808094941952731,0.0,0,(cos(x0) + x0 - x0) * sin(x0 * x0) - exp(x0 / x0) / cos(x0 / x0) + (x0 / x0 - sin(x0 / x0)) / (exp(x0 / x0) / cos(x0 / x0)),(cos(x0) + x0 - x0) * sin(x0 * x0) - exp(x0 / x0) / cos(x0 / x0) + (x0 / x0 - sin(x0 / x0)) / (exp(x0 / x0) / cos(x0 / x0)),sin(x0**2)*cos(x0) - E/cos(1) + (1 - sin(1))*exp(-1)*cos(1),[],"{""K"": 500, ""c"": 6.0, ""exploration_rate"": 0.1, ""gamma"": 0.5, ""gp_rate"": 0.5, ""lm_iterations"": 10, ""max_constants"": 999, ""max_depth"": 6, ""max_evals"": 2000000, ""max_unary"": 999, ""mutation_rate"": 0.1, ""ops"": [""+"", ""-"", ""*"", ""/"", ""sin"", ""cos"", ""exp"", ""log""], ""succ_error_tol"": 1e-06}","{""K"": 500, ""c"": 6.0, ""exploration_rate"": 0.1, ""gamma"": 0.5, ""gp_rate"": 0.5, ""lm_iterations"": 10, ""max_constants"": 999, ""max_depth"": 6, ""max_evals"": 2000000, ""max_unary"": 999, ""mutation_rate"": 0.1, ""ops"": [""+"", ""-"", ""*"", ""/"", ""sin"", ""cos"", ""exp"", ""log""], ""succ_error_tol"": 1e-06}",0.5
imcts,Livermore,18,Livermore-18,expression,41,18942,40,20,20,1,"[""x0""]",sin(x[0]**2)*cos(x[0]) - 5,0.9999989867210388,False,1.0,1.0,9.0,2000000,14.449281578999944,0.0,0,cos(x0) * sin(x0 * x0) + x0 - x0 / x0 - (x0 / x0 + x0 / x0 + x0 + x0 / x0 + x0 / x0),cos(x0) * sin(x0 * x0) + x0 - x0 / x0 - (x0 / x0 + x0 / x0 + x0 + x0 / x0 + x0 / x0),sin(x0**2)*cos(x0) - 5,[],"{""K"": 500, ""c"": 6.0, ""exploration_rate"": 0.1, ""gamma"": 0.5, ""gp_rate"": 0.5, ""lm_iterations"": 10, ""max_constants"": 999, ""max_depth"": 6, ""max_evals"": 2000000, ""max_unary"": 999, ""mutation_rate"": 0.1, ""ops"": [""+"", ""-"", ""*"", ""/"", ""sin"", ""cos"", ""exp"", ""log""], ""succ_error_tol"": 1e-06}","{""K"": 500, ""c"": 6.0, ""exploration_rate"": 0.1, ""gamma"": 0.5, ""gp_rate"": 0.5, ""lm_iterations"": 10, ""max_constants"": 999, ""max_depth"": 6, ""max_evals"": 2000000, ""max_unary"": 999, ""mutation_rate"": 0.1, ""ops"": [""+"", ""-"", ""*"", ""/"", ""sin"", ""cos"", ""exp"", ""log""], ""succ_error_tol"": 1e-06}",0.5
imcts,Livermore,18,Livermore-18,expression,42,24233,40,20,20,1,"[""x0""]",sin(x[0]**2)*cos(x[0]) - 5,0.9837926626205444,False,0.9997285767575695,0.9996726736807982,31.0,2000006,14.07038183300756,0.0,0,cos(exp(x0 / x0)) + (x0 - sin(x0)) / exp(cos(x0)) + (x0 - exp(x0)) / exp(cos(x0)) - (exp(cos(x0)) + x0 / x0),cos(exp(x0 / x0)) + (x0 - sin(x0)) / exp(cos(x0)) + (x0 - exp(x0)) / exp(cos(x0)) - (exp(cos(x0)) + x0 / x0),(2*x0 + (-exp(cos(x0)) - 1 + cos(E))*exp(cos(x0)) - exp(x0) - sin(x0))*exp(-cos(x0)),[],"{""K"": 500, ""c"": 6.0, ""exploration_rate"": 0.1, ""gamma"": 0.5, ""gp_rate"": 0.5, ""lm_iterations"": 10, ""max_constants"": 999, ""max_depth"": 6, ""max_evals"": 2000000, ""max_unary"": 999, ""mutation_rate"": 0.1, ""ops"": [""+"", ""-"", ""*"", ""/"", ""sin"", ""cos"", ""exp"", ""log""], ""succ_error_tol"": 1e-06}","{""K"": 500, ""c"": 6.0, ""exploration_rate"": 0.1, ""gamma"": 0.5, ""gp_rate"": 0.5, ""lm_iterations"": 10, ""max_constants"": 999, ""max_depth"": 6, ""max_evals"": 2000000, ""max_unary"": 999, ""mutation_rate"": 0.1, ""ops"": [""+"", ""-"", ""*"", ""/"", ""sin"", ""cos"", ""exp"", ""log""], ""succ_error_tol"": 1e-06}",0.5
imcts,Livermore,18,Livermore-18,expression,43,18431,40,20,20,1,"[""x0""]",sin(x[0]**2)*cos(x[0]) - 5,0.9999990463256836,True,1.0,1.0,9.0,288003,1.6746530309901573,0.0,0,cos(x0) * sin(x0 * x0) - (x0 + x0) / x0 - (x0 / x0 + (x0 + x0) / x0),cos(x0) * sin(x0 * x0) - (x0 + x0) / x0 - (x0 / x0 + (x0 + x0) / x0),sin(x0**2)*cos(x0) - 5,[],"{""K"": 500, ""c"": 6.0, ""exploration_rate"": 0.1, ""gamma"": 0.5, ""gp_rate"": 0.5, ""lm_iterations"": 10, ""max_constants"": 999, ""max_depth"": 6, ""max_evals"": 2000000, ""max_unary"": 999, ""mutation_rate"": 0.1, ""ops"": [""+"", ""-"", ""*"", ""/"", ""sin"", ""cos"", ""exp"", ""log""], ""succ_error_tol"": 1e-06}","{""K"": 500, ""c"": 6.0, ""exploration_rate"": 0.1, ""gamma"": 0.5, ""gp_rate"": 0.5, ""lm_iterations"": 10, ""max_constants"": 999, ""max_depth"": 6, ""max_evals"": 2000000, ""max_unary"": 999, ""mutation_rate"": 0.1, ""ops"": [""+"", ""-"", ""*"", ""/"", ""sin"", ""cos"", ""exp"", ""log""], ""succ_error_tol"": 1e-06}",0.5
imcts,Livermore,18,Livermore-18,expression,44,32219,40,20,20,1,"[""x0""]",sin(x[0]**2)*cos(x[0]) - 5,0.9999991059303284,True,1.0,1.0,22.0,909356,5.809511066006962,0.0,0,sin(x0 * x0) - (x0 + x0) / x0 - (x0 + x0 + x0) / x0 - sin(x0 * x0) * sin(x0) * sin(x0) / (x0 / x0 + cos(x0)),sin(x0 * x0) - (x0 + x0) / x0 - (x0 + x0 + x0) / x0 - sin(x0 * x0) * sin(x0) * sin(x0) / (x0 / x0 + cos(x0)),sin(x0**2) - 5 - sin(x0)**2*sin(x0**2)/(cos(x0) + 1),[],"{""K"": 500, ""c"": 6.0, ""exploration_rate"": 0.1, ""gamma"": 0.5, ""gp_rate"": 0.5, ""lm_iterations"": 10, ""max_constants"": 999, ""max_depth"": 6, ""max_evals"": 2000000, ""max_unary"": 999, ""mutation_rate"": 0.1, ""ops"": [""+"", ""-"", ""*"", ""/"", ""sin"", ""cos"", ""exp"", ""log""], ""succ_error_tol"": 1e-06}","{""K"": 500, ""c"": 6.0, ""exploration_rate"": 0.1, ""gamma"": 0.5, ""gp_rate"": 0.5, ""lm_iterations"": 10, ""max_constants"": 999, ""max_depth"": 6, ""max_evals"": 2000000, ""max_unary"": 999, ""mutation_rate"": 0.1, ""ops"": [""+"", ""-"", ""*"", ""/"", ""sin"", ""cos"", ""exp"", ""log""], ""succ_error_tol"": 1e-06}",0.5
imcts,Livermore,18,Livermore-18,expression,45,2747,40,20,20,1,"[""x0""]",sin(x[0]**2)*cos(x[0]) - 5,0.9790582060813904,False,0.9995425009326743,0.999727103934212,29.0,2000000,15.05839147203369,0.0,0,sin(x0) * x0 + x0 * x0 - ((x0 + x0) / sin(x0) + sin(x0) / x0) - (sin(x0) / x0 + exp(x0 * sin(x0))),sin(x0) * x0 + x0 * x0 - ((x0 + x0) / sin(x0) + sin(x0) / x0) - (sin(x0) / x0 + exp(x0 * sin(x0))),x0**2 + x0*sin(x0) - 2*x0/sin(x0) - exp(x0*sin(x0)) - 2*sin(x0)/x0,[],"{""K"": 500, ""c"": 6.0, ""exploration_rate"": 0.1, ""gamma"": 0.5, ""gp_rate"": 0.5, ""lm_iterations"": 10, ""max_constants"": 999, ""max_depth"": 6, ""max_evals"": 2000000, ""max_unary"": 999, ""mutation_rate"": 0.1, ""ops"": [""+"", ""-"", ""*"", ""/"", ""sin"", ""cos"", ""exp"", ""log""], ""succ_error_tol"": 1e-06}","{""K"": 500, ""c"": 6.0, ""exploration_rate"": 0.1, ""gamma"": 0.5, ""gp_rate"": 0.5, ""lm_iterations"": 10, ""max_constants"": 999, ""max_depth"": 6, ""max_evals"": 2000000, ""max_unary"": 999, ""mutation_rate"": 0.1, ""ops"": [""+"", ""-"", ""*"", ""/"", ""sin"", ""cos"", ""exp"", ""log""], ""succ_error_tol"": 1e-06}",0.5
imcts,Livermore,18,Livermore-18,expression,46,25551,40,20,20,1,"[""x0""]",sin(x[0]**2)*cos(x[0]) - 5,0.940494954586029,False,0.9959969177994618,0.9963893199834053,27.0,2000011,14.879284579015803,0.0,0,sin(x0 / x0) * cos(x0 / x0) - (exp(x0 / x0) - log(cos(x0))) - (exp(cos(x0)) - cos(x0) * sin(x0) * (x0 - sin(x0))),sin(x0 / x0) * cos(x0 / x0) - (exp(x0 / x0) - log(cos(x0))) - (exp(cos(x0)) - cos(x0) * sin(x0) * (x0 - sin(x0))),(x0 - sin(x0))*sin(x0)*cos(x0) - exp(cos(x0)) + log(cos(x0)) - E + sin(2)/2,[],"{""K"": 500, ""c"": 6.0, ""exploration_rate"": 0.1, ""gamma"": 0.5, ""gp_rate"": 0.5, ""lm_iterations"": 10, ""max_constants"": 999, ""max_depth"": 6, ""max_evals"": 2000000, ""max_unary"": 999, ""mutation_rate"": 0.1, ""ops"": [""+"", ""-"", ""*"", ""/"", ""sin"", ""cos"", ""exp"", ""log""], ""succ_error_tol"": 1e-06}","{""K"": 500, ""c"": 6.0, ""exploration_rate"": 0.1, ""gamma"": 0.5, ""gp_rate"": 0.5, ""lm_iterations"": 10, ""max_constants"": 999, ""max_depth"": 6, ""max_evals"": 2000000, ""max_unary"": 999, ""mutation_rate"": 0.1, ""ops"": [""+"", ""-"", ""*"", ""/"", ""sin"", ""cos"", ""exp"", ""log""], ""succ_error_tol"": 1e-06}",0.5
imcts,Livermore,18,Livermore-18,expression,47,26382,40,20,20,1,"[""x0""]",sin(x[0]**2)*cos(x[0]) - 5,0.9392400979995728,False,0.9958151364020226,0.9922372842473011,34.0,2000006,13.75717589998385,0.0,0,log(cos(x0) * cos(x0)) - exp(cos(x0)) / cos(x0 / x0) - sin(x0) * cos(x0) * sin(x0 + x0) * x0 * sin(x0) / exp(x0 * x0),log(cos(x0) * cos(x0)) - exp(cos(x0)) / cos(x0 / x0) - sin(x0) * cos(x0) * sin(x0 + x0) * x0 * sin(x0) / exp(x0 * x0),-x0*exp(-x0**2)*sin(x0)**2*sin(2*x0)*cos(x0) - exp(cos(x0))/cos(1) + log(cos(x0)**2),[],"{""K"": 500, ""c"": 6.0, ""exploration_rate"": 0.1, ""gamma"": 0.5, ""gp_rate"": 0.5, ""lm_iterations"": 10, ""max_constants"": 999, ""max_depth"": 6, ""max_evals"": 2000000, ""max_unary"": 999, ""mutation_rate"": 0.1, ""ops"": [""+"", ""-"", ""*"", ""/"", ""sin"", ""cos"", ""exp"", ""log""], ""succ_error_tol"": 1e-06}","{""K"": 500, ""c"": 6.0, ""exploration_rate"": 0.1, ""gamma"": 0.5, ""gp_rate"": 0.5, ""lm_iterations"": 10, ""max_constants"": 999, ""max_depth"": 6, ""max_evals"": 2000000, ""max_unary"": 999, ""mutation_rate"": 0.1, ""ops"": [""+"", ""-"", ""*"", ""/"", ""sin"", ""cos"", ""exp"", ""log""], ""succ_error_tol"": 1e-06}",0.5
imcts,Livermore,18,Livermore-18,expression,48,189,40,20,20,1,"[""x0""]",sin(x[0]**2)*cos(x[0]) - 5,0.985167920589447,False,0.9997733365681271,0.9996220696117886,12.0,2000006,14.210713621985633,0.0,0,x0 * x0 - x0 / x0 - cos(x0 - x0) - x0 * x0 * x0 * x0 * cos(x0 / x0) - (x0 / x0 + x0 / x0 + cos(x0 - x0)),x0 * x0 - x0 / x0 - cos(x0 - x0) - x0 * x0 * x0 * x0 * cos(x0 / x0) - (x0 / x0 + x0 / x0 + cos(x0 - x0)),-x0**4*cos(1) + x0**2 - 5,[],"{""K"": 500, ""c"": 6.0, ""exploration_rate"": 0.1, ""gamma"": 0.5, ""gp_rate"": 0.5, ""lm_iterations"": 10, ""max_constants"": 999, ""max_depth"": 6, ""max_evals"": 2000000, ""max_unary"": 999, ""mutation_rate"": 0.1, ""ops"": [""+"", ""-"", ""*"", ""/"", ""sin"", ""cos"", ""exp"", ""log""], ""succ_error_tol"": 1e-06}","{""K"": 500, ""c"": 6.0, ""exploration_rate"": 0.1, ""gamma"": 0.5, ""gp_rate"": 0.5, ""lm_iterations"": 10, ""max_constants"": 999, ""max_depth"": 6, ""max_evals"": 2000000, ""max_unary"": 999, ""mutation_rate"": 0.1, ""ops"": [""+"", ""-"", ""*"", ""/"", ""sin"", ""cos"", ""exp"", ""log""], ""succ_error_tol"": 1e-06}",0.5
imcts,Livermore,18,Livermore-18,expression,49,31677,40,20,20,1,"[""x0""]",sin(x[0]**2)*cos(x[0]) - 5,0.9999992251396179,True,1.0,1.0,9.0,1136652,7.861286791041493,0.0,0,sin(x0 * x0) * x0 / x0 * cos(x0) - (x0 / x0 + x0 / x0 + x0 / x0 + x0 / x0 + x0 / x0),sin(x0 * x0) * x0 / x0 * cos(x0) - (x0 / x0 + x0 / x0 + x0 / x0 + x0 / x0 + x0 / x0),sin(x0**2)*cos(x0) - 5,[],"{""K"": 500, ""c"": 6.0, ""exploration_rate"": 0.1, ""gamma"": 0.5, ""gp_rate"": 0.5, ""lm_iterations"": 10, ""max_constants"": 999, ""max_depth"": 6, ""max_evals"": 2000000, ""max_unary"": 999, ""mutation_rate"": 0.1, ""ops"": [""+"", ""-"", ""*"", ""/"", ""sin"", ""cos"", ""exp"", ""log""], ""succ_error_tol"": 1e-06}","{""K"": 500, ""c"": 6.0, ""exploration_rate"": 0.1, ""gamma"": 0.5, ""gp_rate"": 0.5, ""lm_iterations"": 10, ""max_constants"": 999, ""max_depth"": 6, ""max_evals"": 2000000, ""max_unary"": 999, ""mutation_rate"": 0.1, ""ops"": [""+"", ""-"", ""*"", ""/"", ""sin"", ""cos"", ""exp"", ""log""], ""succ_error_tol"": 1e-06}",0.5
imcts,Livermore,18,Livermore-18,expression,50,19118,40,20,20,1,"[""x0""]",sin(x[0]**2)*cos(x[0]) - 5,0.9890745878219604,False,0.9998779783079673,0.9998605810621783,25.0,2000006,14.74694449902745,0.0,0,cos(x0 * x0 * x0) * x0 * (sin(x0) - x0) - (x0 / x0 / cos(x0) + cos(x0) + x0 / x0 + cos(x0) + cos(x0)),cos(x0 * x0 * x0) * x0 * (sin(x0) - x0) - (x0 / x0 / cos(x0) + cos(x0) + x0 / x0 + cos(x0) + cos(x0)),-x0*(x0 - sin(x0))*cos(x0**3) - 3*cos(x0) - 1 - 1/cos(x0),[],"{""K"": 500, ""c"": 6.0, ""exploration_rate"": 0.1, ""gamma"": 0.5, ""gp_rate"": 0.5, ""lm_iterations"": 10, ""max_constants"": 999, ""max_depth"": 6, ""max_evals"": 2000000, ""max_unary"": 999, ""mutation_rate"": 0.1, ""ops"": [""+"", ""-"", ""*"", ""/"", ""sin"", ""cos"", ""exp"", ""log""], ""succ_error_tol"": 1e-06}","{""K"": 500, ""c"": 6.0, ""exploration_rate"": 0.1, ""gamma"": 0.5, ""gp_rate"": 0.5, ""lm_iterations"": 10, ""max_constants"": 999, ""max_depth"": 6, ""max_evals"": 2000000, ""max_unary"": 999, ""mutation_rate"": 0.1, ""ops"": [""+"", ""-"", ""*"", ""/"", ""sin"", ""cos"", ""exp"", ""log""], ""succ_error_tol"": 1e-06}",0.5
imcts,Livermore,18,Livermore-18,expression,51,3005,40,20,20,1,"[""x0""]",sin(x[0]**2)*cos(x[0]) - 5,0.9999992251396179,True,1.0,1.0,9.0,519373,3.2173920609639026,0.0,0,x0 / x0 * cos(x0) * sin(x0 * x0) - (x0 / x0 + (x0 + x0) / x0) - (x0 + x0) / x0,x0 / x0 * cos(x0) * sin(x0 * x0) - (x0 / x0 + (x0 + x0) / x0) - (x0 + x0) / x0,sin(x0**2)*cos(x0) - 5,[],"{""K"": 500, ""c"": 6.0, ""exploration_rate"": 0.1, ""gamma"": 0.5, ""gp_rate"": 0.5, ""lm_iterations"": 10, ""max_constants"": 999, ""max_depth"": 6, ""max_evals"": 2000000, ""max_unary"": 999, ""mutation_rate"": 0.1, ""ops"": [""+"", ""-"", ""*"", ""/"", ""sin"", ""cos"", ""exp"", ""log""], ""succ_error_tol"": 1e-06}","{""K"": 500, ""c"": 6.0, ""exploration_rate"": 0.1, ""gamma"": 0.5, ""gp_rate"": 0.5, ""lm_iterations"": 10, ""max_constants"": 999, ""max_depth"": 6, ""max_evals"": 2000000, ""max_unary"": 999, ""mutation_rate"": 0.1, ""ops"": [""+"", ""-"", ""*"", ""/"", ""sin"", ""cos"", ""exp"", ""log""], ""succ_error_tol"": 1e-06}",0.5
imcts,Livermore,18,Livermore-18,expression,52,21042,40,20,20,1,"[""x0""]",sin(x[0]**2)*cos(x[0]) - 5,0.9999992251396179,True,1.0,1.0,9.0,103941,0.5412831800058484,0.0,0,sin(x0 * x0) * (x0 + cos(x0) - x0) - ((x0 + x0 + x0) / x0 + (x0 + x0 - (x0 - x0)) / x0),sin(x0 * x0) * (x0 + cos(x0) - x0) - ((x0 + x0 + x0) / x0 + (x0 + x0 - (x0 - x0)) / x0),sin(x0**2)*cos(x0) - 5,[],"{""K"": 500, ""c"": 6.0, ""exploration_rate"": 0.1, ""gamma"": 0.5, ""gp_rate"": 0.5, ""lm_iterations"": 10, ""max_constants"": 999, ""max_depth"": 6, ""max_evals"": 2000000, ""max_unary"": 999, ""mutation_rate"": 0.1, ""ops"": [""+"", ""-"", ""*"", ""/"", ""sin"", ""cos"", ""exp"", ""log""], ""succ_error_tol"": 1e-06}","{""K"": 500, ""c"": 6.0, ""exploration_rate"": 0.1, ""gamma"": 0.5, ""gp_rate"": 0.5, ""lm_iterations"": 10, ""max_constants"": 999, ""max_depth"": 6, ""max_evals"": 2000000, ""max_unary"": 999, ""mutation_rate"": 0.1, ""ops"": [""+"", ""-"", ""*"", ""/"", ""sin"", ""cos"", ""exp"", ""log""], ""succ_error_tol"": 1e-06}",0.5
imcts,Livermore,18,Livermore-18,expression,53,1899,40,20,20,1,"[""x0""]",sin(x[0]**2)*cos(x[0]) - 5,0.9999992847442627,True,1.0,1.0,9.0,1263626,9.080288344994187,0.0,0,sin(x0 * x0) * cos(x0) - x0 / x0 - (x0 / x0 + x0 / x0 + x0 / x0 + cos((x0 - x0) / (x0 + x0))),sin(x0 * x0) * cos(x0) - x0 / x0 - (x0 / x0 + x0 / x0 + x0 / x0 + cos((x0 - x0) / (x0 + x0))),sin(x0**2)*cos(x0) - 5,[],"{""K"": 500, ""c"": 6.0, ""exploration_rate"": 0.1, ""gamma"": 0.5, ""gp_rate"": 0.5, ""lm_iterations"": 10, ""max_constants"": 999, ""max_depth"": 6, ""max_evals"": 2000000, ""max_unary"": 999, ""mutation_rate"": 0.1, ""ops"": [""+"", ""-"", ""*"", ""/"", ""sin"", ""cos"", ""exp"", ""log""], ""succ_error_tol"": 1e-06}","{""K"": 500, ""c"": 6.0, ""exploration_rate"": 0.1, ""gamma"": 0.5, ""gp_rate"": 0.5, ""lm_iterations"": 10, ""max_constants"": 999, ""max_depth"": 6, ""max_evals"": 2000000, ""max_unary"": 999, ""mutation_rate"": 0.1, ""ops"": [""+"", ""-"", ""*"", ""/"", ""sin"", ""cos"", ""exp"", ""log""], ""succ_error_tol"": 1e-06}",0.5
imcts,Livermore,18,Livermore-18,expression,54,24118,40,20,20,1,"[""x0""]",sin(x[0]**2)*cos(x[0]) - 5,0.9999991655349731,True,1.0,1.0,9.0,1643830,11.778642492019571,0.0,0,sin(x0 * x0) * cos(x0) - (x0 + x0 + x0) / x0 - ((x0 + x0) / x0 - exp(x0) + exp(x0)),sin(x0 * x0) * cos(x0) - (x0 + x0 + x0) / x0 - ((x0 + x0) / x0 - exp(x0) + exp(x0)),sin(x0**2)*cos(x0) - 5,[],"{""K"": 500, ""c"": 6.0, ""exploration_rate"": 0.1, ""gamma"": 0.5, ""gp_rate"": 0.5, ""lm_iterations"": 10, ""max_constants"": 999, ""max_depth"": 6, ""max_evals"": 2000000, ""max_unary"": 999, ""mutation_rate"": 0.1, ""ops"": [""+"", ""-"", ""*"", ""/"", ""sin"", ""cos"", ""exp"", ""log""], ""succ_error_tol"": 1e-06}","{""K"": 500, ""c"": 6.0, ""exploration_rate"": 0.1, ""gamma"": 0.5, ""gp_rate"": 0.5, ""lm_iterations"": 10, ""max_constants"": 999, ""max_depth"": 6, ""max_evals"": 2000000, ""max_unary"": 999, ""mutation_rate"": 0.1, ""ops"": [""+"", ""-"", ""*"", ""/"", ""sin"", ""cos"", ""exp"", ""log""], ""succ_error_tol"": 1e-06}",0.5
imcts,Livermore,18,Livermore-18,expression,55,1267,40,20,20,1,"[""x0""]",sin(x[0]**2)*cos(x[0]) - 5,0.9999990463256836,True,1.0,1.0,9.0,89862,0.4491569600068033,0.0,0,cos(x0) * sin(x0 * x0) - (x0 + x0) / x0 - (x0 + x0 + x0) / x0,cos(x0) * sin(x0 * x0) - (x0 + x0) / x0 - (x0 + x0 + x0) / x0,sin(x0**2)*cos(x0) - 5,[],"{""K"": 500, ""c"": 6.0, ""exploration_rate"": 0.1, ""gamma"": 0.5, ""gp_rate"": 0.5, ""lm_iterations"": 10, ""max_constants"": 999, ""max_depth"": 6, ""max_evals"": 2000000, ""max_unary"": 999, ""mutation_rate"": 0.1, ""ops"": [""+"", ""-"", ""*"", ""/"", ""sin"", ""cos"", ""exp"", ""log""], ""succ_error_tol"": 1e-06}","{""K"": 500, ""c"": 6.0, ""exploration_rate"": 0.1, ""gamma"": 0.5, ""gp_rate"": 0.5, ""lm_iterations"": 10, ""max_constants"": 999, ""max_depth"": 6, ""max_evals"": 2000000, ""max_unary"": 999, ""mutation_rate"": 0.1, ""ops"": [""+"", ""-"", ""*"", ""/"", ""sin"", ""cos"", ""exp"", ""log""], ""succ_error_tol"": 1e-06}",0.5
imcts,Livermore,18,Livermore-18,expression,56,31551,40,20,20,1,"[""x0""]",sin(x[0]**2)*cos(x[0]) - 5,0.9722976088523865,False,0.9991882253991926,0.9994450235442597,10.0,2000000,14.635063602006994,0.0,0,cos(x0 * x0) - (cos(x0) + x0 / x0 + x0 / x0) - (x0 / x0 + x0 / x0 + cos(x0)),cos(x0 * x0) - (cos(x0) + x0 / x0 + x0 / x0) - (x0 / x0 + x0 / x0 + cos(x0)),-2*cos(x0) + cos(x0**2) - 4,[],"{""K"": 500, ""c"": 6.0, ""exploration_rate"": 0.1, ""gamma"": 0.5, ""gp_rate"": 0.5, ""lm_iterations"": 10, ""max_constants"": 999, ""max_depth"": 6, ""max_evals"": 2000000, ""max_unary"": 999, ""mutation_rate"": 0.1, ""ops"": [""+"", ""-"", ""*"", ""/"", ""sin"", ""cos"", ""exp"", ""log""], ""succ_error_tol"": 1e-06}","{""K"": 500, ""c"": 6.0, ""exploration_rate"": 0.1, ""gamma"": 0.5, ""gp_rate"": 0.5, ""lm_iterations"": 10, ""max_constants"": 999, ""max_depth"": 6, ""max_evals"": 2000000, ""max_unary"": 999, ""mutation_rate"": 0.1, ""ops"": [""+"", ""-"", ""*"", ""/"", ""sin"", ""cos"", ""exp"", ""log""], ""succ_error_tol"": 1e-06}",0.5
imcts,Livermore,18,Livermore-18,expression,57,17912,40,20,20,1,"[""x0""]",sin(x[0]**2)*cos(x[0]) - 5,0.9652573466300964,False,0.9987045034649836,0.998658527873434,30.0,2000013,13.946759162005037,0.0,0,cos(x0 / x0) - exp(cos(x0)) - exp(sin(x0 / x0)) - x0 / cos(x0) / x0 / (x0 / sin(x0) + cos(x0)),cos(x0 / x0) - exp(cos(x0)) - exp(sin(x0 / x0)) - x0 / cos(x0) / x0 / (x0 / sin(x0) + cos(x0)),-exp(cos(x0)) - exp(sin(1)) + cos(1) - 1/((x0/sin(x0) + cos(x0))*cos(x0)),[],"{""K"": 500, ""c"": 6.0, ""exploration_rate"": 0.1, ""gamma"": 0.5, ""gp_rate"": 0.5, ""lm_iterations"": 10, ""max_constants"": 999, ""max_depth"": 6, ""max_evals"": 2000000, ""max_unary"": 999, ""mutation_rate"": 0.1, ""ops"": [""+"", ""-"", ""*"", ""/"", ""sin"", ""cos"", ""exp"", ""log""], ""succ_error_tol"": 1e-06}","{""K"": 500, ""c"": 6.0, ""exploration_rate"": 0.1, ""gamma"": 0.5, ""gp_rate"": 0.5, ""lm_iterations"": 10, ""max_constants"": 999, ""max_depth"": 6, ""max_evals"": 2000000, ""max_unary"": 999, ""mutation_rate"": 0.1, ""ops"": [""+"", ""-"", ""*"", ""/"", ""sin"", ""cos"", ""exp"", ""log""], ""succ_error_tol"": 1e-06}",0.5
imcts,Livermore,18,Livermore-18,expression,58,11394,40,20,20,1,"[""x0""]",sin(x[0]**2)*cos(x[0]) - 5,0.9999992251396179,True,1.0,1.0,9.0,241075,1.3152166079962626,0.0,0,cos(x0) * sin(x0 * x0) - x0 / x0 - (x0 / x0 + (x0 + x0 + x0) / x0),cos(x0) * sin(x0 * x0) - x0 / x0 - (x0 / x0 + (x0 + x0 + x0) / x0),sin(x0**2)*cos(x0) - 5,[],"{""K"": 500, ""c"": 6.0, ""exploration_rate"": 0.1, ""gamma"": 0.5, ""gp_rate"": 0.5, ""lm_iterations"": 10, ""max_constants"": 999, ""max_depth"": 6, ""max_evals"": 2000000, ""max_unary"": 999, ""mutation_rate"": 0.1, ""ops"": [""+"", ""-"", ""*"", ""/"", ""sin"", ""cos"", ""exp"", ""log""], ""succ_error_tol"": 1e-06}","{""K"": 500, ""c"": 6.0, ""exploration_rate"": 0.1, ""gamma"": 0.5, ""gp_rate"": 0.5, ""lm_iterations"": 10, ""max_constants"": 999, ""max_depth"": 6, ""max_evals"": 2000000, ""max_unary"": 999, ""mutation_rate"": 0.1, ""ops"": [""+"", ""-"", ""*"", ""/"", ""sin"", ""cos"", ""exp"", ""log""], ""succ_error_tol"": 1e-06}",0.5
imcts,Livermore,18,Livermore-18,expression,59,3556,40,20,20,1,"[""x0""]",sin(x[0]**2)*cos(x[0]) - 5,0.9317532181739807,False,0.9946350921600131,0.9905452527711606,37.0,2000006,14.708941911987495,0.0,0,x0 / sin(x0) - (cos(x0 / x0) + exp(cos(x0))) - ((x0 - sin(x0)) / ((x0 + x0) * cos(x0)) + exp(x0 / x0) - log(cos(x0))),x0 / sin(x0) - (cos(x0 / x0) + exp(cos(x0))) - ((x0 - sin(x0)) / ((x0 + x0) * cos(x0)) + exp(x0 / x0) - log(cos(x0))),x0/sin(x0) - exp(cos(x0)) + log(cos(x0)) - E - cos(1) - (x0 - sin(x0))/(2*x0*cos(x0)),[],"{""K"": 500, ""c"": 6.0, ""exploration_rate"": 0.1, ""gamma"": 0.5, ""gp_rate"": 0.5, ""lm_iterations"": 10, ""max_constants"": 999, ""max_depth"": 6, ""max_evals"": 2000000, ""max_unary"": 999, ""mutation_rate"": 0.1, ""ops"": [""+"", ""-"", ""*"", ""/"", ""sin"", ""cos"", ""exp"", ""log""], ""succ_error_tol"": 1e-06}","{""K"": 500, ""c"": 6.0, ""exploration_rate"": 0.1, ""gamma"": 0.5, ""gp_rate"": 0.5, ""lm_iterations"": 10, ""max_constants"": 999, ""max_depth"": 6, ""max_evals"": 2000000, ""max_unary"": 999, ""mutation_rate"": 0.1, ""ops"": [""+"", ""-"", ""*"", ""/"", ""sin"", ""cos"", ""exp"", ""log""], ""succ_error_tol"": 1e-06}",0.5
imcts,Livermore,18,Livermore-18,expression,60,3890,40,20,20,1,"[""x0""]",sin(x[0]**2)*cos(x[0]) - 5,0.9391063451766968,False,0.9957954597828343,0.9981475785359513,28.0,2000005,14.555552591045853,0.0,0,cos(x0 / (x0 + x0)) / (x0 / x0 + sin(x0) / x0) - (exp(x0 / sin(x0)) + exp(cos(x0))),cos(x0 / (x0 + x0)) / (x0 / x0 + sin(x0) / x0) - (exp(x0 / sin(x0)) + exp(cos(x0))),-exp(x0/sin(x0)) - exp(cos(x0)) + cos(1/2)/(1 + sin(x0)/x0),[],"{""K"": 500, ""c"": 6.0, ""exploration_rate"": 0.1, ""gamma"": 0.5, ""gp_rate"": 0.5, ""lm_iterations"": 10, ""max_constants"": 999, ""max_depth"": 6, ""max_evals"": 2000000, ""max_unary"": 999, ""mutation_rate"": 0.1, ""ops"": [""+"", ""-"", ""*"", ""/"", ""sin"", ""cos"", ""exp"", ""log""], ""succ_error_tol"": 1e-06}","{""K"": 500, ""c"": 6.0, ""exploration_rate"": 0.1, ""gamma"": 0.5, ""gp_rate"": 0.5, ""lm_iterations"": 10, ""max_constants"": 999, ""max_depth"": 6, ""max_evals"": 2000000, ""max_unary"": 999, ""mutation_rate"": 0.1, ""ops"": [""+"", ""-"", ""*"", ""/"", ""sin"", ""cos"", ""exp"", ""log""], ""succ_error_tol"": 1e-06}",0.5
imcts,Livermore,18,Livermore-18,expression,61,8838,40,20,20,1,"[""x0""]",sin(x[0]**2)*cos(x[0]) - 5,0.977247416973114,False,0.999457935575213,0.9994080247691908,17.0,2000007,14.617557337973267,0.0,0,cos(x0 * x0 * x0 / x0) - (sin(x0) / x0 + cos(x0)) - ((x0 + x0) / x0 + sin(x0) / x0 + sin(x0) / x0),cos(x0 * x0 * x0 / x0) - (sin(x0) / x0 + cos(x0)) - ((x0 + x0) / x0 + sin(x0) / x0 + sin(x0) / x0),-cos(x0) + cos(x0**2) - 2 - 3*sin(x0)/x0,[],"{""K"": 500, ""c"": 6.0, ""exploration_rate"": 0.1, ""gamma"": 0.5, ""gp_rate"": 0.5, ""lm_iterations"": 10, ""max_constants"": 999, ""max_depth"": 6, ""max_evals"": 2000000, ""max_unary"": 999, ""mutation_rate"": 0.1, ""ops"": [""+"", ""-"", ""*"", ""/"", ""sin"", ""cos"", ""exp"", ""log""], ""succ_error_tol"": 1e-06}","{""K"": 500, ""c"": 6.0, ""exploration_rate"": 0.1, ""gamma"": 0.5, ""gp_rate"": 0.5, ""lm_iterations"": 10, ""max_constants"": 999, ""max_depth"": 6, ""max_evals"": 2000000, ""max_unary"": 999, ""mutation_rate"": 0.1, ""ops"": [""+"", ""-"", ""*"", ""/"", ""sin"", ""cos"", ""exp"", ""log""], ""succ_error_tol"": 1e-06}",0.5
imcts,Livermore,18,Livermore-18,expression,62,30740,40,20,20,1,"[""x0""]",sin(x[0]**2)*cos(x[0]) - 5,0.9838500618934631,False,0.9997305495710866,0.9998978078121704,37.0,2000007,14.156238046998624,0.0,0,cos(x0) / (cos(x0) / (x0 * x0) + x0 / (x0 + x0)) - ((sin(x0) + x0) / x0 + sin(x0) / x0 + (x0 + x0) / sin(x0)),cos(x0) / (cos(x0) / (x0 * x0) + x0 / (x0 + x0)) - ((sin(x0) + x0) / x0 + sin(x0) / x0 + (x0 + x0) / sin(x0)),-2*x0/sin(x0) + cos(x0)/(1/2 + cos(x0)/x0**2) - (x0 + sin(x0))/x0 - sin(x0)/x0,[],"{""K"": 500, ""c"": 6.0, ""exploration_rate"": 0.1, ""gamma"": 0.5, ""gp_rate"": 0.5, ""lm_iterations"": 10, ""max_constants"": 999, ""max_depth"": 6, ""max_evals"": 2000000, ""max_unary"": 999, ""mutation_rate"": 0.1, ""ops"": [""+"", ""-"", ""*"", ""/"", ""sin"", ""cos"", ""exp"", ""log""], ""succ_error_tol"": 1e-06}","{""K"": 500, ""c"": 6.0, ""exploration_rate"": 0.1, ""gamma"": 0.5, ""gp_rate"": 0.5, ""lm_iterations"": 10, ""max_constants"": 999, ""max_depth"": 6, ""max_evals"": 2000000, ""max_unary"": 999, ""mutation_rate"": 0.1, ""ops"": [""+"", ""-"", ""*"", ""/"", ""sin"", ""cos"", ""exp"", ""log""], ""succ_error_tol"": 1e-06}",0.5
imcts,Livermore,18,Livermore-18,expression,63,27464,40,20,20,1,"[""x0""]",sin(x[0]**2)*cos(x[0]) - 5,0.9708148837089539,False,0.999096247149598,0.990727117143007,30.0,2000004,14.889408050046768,0.0,0,x0 - cos(x0 + x0) - (cos(x0) - sin(x0)) - (x0 * x0 + x0 / x0 + exp(x0) + exp(x0) * cos(x0)),x0 - cos(x0 + x0) - (cos(x0) - sin(x0)) - (x0 * x0 + x0 / x0 + exp(x0) + exp(x0) * cos(x0)),-x0**2 + x0 - exp(x0)*cos(x0) - exp(x0) + sin(x0) - cos(x0) - cos(2*x0) - 1,[],"{""K"": 500, ""c"": 6.0, ""exploration_rate"": 0.1, ""gamma"": 0.5, ""gp_rate"": 0.5, ""lm_iterations"": 10, ""max_constants"": 999, ""max_depth"": 6, ""max_evals"": 2000000, ""max_unary"": 999, ""mutation_rate"": 0.1, ""ops"": [""+"", ""-"", ""*"", ""/"", ""sin"", ""cos"", ""exp"", ""log""], ""succ_error_tol"": 1e-06}","{""K"": 500, ""c"": 6.0, ""exploration_rate"": 0.1, ""gamma"": 0.5, ""gp_rate"": 0.5, ""lm_iterations"": 10, ""max_constants"": 999, ""max_depth"": 6, ""max_evals"": 2000000, ""max_unary"": 999, ""mutation_rate"": 0.1, ""ops"": [""+"", ""-"", ""*"", ""/"", ""sin"", ""cos"", ""exp"", ""log""], ""succ_error_tol"": 1e-06}",0.5
imcts,Livermore,18,Livermore-18,expression,64,14502,40,20,20,1,"[""x0""]",sin(x[0]**2)*cos(x[0]) - 5,0.9492819905281067,False,0.9971454800793247,0.9967229898310438,36.0,2000012,14.078355859965086,0.0,0,(x0 * x0 - x0) / (sin(x0) * x0 / x0) - (exp(x0) + exp(cos(x0))) - cos(x0) * cos(x0 / x0) / (exp(x0 * x0) + x0 / x0),(x0 * x0 - x0) / (sin(x0) * x0 / x0) - (exp(x0) + exp(cos(x0))) - cos(x0) * cos(x0 / x0) / (exp(x0 * x0) + x0 / x0),(x0**2 - x0)/sin(x0) - exp(x0) - exp(cos(x0)) - cos(1)*cos(x0)/(exp(x0**2) + 1),[],"{""K"": 500, ""c"": 6.0, ""exploration_rate"": 0.1, ""gamma"": 0.5, ""gp_rate"": 0.5, ""lm_iterations"": 10, ""max_constants"": 999, ""max_depth"": 6, ""max_evals"": 2000000, ""max_unary"": 999, ""mutation_rate"": 0.1, ""ops"": [""+"", ""-"", ""*"", ""/"", ""sin"", ""cos"", ""exp"", ""log""], ""succ_error_tol"": 1e-06}","{""K"": 500, ""c"": 6.0, ""exploration_rate"": 0.1, ""gamma"": 0.5, ""gp_rate"": 0.5, ""lm_iterations"": 10, ""max_constants"": 999, ""max_depth"": 6, ""max_evals"": 2000000, ""max_unary"": 999, ""mutation_rate"": 0.1, ""ops"": [""+"", ""-"", ""*"", ""/"", ""sin"", ""cos"", ""exp"", ""log""], ""succ_error_tol"": 1e-06}",0.5
imcts,Livermore,18,Livermore-18,expression,65,21777,40,20,20,1,"[""x0""]",sin(x[0]**2)*cos(x[0]) - 5,0.9894630908966064,False,0.9998866012552386,0.9995053633238579,23.0,2000001,14.164311163011007,0.0,0,sin(x0) * x0 - cos(x0) - sin(x0) / x0 - (exp(sin(x0) * x0) + sin(x0) / x0 + sin(x0) / x0),sin(x0) * x0 - cos(x0) - sin(x0) / x0 - (exp(sin(x0) * x0) + sin(x0) / x0 + sin(x0) / x0),x0*sin(x0) - exp(x0*sin(x0)) - cos(x0) - 3*sin(x0)/x0,[],"{""K"": 500, ""c"": 6.0, ""exploration_rate"": 0.1, ""gamma"": 0.5, ""gp_rate"": 0.5, ""lm_iterations"": 10, ""max_constants"": 999, ""max_depth"": 6, ""max_evals"": 2000000, ""max_unary"": 999, ""mutation_rate"": 0.1, ""ops"": [""+"", ""-"", ""*"", ""/"", ""sin"", ""cos"", ""exp"", ""log""], ""succ_error_tol"": 1e-06}","{""K"": 500, ""c"": 6.0, ""exploration_rate"": 0.1, ""gamma"": 0.5, ""gp_rate"": 0.5, ""lm_iterations"": 10, ""max_constants"": 999, ""max_depth"": 6, ""max_evals"": 2000000, ""max_unary"": 999, ""mutation_rate"": 0.1, ""ops"": [""+"", ""-"", ""*"", ""/"", ""sin"", ""cos"", ""exp"", ""log""], ""succ_error_tol"": 1e-06}",0.5
imcts,Livermore,18,Livermore-18,expression,66,10627,40,20,20,1,"[""x0""]",sin(x[0]**2)*cos(x[0]) - 5,0.9577434659004211,False,0.9980533617716586,0.99771782292256,27.0,2000002,14.691522903973237,0.0,0,x0 * x0 * cos(x0) - exp(sin(x0 / x0)) - (x0 / sin(x0) + x0 / x0 + (sin(x0) + sin(x0)) / (x0 + x0 + x0)),x0 * x0 * cos(x0) - exp(sin(x0 / x0)) - (x0 / sin(x0) + x0 / x0 + (sin(x0) + sin(x0)) / (x0 + x0 + x0)),x0**2*cos(x0) - x0/sin(x0) - exp(sin(1)) - 1 - 2*sin(x0)/(3*x0),[],"{""K"": 500, ""c"": 6.0, ""exploration_rate"": 0.1, ""gamma"": 0.5, ""gp_rate"": 0.5, ""lm_iterations"": 10, ""max_constants"": 999, ""max_depth"": 6, ""max_evals"": 2000000, ""max_unary"": 999, ""mutation_rate"": 0.1, ""ops"": [""+"", ""-"", ""*"", ""/"", ""sin"", ""cos"", ""exp"", ""log""], ""succ_error_tol"": 1e-06}","{""K"": 500, ""c"": 6.0, ""exploration_rate"": 0.1, ""gamma"": 0.5, ""gp_rate"": 0.5, ""lm_iterations"": 10, ""max_constants"": 999, ""max_depth"": 6, ""max_evals"": 2000000, ""max_unary"": 999, ""mutation_rate"": 0.1, ""ops"": [""+"", ""-"", ""*"", ""/"", ""sin"", ""cos"", ""exp"", ""log""], ""succ_error_tol"": 1e-06}",0.5
imcts,Livermore,18,Livermore-18,expression,67,8792,40,20,20,1,"[""x0""]",sin(x[0]**2)*cos(x[0]) - 5,0.9595218300819397,False,0.9982203689871393,0.9961739309802242,45.0,2000002,13.555535618972499,0.0,0,x0 * x0 / sin(x0) - exp(cos(x0)) - (exp(x0) + sin(x0) / x0) - sin(x0 / x0) / cos(x0 * x0) / (x0 / sin(x0) + (x0 + x0) / x0),x0 * x0 / sin(x0) - exp(cos(x0)) - (exp(x0) + sin(x0) / x0) - sin(x0 / x0) / cos(x0 * x0) / (x0 / sin(x0) + (x0 + x0) / x0),x0**2/sin(x0) - exp(x0) - exp(cos(x0)) - sin(1)/((x0/sin(x0) + 2)*cos(x0**2)) - sin(x0)/x0,[],"{""K"": 500, ""c"": 6.0, ""exploration_rate"": 0.1, ""gamma"": 0.5, ""gp_rate"": 0.5, ""lm_iterations"": 10, ""max_constants"": 999, ""max_depth"": 6, ""max_evals"": 2000000, ""max_unary"": 999, ""mutation_rate"": 0.1, ""ops"": [""+"", ""-"", ""*"", ""/"", ""sin"", ""cos"", ""exp"", ""log""], ""succ_error_tol"": 1e-06}","{""K"": 500, ""c"": 6.0, ""exploration_rate"": 0.1, ""gamma"": 0.5, ""gp_rate"": 0.5, ""lm_iterations"": 10, ""max_constants"": 999, ""max_depth"": 6, ""max_evals"": 2000000, ""max_unary"": 999, ""mutation_rate"": 0.1, ""ops"": [""+"", ""-"", ""*"", ""/"", ""sin"", ""cos"", ""exp"", ""log""], ""succ_error_tol"": 1e-06}",0.5
imcts,Livermore,18,Livermore-18,expression,68,10555,40,20,20,1,"[""x0""]",sin(x[0]**2)*cos(x[0]) - 5,0.9958776235580444,False,0.9999828663984861,0.9998874634011342,34.0,2000005,14.879476950969547,0.0,0,cos(x0 + x0) * (x0 - x0) - (cos(x0) * cos(x0) + sin(x0) / x0) - (x0 / sin(x0) + x0 / x0 + x0 / x0 - (sin(x0) - x0) * sin(x0) / cos(x0)),cos(x0 + x0) * (x0 - x0) - (cos(x0) * cos(x0) + sin(x0) / x0) - (x0 / sin(x0) + x0 / x0 + x0 / x0 - (sin(x0) - x0) * sin(x0) / cos(x0)),-x0*tan(x0) - x0/sin(x0) + sin(x0)**2 + sin(x0)**2/cos(x0) - 3 - sin(x0)/x0,[],"{""K"": 500, ""c"": 6.0, ""exploration_rate"": 0.1, ""gamma"": 0.5, ""gp_rate"": 0.5, ""lm_iterations"": 10, ""max_constants"": 999, ""max_depth"": 6, ""max_evals"": 2000000, ""max_unary"": 999, ""mutation_rate"": 0.1, ""ops"": [""+"", ""-"", ""*"", ""/"", ""sin"", ""cos"", ""exp"", ""log""], ""succ_error_tol"": 1e-06}","{""K"": 500, ""c"": 6.0, ""exploration_rate"": 0.1, ""gamma"": 0.5, ""gp_rate"": 0.5, ""lm_iterations"": 10, ""max_constants"": 999, ""max_depth"": 6, ""max_evals"": 2000000, ""max_unary"": 999, ""mutation_rate"": 0.1, ""ops"": [""+"", ""-"", ""*"", ""/"", ""sin"", ""cos"", ""exp"", ""log""], ""succ_error_tol"": 1e-06}",0.5
imcts,Livermore,18,Livermore-18,expression,69,10253,40,20,20,1,"[""x0""]",sin(x[0]**2)*cos(x[0]) - 5,0.9951357841491699,False,0.9999761094721077,0.9999220100575621,29.0,2000006,13.264239137992263,0.0,0,(sin(x0) + sin(x0)) / log(cos(x0)) * x0 - ((x0 - sin(x0)) * (sin(x0) + sin(x0)) + sin(x0) / (x0 * cos(x0))),(sin(x0) + sin(x0)) / log(cos(x0)) * x0 - ((x0 - sin(x0)) * (sin(x0) + sin(x0)) + sin(x0) / (x0 * cos(x0))),-2*x0*sin(x0) + 2*x0*sin(x0)/log(cos(x0)) + 2*sin(x0)**2 - tan(x0)/x0,[],"{""K"": 500, ""c"": 6.0, ""exploration_rate"": 0.1, ""gamma"": 0.5, ""gp_rate"": 0.5, ""lm_iterations"": 10, ""max_constants"": 999, ""max_depth"": 6, ""max_evals"": 2000000, ""max_unary"": 999, ""mutation_rate"": 0.1, ""ops"": [""+"", ""-"", ""*"", ""/"", ""sin"", ""cos"", ""exp"", ""log""], ""succ_error_tol"": 1e-06}","{""K"": 500, ""c"": 6.0, ""exploration_rate"": 0.1, ""gamma"": 0.5, ""gp_rate"": 0.5, ""lm_iterations"": 10, ""max_constants"": 999, ""max_depth"": 6, ""max_evals"": 2000000, ""max_unary"": 999, ""mutation_rate"": 0.1, ""ops"": [""+"", ""-"", ""*"", ""/"", ""sin"", ""cos"", ""exp"", ""log""], ""succ_error_tol"": 1e-06}",0.5
imcts,Livermore,18,Livermore-18,expression,70,8433,40,20,20,1,"[""x0""]",sin(x[0]**2)*cos(x[0]) - 5,0.9826614856719971,False,0.9996886686010441,0.9996272117615868,38.0,2000001,14.36346974503249,0.0,0,(sin(x0) / x0 - x0 * x0 * x0 * x0) / ((x0 + x0) / x0 + exp(x0 / x0)) - ((x0 + x0) / sin(x0) + sin(x0) / (x0 + x0) + exp(cos(x0))),(sin(x0) / x0 - x0 * x0 * x0 * x0) / ((x0 + x0) / x0 + exp(x0 / x0)) - ((x0 + x0) / sin(x0) + sin(x0) / (x0 + x0) + exp(cos(x0))),-2*x0/sin(x0) - (x0**4 - sin(x0)/x0)/(2 + E) - exp(cos(x0)) - sin(x0)/(2*x0),[],"{""K"": 500, ""c"": 6.0, ""exploration_rate"": 0.1, ""gamma"": 0.5, ""gp_rate"": 0.5, ""lm_iterations"": 10, ""max_constants"": 999, ""max_depth"": 6, ""max_evals"": 2000000, ""max_unary"": 999, ""mutation_rate"": 0.1, ""ops"": [""+"", ""-"", ""*"", ""/"", ""sin"", ""cos"", ""exp"", ""log""], ""succ_error_tol"": 1e-06}","{""K"": 500, ""c"": 6.0, ""exploration_rate"": 0.1, ""gamma"": 0.5, ""gp_rate"": 0.5, ""lm_iterations"": 10, ""max_constants"": 999, ""max_depth"": 6, ""max_evals"": 2000000, ""max_unary"": 999, ""mutation_rate"": 0.1, ""ops"": [""+"", ""-"", ""*"", ""/"", ""sin"", ""cos"", ""exp"", ""log""], ""succ_error_tol"": 1e-06}",0.5
imcts,Livermore,18,Livermore-18,expression,71,10233,40,20,20,1,"[""x0""]",sin(x[0]**2)*cos(x[0]) - 5,0.9677422642707825,False,0.9988889145426045,0.9986407277772232,29.0,2000003,13.66988471703371,0.0,0,x0 - x0 / x0 - exp(sin(x0)) - (x0 / x0 + cos(x0) + x0 / x0) + x0 * x0 * cos(x0 * x0) / (exp(x0) - x0),x0 - x0 / x0 - exp(sin(x0)) - (x0 / x0 + cos(x0) + x0 / x0) + x0 * x0 * cos(x0 * x0) / (exp(x0) - x0),-x0**2*cos(x0**2)/(x0 - exp(x0)) + x0 - exp(sin(x0)) - cos(x0) - 3,[],"{""K"": 500, ""c"": 6.0, ""exploration_rate"": 0.1, ""gamma"": 0.5, ""gp_rate"": 0.5, ""lm_iterations"": 10, ""max_constants"": 999, ""max_depth"": 6, ""max_evals"": 2000000, ""max_unary"": 999, ""mutation_rate"": 0.1, ""ops"": [""+"", ""-"", ""*"", ""/"", ""sin"", ""cos"", ""exp"", ""log""], ""succ_error_tol"": 1e-06}","{""K"": 500, ""c"": 6.0, ""exploration_rate"": 0.1, ""gamma"": 0.5, ""gp_rate"": 0.5, ""lm_iterations"": 10, ""max_constants"": 999, ""max_depth"": 6, ""max_evals"": 2000000, ""max_unary"": 999, ""mutation_rate"": 0.1, ""ops"": [""+"", ""-"", ""*"", ""/"", ""sin"", ""cos"", ""exp"", ""log""], ""succ_error_tol"": 1e-06}",0.5
imcts,Livermore,18,Livermore-18,expression,72,11016,40,20,20,1,"[""x0""]",sin(x[0]**2)*cos(x[0]) - 5,0.9898456931114197,False,0.9998947623669505,0.998867383148306,23.0,2000002,13.620439080987126,0.0,0,x0 * x0 * cos(x0) + x0 - (exp(x0) - x0 + x0 / x0) - (sin(x0) + (x0 + x0) / x0 + cos(x0)),x0 * x0 * cos(x0) + x0 - (exp(x0) - x0 + x0 / x0) - (sin(x0) + (x0 + x0) / x0 + cos(x0)),x0**2*cos(x0) + 2*x0 - exp(x0) - sin(x0) - cos(x0) - 3,[],"{""K"": 500, ""c"": 6.0, ""exploration_rate"": 0.1, ""gamma"": 0.5, ""gp_rate"": 0.5, ""lm_iterations"": 10, ""max_constants"": 999, ""max_depth"": 6, ""max_evals"": 2000000, ""max_unary"": 999, ""mutation_rate"": 0.1, ""ops"": [""+"", ""-"", ""*"", ""/"", ""sin"", ""cos"", ""exp"", ""log""], ""succ_error_tol"": 1e-06}","{""K"": 500, ""c"": 6.0, ""exploration_rate"": 0.1, ""gamma"": 0.5, ""gp_rate"": 0.5, ""lm_iterations"": 10, ""max_constants"": 999, ""max_depth"": 6, ""max_evals"": 2000000, ""max_unary"": 999, ""mutation_rate"": 0.1, ""ops"": [""+"", ""-"", ""*"", ""/"", ""sin"", ""cos"", ""exp"", ""log""], ""succ_error_tol"": 1e-06}",0.5
imcts,Livermore,18,Livermore-18,expression,73,23897,40,20,20,1,"[""x0""]",sin(x[0]**2)*cos(x[0]) - 5,0.9672499299049377,False,0.9988535635255159,0.9994641878970061,17.0,2000006,13.772857954027131,0.0,0,cos(x0 * x0) - cos(x0) - (x0 + sin(x0)) / x0 - (sin(x0) + sin(x0) + x0) / x0,cos(x0 * x0) - cos(x0) - (x0 + sin(x0)) / x0 - (sin(x0) + sin(x0) + x0) / x0,-cos(x0) + cos(x0**2) - 2 - 3*sin(x0)/x0,[],"{""K"": 500, ""c"": 6.0, ""exploration_rate"": 0.1, ""gamma"": 0.5, ""gp_rate"": 0.5, ""lm_iterations"": 10, ""max_constants"": 999, ""max_depth"": 6, ""max_evals"": 2000000, ""max_unary"": 999, ""mutation_rate"": 0.1, ""ops"": [""+"", ""-"", ""*"", ""/"", ""sin"", ""cos"", ""exp"", ""log""], ""succ_error_tol"": 1e-06}","{""K"": 500, ""c"": 6.0, ""exploration_rate"": 0.1, ""gamma"": 0.5, ""gp_rate"": 0.5, ""lm_iterations"": 10, ""max_constants"": 999, ""max_depth"": 6, ""max_evals"": 2000000, ""max_unary"": 999, ""mutation_rate"": 0.1, ""ops"": [""+"", ""-"", ""*"", ""/"", ""sin"", ""cos"", ""exp"", ""log""], ""succ_error_tol"": 1e-06}",0.5
imcts,Livermore,18,Livermore-18,expression,74,2612,40,20,20,1,"[""x0""]",sin(x[0]**2)*cos(x[0]) - 5,0.9877091646194458,False,0.9998451565164782,0.9996975067522008,31.0,2000009,14.169192798028234,0.0,0,sin(x0) * sin(x0) - (x0 + x0) / sin(x0) - x0 / sin(x0) * x0 / sin(x0) - (cos(x0) * sin(x0) / x0 + x0 / x0),sin(x0) * sin(x0) - (x0 + x0) / sin(x0) - x0 / sin(x0) * x0 / sin(x0) - (cos(x0) * sin(x0) / x0 + x0 / x0),-x0**2/sin(x0)**2 - 2*x0/sin(x0) + sin(x0)**2 - 1 - sin(x0)*cos(x0)/x0,[],"{""K"": 500, ""c"": 6.0, ""exploration_rate"": 0.1, ""gamma"": 0.5, ""gp_rate"": 0.5, ""lm_iterations"": 10, ""max_constants"": 999, ""max_depth"": 6, ""max_evals"": 2000000, ""max_unary"": 999, ""mutation_rate"": 0.1, ""ops"": [""+"", ""-"", ""*"", ""/"", ""sin"", ""cos"", ""exp"", ""log""], ""succ_error_tol"": 1e-06}","{""K"": 500, ""c"": 6.0, ""exploration_rate"": 0.1, ""gamma"": 0.5, ""gp_rate"": 0.5, ""lm_iterations"": 10, ""max_constants"": 999, ""max_depth"": 6, ""max_evals"": 2000000, ""max_unary"": 999, ""mutation_rate"": 0.1, ""ops"": [""+"", ""-"", ""*"", ""/"", ""sin"", ""cos"", ""exp"", ""log""], ""succ_error_tol"": 1e-06}",0.5
imcts,Livermore,18,Livermore-18,expression,75,23425,40,20,20,1,"[""x0""]",sin(x[0]**2)*cos(x[0]) - 5,0.9704254269599915,False,0.9990712119908786,0.9991518374670808,20.0,2000003,14.333912044996396,0.0,0,((x0 + x0) * x0 - x0 / x0) / (exp(x0 / x0) / (cos(x0) * cos(x0))) - (exp(sin(x0 / x0)) + exp(sin(x0 / x0))),((x0 + x0) * x0 - x0 / x0) / (exp(x0 / x0) / (cos(x0) * cos(x0))) - (exp(sin(x0 / x0)) + exp(sin(x0 / x0))),(2*x0**2 - 1)*exp(-1)*cos(x0)**2 - 2*exp(sin(1)),[],"{""K"": 500, ""c"": 6.0, ""exploration_rate"": 0.1, ""gamma"": 0.5, ""gp_rate"": 0.5, ""lm_iterations"": 10, ""max_constants"": 999, ""max_depth"": 6, ""max_evals"": 2000000, ""max_unary"": 999, ""mutation_rate"": 0.1, ""ops"": [""+"", ""-"", ""*"", ""/"", ""sin"", ""cos"", ""exp"", ""log""], ""succ_error_tol"": 1e-06}","{""K"": 500, ""c"": 6.0, ""exploration_rate"": 0.1, ""gamma"": 0.5, ""gp_rate"": 0.5, ""lm_iterations"": 10, ""max_constants"": 999, ""max_depth"": 6, ""max_evals"": 2000000, ""max_unary"": 999, ""mutation_rate"": 0.1, ""ops"": [""+"", ""-"", ""*"", ""/"", ""sin"", ""cos"", ""exp"", ""log""], ""succ_error_tol"": 1e-06}",0.5
imcts,Livermore,18,Livermore-18,expression,76,25939,40,20,20,1,"[""x0""]",sin(x[0]**2)*cos(x[0]) - 5,0.9837263226509094,False,0.9997263333017128,0.9997832647757076,17.0,2000004,14.023604025016539,0.0,0,cos(x0) * x0 * x0 * x0 / x0 - (x0 / x0 + cos(x0) + x0 / x0 + x0 * x0 + cos(x0) + x0 / x0),cos(x0) * x0 * x0 * x0 / x0 - (x0 / x0 + cos(x0) + x0 / x0 + x0 * x0 + cos(x0) + x0 / x0),x0**2*cos(x0) - x0**2 - 2*cos(x0) - 3,[],"{""K"": 500, ""c"": 6.0, ""exploration_rate"": 0.1, ""gamma"": 0.5, ""gp_rate"": 0.5, ""lm_iterations"": 10, ""max_constants"": 999, ""max_depth"": 6, ""max_evals"": 2000000, ""max_unary"": 999, ""mutation_rate"": 0.1, ""ops"": [""+"", ""-"", ""*"", ""/"", ""sin"", ""cos"", ""exp"", ""log""], ""succ_error_tol"": 1e-06}","{""K"": 500, ""c"": 6.0, ""exploration_rate"": 0.1, ""gamma"": 0.5, ""gp_rate"": 0.5, ""lm_iterations"": 10, ""max_constants"": 999, ""max_depth"": 6, ""max_evals"": 2000000, ""max_unary"": 999, ""mutation_rate"": 0.1, ""ops"": [""+"", ""-"", ""*"", ""/"", ""sin"", ""cos"", ""exp"", ""log""], ""succ_error_tol"": 1e-06}",0.5
imcts,Livermore,18,Livermore-18,expression,77,22619,40,20,20,1,"[""x0""]",sin(x[0]**2)*cos(x[0]) - 5,0.9684453010559082,False,0.998938367325341,0.9988488821666799,18.0,2000002,14.581675286986865,0.0,0,((x0 - x0) / (x0 / x0) - exp(cos(x0))) / exp(cos(x0 * x0)) - ((x0 + x0) / x0 + cos(x0) + x0 / x0),((x0 - x0) / (x0 / x0) - exp(cos(x0))) / exp(cos(x0 * x0)) - ((x0 + x0) / x0 + cos(x0) + x0 / x0),-exp(cos(x0) - cos(x0**2)) - cos(x0) - 3,[],"{""K"": 500, ""c"": 6.0, ""exploration_rate"": 0.1, ""gamma"": 0.5, ""gp_rate"": 0.5, ""lm_iterations"": 10, ""max_constants"": 999, ""max_depth"": 6, ""max_evals"": 2000000, ""max_unary"": 999, ""mutation_rate"": 0.1, ""ops"": [""+"", ""-"", ""*"", ""/"", ""sin"", ""cos"", ""exp"", ""log""], ""succ_error_tol"": 1e-06}","{""K"": 500, ""c"": 6.0, ""exploration_rate"": 0.1, ""gamma"": 0.5, ""gp_rate"": 0.5, ""lm_iterations"": 10, ""max_constants"": 999, ""max_depth"": 6, ""max_evals"": 2000000, ""max_unary"": 999, ""mutation_rate"": 0.1, ""ops"": [""+"", ""-"", ""*"", ""/"", ""sin"", ""cos"", ""exp"", ""log""], ""succ_error_tol"": 1e-06}",0.5
imcts,Livermore,18,Livermore-18,expression,78,21870,40,20,20,1,"[""x0""]",sin(x[0]**2)*cos(x[0]) - 5,0.9999991655349731,True,1.0,1.0,9.0,867771,5.893749299983028,0.0,0,cos(x0) * sin(x0 * x0) - x0 / x0 - (x0 + x0 + x0 + x0) / x0,cos(x0) * sin(x0 * x0) - x0 / x0 - (x0 + x0 + x0 + x0) / x0,sin(x0**2)*cos(x0) - 5,[],"{""K"": 500, ""c"": 6.0, ""exploration_rate"": 0.1, ""gamma"": 0.5, ""gp_rate"": 0.5, ""lm_iterations"": 10, ""max_constants"": 999, ""max_depth"": 6, ""max_evals"": 2000000, ""max_unary"": 999, ""mutation_rate"": 0.1, ""ops"": [""+"", ""-"", ""*"", ""/"", ""sin"", ""cos"", ""exp"", ""log""], ""succ_error_tol"": 1e-06}","{""K"": 500, ""c"": 6.0, ""exploration_rate"": 0.1, ""gamma"": 0.5, ""gp_rate"": 0.5, ""lm_iterations"": 10, ""max_constants"": 999, ""max_depth"": 6, ""max_evals"": 2000000, ""max_unary"": 999, ""mutation_rate"": 0.1, ""ops"": [""+"", ""-"", ""*"", ""/"", ""sin"", ""cos"", ""exp"", ""log""], ""succ_error_tol"": 1e-06}",0.5
imcts,Livermore,18,Livermore-18,expression,79,23483,40,20,20,1,"[""x0""]",sin(x[0]**2)*cos(x[0]) - 5,0.9740309715270996,False,0.9992891715611171,0.9994087935563347,10.0,2000003,14.314746677002404,0.0,0,cos(x0 * x0 / (x0 / x0)) - (x0 / x0 + x0 / x0 + x0 / x0 + cos(x0) + x0 / x0 + cos(x0)),cos(x0 * x0 / (x0 / x0)) - (x0 / x0 + x0 / x0 + x0 / x0 + cos(x0) + x0 / x0 + cos(x0)),-2*cos(x0) + cos(x0**2) - 4,[],"{""K"": 500, ""c"": 6.0, ""exploration_rate"": 0.1, ""gamma"": 0.5, ""gp_rate"": 0.5, ""lm_iterations"": 10, ""max_constants"": 999, ""max_depth"": 6, ""max_evals"": 2000000, ""max_unary"": 999, ""mutation_rate"": 0.1, ""ops"": [""+"", ""-"", ""*"", ""/"", ""sin"", ""cos"", ""exp"", ""log""], ""succ_error_tol"": 1e-06}","{""K"": 500, ""c"": 6.0, ""exploration_rate"": 0.1, ""gamma"": 0.5, ""gp_rate"": 0.5, ""lm_iterations"": 10, ""max_constants"": 999, ""max_depth"": 6, ""max_evals"": 2000000, ""max_unary"": 999, ""mutation_rate"": 0.1, ""ops"": [""+"", ""-"", ""*"", ""/"", ""sin"", ""cos"", ""exp"", ""log""], ""succ_error_tol"": 1e-06}",0.5
imcts,Livermore,18,Livermore-18,expression,80,26054,40,20,20,1,"[""x0""]",sin(x[0]**2)*cos(x[0]) - 5,0.999998927116394,False,1.0,1.0,9.0,2000001,14.551211888028774,0.0,0,cos(x0) * sin(x0 * x0) - ((x0 + x0) / x0 + x0 / x0) - (x0 + x0) / x0,cos(x0) * sin(x0 * x0) - ((x0 + x0) / x0 + x0 / x0) - (x0 + x0) / x0,sin(x0**2)*cos(x0) - 5,[],"{""K"": 500, ""c"": 6.0, ""exploration_rate"": 0.1, ""gamma"": 0.5, ""gp_rate"": 0.5, ""lm_iterations"": 10, ""max_constants"": 999, ""max_depth"": 6, ""max_evals"": 2000000, ""max_unary"": 999, ""mutation_rate"": 0.1, ""ops"": [""+"", ""-"", ""*"", ""/"", ""sin"", ""cos"", ""exp"", ""log""], ""succ_error_tol"": 1e-06}","{""K"": 500, ""c"": 6.0, ""exploration_rate"": 0.1, ""gamma"": 0.5, ""gp_rate"": 0.5, ""lm_iterations"": 10, ""max_constants"": 999, ""max_depth"": 6, ""max_evals"": 2000000, ""max_unary"": 999, ""mutation_rate"": 0.1, ""ops"": [""+"", ""-"", ""*"", ""/"", ""sin"", ""cos"", ""exp"", ""log""], ""succ_error_tol"": 1e-06}",0.5
imcts,Livermore,18,Livermore-18,expression,81,15787,40,20,20,1,"[""x0""]",sin(x[0]**2)*cos(x[0]) - 5,0.9732428193092346,False,0.9992441389897869,0.9992351982364563,32.0,2000002,14.528215674043167,0.0,0,log(cos(x0)) / (x0 / x0 / (x0 * x0)) / (sin(x0) / x0 + cos(x0) + x0 / x0) - (exp(x0 / x0) * sin(x0 / x0) + exp(x0 / x0) - sin(x0) * sin(x0)),log(cos(x0)) / (x0 / x0 / (x0 * x0)) / (sin(x0) / x0 + cos(x0) + x0 / x0) - (exp(x0 / x0) * sin(x0 / x0) + exp(x0 / x0) - sin(x0) * sin(x0)),x0**2*log(cos(x0))/(cos(x0) + 1 + sin(x0)/x0) + sin(x0)**2 - E - E*sin(1),[],"{""K"": 500, ""c"": 6.0, ""exploration_rate"": 0.1, ""gamma"": 0.5, ""gp_rate"": 0.5, ""lm_iterations"": 10, ""max_constants"": 999, ""max_depth"": 6, ""max_evals"": 2000000, ""max_unary"": 999, ""mutation_rate"": 0.1, ""ops"": [""+"", ""-"", ""*"", ""/"", ""sin"", ""cos"", ""exp"", ""log""], ""succ_error_tol"": 1e-06}","{""K"": 500, ""c"": 6.0, ""exploration_rate"": 0.1, ""gamma"": 0.5, ""gp_rate"": 0.5, ""lm_iterations"": 10, ""max_constants"": 999, ""max_depth"": 6, ""max_evals"": 2000000, ""max_unary"": 999, ""mutation_rate"": 0.1, ""ops"": [""+"", ""-"", ""*"", ""/"", ""sin"", ""cos"", ""exp"", ""log""], ""succ_error_tol"": 1e-06}",0.5
imcts,Livermore,18,Livermore-18,expression,82,27132,40,20,20,1,"[""x0""]",sin(x[0]**2)*cos(x[0]) - 5,0.985123336315155,False,0.9997719490013963,0.9996909329951408,26.0,2000008,13.60129964305088,0.0,0,(sin(x0) - x0) * ((x0 + x0) * cos(x0) + x0 / cos(x0)) - (cos(x0) + x0 / x0 + (x0 + x0) / x0 + cos(x0)),(sin(x0) - x0) * ((x0 + x0) * cos(x0) + x0 / cos(x0)) - (cos(x0) + x0 / x0 + (x0 + x0) / x0 + cos(x0)),-(x0 - sin(x0))*(2*x0*cos(x0) + x0/cos(x0)) - 2*cos(x0) - 3,[],"{""K"": 500, ""c"": 6.0, ""exploration_rate"": 0.1, ""gamma"": 0.5, ""gp_rate"": 0.5, ""lm_iterations"": 10, ""max_constants"": 999, ""max_depth"": 6, ""max_evals"": 2000000, ""max_unary"": 999, ""mutation_rate"": 0.1, ""ops"": [""+"", ""-"", ""*"", ""/"", ""sin"", ""cos"", ""exp"", ""log""], ""succ_error_tol"": 1e-06}","{""K"": 500, ""c"": 6.0, ""exploration_rate"": 0.1, ""gamma"": 0.5, ""gp_rate"": 0.5, ""lm_iterations"": 10, ""max_constants"": 999, ""max_depth"": 6, ""max_evals"": 2000000, ""max_unary"": 999, ""mutation_rate"": 0.1, ""ops"": [""+"", ""-"", ""*"", ""/"", ""sin"", ""cos"", ""exp"", ""log""], ""succ_error_tol"": 1e-06}",0.5
imcts,Livermore,18,Livermore-18,expression,83,17159,40,20,20,1,"[""x0""]",sin(x[0]**2)*cos(x[0]) - 5,0.9520024061203003,False,0.9974580438605352,0.998907499863219,24.0,2000003,13.594259759993292,0.0,0,sin(x0 / x0) - exp(x0 / x0) - exp(x0 / x0) - cos(x0) * cos(x0) * cos(x0 + x0) / (cos(x0) + cos(x0) + x0 / (x0 + x0)),sin(x0 / x0) - exp(x0 / x0) - exp(x0 / x0) - cos(x0) * cos(x0) * cos(x0 + x0) / (cos(x0) + cos(x0) + x0 / (x0 + x0)),-2*E + sin(1) - cos(x0)**2*cos(2*x0)/(2*cos(x0) + 1/2),[],"{""K"": 500, ""c"": 6.0, ""exploration_rate"": 0.1, ""gamma"": 0.5, ""gp_rate"": 0.5, ""lm_iterations"": 10, ""max_constants"": 999, ""max_depth"": 6, ""max_evals"": 2000000, ""max_unary"": 999, ""mutation_rate"": 0.1, ""ops"": [""+"", ""-"", ""*"", ""/"", ""sin"", ""cos"", ""exp"", ""log""], ""succ_error_tol"": 1e-06}","{""K"": 500, ""c"": 6.0, ""exploration_rate"": 0.1, ""gamma"": 0.5, ""gp_rate"": 0.5, ""lm_iterations"": 10, ""max_constants"": 999, ""max_depth"": 6, ""max_evals"": 2000000, ""max_unary"": 999, ""mutation_rate"": 0.1, ""ops"": [""+"", ""-"", ""*"", ""/"", ""sin"", ""cos"", ""exp"", ""log""], ""succ_error_tol"": 1e-06}",0.5
imcts,Livermore,18,Livermore-18,expression,84,12206,40,20,20,1,"[""x0""]",sin(x[0]**2)*cos(x[0]) - 5,0.972480833530426,False,0.9991992247274777,0.9992844832982496,31.0,2000003,14.23631522199139,0.0,0,sin(x0) * sin(x0) - (x0 + x0) / sin(x0) / exp(cos(x0)) - (exp(sin(x0) / x0) + cos(x0 / x0) + x0 / x0),sin(x0) * sin(x0) - (x0 + x0) / sin(x0) / exp(cos(x0)) - (exp(sin(x0) / x0) + cos(x0 / x0) + x0 / x0),-2*x0*exp(-cos(x0))/sin(x0) - exp(sin(x0)/x0) + sin(x0)**2 - 1 - cos(1),[],"{""K"": 500, ""c"": 6.0, ""exploration_rate"": 0.1, ""gamma"": 0.5, ""gp_rate"": 0.5, ""lm_iterations"": 10, ""max_constants"": 999, ""max_depth"": 6, ""max_evals"": 2000000, ""max_unary"": 999, ""mutation_rate"": 0.1, ""ops"": [""+"", ""-"", ""*"", ""/"", ""sin"", ""cos"", ""exp"", ""log""], ""succ_error_tol"": 1e-06}","{""K"": 500, ""c"": 6.0, ""exploration_rate"": 0.1, ""gamma"": 0.5, ""gp_rate"": 0.5, ""lm_iterations"": 10, ""max_constants"": 999, ""max_depth"": 6, ""max_evals"": 2000000, ""max_unary"": 999, ""mutation_rate"": 0.1, ""ops"": [""+"", ""-"", ""*"", ""/"", ""sin"", ""cos"", ""exp"", ""log""], ""succ_error_tol"": 1e-06}",0.5
imcts,Livermore,18,Livermore-18,expression,85,8226,40,20,20,1,"[""x0""]",sin(x[0]**2)*cos(x[0]) - 5,0.9816930294036865,False,0.9996522264351809,0.999742573004404,34.0,2000004,14.0444162079948,0.0,0,cos(x0) - x0 * x0 - exp(cos(x0)) - (cos(x0) + cos(x0) + cos(x0)) - (sin(x0 / x0) + sin(x0) * sin(x0)) / (cos(x0) + x0 / x0 + cos(x0 * x0)),cos(x0) - x0 * x0 - exp(cos(x0)) - (cos(x0) + cos(x0) + cos(x0)) - (sin(x0 / x0) + sin(x0) * sin(x0)) / (cos(x0) + x0 / x0 + cos(x0 * x0)),-x0**2 - (sin(x0)**2 + sin(1))/(cos(x0) + cos(x0**2) + 1) - exp(cos(x0)) - 2*cos(x0),[],"{""K"": 500, ""c"": 6.0, ""exploration_rate"": 0.1, ""gamma"": 0.5, ""gp_rate"": 0.5, ""lm_iterations"": 10, ""max_constants"": 999, ""max_depth"": 6, ""max_evals"": 2000000, ""max_unary"": 999, ""mutation_rate"": 0.1, ""ops"": [""+"", ""-"", ""*"", ""/"", ""sin"", ""cos"", ""exp"", ""log""], ""succ_error_tol"": 1e-06}","{""K"": 500, ""c"": 6.0, ""exploration_rate"": 0.1, ""gamma"": 0.5, ""gp_rate"": 0.5, ""lm_iterations"": 10, ""max_constants"": 999, ""max_depth"": 6, ""max_evals"": 2000000, ""max_unary"": 999, ""mutation_rate"": 0.1, ""ops"": [""+"", ""-"", ""*"", ""/"", ""sin"", ""cos"", ""exp"", ""log""], ""succ_error_tol"": 1e-06}",0.5
imcts,Livermore,18,Livermore-18,expression,86,14541,40,20,20,1,"[""x0""]",sin(x[0]**2)*cos(x[0]) - 5,0.9743155837059021,False,0.9993050759270998,0.9993076380291137,35.0,2000004,14.272851403977256,0.0,0,sin(x0 * x0) - sin(x0) / (sin(x0) * exp(x0)) - (sin(x0) / x0 + x0 / sin(x0) + x0 / x0 + exp(x0) - sin(x0) * sin(x0)),sin(x0 * x0) - sin(x0) / (sin(x0) * exp(x0)) - (sin(x0) / x0 + x0 / sin(x0) + x0 / x0 + exp(x0) - sin(x0) * sin(x0)),-x0/sin(x0) - exp(x0) + sin(x0**2) - cos(x0)**2 - exp(-x0) - sin(x0)/x0,[],"{""K"": 500, ""c"": 6.0, ""exploration_rate"": 0.1, ""gamma"": 0.5, ""gp_rate"": 0.5, ""lm_iterations"": 10, ""max_constants"": 999, ""max_depth"": 6, ""max_evals"": 2000000, ""max_unary"": 999, ""mutation_rate"": 0.1, ""ops"": [""+"", ""-"", ""*"", ""/"", ""sin"", ""cos"", ""exp"", ""log""], ""succ_error_tol"": 1e-06}","{""K"": 500, ""c"": 6.0, ""exploration_rate"": 0.1, ""gamma"": 0.5, ""gp_rate"": 0.5, ""lm_iterations"": 10, ""max_constants"": 999, ""max_depth"": 6, ""max_evals"": 2000000, ""max_unary"": 999, ""mutation_rate"": 0.1, ""ops"": [""+"", ""-"", ""*"", ""/"", ""sin"", ""cos"", ""exp"", ""log""], ""succ_error_tol"": 1e-06}",0.5
imcts,Livermore,18,Livermore-18,expression,87,3152,40,20,20,1,"[""x0""]",sin(x[0]**2)*cos(x[0]) - 5,0.9919652342796326,False,0.9999343964767752,0.9999382426432313,29.0,2000005,13.849279020971153,0.0,0,(x0 + x0) * sin(x0) - (x0 + x0) / sin(x0) - (x0 + x0) / sin(x0) + log(cos(x0)) - x0 / (x0 + x0 - sin(x0)),(x0 + x0) * sin(x0) - (x0 + x0) / sin(x0) - (x0 + x0) / sin(x0) + log(cos(x0)) - x0 / (x0 + x0 - sin(x0)),2*x0*sin(x0) - 4*x0/sin(x0) - x0/(2*x0 - sin(x0)) + log(cos(x0)),[],"{""K"": 500, ""c"": 6.0, ""exploration_rate"": 0.1, ""gamma"": 0.5, ""gp_rate"": 0.5, ""lm_iterations"": 10, ""max_constants"": 999, ""max_depth"": 6, ""max_evals"": 2000000, ""max_unary"": 999, ""mutation_rate"": 0.1, ""ops"": [""+"", ""-"", ""*"", ""/"", ""sin"", ""cos"", ""exp"", ""log""], ""succ_error_tol"": 1e-06}","{""K"": 500, ""c"": 6.0, ""exploration_rate"": 0.1, ""gamma"": 0.5, ""gp_rate"": 0.5, ""lm_iterations"": 10, ""max_constants"": 999, ""max_depth"": 6, ""max_evals"": 2000000, ""max_unary"": 999, ""mutation_rate"": 0.1, ""ops"": [""+"", ""-"", ""*"", ""/"", ""sin"", ""cos"", ""exp"", ""log""], ""succ_error_tol"": 1e-06}",0.5
imcts,Livermore,18,Livermore-18,expression,88,26531,40,20,20,1,"[""x0""]",sin(x[0]**2)*cos(x[0]) - 5,0.9999991059303284,True,1.0,1.0,9.0,1658045,11.74507939000614,0.0,0,sin(x0 * x0) * cos(x0) - (x0 / x0 + x0 / x0) - (x0 / x0 + sin(x0) / sin(x0) + x0 / x0),sin(x0 * x0) * cos(x0) - (x0 / x0 + x0 / x0) - (x0 / x0 + sin(x0) / sin(x0) + x0 / x0),sin(x0**2)*cos(x0) - 5,[],"{""K"": 500, ""c"": 6.0, ""exploration_rate"": 0.1, ""gamma"": 0.5, ""gp_rate"": 0.5, ""lm_iterations"": 10, ""max_constants"": 999, ""max_depth"": 6, ""max_evals"": 2000000, ""max_unary"": 999, ""mutation_rate"": 0.1, ""ops"": [""+"", ""-"", ""*"", ""/"", ""sin"", ""cos"", ""exp"", ""log""], ""succ_error_tol"": 1e-06}","{""K"": 500, ""c"": 6.0, ""exploration_rate"": 0.1, ""gamma"": 0.5, ""gp_rate"": 0.5, ""lm_iterations"": 10, ""max_constants"": 999, ""max_depth"": 6, ""max_evals"": 2000000, ""max_unary"": 999, ""mutation_rate"": 0.1, ""ops"": [""+"", ""-"", ""*"", ""/"", ""sin"", ""cos"", ""exp"", ""log""], ""succ_error_tol"": 1e-06}",0.5
imcts,Livermore,18,Livermore-18,expression,89,1585,40,20,20,1,"[""x0""]",sin(x[0]**2)*cos(x[0]) - 5,0.9999990463256836,True,1.0,1.0,9.0,589656,3.7095739509677514,0.0,0,cos(x0) * sin(x0 * x0) - (x0 / x0 + x0 / x0) - (x0 / x0 + (x0 + x0) / x0),cos(x0) * sin(x0 * x0) - (x0 / x0 + x0 / x0) - (x0 / x0 + (x0 + x0) / x0),sin(x0**2)*cos(x0) - 5,[],"{""K"": 500, ""c"": 6.0, ""exploration_rate"": 0.1, ""gamma"": 0.5, ""gp_rate"": 0.5, ""lm_iterations"": 10, ""max_constants"": 999, ""max_depth"": 6, ""max_evals"": 2000000, ""max_unary"": 999, ""mutation_rate"": 0.1, ""ops"": [""+"", ""-"", ""*"", ""/"", ""sin"", ""cos"", ""exp"", ""log""], ""succ_error_tol"": 1e-06}","{""K"": 500, ""c"": 6.0, ""exploration_rate"": 0.1, ""gamma"": 0.5, ""gp_rate"": 0.5, ""lm_iterations"": 10, ""max_constants"": 999, ""max_depth"": 6, ""max_evals"": 2000000, ""max_unary"": 999, ""mutation_rate"": 0.1, ""ops"": [""+"", ""-"", ""*"", ""/"", ""sin"", ""cos"", ""exp"", ""log""], ""succ_error_tol"": 1e-06}",0.5
imcts,Livermore,18,Livermore-18,expression,90,3943,40,20,20,1,"[""x0""]",sin(x[0]**2)*cos(x[0]) - 5,0.9999990463256836,True,1.0,1.0,9.0,289498,1.6908482200233266,0.0,0,sin(x0 * x0) / (x0 / x0 / cos(x0)) - (x0 + x0) / x0 - (x0 + x0 + x0) / x0,sin(x0 * x0) / (x0 / x0 / cos(x0)) - (x0 + x0) / x0 - (x0 + x0 + x0) / x0,sin(x0**2)*cos(x0) - 5,[],"{""K"": 500, ""c"": 6.0, ""exploration_rate"": 0.1, ""gamma"": 0.5, ""gp_rate"": 0.5, ""lm_iterations"": 10, ""max_constants"": 999, ""max_depth"": 6, ""max_evals"": 2000000, ""max_unary"": 999, ""mutation_rate"": 0.1, ""ops"": [""+"", ""-"", ""*"", ""/"", ""sin"", ""cos"", ""exp"", ""log""], ""succ_error_tol"": 1e-06}","{""K"": 500, ""c"": 6.0, ""exploration_rate"": 0.1, ""gamma"": 0.5, ""gp_rate"": 0.5, ""lm_iterations"": 10, ""max_constants"": 999, ""max_depth"": 6, ""max_evals"": 2000000, ""max_unary"": 999, ""mutation_rate"": 0.1, ""ops"": [""+"", ""-"", ""*"", ""/"", ""sin"", ""cos"", ""exp"", ""log""], ""succ_error_tol"": 1e-06}",0.5
imcts,Livermore,18,Livermore-18,expression,91,23939,40,20,20,1,"[""x0""]",sin(x[0]**2)*cos(x[0]) - 5,0.9999991059303284,True,1.0,1.0,9.0,346387,2.0554228840046562,0.0,0,sin(x0 * x0) * cos(x0) - (x0 + x0) / x0 - (x0 / x0 + (x0 + x0) / x0),sin(x0 * x0) * cos(x0) - (x0 + x0) / x0 - (x0 / x0 + (x0 + x0) / x0),sin(x0**2)*cos(x0) - 5,[],"{""K"": 500, ""c"": 6.0, ""exploration_rate"": 0.1, ""gamma"": 0.5, ""gp_rate"": 0.5, ""lm_iterations"": 10, ""max_constants"": 999, ""max_depth"": 6, ""max_evals"": 2000000, ""max_unary"": 999, ""mutation_rate"": 0.1, ""ops"": [""+"", ""-"", ""*"", ""/"", ""sin"", ""cos"", ""exp"", ""log""], ""succ_error_tol"": 1e-06}","{""K"": 500, ""c"": 6.0, ""exploration_rate"": 0.1, ""gamma"": 0.5, ""gp_rate"": 0.5, ""lm_iterations"": 10, ""max_constants"": 999, ""max_depth"": 6, ""max_evals"": 2000000, ""max_unary"": 999, ""mutation_rate"": 0.1, ""ops"": [""+"", ""-"", ""*"", ""/"", ""sin"", ""cos"", ""exp"", ""log""], ""succ_error_tol"": 1e-06}",0.5
imcts,Livermore,18,Livermore-18,expression,92,19457,40,20,20,1,"[""x0""]",sin(x[0]**2)*cos(x[0]) - 5,0.948478102684021,False,0.9970492671915886,0.9964636721366402,30.0,2000007,14.309142856975086,0.0,0,(sin(x0 / x0) - cos(x0)) * (cos(x0 / x0) - x0 * x0 * x0 * x0) - (x0 / x0 / sin(x0 / x0) + cos(x0) + exp(x0 / x0)),(sin(x0 / x0) - cos(x0)) * (cos(x0 / x0) - x0 * x0 * x0 * x0) - (x0 / x0 / sin(x0 / x0) + cos(x0) + exp(x0 / x0)),(x0**4 - cos(1))*(cos(x0) - sin(1)) - cos(x0) - E - 1/sin(1),[],"{""K"": 500, ""c"": 6.0, ""exploration_rate"": 0.1, ""gamma"": 0.5, ""gp_rate"": 0.5, ""lm_iterations"": 10, ""max_constants"": 999, ""max_depth"": 6, ""max_evals"": 2000000, ""max_unary"": 999, ""mutation_rate"": 0.1, ""ops"": [""+"", ""-"", ""*"", ""/"", ""sin"", ""cos"", ""exp"", ""log""], ""succ_error_tol"": 1e-06}","{""K"": 500, ""c"": 6.0, ""exploration_rate"": 0.1, ""gamma"": 0.5, ""gp_rate"": 0.5, ""lm_iterations"": 10, ""max_constants"": 999, ""max_depth"": 6, ""max_evals"": 2000000, ""max_unary"": 999, ""mutation_rate"": 0.1, ""ops"": [""+"", ""-"", ""*"", ""/"", ""sin"", ""cos"", ""exp"", ""log""], ""succ_error_tol"": 1e-06}",0.5
imcts,Livermore,18,Livermore-18,expression,93,1021,40,20,20,1,"[""x0""]",sin(x[0]**2)*cos(x[0]) - 5,0.9256329536437988,False,0.9935451744673234,0.9949843000379203,29.0,2000004,14.334069008997176,0.0,0,sin(exp(x0 / x0)) - (sin(x0 * x0) + exp(cos(x0))) - (exp(x0 / x0) - sin(x0) * sin(x0) / (x0 / x0 + x0 * x0)),sin(exp(x0 / x0)) - (sin(x0 * x0) + exp(cos(x0))) - (exp(x0 / x0) - sin(x0) * sin(x0) / (x0 / x0 + x0 * x0)),-exp(cos(x0)) - sin(x0**2) - E + sin(E) + sin(x0)**2/(x0**2 + 1),[],"{""K"": 500, ""c"": 6.0, ""exploration_rate"": 0.1, ""gamma"": 0.5, ""gp_rate"": 0.5, ""lm_iterations"": 10, ""max_constants"": 999, ""max_depth"": 6, ""max_evals"": 2000000, ""max_unary"": 999, ""mutation_rate"": 0.1, ""ops"": [""+"", ""-"", ""*"", ""/"", ""sin"", ""cos"", ""exp"", ""log""], ""succ_error_tol"": 1e-06}","{""K"": 500, ""c"": 6.0, ""exploration_rate"": 0.1, ""gamma"": 0.5, ""gp_rate"": 0.5, ""lm_iterations"": 10, ""max_constants"": 999, ""max_depth"": 6, ""max_evals"": 2000000, ""max_unary"": 999, ""mutation_rate"": 0.1, ""ops"": [""+"", ""-"", ""*"", ""/"", ""sin"", ""cos"", ""exp"", ""log""], ""succ_error_tol"": 1e-06}",0.5
imcts,Livermore,18,Livermore-18,expression,94,11653,40,20,20,1,"[""x0""]",sin(x[0]**2)*cos(x[0]) - 5,0.9251704812049866,False,0.9934581133137794,0.994639472218591,26.0,2000004,14.405904143990483,0.0,0,x0 / x0 - exp(x0 / x0) + sin(x0 * x0) * cos(x0 / x0) - (x0 * x0 + exp(cos(x0)) + cos(x0 / x0) * x0 / x0),x0 / x0 - exp(x0 / x0) + sin(x0 * x0) * cos(x0 / x0) - (x0 * x0 + exp(cos(x0)) + cos(x0 / x0) * x0 / x0),-x0**2 - exp(cos(x0)) + sin(x0**2)*cos(1) - E - cos(1) + 1,[],"{""K"": 500, ""c"": 6.0, ""exploration_rate"": 0.1, ""gamma"": 0.5, ""gp_rate"": 0.5, ""lm_iterations"": 10, ""max_constants"": 999, ""max_depth"": 6, ""max_evals"": 2000000, ""max_unary"": 999, ""mutation_rate"": 0.1, ""ops"": [""+"", ""-"", ""*"", ""/"", ""sin"", ""cos"", ""exp"", ""log""], ""succ_error_tol"": 1e-06}","{""K"": 500, ""c"": 6.0, ""exploration_rate"": 0.1, ""gamma"": 0.5, ""gp_rate"": 0.5, ""lm_iterations"": 10, ""max_constants"": 999, ""max_depth"": 6, ""max_evals"": 2000000, ""max_unary"": 999, ""mutation_rate"": 0.1, ""ops"": [""+"", ""-"", ""*"", ""/"", ""sin"", ""cos"", ""exp"", ""log""], ""succ_error_tol"": 1e-06}",0.5
imcts,Livermore,18,Livermore-18,expression,95,10805,40,20,20,1,"[""x0""]",sin(x[0]**2)*cos(x[0]) - 5,0.9643341302871704,False,0.9986320829939402,0.9986321807059051,35.0,2000001,15.149262964027002,0.0,0,exp(sin(x0) / (x0 + x0)) / (x0 * x0 + cos(x0) + exp(cos(x0))) - (exp(cos(x0)) + exp(x0 / sin(x0))),exp(sin(x0) / (x0 + x0)) / (x0 * x0 + cos(x0) + exp(cos(x0))) - (exp(cos(x0)) + exp(x0 / sin(x0))),-exp(x0/sin(x0)) - exp(cos(x0)) + exp(sin(x0)/(2*x0))/(x0**2 + exp(cos(x0)) + cos(x0)),[],"{""K"": 500, ""c"": 6.0, ""exploration_rate"": 0.1, ""gamma"": 0.5, ""gp_rate"": 0.5, ""lm_iterations"": 10, ""max_constants"": 999, ""max_depth"": 6, ""max_evals"": 2000000, ""max_unary"": 999, ""mutation_rate"": 0.1, ""ops"": [""+"", ""-"", ""*"", ""/"", ""sin"", ""cos"", ""exp"", ""log""], ""succ_error_tol"": 1e-06}","{""K"": 500, ""c"": 6.0, ""exploration_rate"": 0.1, ""gamma"": 0.5, ""gp_rate"": 0.5, ""lm_iterations"": 10, ""max_constants"": 999, ""max_depth"": 6, ""max_evals"": 2000000, ""max_unary"": 999, ""mutation_rate"": 0.1, ""ops"": [""+"", ""-"", ""*"", ""/"", ""sin"", ""cos"", ""exp"", ""log""], ""succ_error_tol"": 1e-06}",0.5
imcts,Livermore,18,Livermore-18,expression,96,13417,40,20,20,1,"[""x0""]",sin(x[0]**2)*cos(x[0]) - 5,0.9796409010887146,False,0.9995681152866095,0.9998344159322268,17.0,2000003,14.377989283006173,0.0,0,cos(x0 * x0) - (cos(x0) + sin(x0) / x0) - (sin(x0) + x0 + x0 + sin(x0)) / x0,cos(x0 * x0) - (cos(x0) + sin(x0) / x0) - (sin(x0) + x0 + x0 + sin(x0)) / x0,-cos(x0) + cos(x0**2) - 2 - 3*sin(x0)/x0,[],"{""K"": 500, ""c"": 6.0, ""exploration_rate"": 0.1, ""gamma"": 0.5, ""gp_rate"": 0.5, ""lm_iterations"": 10, ""max_constants"": 999, ""max_depth"": 6, ""max_evals"": 2000000, ""max_unary"": 999, ""mutation_rate"": 0.1, ""ops"": [""+"", ""-"", ""*"", ""/"", ""sin"", ""cos"", ""exp"", ""log""], ""succ_error_tol"": 1e-06}","{""K"": 500, ""c"": 6.0, ""exploration_rate"": 0.1, ""gamma"": 0.5, ""gp_rate"": 0.5, ""lm_iterations"": 10, ""max_constants"": 999, ""max_depth"": 6, ""max_evals"": 2000000, ""max_unary"": 999, ""mutation_rate"": 0.1, ""ops"": [""+"", ""-"", ""*"", ""/"", ""sin"", ""cos"", ""exp"", ""log""], ""succ_error_tol"": 1e-06}",0.5
imcts,Livermore,18,Livermore-18,expression,97,20227,40,20,20,1,"[""x0""]",sin(x[0]**2)*cos(x[0]) - 5,0.9796121120452881,False,0.9995668503154121,0.9974861271192489,41.0,2000012,13.175950945005752,0.0,0,x0 + x0 - sin(x0) - exp(cos(x0)) - (x0 / sin(x0) + exp(x0)) - sin(x0 / x0) * cos(x0) * cos(x0) / ((x0 + x0) / x0 + exp(x0) - x0),x0 + x0 - sin(x0) - exp(cos(x0)) - (x0 / sin(x0) + exp(x0)) - sin(x0 / x0) * cos(x0) * cos(x0) / ((x0 + x0) / x0 + exp(x0) - x0),2*x0 - x0/sin(x0) - exp(x0) - exp(cos(x0)) - sin(x0) - sin(1)*cos(x0)**2/(-x0 + exp(x0) + 2),[],"{""K"": 500, ""c"": 6.0, ""exploration_rate"": 0.1, ""gamma"": 0.5, ""gp_rate"": 0.5, ""lm_iterations"": 10, ""max_constants"": 999, ""max_depth"": 6, ""max_evals"": 2000000, ""max_unary"": 999, ""mutation_rate"": 0.1, ""ops"": [""+"", ""-"", ""*"", ""/"", ""sin"", ""cos"", ""exp"", ""log""], ""succ_error_tol"": 1e-06}","{""K"": 500, ""c"": 6.0, ""exploration_rate"": 0.1, ""gamma"": 0.5, ""gp_rate"": 0.5, ""lm_iterations"": 10, ""max_constants"": 999, ""max_depth"": 6, ""max_evals"": 2000000, ""max_unary"": 999, ""mutation_rate"": 0.1, ""ops"": [""+"", ""-"", ""*"", ""/"", ""sin"", ""cos"", ""exp"", ""log""], ""succ_error_tol"": 1e-06}",0.5
imcts,Livermore,18,Livermore-18,expression,98,7989,40,20,20,1,"[""x0""]",sin(x[0]**2)*cos(x[0]) - 5,0.9999992847442627,True,1.0,1.0,9.0,1124409,7.099412392009981,0.0,0,x0 * x0 * (x0 - x0) - sin(x0) / sin(x0) - (x0 + x0 + x0 + x0) / x0 + cos(x0) * sin(x0 * x0) / (x0 / x0 / (x0 / x0)),x0 * x0 * (x0 - x0) - sin(x0) / sin(x0) - (x0 + x0 + x0 + x0) / x0 + cos(x0) * sin(x0 * x0) / (x0 / x0 / (x0 / x0)),sin(x0**2)*cos(x0) - 5,[],"{""K"": 500, ""c"": 6.0, ""exploration_rate"": 0.1, ""gamma"": 0.5, ""gp_rate"": 0.5, ""lm_iterations"": 10, ""max_constants"": 999, ""max_depth"": 6, ""max_evals"": 2000000, ""max_unary"": 999, ""mutation_rate"": 0.1, ""ops"": [""+"", ""-"", ""*"", ""/"", ""sin"", ""cos"", ""exp"", ""log""], ""succ_error_tol"": 1e-06}","{""K"": 500, ""c"": 6.0, ""exploration_rate"": 0.1, ""gamma"": 0.5, ""gp_rate"": 0.5, ""lm_iterations"": 10, ""max_constants"": 999, ""max_depth"": 6, ""max_evals"": 2000000, ""max_unary"": 999, ""mutation_rate"": 0.1, ""ops"": [""+"", ""-"", ""*"", ""/"", ""sin"", ""cos"", ""exp"", ""log""], ""succ_error_tol"": 1e-06}",0.5
imcts,Livermore,18,Livermore-18,expression,99,9692,40,20,20,1,"[""x0""]",sin(x[0]**2)*cos(x[0]) - 5,0.9514855742454529,False,0.9974002042955022,0.9971345074704602,28.0,2000000,13.562511413008906,0.0,0,cos(x0 / x0) / (x0 / x0 + cos(x0)) / (x0 - (cos(x0) + x0)) - (exp(cos(x0)) + x0 / sin(x0) - (x0 - x0 - x0 / x0 / (x0 / x0))),cos(x0 / x0) / (x0 / x0 + cos(x0)) / (x0 - (cos(x0) + x0)) - (exp(cos(x0)) + x0 / sin(x0) - (x0 - x0 - x0 / x0 / (x0 / x0))),-x0/sin(x0) - exp(cos(x0)) - 1 - cos(1)/((cos(x0) + 1)*cos(x0)),[],"{""K"": 500, ""c"": 6.0, ""exploration_rate"": 0.1, ""gamma"": 0.5, ""gp_rate"": 0.5, ""lm_iterations"": 10, ""max_constants"": 999, ""max_depth"": 6, ""max_evals"": 2000000, ""max_unary"": 999, ""mutation_rate"": 0.1, ""ops"": [""+"", ""-"", ""*"", ""/"", ""sin"", ""cos"", ""exp"", ""log""], ""succ_error_tol"": 1e-06}","{""K"": 500, ""c"": 6.0, ""exploration_rate"": 0.1, ""gamma"": 0.5, ""gp_rate"": 0.5, ""lm_iterations"": 10, ""max_constants"": 999, ""max_depth"": 6, ""max_evals"": 2000000, ""max_unary"": 999, ""mutation_rate"": 0.1, ""ops"": [""+"", ""-"", ""*"", ""/"", ""sin"", ""cos"", ""exp"", ""log""], ""succ_error_tol"": 1e-06}",0.5
