algorithm,group,case_id,case_name,source_type,run,seed,samples_total,samples_train,samples_test,variables,feature_names,target_expression,reward,success,train_r2,test_r2,complexity,evaluations,time_sec,tuning_time_sec,tuning_evaluations,expression,materialized_expression,simplified_expression,coefficients,algorithm_params,tuned_params,test_ratio
imcts,Livermore,14,Livermore-14,expression,0,23654,40,20,20,1,"[""x0""]",x[0]**3 + x[0]**2 + x[0] + sin(x[0]) + sin(x[0]**2),0.9999999403953552,True,1.0,1.0,14.0,361837,2.2272855209885165,0.0,0,sin(x0) + sin(x0 * x0) + x0 + x0 * (x0 + x0 * x0),sin(x0) + sin(x0 * x0) + x0 + x0 * (x0 + x0 * x0),x0**3 + x0**2 + x0 + sin(x0) + sin(x0**2),[],"{""K"": 500, ""c"": 6.0, ""exploration_rate"": 0.1, ""gamma"": 0.5, ""gp_rate"": 0.5, ""lm_iterations"": 10, ""max_constants"": 999, ""max_depth"": 6, ""max_evals"": 2000000, ""max_unary"": 999, ""mutation_rate"": 0.1, ""ops"": [""+"", ""-"", ""*"", ""/"", ""sin"", ""cos"", ""exp"", ""log""], ""succ_error_tol"": 1e-06}","{""K"": 500, ""c"": 6.0, ""exploration_rate"": 0.1, ""gamma"": 0.5, ""gp_rate"": 0.5, ""lm_iterations"": 10, ""max_constants"": 999, ""max_depth"": 6, ""max_evals"": 2000000, ""max_unary"": 999, ""mutation_rate"": 0.1, ""ops"": [""+"", ""-"", ""*"", ""/"", ""sin"", ""cos"", ""exp"", ""log""], ""succ_error_tol"": 1e-06}",0.5
imcts,Livermore,14,Livermore-14,expression,1,15795,40,20,20,1,"[""x0""]",x[0]**3 + x[0]**2 + x[0] + sin(x[0]) + sin(x[0]**2),1.0,True,1.0,1.0,14.0,669308,4.5319947739480995,0.0,0,sin(x0) + x0 * x0 * (x0 / x0 + x0) + x0 + sin(x0 * x0),sin(x0) + x0 * x0 * (x0 / x0 + x0) + x0 + sin(x0 * x0),x0**3 + x0**2 + x0 + sin(x0) + sin(x0**2),[],"{""K"": 500, ""c"": 6.0, ""exploration_rate"": 0.1, ""gamma"": 0.5, ""gp_rate"": 0.5, ""lm_iterations"": 10, ""max_constants"": 999, ""max_depth"": 6, ""max_evals"": 2000000, ""max_unary"": 999, ""mutation_rate"": 0.1, ""ops"": [""+"", ""-"", ""*"", ""/"", ""sin"", ""cos"", ""exp"", ""log""], ""succ_error_tol"": 1e-06}","{""K"": 500, ""c"": 6.0, ""exploration_rate"": 0.1, ""gamma"": 0.5, ""gp_rate"": 0.5, ""lm_iterations"": 10, ""max_constants"": 999, ""max_depth"": 6, ""max_evals"": 2000000, ""max_unary"": 999, ""mutation_rate"": 0.1, ""ops"": [""+"", ""-"", ""*"", ""/"", ""sin"", ""cos"", ""exp"", ""log""], ""succ_error_tol"": 1e-06}",0.5
imcts,Livermore,14,Livermore-14,expression,2,860,40,20,20,1,"[""x0""]",x[0]**3 + x[0]**2 + x[0] + sin(x[0]) + sin(x[0]**2),0.9999999403953552,True,1.0,1.0,14.0,190349,1.1102906740270555,0.0,0,(sin(x0 * x0) + sin(x0)) / exp(x0 - x0) + x0 * (x0 / x0 + x0 + x0 * x0),(sin(x0 * x0) + sin(x0)) / exp(x0 - x0) + x0 * (x0 / x0 + x0 + x0 * x0),x0**3 + x0**2 + x0 + sin(x0) + sin(x0**2),[],"{""K"": 500, ""c"": 6.0, ""exploration_rate"": 0.1, ""gamma"": 0.5, ""gp_rate"": 0.5, ""lm_iterations"": 10, ""max_constants"": 999, ""max_depth"": 6, ""max_evals"": 2000000, ""max_unary"": 999, ""mutation_rate"": 0.1, ""ops"": [""+"", ""-"", ""*"", ""/"", ""sin"", ""cos"", ""exp"", ""log""], ""succ_error_tol"": 1e-06}","{""K"": 500, ""c"": 6.0, ""exploration_rate"": 0.1, ""gamma"": 0.5, ""gp_rate"": 0.5, ""lm_iterations"": 10, ""max_constants"": 999, ""max_depth"": 6, ""max_evals"": 2000000, ""max_unary"": 999, ""mutation_rate"": 0.1, ""ops"": [""+"", ""-"", ""*"", ""/"", ""sin"", ""cos"", ""exp"", ""log""], ""succ_error_tol"": 1e-06}",0.5
imcts,Livermore,14,Livermore-14,expression,3,5390,40,20,20,1,"[""x0""]",x[0]**3 + x[0]**2 + x[0] + sin(x[0]) + sin(x[0]**2),0.9999999403953552,True,1.0,1.0,14.0,112714,0.6299682739772834,0.0,0,x0 * (x0 * x0 + x0) + sin(x0) + sin(x0 * x0) + x0,x0 * (x0 * x0 + x0) + sin(x0) + sin(x0 * x0) + x0,x0**3 + x0**2 + x0 + sin(x0) + sin(x0**2),[],"{""K"": 500, ""c"": 6.0, ""exploration_rate"": 0.1, ""gamma"": 0.5, ""gp_rate"": 0.5, ""lm_iterations"": 10, ""max_constants"": 999, ""max_depth"": 6, ""max_evals"": 2000000, ""max_unary"": 999, ""mutation_rate"": 0.1, ""ops"": [""+"", ""-"", ""*"", ""/"", ""sin"", ""cos"", ""exp"", ""log""], ""succ_error_tol"": 1e-06}","{""K"": 500, ""c"": 6.0, ""exploration_rate"": 0.1, ""gamma"": 0.5, ""gp_rate"": 0.5, ""lm_iterations"": 10, ""max_constants"": 999, ""max_depth"": 6, ""max_evals"": 2000000, ""max_unary"": 999, ""mutation_rate"": 0.1, ""ops"": [""+"", ""-"", ""*"", ""/"", ""sin"", ""cos"", ""exp"", ""log""], ""succ_error_tol"": 1e-06}",0.5
imcts,Livermore,14,Livermore-14,expression,4,16850,40,20,20,1,"[""x0""]",x[0]**3 + x[0]**2 + x[0] + sin(x[0]) + sin(x[0]**2),0.9999999403953552,True,1.0,1.0,14.0,86859,0.4367119679809548,0.0,0,sin(x0) + (x0 * x0 + x0) * x0 + x0 + sin(x0 * x0),sin(x0) + (x0 * x0 + x0) * x0 + x0 + sin(x0 * x0),x0**3 + x0**2 + x0 + sin(x0) + sin(x0**2),[],"{""K"": 500, ""c"": 6.0, ""exploration_rate"": 0.1, ""gamma"": 0.5, ""gp_rate"": 0.5, ""lm_iterations"": 10, ""max_constants"": 999, ""max_depth"": 6, ""max_evals"": 2000000, ""max_unary"": 999, ""mutation_rate"": 0.1, ""ops"": [""+"", ""-"", ""*"", ""/"", ""sin"", ""cos"", ""exp"", ""log""], ""succ_error_tol"": 1e-06}","{""K"": 500, ""c"": 6.0, ""exploration_rate"": 0.1, ""gamma"": 0.5, ""gp_rate"": 0.5, ""lm_iterations"": 10, ""max_constants"": 999, ""max_depth"": 6, ""max_evals"": 2000000, ""max_unary"": 999, ""mutation_rate"": 0.1, ""ops"": [""+"", ""-"", ""*"", ""/"", ""sin"", ""cos"", ""exp"", ""log""], ""succ_error_tol"": 1e-06}",0.5
imcts,Livermore,14,Livermore-14,expression,5,29910,40,20,20,1,"[""x0""]",x[0]**3 + x[0]**2 + x[0] + sin(x[0]) + sin(x[0]**2),1.0,True,1.0,1.0,14.0,156895,0.8926619970006868,0.0,0,x0 * x0 + x0 * x0 / (x0 / (x0 * x0)) + sin(x0) + sin(x0 * x0) + x0,x0 * x0 + x0 * x0 / (x0 / (x0 * x0)) + sin(x0) + sin(x0 * x0) + x0,x0**3 + x0**2 + x0 + sin(x0) + sin(x0**2),[],"{""K"": 500, ""c"": 6.0, ""exploration_rate"": 0.1, ""gamma"": 0.5, ""gp_rate"": 0.5, ""lm_iterations"": 10, ""max_constants"": 999, ""max_depth"": 6, ""max_evals"": 2000000, ""max_unary"": 999, ""mutation_rate"": 0.1, ""ops"": [""+"", ""-"", ""*"", ""/"", ""sin"", ""cos"", ""exp"", ""log""], ""succ_error_tol"": 1e-06}","{""K"": 500, ""c"": 6.0, ""exploration_rate"": 0.1, ""gamma"": 0.5, ""gp_rate"": 0.5, ""lm_iterations"": 10, ""max_constants"": 999, ""max_depth"": 6, ""max_evals"": 2000000, ""max_unary"": 999, ""mutation_rate"": 0.1, ""ops"": [""+"", ""-"", ""*"", ""/"", ""sin"", ""cos"", ""exp"", ""log""], ""succ_error_tol"": 1e-06}",0.5
imcts,Livermore,14,Livermore-14,expression,6,4426,40,20,20,1,"[""x0""]",x[0]**3 + x[0]**2 + x[0] + sin(x[0]) + sin(x[0]**2),0.9999999403953552,True,1.0,1.0,14.0,972462,6.283710493997205,0.0,0,sin(x0) + sin(x0 * x0) + x0 + x0 * (x0 * x0 + x0),sin(x0) + sin(x0 * x0) + x0 + x0 * (x0 * x0 + x0),x0**3 + x0**2 + x0 + sin(x0) + sin(x0**2),[],"{""K"": 500, ""c"": 6.0, ""exploration_rate"": 0.1, ""gamma"": 0.5, ""gp_rate"": 0.5, ""lm_iterations"": 10, ""max_constants"": 999, ""max_depth"": 6, ""max_evals"": 2000000, ""max_unary"": 999, ""mutation_rate"": 0.1, ""ops"": [""+"", ""-"", ""*"", ""/"", ""sin"", ""cos"", ""exp"", ""log""], ""succ_error_tol"": 1e-06}","{""K"": 500, ""c"": 6.0, ""exploration_rate"": 0.1, ""gamma"": 0.5, ""gp_rate"": 0.5, ""lm_iterations"": 10, ""max_constants"": 999, ""max_depth"": 6, ""max_evals"": 2000000, ""max_unary"": 999, ""mutation_rate"": 0.1, ""ops"": [""+"", ""-"", ""*"", ""/"", ""sin"", ""cos"", ""exp"", ""log""], ""succ_error_tol"": 1e-06}",0.5
imcts,Livermore,14,Livermore-14,expression,7,21962,40,20,20,1,"[""x0""]",x[0]**3 + x[0]**2 + x[0] + sin(x[0]) + sin(x[0]**2),1.0,True,1.0,1.0,14.0,239329,1.3097870199708268,0.0,0,sin(x0 * x0) + x0 + sin(x0) + (x0 * x0 + x0) * x0 * x0 / x0,sin(x0 * x0) + x0 + sin(x0) + (x0 * x0 + x0) * x0 * x0 / x0,x0**3 + x0**2 + x0 + sin(x0) + sin(x0**2),[],"{""K"": 500, ""c"": 6.0, ""exploration_rate"": 0.1, ""gamma"": 0.5, ""gp_rate"": 0.5, ""lm_iterations"": 10, ""max_constants"": 999, ""max_depth"": 6, ""max_evals"": 2000000, ""max_unary"": 999, ""mutation_rate"": 0.1, ""ops"": [""+"", ""-"", ""*"", ""/"", ""sin"", ""cos"", ""exp"", ""log""], ""succ_error_tol"": 1e-06}","{""K"": 500, ""c"": 6.0, ""exploration_rate"": 0.1, ""gamma"": 0.5, ""gp_rate"": 0.5, ""lm_iterations"": 10, ""max_constants"": 999, ""max_depth"": 6, ""max_evals"": 2000000, ""max_unary"": 999, ""mutation_rate"": 0.1, ""ops"": [""+"", ""-"", ""*"", ""/"", ""sin"", ""cos"", ""exp"", ""log""], ""succ_error_tol"": 1e-06}",0.5
imcts,Livermore,14,Livermore-14,expression,8,14423,40,20,20,1,"[""x0""]",x[0]**3 + x[0]**2 + x[0] + sin(x[0]) + sin(x[0]**2),1.0,True,1.0,1.0,14.0,121803,0.6383593099890277,0.0,0,x0 + sin(x0 * x0) + (x0 + x0 * x0) * x0 + sin(x0),x0 + sin(x0 * x0) + (x0 + x0 * x0) * x0 + sin(x0),x0**3 + x0**2 + x0 + sin(x0) + sin(x0**2),[],"{""K"": 500, ""c"": 6.0, ""exploration_rate"": 0.1, ""gamma"": 0.5, ""gp_rate"": 0.5, ""lm_iterations"": 10, ""max_constants"": 999, ""max_depth"": 6, ""max_evals"": 2000000, ""max_unary"": 999, ""mutation_rate"": 0.1, ""ops"": [""+"", ""-"", ""*"", ""/"", ""sin"", ""cos"", ""exp"", ""log""], ""succ_error_tol"": 1e-06}","{""K"": 500, ""c"": 6.0, ""exploration_rate"": 0.1, ""gamma"": 0.5, ""gp_rate"": 0.5, ""lm_iterations"": 10, ""max_constants"": 999, ""max_depth"": 6, ""max_evals"": 2000000, ""max_unary"": 999, ""mutation_rate"": 0.1, ""ops"": [""+"", ""-"", ""*"", ""/"", ""sin"", ""cos"", ""exp"", ""log""], ""succ_error_tol"": 1e-06}",0.5
imcts,Livermore,14,Livermore-14,expression,9,28020,40,20,20,1,"[""x0""]",x[0]**3 + x[0]**2 + x[0] + sin(x[0]) + sin(x[0]**2),0.9999999403953552,True,1.0,1.0,14.0,658343,4.121108911000192,0.0,0,sin(x0 * x0) + sin(x0) + x0 * x0 + x0 + x0 * x0 * x0,sin(x0 * x0) + sin(x0) + x0 * x0 + x0 + x0 * x0 * x0,x0**3 + x0**2 + x0 + sin(x0) + sin(x0**2),[],"{""K"": 500, ""c"": 6.0, ""exploration_rate"": 0.1, ""gamma"": 0.5, ""gp_rate"": 0.5, ""lm_iterations"": 10, ""max_constants"": 999, ""max_depth"": 6, ""max_evals"": 2000000, ""max_unary"": 999, ""mutation_rate"": 0.1, ""ops"": [""+"", ""-"", ""*"", ""/"", ""sin"", ""cos"", ""exp"", ""log""], ""succ_error_tol"": 1e-06}","{""K"": 500, ""c"": 6.0, ""exploration_rate"": 0.1, ""gamma"": 0.5, ""gp_rate"": 0.5, ""lm_iterations"": 10, ""max_constants"": 999, ""max_depth"": 6, ""max_evals"": 2000000, ""max_unary"": 999, ""mutation_rate"": 0.1, ""ops"": [""+"", ""-"", ""*"", ""/"", ""sin"", ""cos"", ""exp"", ""log""], ""succ_error_tol"": 1e-06}",0.5
imcts,Livermore,14,Livermore-14,expression,10,29802,40,20,20,1,"[""x0""]",x[0]**3 + x[0]**2 + x[0] + sin(x[0]) + sin(x[0]**2),0.9999999403953552,True,1.0,1.0,14.0,812640,5.342256403993815,0.0,0,x0 * (x0 + x0 * x0) + sin(x0 * x0) + sin(x0) + x0 - sin(x0 - x0) * sin(x0),x0 * (x0 + x0 * x0) + sin(x0 * x0) + sin(x0) + x0 - sin(x0 - x0) * sin(x0),x0**3 + x0**2 + x0 + sin(x0) + sin(x0**2),[],"{""K"": 500, ""c"": 6.0, ""exploration_rate"": 0.1, ""gamma"": 0.5, ""gp_rate"": 0.5, ""lm_iterations"": 10, ""max_constants"": 999, ""max_depth"": 6, ""max_evals"": 2000000, ""max_unary"": 999, ""mutation_rate"": 0.1, ""ops"": [""+"", ""-"", ""*"", ""/"", ""sin"", ""cos"", ""exp"", ""log""], ""succ_error_tol"": 1e-06}","{""K"": 500, ""c"": 6.0, ""exploration_rate"": 0.1, ""gamma"": 0.5, ""gp_rate"": 0.5, ""lm_iterations"": 10, ""max_constants"": 999, ""max_depth"": 6, ""max_evals"": 2000000, ""max_unary"": 999, ""mutation_rate"": 0.1, ""ops"": [""+"", ""-"", ""*"", ""/"", ""sin"", ""cos"", ""exp"", ""log""], ""succ_error_tol"": 1e-06}",0.5
imcts,Livermore,14,Livermore-14,expression,11,21575,40,20,20,1,"[""x0""]",x[0]**3 + x[0]**2 + x[0] + sin(x[0]) + sin(x[0]**2),0.9998095035552979,False,0.9999999636938485,0.9999999728126309,22.0,2000004,13.37439659400843,0.0,0,x0 * x0 * x0 + x0 + sin(x0) + x0 * (x0 + x0) - x0 * (x0 - sin(x0)) * x0 * x0,x0 * x0 * x0 + x0 + sin(x0) + x0 * (x0 + x0) - x0 * (x0 - sin(x0)) * x0 * x0,x0**3*(-x0 + sin(x0)) + x0**3 + 2*x0**2 + x0 + sin(x0),[],"{""K"": 500, ""c"": 6.0, ""exploration_rate"": 0.1, ""gamma"": 0.5, ""gp_rate"": 0.5, ""lm_iterations"": 10, ""max_constants"": 999, ""max_depth"": 6, ""max_evals"": 2000000, ""max_unary"": 999, ""mutation_rate"": 0.1, ""ops"": [""+"", ""-"", ""*"", ""/"", ""sin"", ""cos"", ""exp"", ""log""], ""succ_error_tol"": 1e-06}","{""K"": 500, ""c"": 6.0, ""exploration_rate"": 0.1, ""gamma"": 0.5, ""gp_rate"": 0.5, ""lm_iterations"": 10, ""max_constants"": 999, ""max_depth"": 6, ""max_evals"": 2000000, ""max_unary"": 999, ""mutation_rate"": 0.1, ""ops"": [""+"", ""-"", ""*"", ""/"", ""sin"", ""cos"", ""exp"", ""log""], ""succ_error_tol"": 1e-06}",0.5
imcts,Livermore,14,Livermore-14,expression,12,11964,40,20,20,1,"[""x0""]",x[0]**3 + x[0]**2 + x[0] + sin(x[0]) + sin(x[0]**2),0.9999999403953552,True,1.0,1.0,14.0,142875,0.7308876889874227,0.0,0,x0 + sin(x0) + sin(x0 * x0) + x0 * (x0 * x0 + x0),x0 + sin(x0) + sin(x0 * x0) + x0 * (x0 * x0 + x0),x0**3 + x0**2 + x0 + sin(x0) + sin(x0**2),[],"{""K"": 500, ""c"": 6.0, ""exploration_rate"": 0.1, ""gamma"": 0.5, ""gp_rate"": 0.5, ""lm_iterations"": 10, ""max_constants"": 999, ""max_depth"": 6, ""max_evals"": 2000000, ""max_unary"": 999, ""mutation_rate"": 0.1, ""ops"": [""+"", ""-"", ""*"", ""/"", ""sin"", ""cos"", ""exp"", ""log""], ""succ_error_tol"": 1e-06}","{""K"": 500, ""c"": 6.0, ""exploration_rate"": 0.1, ""gamma"": 0.5, ""gp_rate"": 0.5, ""lm_iterations"": 10, ""max_constants"": 999, ""max_depth"": 6, ""max_evals"": 2000000, ""max_unary"": 999, ""mutation_rate"": 0.1, ""ops"": [""+"", ""-"", ""*"", ""/"", ""sin"", ""cos"", ""exp"", ""log""], ""succ_error_tol"": 1e-06}",0.5
imcts,Livermore,14,Livermore-14,expression,13,11284,40,20,20,1,"[""x0""]",x[0]**3 + x[0]**2 + x[0] + sin(x[0]) + sin(x[0]**2),0.9999999403953552,True,1.0,1.0,14.0,43578,0.19772810698486865,0.0,0,sin(x0 * x0) + x0 * x0 + sin(x0) + x0 + x0 * x0 * x0,sin(x0 * x0) + x0 * x0 + sin(x0) + x0 + x0 * x0 * x0,x0**3 + x0**2 + x0 + sin(x0) + sin(x0**2),[],"{""K"": 500, ""c"": 6.0, ""exploration_rate"": 0.1, ""gamma"": 0.5, ""gp_rate"": 0.5, ""lm_iterations"": 10, ""max_constants"": 999, ""max_depth"": 6, ""max_evals"": 2000000, ""max_unary"": 999, ""mutation_rate"": 0.1, ""ops"": [""+"", ""-"", ""*"", ""/"", ""sin"", ""cos"", ""exp"", ""log""], ""succ_error_tol"": 1e-06}","{""K"": 500, ""c"": 6.0, ""exploration_rate"": 0.1, ""gamma"": 0.5, ""gp_rate"": 0.5, ""lm_iterations"": 10, ""max_constants"": 999, ""max_depth"": 6, ""max_evals"": 2000000, ""max_unary"": 999, ""mutation_rate"": 0.1, ""ops"": [""+"", ""-"", ""*"", ""/"", ""sin"", ""cos"", ""exp"", ""log""], ""succ_error_tol"": 1e-06}",0.5
imcts,Livermore,14,Livermore-14,expression,14,22118,40,20,20,1,"[""x0""]",x[0]**3 + x[0]**2 + x[0] + sin(x[0]) + sin(x[0]**2),0.9999999403953552,True,1.0,1.0,14.0,270120,1.5506536799948663,0.0,0,(x0 * x0 - x0) * x0 + (x0 + x0) * x0 + x0 + sin(x0 * x0) + sin(x0),(x0 * x0 - x0) * x0 + (x0 + x0) * x0 + x0 + sin(x0 * x0) + sin(x0),x0**3 + x0**2 + x0 + sin(x0) + sin(x0**2),[],"{""K"": 500, ""c"": 6.0, ""exploration_rate"": 0.1, ""gamma"": 0.5, ""gp_rate"": 0.5, ""lm_iterations"": 10, ""max_constants"": 999, ""max_depth"": 6, ""max_evals"": 2000000, ""max_unary"": 999, ""mutation_rate"": 0.1, ""ops"": [""+"", ""-"", ""*"", ""/"", ""sin"", ""cos"", ""exp"", ""log""], ""succ_error_tol"": 1e-06}","{""K"": 500, ""c"": 6.0, ""exploration_rate"": 0.1, ""gamma"": 0.5, ""gp_rate"": 0.5, ""lm_iterations"": 10, ""max_constants"": 999, ""max_depth"": 6, ""max_evals"": 2000000, ""max_unary"": 999, ""mutation_rate"": 0.1, ""ops"": [""+"", ""-"", ""*"", ""/"", ""sin"", ""cos"", ""exp"", ""log""], ""succ_error_tol"": 1e-06}",0.5
imcts,Livermore,14,Livermore-14,expression,15,6265,40,20,20,1,"[""x0""]",x[0]**3 + x[0]**2 + x[0] + sin(x[0]) + sin(x[0]**2),0.9999999403953552,True,1.0,1.0,14.0,114142,0.5806962659698911,0.0,0,sin(x0 * x0) + x0 - (x0 - x0 * x0 * x0) + x0 + x0 * x0 + sin(x0),sin(x0 * x0) + x0 - (x0 - x0 * x0 * x0) + x0 + x0 * x0 + sin(x0),x0**3 + x0**2 + x0 + sin(x0) + sin(x0**2),[],"{""K"": 500, ""c"": 6.0, ""exploration_rate"": 0.1, ""gamma"": 0.5, ""gp_rate"": 0.5, ""lm_iterations"": 10, ""max_constants"": 999, ""max_depth"": 6, ""max_evals"": 2000000, ""max_unary"": 999, ""mutation_rate"": 0.1, ""ops"": [""+"", ""-"", ""*"", ""/"", ""sin"", ""cos"", ""exp"", ""log""], ""succ_error_tol"": 1e-06}","{""K"": 500, ""c"": 6.0, ""exploration_rate"": 0.1, ""gamma"": 0.5, ""gp_rate"": 0.5, ""lm_iterations"": 10, ""max_constants"": 999, ""max_depth"": 6, ""max_evals"": 2000000, ""max_unary"": 999, ""mutation_rate"": 0.1, ""ops"": [""+"", ""-"", ""*"", ""/"", ""sin"", ""cos"", ""exp"", ""log""], ""succ_error_tol"": 1e-06}",0.5
imcts,Livermore,14,Livermore-14,expression,16,11363,40,20,20,1,"[""x0""]",x[0]**3 + x[0]**2 + x[0] + sin(x[0]) + sin(x[0]**2),0.9999999403953552,True,1.0,1.0,14.0,85492,0.41781448101392016,0.0,0,x0 + sin(x0) + (x0 * x0 + x0) * x0 + sin(x0 * x0),x0 + sin(x0) + (x0 * x0 + x0) * x0 + sin(x0 * x0),x0**3 + x0**2 + x0 + sin(x0) + sin(x0**2),[],"{""K"": 500, ""c"": 6.0, ""exploration_rate"": 0.1, ""gamma"": 0.5, ""gp_rate"": 0.5, ""lm_iterations"": 10, ""max_constants"": 999, ""max_depth"": 6, ""max_evals"": 2000000, ""max_unary"": 999, ""mutation_rate"": 0.1, ""ops"": [""+"", ""-"", ""*"", ""/"", ""sin"", ""cos"", ""exp"", ""log""], ""succ_error_tol"": 1e-06}","{""K"": 500, ""c"": 6.0, ""exploration_rate"": 0.1, ""gamma"": 0.5, ""gp_rate"": 0.5, ""lm_iterations"": 10, ""max_constants"": 999, ""max_depth"": 6, ""max_evals"": 2000000, ""max_unary"": 999, ""mutation_rate"": 0.1, ""ops"": [""+"", ""-"", ""*"", ""/"", ""sin"", ""cos"", ""exp"", ""log""], ""succ_error_tol"": 1e-06}",0.5
imcts,Livermore,14,Livermore-14,expression,17,27495,40,20,20,1,"[""x0""]",x[0]**3 + x[0]**2 + x[0] + sin(x[0]) + sin(x[0]**2),0.9999999403953552,True,1.0,1.0,14.0,105844,0.5263532690005377,0.0,0,x0 * x0 + sin(x0) + x0 + sin(x0 * x0) + x0 * x0 * x0,x0 * x0 + sin(x0) + x0 + sin(x0 * x0) + x0 * x0 * x0,x0**3 + x0**2 + x0 + sin(x0) + sin(x0**2),[],"{""K"": 500, ""c"": 6.0, ""exploration_rate"": 0.1, ""gamma"": 0.5, ""gp_rate"": 0.5, ""lm_iterations"": 10, ""max_constants"": 999, ""max_depth"": 6, ""max_evals"": 2000000, ""max_unary"": 999, ""mutation_rate"": 0.1, ""ops"": [""+"", ""-"", ""*"", ""/"", ""sin"", ""cos"", ""exp"", ""log""], ""succ_error_tol"": 1e-06}","{""K"": 500, ""c"": 6.0, ""exploration_rate"": 0.1, ""gamma"": 0.5, ""gp_rate"": 0.5, ""lm_iterations"": 10, ""max_constants"": 999, ""max_depth"": 6, ""max_evals"": 2000000, ""max_unary"": 999, ""mutation_rate"": 0.1, ""ops"": [""+"", ""-"", ""*"", ""/"", ""sin"", ""cos"", ""exp"", ""log""], ""succ_error_tol"": 1e-06}",0.5
imcts,Livermore,14,Livermore-14,expression,18,16023,40,20,20,1,"[""x0""]",x[0]**3 + x[0]**2 + x[0] + sin(x[0]) + sin(x[0]**2),0.9999999403953552,True,1.0,1.0,14.0,147228,0.7593885239912197,0.0,0,sin(x0 * x0) + x0 + sin(x0) + (x0 + x0 * x0) * x0,sin(x0 * x0) + x0 + sin(x0) + (x0 + x0 * x0) * x0,x0**3 + x0**2 + x0 + sin(x0) + sin(x0**2),[],"{""K"": 500, ""c"": 6.0, ""exploration_rate"": 0.1, ""gamma"": 0.5, ""gp_rate"": 0.5, ""lm_iterations"": 10, ""max_constants"": 999, ""max_depth"": 6, ""max_evals"": 2000000, ""max_unary"": 999, ""mutation_rate"": 0.1, ""ops"": [""+"", ""-"", ""*"", ""/"", ""sin"", ""cos"", ""exp"", ""log""], ""succ_error_tol"": 1e-06}","{""K"": 500, ""c"": 6.0, ""exploration_rate"": 0.1, ""gamma"": 0.5, ""gp_rate"": 0.5, ""lm_iterations"": 10, ""max_constants"": 999, ""max_depth"": 6, ""max_evals"": 2000000, ""max_unary"": 999, ""mutation_rate"": 0.1, ""ops"": [""+"", ""-"", ""*"", ""/"", ""sin"", ""cos"", ""exp"", ""log""], ""succ_error_tol"": 1e-06}",0.5
imcts,Livermore,14,Livermore-14,expression,19,8322,40,20,20,1,"[""x0""]",x[0]**3 + x[0]**2 + x[0] + sin(x[0]) + sin(x[0]**2),0.9999999403953552,True,1.0,1.0,14.0,193819,1.0786954250070266,0.0,0,sin(x0 * x0) + sin(x0) + (x0 / x0 + x0) * x0 * x0 + x0,sin(x0 * x0) + sin(x0) + (x0 / x0 + x0) * x0 * x0 + x0,x0**3 + x0**2 + x0 + sin(x0) + sin(x0**2),[],"{""K"": 500, ""c"": 6.0, ""exploration_rate"": 0.1, ""gamma"": 0.5, ""gp_rate"": 0.5, ""lm_iterations"": 10, ""max_constants"": 999, ""max_depth"": 6, ""max_evals"": 2000000, ""max_unary"": 999, ""mutation_rate"": 0.1, ""ops"": [""+"", ""-"", ""*"", ""/"", ""sin"", ""cos"", ""exp"", ""log""], ""succ_error_tol"": 1e-06}","{""K"": 500, ""c"": 6.0, ""exploration_rate"": 0.1, ""gamma"": 0.5, ""gp_rate"": 0.5, ""lm_iterations"": 10, ""max_constants"": 999, ""max_depth"": 6, ""max_evals"": 2000000, ""max_unary"": 999, ""mutation_rate"": 0.1, ""ops"": [""+"", ""-"", ""*"", ""/"", ""sin"", ""cos"", ""exp"", ""log""], ""succ_error_tol"": 1e-06}",0.5
imcts,Livermore,14,Livermore-14,expression,20,1685,40,20,20,1,"[""x0""]",x[0]**3 + x[0]**2 + x[0] + sin(x[0]) + sin(x[0]**2),0.9999999403953552,True,1.0,1.0,14.0,138674,0.7221961410250515,0.0,0,x0 + sin(x0) + sin(x0 * x0) + x0 * (x0 + x0 * x0),x0 + sin(x0) + sin(x0 * x0) + x0 * (x0 + x0 * x0),x0**3 + x0**2 + x0 + sin(x0) + sin(x0**2),[],"{""K"": 500, ""c"": 6.0, ""exploration_rate"": 0.1, ""gamma"": 0.5, ""gp_rate"": 0.5, ""lm_iterations"": 10, ""max_constants"": 999, ""max_depth"": 6, ""max_evals"": 2000000, ""max_unary"": 999, ""mutation_rate"": 0.1, ""ops"": [""+"", ""-"", ""*"", ""/"", ""sin"", ""cos"", ""exp"", ""log""], ""succ_error_tol"": 1e-06}","{""K"": 500, ""c"": 6.0, ""exploration_rate"": 0.1, ""gamma"": 0.5, ""gp_rate"": 0.5, ""lm_iterations"": 10, ""max_constants"": 999, ""max_depth"": 6, ""max_evals"": 2000000, ""max_unary"": 999, ""mutation_rate"": 0.1, ""ops"": [""+"", ""-"", ""*"", ""/"", ""sin"", ""cos"", ""exp"", ""log""], ""succ_error_tol"": 1e-06}",0.5
imcts,Livermore,14,Livermore-14,expression,21,32052,40,20,20,1,"[""x0""]",x[0]**3 + x[0]**2 + x[0] + sin(x[0]) + sin(x[0]**2),0.9999999403953552,True,1.0,1.0,14.0,168828,0.8914138030377217,0.0,0,sin(x0 * x0) + x0 * x0 * x0 + sin(x0) + x0 * x0 + x0,sin(x0 * x0) + x0 * x0 * x0 + sin(x0) + x0 * x0 + x0,x0**3 + x0**2 + x0 + sin(x0) + sin(x0**2),[],"{""K"": 500, ""c"": 6.0, ""exploration_rate"": 0.1, ""gamma"": 0.5, ""gp_rate"": 0.5, ""lm_iterations"": 10, ""max_constants"": 999, ""max_depth"": 6, ""max_evals"": 2000000, ""max_unary"": 999, ""mutation_rate"": 0.1, ""ops"": [""+"", ""-"", ""*"", ""/"", ""sin"", ""cos"", ""exp"", ""log""], ""succ_error_tol"": 1e-06}","{""K"": 500, ""c"": 6.0, ""exploration_rate"": 0.1, ""gamma"": 0.5, ""gp_rate"": 0.5, ""lm_iterations"": 10, ""max_constants"": 999, ""max_depth"": 6, ""max_evals"": 2000000, ""max_unary"": 999, ""mutation_rate"": 0.1, ""ops"": [""+"", ""-"", ""*"", ""/"", ""sin"", ""cos"", ""exp"", ""log""], ""succ_error_tol"": 1e-06}",0.5
imcts,Livermore,14,Livermore-14,expression,22,769,40,20,20,1,"[""x0""]",x[0]**3 + x[0]**2 + x[0] + sin(x[0]) + sin(x[0]**2),0.9999999403953552,True,1.0,1.0,14.0,223143,1.220647595997434,0.0,0,x0 * (x0 + x0 * x0) + sin(x0) + x0 + sin(x0 * x0),x0 * (x0 + x0 * x0) + sin(x0) + x0 + sin(x0 * x0),x0**3 + x0**2 + x0 + sin(x0) + sin(x0**2),[],"{""K"": 500, ""c"": 6.0, ""exploration_rate"": 0.1, ""gamma"": 0.5, ""gp_rate"": 0.5, ""lm_iterations"": 10, ""max_constants"": 999, ""max_depth"": 6, ""max_evals"": 2000000, ""max_unary"": 999, ""mutation_rate"": 0.1, ""ops"": [""+"", ""-"", ""*"", ""/"", ""sin"", ""cos"", ""exp"", ""log""], ""succ_error_tol"": 1e-06}","{""K"": 500, ""c"": 6.0, ""exploration_rate"": 0.1, ""gamma"": 0.5, ""gp_rate"": 0.5, ""lm_iterations"": 10, ""max_constants"": 999, ""max_depth"": 6, ""max_evals"": 2000000, ""max_unary"": 999, ""mutation_rate"": 0.1, ""ops"": [""+"", ""-"", ""*"", ""/"", ""sin"", ""cos"", ""exp"", ""log""], ""succ_error_tol"": 1e-06}",0.5
imcts,Livermore,14,Livermore-14,expression,23,26967,40,20,20,1,"[""x0""]",x[0]**3 + x[0]**2 + x[0] + sin(x[0]) + sin(x[0]**2),1.0,True,1.0,1.0,14.0,60737,0.2730515409493819,0.0,0,x0 * x0 * x0 + sin(x0) + sin(x0 * x0) + x0 * x0 + x0,x0 * x0 * x0 + sin(x0) + sin(x0 * x0) + x0 * x0 + x0,x0**3 + x0**2 + x0 + sin(x0) + sin(x0**2),[],"{""K"": 500, ""c"": 6.0, ""exploration_rate"": 0.1, ""gamma"": 0.5, ""gp_rate"": 0.5, ""lm_iterations"": 10, ""max_constants"": 999, ""max_depth"": 6, ""max_evals"": 2000000, ""max_unary"": 999, ""mutation_rate"": 0.1, ""ops"": [""+"", ""-"", ""*"", ""/"", ""sin"", ""cos"", ""exp"", ""log""], ""succ_error_tol"": 1e-06}","{""K"": 500, ""c"": 6.0, ""exploration_rate"": 0.1, ""gamma"": 0.5, ""gp_rate"": 0.5, ""lm_iterations"": 10, ""max_constants"": 999, ""max_depth"": 6, ""max_evals"": 2000000, ""max_unary"": 999, ""mutation_rate"": 0.1, ""ops"": [""+"", ""-"", ""*"", ""/"", ""sin"", ""cos"", ""exp"", ""log""], ""succ_error_tol"": 1e-06}",0.5
imcts,Livermore,14,Livermore-14,expression,24,30187,40,20,20,1,"[""x0""]",x[0]**3 + x[0]**2 + x[0] + sin(x[0]) + sin(x[0]**2),0.9974111914634705,False,0.9999932631224099,0.9999950054766533,29.0,2000000,13.656649130978622,0.0,0,(sin(x0) + cos(x0)) * (sin(x0) - x0) / (x0 - x0 + exp(sin(x0))) + x0 + x0 * exp(x0) * (sin(x0) + cos(x0)),(sin(x0) + cos(x0)) * (sin(x0) - x0) / (x0 - x0 + exp(sin(x0))) + x0 + x0 * exp(x0) * (sin(x0) + cos(x0)),x0*(sin(x0) + cos(x0))*exp(x0) + x0 - (x0 - sin(x0))*(sin(x0) + cos(x0))*exp(-sin(x0)),[],"{""K"": 500, ""c"": 6.0, ""exploration_rate"": 0.1, ""gamma"": 0.5, ""gp_rate"": 0.5, ""lm_iterations"": 10, ""max_constants"": 999, ""max_depth"": 6, ""max_evals"": 2000000, ""max_unary"": 999, ""mutation_rate"": 0.1, ""ops"": [""+"", ""-"", ""*"", ""/"", ""sin"", ""cos"", ""exp"", ""log""], ""succ_error_tol"": 1e-06}","{""K"": 500, ""c"": 6.0, ""exploration_rate"": 0.1, ""gamma"": 0.5, ""gp_rate"": 0.5, ""lm_iterations"": 10, ""max_constants"": 999, ""max_depth"": 6, ""max_evals"": 2000000, ""max_unary"": 999, ""mutation_rate"": 0.1, ""ops"": [""+"", ""-"", ""*"", ""/"", ""sin"", ""cos"", ""exp"", ""log""], ""succ_error_tol"": 1e-06}",0.5
imcts,Livermore,14,Livermore-14,expression,25,32157,40,20,20,1,"[""x0""]",x[0]**3 + x[0]**2 + x[0] + sin(x[0]) + sin(x[0]**2),0.9999999403953552,True,1.0,1.0,14.0,338529,1.9816274819895625,0.0,0,sin(x0 * x0) + x0 * (x0 * x0 + x0) + x0 + sin(x0),sin(x0 * x0) + x0 * (x0 * x0 + x0) + x0 + sin(x0),x0**3 + x0**2 + x0 + sin(x0) + sin(x0**2),[],"{""K"": 500, ""c"": 6.0, ""exploration_rate"": 0.1, ""gamma"": 0.5, ""gp_rate"": 0.5, ""lm_iterations"": 10, ""max_constants"": 999, ""max_depth"": 6, ""max_evals"": 2000000, ""max_unary"": 999, ""mutation_rate"": 0.1, ""ops"": [""+"", ""-"", ""*"", ""/"", ""sin"", ""cos"", ""exp"", ""log""], ""succ_error_tol"": 1e-06}","{""K"": 500, ""c"": 6.0, ""exploration_rate"": 0.1, ""gamma"": 0.5, ""gp_rate"": 0.5, ""lm_iterations"": 10, ""max_constants"": 999, ""max_depth"": 6, ""max_evals"": 2000000, ""max_unary"": 999, ""mutation_rate"": 0.1, ""ops"": [""+"", ""-"", ""*"", ""/"", ""sin"", ""cos"", ""exp"", ""log""], ""succ_error_tol"": 1e-06}",0.5
imcts,Livermore,14,Livermore-14,expression,26,23333,40,20,20,1,"[""x0""]",x[0]**3 + x[0]**2 + x[0] + sin(x[0]) + sin(x[0]**2),1.0,True,1.0,1.0,14.0,216529,1.1515744960051961,0.0,0,x0 * x0 + sin(x0 * x0) + x0 + sin(x0) + x0 * x0 * x0,x0 * x0 + sin(x0 * x0) + x0 + sin(x0) + x0 * x0 * x0,x0**3 + x0**2 + x0 + sin(x0) + sin(x0**2),[],"{""K"": 500, ""c"": 6.0, ""exploration_rate"": 0.1, ""gamma"": 0.5, ""gp_rate"": 0.5, ""lm_iterations"": 10, ""max_constants"": 999, ""max_depth"": 6, ""max_evals"": 2000000, ""max_unary"": 999, ""mutation_rate"": 0.1, ""ops"": [""+"", ""-"", ""*"", ""/"", ""sin"", ""cos"", ""exp"", ""log""], ""succ_error_tol"": 1e-06}","{""K"": 500, ""c"": 6.0, ""exploration_rate"": 0.1, ""gamma"": 0.5, ""gp_rate"": 0.5, ""lm_iterations"": 10, ""max_constants"": 999, ""max_depth"": 6, ""max_evals"": 2000000, ""max_unary"": 999, ""mutation_rate"": 0.1, ""ops"": [""+"", ""-"", ""*"", ""/"", ""sin"", ""cos"", ""exp"", ""log""], ""succ_error_tol"": 1e-06}",0.5
imcts,Livermore,14,Livermore-14,expression,27,2433,40,20,20,1,"[""x0""]",x[0]**3 + x[0]**2 + x[0] + sin(x[0]) + sin(x[0]**2),0.9999999403953552,True,1.0,1.0,14.0,43889,0.19328522094292566,0.0,0,x0 * (x0 * x0 + x0) + sin(x0 * x0) + x0 + sin(x0),x0 * (x0 * x0 + x0) + sin(x0 * x0) + x0 + sin(x0),x0**3 + x0**2 + x0 + sin(x0) + sin(x0**2),[],"{""K"": 500, ""c"": 6.0, ""exploration_rate"": 0.1, ""gamma"": 0.5, ""gp_rate"": 0.5, ""lm_iterations"": 10, ""max_constants"": 999, ""max_depth"": 6, ""max_evals"": 2000000, ""max_unary"": 999, ""mutation_rate"": 0.1, ""ops"": [""+"", ""-"", ""*"", ""/"", ""sin"", ""cos"", ""exp"", ""log""], ""succ_error_tol"": 1e-06}","{""K"": 500, ""c"": 6.0, ""exploration_rate"": 0.1, ""gamma"": 0.5, ""gp_rate"": 0.5, ""lm_iterations"": 10, ""max_constants"": 999, ""max_depth"": 6, ""max_evals"": 2000000, ""max_unary"": 999, ""mutation_rate"": 0.1, ""ops"": [""+"", ""-"", ""*"", ""/"", ""sin"", ""cos"", ""exp"", ""log""], ""succ_error_tol"": 1e-06}",0.5
imcts,Livermore,14,Livermore-14,expression,28,5311,40,20,20,1,"[""x0""]",x[0]**3 + x[0]**2 + x[0] + sin(x[0]) + sin(x[0]**2),0.9999999403953552,True,1.0,1.0,14.0,357607,2.039724570000544,0.0,0,(x0 + x0 * x0) * x0 + sin(x0 * x0) + x0 + sin(x0) / x0 * x0,(x0 + x0 * x0) * x0 + sin(x0 * x0) + x0 + sin(x0) / x0 * x0,x0**3 + x0**2 + x0 + sin(x0) + sin(x0**2),[],"{""K"": 500, ""c"": 6.0, ""exploration_rate"": 0.1, ""gamma"": 0.5, ""gp_rate"": 0.5, ""lm_iterations"": 10, ""max_constants"": 999, ""max_depth"": 6, ""max_evals"": 2000000, ""max_unary"": 999, ""mutation_rate"": 0.1, ""ops"": [""+"", ""-"", ""*"", ""/"", ""sin"", ""cos"", ""exp"", ""log""], ""succ_error_tol"": 1e-06}","{""K"": 500, ""c"": 6.0, ""exploration_rate"": 0.1, ""gamma"": 0.5, ""gp_rate"": 0.5, ""lm_iterations"": 10, ""max_constants"": 999, ""max_depth"": 6, ""max_evals"": 2000000, ""max_unary"": 999, ""mutation_rate"": 0.1, ""ops"": [""+"", ""-"", ""*"", ""/"", ""sin"", ""cos"", ""exp"", ""log""], ""succ_error_tol"": 1e-06}",0.5
imcts,Livermore,14,Livermore-14,expression,29,5051,40,20,20,1,"[""x0""]",x[0]**3 + x[0]**2 + x[0] + sin(x[0]) + sin(x[0]**2),0.9999999403953552,True,1.0,1.0,14.0,38744,0.16588563396362588,0.0,0,x0 * (x0 * x0 + x0) + sin(x0) + x0 + sin(x0 * x0),x0 * (x0 * x0 + x0) + sin(x0) + x0 + sin(x0 * x0),x0**3 + x0**2 + x0 + sin(x0) + sin(x0**2),[],"{""K"": 500, ""c"": 6.0, ""exploration_rate"": 0.1, ""gamma"": 0.5, ""gp_rate"": 0.5, ""lm_iterations"": 10, ""max_constants"": 999, ""max_depth"": 6, ""max_evals"": 2000000, ""max_unary"": 999, ""mutation_rate"": 0.1, ""ops"": [""+"", ""-"", ""*"", ""/"", ""sin"", ""cos"", ""exp"", ""log""], ""succ_error_tol"": 1e-06}","{""K"": 500, ""c"": 6.0, ""exploration_rate"": 0.1, ""gamma"": 0.5, ""gp_rate"": 0.5, ""lm_iterations"": 10, ""max_constants"": 999, ""max_depth"": 6, ""max_evals"": 2000000, ""max_unary"": 999, ""mutation_rate"": 0.1, ""ops"": [""+"", ""-"", ""*"", ""/"", ""sin"", ""cos"", ""exp"", ""log""], ""succ_error_tol"": 1e-06}",0.5
imcts,Livermore,14,Livermore-14,expression,30,6420,40,20,20,1,"[""x0""]",x[0]**3 + x[0]**2 + x[0] + sin(x[0]) + sin(x[0]**2),0.9999999403953552,True,1.0,1.0,14.0,31127,0.13450373098021373,0.0,0,sin(x0 * x0) + x0 * x0 * x0 + sin(x0) + x0 + x0 * x0,sin(x0 * x0) + x0 * x0 * x0 + sin(x0) + x0 + x0 * x0,x0**3 + x0**2 + x0 + sin(x0) + sin(x0**2),[],"{""K"": 500, ""c"": 6.0, ""exploration_rate"": 0.1, ""gamma"": 0.5, ""gp_rate"": 0.5, ""lm_iterations"": 10, ""max_constants"": 999, ""max_depth"": 6, ""max_evals"": 2000000, ""max_unary"": 999, ""mutation_rate"": 0.1, ""ops"": [""+"", ""-"", ""*"", ""/"", ""sin"", ""cos"", ""exp"", ""log""], ""succ_error_tol"": 1e-06}","{""K"": 500, ""c"": 6.0, ""exploration_rate"": 0.1, ""gamma"": 0.5, ""gp_rate"": 0.5, ""lm_iterations"": 10, ""max_constants"": 999, ""max_depth"": 6, ""max_evals"": 2000000, ""max_unary"": 999, ""mutation_rate"": 0.1, ""ops"": [""+"", ""-"", ""*"", ""/"", ""sin"", ""cos"", ""exp"", ""log""], ""succ_error_tol"": 1e-06}",0.5
imcts,Livermore,14,Livermore-14,expression,31,17568,40,20,20,1,"[""x0""]",x[0]**3 + x[0]**2 + x[0] + sin(x[0]) + sin(x[0]**2),0.9999999403953552,True,1.0,1.0,14.0,528322,3.217791020986624,0.0,0,sin(x0 * x0) / (x0 + sin(x0)) * (x0 + sin(x0)) + sin(x0) + x0 + x0 * (x0 * x0 + x0),sin(x0 * x0) / (x0 + sin(x0)) * (x0 + sin(x0)) + sin(x0) + x0 + x0 * (x0 * x0 + x0),x0**3 + x0**2 + x0 + sin(x0) + sin(x0**2),[],"{""K"": 500, ""c"": 6.0, ""exploration_rate"": 0.1, ""gamma"": 0.5, ""gp_rate"": 0.5, ""lm_iterations"": 10, ""max_constants"": 999, ""max_depth"": 6, ""max_evals"": 2000000, ""max_unary"": 999, ""mutation_rate"": 0.1, ""ops"": [""+"", ""-"", ""*"", ""/"", ""sin"", ""cos"", ""exp"", ""log""], ""succ_error_tol"": 1e-06}","{""K"": 500, ""c"": 6.0, ""exploration_rate"": 0.1, ""gamma"": 0.5, ""gp_rate"": 0.5, ""lm_iterations"": 10, ""max_constants"": 999, ""max_depth"": 6, ""max_evals"": 2000000, ""max_unary"": 999, ""mutation_rate"": 0.1, ""ops"": [""+"", ""-"", ""*"", ""/"", ""sin"", ""cos"", ""exp"", ""log""], ""succ_error_tol"": 1e-06}",0.5
imcts,Livermore,14,Livermore-14,expression,32,20939,40,20,20,1,"[""x0""]",x[0]**3 + x[0]**2 + x[0] + sin(x[0]) + sin(x[0]**2),0.9999999403953552,True,1.0,1.0,14.0,86058,0.41505790897645056,0.0,0,x0 + sin(x0 * x0) + sin(x0) + x0 * (x0 * x0 + x0),x0 + sin(x0 * x0) + sin(x0) + x0 * (x0 * x0 + x0),x0**3 + x0**2 + x0 + sin(x0) + sin(x0**2),[],"{""K"": 500, ""c"": 6.0, ""exploration_rate"": 0.1, ""gamma"": 0.5, ""gp_rate"": 0.5, ""lm_iterations"": 10, ""max_constants"": 999, ""max_depth"": 6, ""max_evals"": 2000000, ""max_unary"": 999, ""mutation_rate"": 0.1, ""ops"": [""+"", ""-"", ""*"", ""/"", ""sin"", ""cos"", ""exp"", ""log""], ""succ_error_tol"": 1e-06}","{""K"": 500, ""c"": 6.0, ""exploration_rate"": 0.1, ""gamma"": 0.5, ""gp_rate"": 0.5, ""lm_iterations"": 10, ""max_constants"": 999, ""max_depth"": 6, ""max_evals"": 2000000, ""max_unary"": 999, ""mutation_rate"": 0.1, ""ops"": [""+"", ""-"", ""*"", ""/"", ""sin"", ""cos"", ""exp"", ""log""], ""succ_error_tol"": 1e-06}",0.5
imcts,Livermore,14,Livermore-14,expression,33,19769,40,20,20,1,"[""x0""]",x[0]**3 + x[0]**2 + x[0] + sin(x[0]) + sin(x[0]**2),0.9999999403953552,True,1.0,1.0,14.0,159168,0.8359146019793116,0.0,0,sin(x0) + x0 * (x0 * x0 + x0) + x0 + sin(x0 * x0),sin(x0) + x0 * (x0 * x0 + x0) + x0 + sin(x0 * x0),x0**3 + x0**2 + x0 + sin(x0) + sin(x0**2),[],"{""K"": 500, ""c"": 6.0, ""exploration_rate"": 0.1, ""gamma"": 0.5, ""gp_rate"": 0.5, ""lm_iterations"": 10, ""max_constants"": 999, ""max_depth"": 6, ""max_evals"": 2000000, ""max_unary"": 999, ""mutation_rate"": 0.1, ""ops"": [""+"", ""-"", ""*"", ""/"", ""sin"", ""cos"", ""exp"", ""log""], ""succ_error_tol"": 1e-06}","{""K"": 500, ""c"": 6.0, ""exploration_rate"": 0.1, ""gamma"": 0.5, ""gp_rate"": 0.5, ""lm_iterations"": 10, ""max_constants"": 999, ""max_depth"": 6, ""max_evals"": 2000000, ""max_unary"": 999, ""mutation_rate"": 0.1, ""ops"": [""+"", ""-"", ""*"", ""/"", ""sin"", ""cos"", ""exp"", ""log""], ""succ_error_tol"": 1e-06}",0.5
imcts,Livermore,14,Livermore-14,expression,34,28693,40,20,20,1,"[""x0""]",x[0]**3 + x[0]**2 + x[0] + sin(x[0]) + sin(x[0]**2),1.0,True,1.0,1.0,14.0,175090,0.9020325040328316,0.0,0,sin(x0 * x0) + x0 * x0 * x0 + x0 * x0 + x0 + sin(x0),sin(x0 * x0) + x0 * x0 * x0 + x0 * x0 + x0 + sin(x0),x0**3 + x0**2 + x0 + sin(x0) + sin(x0**2),[],"{""K"": 500, ""c"": 6.0, ""exploration_rate"": 0.1, ""gamma"": 0.5, ""gp_rate"": 0.5, ""lm_iterations"": 10, ""max_constants"": 999, ""max_depth"": 6, ""max_evals"": 2000000, ""max_unary"": 999, ""mutation_rate"": 0.1, ""ops"": [""+"", ""-"", ""*"", ""/"", ""sin"", ""cos"", ""exp"", ""log""], ""succ_error_tol"": 1e-06}","{""K"": 500, ""c"": 6.0, ""exploration_rate"": 0.1, ""gamma"": 0.5, ""gp_rate"": 0.5, ""lm_iterations"": 10, ""max_constants"": 999, ""max_depth"": 6, ""max_evals"": 2000000, ""max_unary"": 999, ""mutation_rate"": 0.1, ""ops"": [""+"", ""-"", ""*"", ""/"", ""sin"", ""cos"", ""exp"", ""log""], ""succ_error_tol"": 1e-06}",0.5
imcts,Livermore,14,Livermore-14,expression,35,6396,40,20,20,1,"[""x0""]",x[0]**3 + x[0]**2 + x[0] + sin(x[0]) + sin(x[0]**2),0.9999999403953552,True,1.0,1.0,14.0,343508,1.9537747859722003,0.0,0,sin(x0) + (x0 * x0 + x0) * x0 + x0 + sin(x0 * x0),sin(x0) + (x0 * x0 + x0) * x0 + x0 + sin(x0 * x0),x0**3 + x0**2 + x0 + sin(x0) + sin(x0**2),[],"{""K"": 500, ""c"": 6.0, ""exploration_rate"": 0.1, ""gamma"": 0.5, ""gp_rate"": 0.5, ""lm_iterations"": 10, ""max_constants"": 999, ""max_depth"": 6, ""max_evals"": 2000000, ""max_unary"": 999, ""mutation_rate"": 0.1, ""ops"": [""+"", ""-"", ""*"", ""/"", ""sin"", ""cos"", ""exp"", ""log""], ""succ_error_tol"": 1e-06}","{""K"": 500, ""c"": 6.0, ""exploration_rate"": 0.1, ""gamma"": 0.5, ""gp_rate"": 0.5, ""lm_iterations"": 10, ""max_constants"": 999, ""max_depth"": 6, ""max_evals"": 2000000, ""max_unary"": 999, ""mutation_rate"": 0.1, ""ops"": [""+"", ""-"", ""*"", ""/"", ""sin"", ""cos"", ""exp"", ""log""], ""succ_error_tol"": 1e-06}",0.5
imcts,Livermore,14,Livermore-14,expression,36,29419,40,20,20,1,"[""x0""]",x[0]**3 + x[0]**2 + x[0] + sin(x[0]) + sin(x[0]**2),0.9999999403953552,True,1.0,1.0,14.0,326446,1.8168334829970263,0.0,0,x0 * (x0 * x0 + x0) + sin(x0 * x0) + x0 + sin(x0),x0 * (x0 * x0 + x0) + sin(x0 * x0) + x0 + sin(x0),x0**3 + x0**2 + x0 + sin(x0) + sin(x0**2),[],"{""K"": 500, ""c"": 6.0, ""exploration_rate"": 0.1, ""gamma"": 0.5, ""gp_rate"": 0.5, ""lm_iterations"": 10, ""max_constants"": 999, ""max_depth"": 6, ""max_evals"": 2000000, ""max_unary"": 999, ""mutation_rate"": 0.1, ""ops"": [""+"", ""-"", ""*"", ""/"", ""sin"", ""cos"", ""exp"", ""log""], ""succ_error_tol"": 1e-06}","{""K"": 500, ""c"": 6.0, ""exploration_rate"": 0.1, ""gamma"": 0.5, ""gp_rate"": 0.5, ""lm_iterations"": 10, ""max_constants"": 999, ""max_depth"": 6, ""max_evals"": 2000000, ""max_unary"": 999, ""mutation_rate"": 0.1, ""ops"": [""+"", ""-"", ""*"", ""/"", ""sin"", ""cos"", ""exp"", ""log""], ""succ_error_tol"": 1e-06}",0.5
imcts,Livermore,14,Livermore-14,expression,37,27480,40,20,20,1,"[""x0""]",x[0]**3 + x[0]**2 + x[0] + sin(x[0]) + sin(x[0]**2),0.9999999403953552,True,1.0,1.0,14.0,102484,0.49413807404926047,0.0,0,sin(x0 * x0) + x0 + x0 / x0 * x0 * (x0 + x0 * x0) + sin(x0),sin(x0 * x0) + x0 + x0 / x0 * x0 * (x0 + x0 * x0) + sin(x0),x0**3 + x0**2 + x0 + sin(x0) + sin(x0**2),[],"{""K"": 500, ""c"": 6.0, ""exploration_rate"": 0.1, ""gamma"": 0.5, ""gp_rate"": 0.5, ""lm_iterations"": 10, ""max_constants"": 999, ""max_depth"": 6, ""max_evals"": 2000000, ""max_unary"": 999, ""mutation_rate"": 0.1, ""ops"": [""+"", ""-"", ""*"", ""/"", ""sin"", ""cos"", ""exp"", ""log""], ""succ_error_tol"": 1e-06}","{""K"": 500, ""c"": 6.0, ""exploration_rate"": 0.1, ""gamma"": 0.5, ""gp_rate"": 0.5, ""lm_iterations"": 10, ""max_constants"": 999, ""max_depth"": 6, ""max_evals"": 2000000, ""max_unary"": 999, ""mutation_rate"": 0.1, ""ops"": [""+"", ""-"", ""*"", ""/"", ""sin"", ""cos"", ""exp"", ""log""], ""succ_error_tol"": 1e-06}",0.5
imcts,Livermore,14,Livermore-14,expression,38,32304,40,20,20,1,"[""x0""]",x[0]**3 + x[0]**2 + x[0] + sin(x[0]) + sin(x[0]**2),0.9999999403953552,True,1.0,1.0,14.0,180511,0.9535939579945989,0.0,0,sin(x0 * (x0 - (x0 - x0))) + sin(x0) + x0 + (x0 * x0 + x0) * x0,sin(x0 * (x0 - (x0 - x0))) + sin(x0) + x0 + (x0 * x0 + x0) * x0,x0**3 + x0**2 + x0 + sin(x0) + sin(x0**2),[],"{""K"": 500, ""c"": 6.0, ""exploration_rate"": 0.1, ""gamma"": 0.5, ""gp_rate"": 0.5, ""lm_iterations"": 10, ""max_constants"": 999, ""max_depth"": 6, ""max_evals"": 2000000, ""max_unary"": 999, ""mutation_rate"": 0.1, ""ops"": [""+"", ""-"", ""*"", ""/"", ""sin"", ""cos"", ""exp"", ""log""], ""succ_error_tol"": 1e-06}","{""K"": 500, ""c"": 6.0, ""exploration_rate"": 0.1, ""gamma"": 0.5, ""gp_rate"": 0.5, ""lm_iterations"": 10, ""max_constants"": 999, ""max_depth"": 6, ""max_evals"": 2000000, ""max_unary"": 999, ""mutation_rate"": 0.1, ""ops"": [""+"", ""-"", ""*"", ""/"", ""sin"", ""cos"", ""exp"", ""log""], ""succ_error_tol"": 1e-06}",0.5
imcts,Livermore,14,Livermore-14,expression,39,8666,40,20,20,1,"[""x0""]",x[0]**3 + x[0]**2 + x[0] + sin(x[0]) + sin(x[0]**2),0.9999999403953552,True,1.0,1.0,14.0,77333,0.3698633520398289,0.0,0,sin(x0) + x0 + x0 * (x0 * x0 + x0) + sin(x0 * x0),sin(x0) + x0 + x0 * (x0 * x0 + x0) + sin(x0 * x0),x0**3 + x0**2 + x0 + sin(x0) + sin(x0**2),[],"{""K"": 500, ""c"": 6.0, ""exploration_rate"": 0.1, ""gamma"": 0.5, ""gp_rate"": 0.5, ""lm_iterations"": 10, ""max_constants"": 999, ""max_depth"": 6, ""max_evals"": 2000000, ""max_unary"": 999, ""mutation_rate"": 0.1, ""ops"": [""+"", ""-"", ""*"", ""/"", ""sin"", ""cos"", ""exp"", ""log""], ""succ_error_tol"": 1e-06}","{""K"": 500, ""c"": 6.0, ""exploration_rate"": 0.1, ""gamma"": 0.5, ""gp_rate"": 0.5, ""lm_iterations"": 10, ""max_constants"": 999, ""max_depth"": 6, ""max_evals"": 2000000, ""max_unary"": 999, ""mutation_rate"": 0.1, ""ops"": [""+"", ""-"", ""*"", ""/"", ""sin"", ""cos"", ""exp"", ""log""], ""succ_error_tol"": 1e-06}",0.5
imcts,Livermore,14,Livermore-14,expression,40,25658,40,20,20,1,"[""x0""]",x[0]**3 + x[0]**2 + x[0] + sin(x[0]) + sin(x[0]**2),1.0,True,1.0,1.0,14.0,35854,0.15231024799868464,0.0,0,x0 * (x0 * x0 + x0) + sin(x0) + x0 + sin(x0 * x0),x0 * (x0 * x0 + x0) + sin(x0) + x0 + sin(x0 * x0),x0**3 + x0**2 + x0 + sin(x0) + sin(x0**2),[],"{""K"": 500, ""c"": 6.0, ""exploration_rate"": 0.1, ""gamma"": 0.5, ""gp_rate"": 0.5, ""lm_iterations"": 10, ""max_constants"": 999, ""max_depth"": 6, ""max_evals"": 2000000, ""max_unary"": 999, ""mutation_rate"": 0.1, ""ops"": [""+"", ""-"", ""*"", ""/"", ""sin"", ""cos"", ""exp"", ""log""], ""succ_error_tol"": 1e-06}","{""K"": 500, ""c"": 6.0, ""exploration_rate"": 0.1, ""gamma"": 0.5, ""gp_rate"": 0.5, ""lm_iterations"": 10, ""max_constants"": 999, ""max_depth"": 6, ""max_evals"": 2000000, ""max_unary"": 999, ""mutation_rate"": 0.1, ""ops"": [""+"", ""-"", ""*"", ""/"", ""sin"", ""cos"", ""exp"", ""log""], ""succ_error_tol"": 1e-06}",0.5
imcts,Livermore,14,Livermore-14,expression,41,18942,40,20,20,1,"[""x0""]",x[0]**3 + x[0]**2 + x[0] + sin(x[0]) + sin(x[0]**2),1.0,True,1.0,1.0,14.0,77676,0.3739614069927484,0.0,0,sin(x0 * x0) + sin(x0) + x0 + x0 * x0 * (x0 / x0 + x0),sin(x0 * x0) + sin(x0) + x0 + x0 * x0 * (x0 / x0 + x0),x0**3 + x0**2 + x0 + sin(x0) + sin(x0**2),[],"{""K"": 500, ""c"": 6.0, ""exploration_rate"": 0.1, ""gamma"": 0.5, ""gp_rate"": 0.5, ""lm_iterations"": 10, ""max_constants"": 999, ""max_depth"": 6, ""max_evals"": 2000000, ""max_unary"": 999, ""mutation_rate"": 0.1, ""ops"": [""+"", ""-"", ""*"", ""/"", ""sin"", ""cos"", ""exp"", ""log""], ""succ_error_tol"": 1e-06}","{""K"": 500, ""c"": 6.0, ""exploration_rate"": 0.1, ""gamma"": 0.5, ""gp_rate"": 0.5, ""lm_iterations"": 10, ""max_constants"": 999, ""max_depth"": 6, ""max_evals"": 2000000, ""max_unary"": 999, ""mutation_rate"": 0.1, ""ops"": [""+"", ""-"", ""*"", ""/"", ""sin"", ""cos"", ""exp"", ""log""], ""succ_error_tol"": 1e-06}",0.5
imcts,Livermore,14,Livermore-14,expression,42,24233,40,20,20,1,"[""x0""]",x[0]**3 + x[0]**2 + x[0] + sin(x[0]) + sin(x[0]**2),0.9999999403953552,True,1.0,1.0,14.0,83736,0.3906800479744561,0.0,0,sin(x0 * x0) + sin(x0) + x0 + x0 * x0 + x0 * x0 * x0,sin(x0 * x0) + sin(x0) + x0 + x0 * x0 + x0 * x0 * x0,x0**3 + x0**2 + x0 + sin(x0) + sin(x0**2),[],"{""K"": 500, ""c"": 6.0, ""exploration_rate"": 0.1, ""gamma"": 0.5, ""gp_rate"": 0.5, ""lm_iterations"": 10, ""max_constants"": 999, ""max_depth"": 6, ""max_evals"": 2000000, ""max_unary"": 999, ""mutation_rate"": 0.1, ""ops"": [""+"", ""-"", ""*"", ""/"", ""sin"", ""cos"", ""exp"", ""log""], ""succ_error_tol"": 1e-06}","{""K"": 500, ""c"": 6.0, ""exploration_rate"": 0.1, ""gamma"": 0.5, ""gp_rate"": 0.5, ""lm_iterations"": 10, ""max_constants"": 999, ""max_depth"": 6, ""max_evals"": 2000000, ""max_unary"": 999, ""mutation_rate"": 0.1, ""ops"": [""+"", ""-"", ""*"", ""/"", ""sin"", ""cos"", ""exp"", ""log""], ""succ_error_tol"": 1e-06}",0.5
imcts,Livermore,14,Livermore-14,expression,43,18431,40,20,20,1,"[""x0""]",x[0]**3 + x[0]**2 + x[0] + sin(x[0]) + sin(x[0]**2),0.9999999403953552,True,1.0,1.0,14.0,261515,1.4601642020279542,0.0,0,(x0 + x0 * x0) * x0 + sin(x0) + sin(x0 * x0) + x0,(x0 + x0 * x0) * x0 + sin(x0) + sin(x0 * x0) + x0,x0**3 + x0**2 + x0 + sin(x0) + sin(x0**2),[],"{""K"": 500, ""c"": 6.0, ""exploration_rate"": 0.1, ""gamma"": 0.5, ""gp_rate"": 0.5, ""lm_iterations"": 10, ""max_constants"": 999, ""max_depth"": 6, ""max_evals"": 2000000, ""max_unary"": 999, ""mutation_rate"": 0.1, ""ops"": [""+"", ""-"", ""*"", ""/"", ""sin"", ""cos"", ""exp"", ""log""], ""succ_error_tol"": 1e-06}","{""K"": 500, ""c"": 6.0, ""exploration_rate"": 0.1, ""gamma"": 0.5, ""gp_rate"": 0.5, ""lm_iterations"": 10, ""max_constants"": 999, ""max_depth"": 6, ""max_evals"": 2000000, ""max_unary"": 999, ""mutation_rate"": 0.1, ""ops"": [""+"", ""-"", ""*"", ""/"", ""sin"", ""cos"", ""exp"", ""log""], ""succ_error_tol"": 1e-06}",0.5
imcts,Livermore,14,Livermore-14,expression,44,32219,40,20,20,1,"[""x0""]",x[0]**3 + x[0]**2 + x[0] + sin(x[0]) + sin(x[0]**2),1.0,True,1.0,1.0,14.0,75805,0.3498068670160137,0.0,0,x0 * x0 + x0 + sin(x0) + sin(x0 * x0) + x0 * x0 * x0,x0 * x0 + x0 + sin(x0) + sin(x0 * x0) + x0 * x0 * x0,x0**3 + x0**2 + x0 + sin(x0) + sin(x0**2),[],"{""K"": 500, ""c"": 6.0, ""exploration_rate"": 0.1, ""gamma"": 0.5, ""gp_rate"": 0.5, ""lm_iterations"": 10, ""max_constants"": 999, ""max_depth"": 6, ""max_evals"": 2000000, ""max_unary"": 999, ""mutation_rate"": 0.1, ""ops"": [""+"", ""-"", ""*"", ""/"", ""sin"", ""cos"", ""exp"", ""log""], ""succ_error_tol"": 1e-06}","{""K"": 500, ""c"": 6.0, ""exploration_rate"": 0.1, ""gamma"": 0.5, ""gp_rate"": 0.5, ""lm_iterations"": 10, ""max_constants"": 999, ""max_depth"": 6, ""max_evals"": 2000000, ""max_unary"": 999, ""mutation_rate"": 0.1, ""ops"": [""+"", ""-"", ""*"", ""/"", ""sin"", ""cos"", ""exp"", ""log""], ""succ_error_tol"": 1e-06}",0.5
imcts,Livermore,14,Livermore-14,expression,45,2747,40,20,20,1,"[""x0""]",x[0]**3 + x[0]**2 + x[0] + sin(x[0]) + sin(x[0]**2),0.9999999403953552,True,1.0,1.0,14.0,554352,3.264982055989094,0.0,0,sin(x0 * x0) + x0 - x0 + x0 + sin(x0) + x0 * x0 * (x0 / x0 + x0),sin(x0 * x0) + x0 - x0 + x0 + sin(x0) + x0 * x0 * (x0 / x0 + x0),x0**3 + x0**2 + x0 + sin(x0) + sin(x0**2),[],"{""K"": 500, ""c"": 6.0, ""exploration_rate"": 0.1, ""gamma"": 0.5, ""gp_rate"": 0.5, ""lm_iterations"": 10, ""max_constants"": 999, ""max_depth"": 6, ""max_evals"": 2000000, ""max_unary"": 999, ""mutation_rate"": 0.1, ""ops"": [""+"", ""-"", ""*"", ""/"", ""sin"", ""cos"", ""exp"", ""log""], ""succ_error_tol"": 1e-06}","{""K"": 500, ""c"": 6.0, ""exploration_rate"": 0.1, ""gamma"": 0.5, ""gp_rate"": 0.5, ""lm_iterations"": 10, ""max_constants"": 999, ""max_depth"": 6, ""max_evals"": 2000000, ""max_unary"": 999, ""mutation_rate"": 0.1, ""ops"": [""+"", ""-"", ""*"", ""/"", ""sin"", ""cos"", ""exp"", ""log""], ""succ_error_tol"": 1e-06}",0.5
imcts,Livermore,14,Livermore-14,expression,46,25551,40,20,20,1,"[""x0""]",x[0]**3 + x[0]**2 + x[0] + sin(x[0]) + sin(x[0]**2),0.9999999403953552,True,1.0,1.0,14.0,1150914,7.289446628012229,0.0,0,exp(x0 - x0) * (x0 + sin(x0) + sin(x0 * x0) + x0 * (x0 * x0 + x0)),exp(x0 - x0) * (x0 + sin(x0) + sin(x0 * x0) + x0 * (x0 * x0 + x0)),x0**3 + x0**2 + x0 + sin(x0) + sin(x0**2),[],"{""K"": 500, ""c"": 6.0, ""exploration_rate"": 0.1, ""gamma"": 0.5, ""gp_rate"": 0.5, ""lm_iterations"": 10, ""max_constants"": 999, ""max_depth"": 6, ""max_evals"": 2000000, ""max_unary"": 999, ""mutation_rate"": 0.1, ""ops"": [""+"", ""-"", ""*"", ""/"", ""sin"", ""cos"", ""exp"", ""log""], ""succ_error_tol"": 1e-06}","{""K"": 500, ""c"": 6.0, ""exploration_rate"": 0.1, ""gamma"": 0.5, ""gp_rate"": 0.5, ""lm_iterations"": 10, ""max_constants"": 999, ""max_depth"": 6, ""max_evals"": 2000000, ""max_unary"": 999, ""mutation_rate"": 0.1, ""ops"": [""+"", ""-"", ""*"", ""/"", ""sin"", ""cos"", ""exp"", ""log""], ""succ_error_tol"": 1e-06}",0.5
imcts,Livermore,14,Livermore-14,expression,47,26382,40,20,20,1,"[""x0""]",x[0]**3 + x[0]**2 + x[0] + sin(x[0]) + sin(x[0]**2),0.9999999403953552,True,1.0,1.0,14.0,28908,0.12093924504006281,0.0,0,x0 + sin(x0) + sin(x0 * x0) + (x0 + x0 * x0) * x0,x0 + sin(x0) + sin(x0 * x0) + (x0 + x0 * x0) * x0,x0**3 + x0**2 + x0 + sin(x0) + sin(x0**2),[],"{""K"": 500, ""c"": 6.0, ""exploration_rate"": 0.1, ""gamma"": 0.5, ""gp_rate"": 0.5, ""lm_iterations"": 10, ""max_constants"": 999, ""max_depth"": 6, ""max_evals"": 2000000, ""max_unary"": 999, ""mutation_rate"": 0.1, ""ops"": [""+"", ""-"", ""*"", ""/"", ""sin"", ""cos"", ""exp"", ""log""], ""succ_error_tol"": 1e-06}","{""K"": 500, ""c"": 6.0, ""exploration_rate"": 0.1, ""gamma"": 0.5, ""gp_rate"": 0.5, ""lm_iterations"": 10, ""max_constants"": 999, ""max_depth"": 6, ""max_evals"": 2000000, ""max_unary"": 999, ""mutation_rate"": 0.1, ""ops"": [""+"", ""-"", ""*"", ""/"", ""sin"", ""cos"", ""exp"", ""log""], ""succ_error_tol"": 1e-06}",0.5
imcts,Livermore,14,Livermore-14,expression,48,189,40,20,20,1,"[""x0""]",x[0]**3 + x[0]**2 + x[0] + sin(x[0]) + sin(x[0]**2),0.9999999403953552,True,1.0,1.0,14.0,263417,1.4569755120319314,0.0,0,sin(x0) + sin(x0 * x0) + (x0 + x0 / x0 + x0 * x0) * x0,sin(x0) + sin(x0 * x0) + (x0 + x0 / x0 + x0 * x0) * x0,x0**3 + x0**2 + x0 + sin(x0) + sin(x0**2),[],"{""K"": 500, ""c"": 6.0, ""exploration_rate"": 0.1, ""gamma"": 0.5, ""gp_rate"": 0.5, ""lm_iterations"": 10, ""max_constants"": 999, ""max_depth"": 6, ""max_evals"": 2000000, ""max_unary"": 999, ""mutation_rate"": 0.1, ""ops"": [""+"", ""-"", ""*"", ""/"", ""sin"", ""cos"", ""exp"", ""log""], ""succ_error_tol"": 1e-06}","{""K"": 500, ""c"": 6.0, ""exploration_rate"": 0.1, ""gamma"": 0.5, ""gp_rate"": 0.5, ""lm_iterations"": 10, ""max_constants"": 999, ""max_depth"": 6, ""max_evals"": 2000000, ""max_unary"": 999, ""mutation_rate"": 0.1, ""ops"": [""+"", ""-"", ""*"", ""/"", ""sin"", ""cos"", ""exp"", ""log""], ""succ_error_tol"": 1e-06}",0.5
imcts,Livermore,14,Livermore-14,expression,49,31677,40,20,20,1,"[""x0""]",x[0]**3 + x[0]**2 + x[0] + sin(x[0]) + sin(x[0]**2),0.9999999403953552,True,1.0,1.0,14.0,122551,0.608090355002787,0.0,0,sin(x0 * x0) + x0 + sin(x0) + (x0 / x0 + x0) * x0 * x0,sin(x0 * x0) + x0 + sin(x0) + (x0 / x0 + x0) * x0 * x0,x0**3 + x0**2 + x0 + sin(x0) + sin(x0**2),[],"{""K"": 500, ""c"": 6.0, ""exploration_rate"": 0.1, ""gamma"": 0.5, ""gp_rate"": 0.5, ""lm_iterations"": 10, ""max_constants"": 999, ""max_depth"": 6, ""max_evals"": 2000000, ""max_unary"": 999, ""mutation_rate"": 0.1, ""ops"": [""+"", ""-"", ""*"", ""/"", ""sin"", ""cos"", ""exp"", ""log""], ""succ_error_tol"": 1e-06}","{""K"": 500, ""c"": 6.0, ""exploration_rate"": 0.1, ""gamma"": 0.5, ""gp_rate"": 0.5, ""lm_iterations"": 10, ""max_constants"": 999, ""max_depth"": 6, ""max_evals"": 2000000, ""max_unary"": 999, ""mutation_rate"": 0.1, ""ops"": [""+"", ""-"", ""*"", ""/"", ""sin"", ""cos"", ""exp"", ""log""], ""succ_error_tol"": 1e-06}",0.5
imcts,Livermore,14,Livermore-14,expression,50,19118,40,20,20,1,"[""x0""]",x[0]**3 + x[0]**2 + x[0] + sin(x[0]) + sin(x[0]**2),0.9999999403953552,True,1.0,1.0,14.0,364120,2.1117276750155725,0.0,0,sin(x0) + x0 + x0 * (x0 * x0 + x0) + sin(x0 * x0),sin(x0) + x0 + x0 * (x0 * x0 + x0) + sin(x0 * x0),x0**3 + x0**2 + x0 + sin(x0) + sin(x0**2),[],"{""K"": 500, ""c"": 6.0, ""exploration_rate"": 0.1, ""gamma"": 0.5, ""gp_rate"": 0.5, ""lm_iterations"": 10, ""max_constants"": 999, ""max_depth"": 6, ""max_evals"": 2000000, ""max_unary"": 999, ""mutation_rate"": 0.1, ""ops"": [""+"", ""-"", ""*"", ""/"", ""sin"", ""cos"", ""exp"", ""log""], ""succ_error_tol"": 1e-06}","{""K"": 500, ""c"": 6.0, ""exploration_rate"": 0.1, ""gamma"": 0.5, ""gp_rate"": 0.5, ""lm_iterations"": 10, ""max_constants"": 999, ""max_depth"": 6, ""max_evals"": 2000000, ""max_unary"": 999, ""mutation_rate"": 0.1, ""ops"": [""+"", ""-"", ""*"", ""/"", ""sin"", ""cos"", ""exp"", ""log""], ""succ_error_tol"": 1e-06}",0.5
imcts,Livermore,14,Livermore-14,expression,51,3005,40,20,20,1,"[""x0""]",x[0]**3 + x[0]**2 + x[0] + sin(x[0]) + sin(x[0]**2),0.9999999403953552,True,1.0,1.0,14.0,165187,0.85813331999816,0.0,0,sin(x0 * x0) + sin(x0) + (x0 + x0 * x0) * x0 + x0,sin(x0 * x0) + sin(x0) + (x0 + x0 * x0) * x0 + x0,x0**3 + x0**2 + x0 + sin(x0) + sin(x0**2),[],"{""K"": 500, ""c"": 6.0, ""exploration_rate"": 0.1, ""gamma"": 0.5, ""gp_rate"": 0.5, ""lm_iterations"": 10, ""max_constants"": 999, ""max_depth"": 6, ""max_evals"": 2000000, ""max_unary"": 999, ""mutation_rate"": 0.1, ""ops"": [""+"", ""-"", ""*"", ""/"", ""sin"", ""cos"", ""exp"", ""log""], ""succ_error_tol"": 1e-06}","{""K"": 500, ""c"": 6.0, ""exploration_rate"": 0.1, ""gamma"": 0.5, ""gp_rate"": 0.5, ""lm_iterations"": 10, ""max_constants"": 999, ""max_depth"": 6, ""max_evals"": 2000000, ""max_unary"": 999, ""mutation_rate"": 0.1, ""ops"": [""+"", ""-"", ""*"", ""/"", ""sin"", ""cos"", ""exp"", ""log""], ""succ_error_tol"": 1e-06}",0.5
imcts,Livermore,14,Livermore-14,expression,52,21042,40,20,20,1,"[""x0""]",x[0]**3 + x[0]**2 + x[0] + sin(x[0]) + sin(x[0]**2),0.9983310103416443,False,0.9999972051994381,0.9999983584348074,27.0,2000000,13.54382015101146,0.0,0,sin(x0) * (exp(x0) + x0) + (exp(x0) - x0) * x0 - x0 * (x0 - sin(x0)) * x0 * x0,sin(x0) * (exp(x0) + x0) + (exp(x0) - x0) * x0 - x0 * (x0 - sin(x0)) * x0 * x0,x0**3*(-x0 + sin(x0)) - x0*(x0 - exp(x0)) + (x0 + exp(x0))*sin(x0),[],"{""K"": 500, ""c"": 6.0, ""exploration_rate"": 0.1, ""gamma"": 0.5, ""gp_rate"": 0.5, ""lm_iterations"": 10, ""max_constants"": 999, ""max_depth"": 6, ""max_evals"": 2000000, ""max_unary"": 999, ""mutation_rate"": 0.1, ""ops"": [""+"", ""-"", ""*"", ""/"", ""sin"", ""cos"", ""exp"", ""log""], ""succ_error_tol"": 1e-06}","{""K"": 500, ""c"": 6.0, ""exploration_rate"": 0.1, ""gamma"": 0.5, ""gp_rate"": 0.5, ""lm_iterations"": 10, ""max_constants"": 999, ""max_depth"": 6, ""max_evals"": 2000000, ""max_unary"": 999, ""mutation_rate"": 0.1, ""ops"": [""+"", ""-"", ""*"", ""/"", ""sin"", ""cos"", ""exp"", ""log""], ""succ_error_tol"": 1e-06}",0.5
imcts,Livermore,14,Livermore-14,expression,53,1899,40,20,20,1,"[""x0""]",x[0]**3 + x[0]**2 + x[0] + sin(x[0]) + sin(x[0]**2),0.9999999403953552,True,1.0,1.0,14.0,83322,0.3840323000331409,0.0,0,x0 * x0 * x0 * x0 / x0 + x0 + x0 * x0 + sin(x0) + sin(x0 * x0),x0 * x0 * x0 * x0 / x0 + x0 + x0 * x0 + sin(x0) + sin(x0 * x0),x0**3 + x0**2 + x0 + sin(x0) + sin(x0**2),[],"{""K"": 500, ""c"": 6.0, ""exploration_rate"": 0.1, ""gamma"": 0.5, ""gp_rate"": 0.5, ""lm_iterations"": 10, ""max_constants"": 999, ""max_depth"": 6, ""max_evals"": 2000000, ""max_unary"": 999, ""mutation_rate"": 0.1, ""ops"": [""+"", ""-"", ""*"", ""/"", ""sin"", ""cos"", ""exp"", ""log""], ""succ_error_tol"": 1e-06}","{""K"": 500, ""c"": 6.0, ""exploration_rate"": 0.1, ""gamma"": 0.5, ""gp_rate"": 0.5, ""lm_iterations"": 10, ""max_constants"": 999, ""max_depth"": 6, ""max_evals"": 2000000, ""max_unary"": 999, ""mutation_rate"": 0.1, ""ops"": [""+"", ""-"", ""*"", ""/"", ""sin"", ""cos"", ""exp"", ""log""], ""succ_error_tol"": 1e-06}",0.5
imcts,Livermore,14,Livermore-14,expression,54,24118,40,20,20,1,"[""x0""]",x[0]**3 + x[0]**2 + x[0] + sin(x[0]) + sin(x[0]**2),0.9999999403953552,True,1.0,1.0,14.0,72199,0.3295317279989831,0.0,0,sin(x0 * x0) + x0 * x0 * x0 + x0 + sin(x0) + x0 * x0,sin(x0 * x0) + x0 * x0 * x0 + x0 + sin(x0) + x0 * x0,x0**3 + x0**2 + x0 + sin(x0) + sin(x0**2),[],"{""K"": 500, ""c"": 6.0, ""exploration_rate"": 0.1, ""gamma"": 0.5, ""gp_rate"": 0.5, ""lm_iterations"": 10, ""max_constants"": 999, ""max_depth"": 6, ""max_evals"": 2000000, ""max_unary"": 999, ""mutation_rate"": 0.1, ""ops"": [""+"", ""-"", ""*"", ""/"", ""sin"", ""cos"", ""exp"", ""log""], ""succ_error_tol"": 1e-06}","{""K"": 500, ""c"": 6.0, ""exploration_rate"": 0.1, ""gamma"": 0.5, ""gp_rate"": 0.5, ""lm_iterations"": 10, ""max_constants"": 999, ""max_depth"": 6, ""max_evals"": 2000000, ""max_unary"": 999, ""mutation_rate"": 0.1, ""ops"": [""+"", ""-"", ""*"", ""/"", ""sin"", ""cos"", ""exp"", ""log""], ""succ_error_tol"": 1e-06}",0.5
imcts,Livermore,14,Livermore-14,expression,55,1267,40,20,20,1,"[""x0""]",x[0]**3 + x[0]**2 + x[0] + sin(x[0]) + sin(x[0]**2),1.0,True,1.0,1.0,14.0,866380,5.376509393041488,0.0,0,sin(x0) + x0 + x0 * (x0 + x0 + x0 * x0) - (x0 * x0 - sin(x0 * x0)),sin(x0) + x0 + x0 * (x0 + x0 + x0 * x0) - (x0 * x0 - sin(x0 * x0)),x0**3 + x0**2 + x0 + sin(x0) + sin(x0**2),[],"{""K"": 500, ""c"": 6.0, ""exploration_rate"": 0.1, ""gamma"": 0.5, ""gp_rate"": 0.5, ""lm_iterations"": 10, ""max_constants"": 999, ""max_depth"": 6, ""max_evals"": 2000000, ""max_unary"": 999, ""mutation_rate"": 0.1, ""ops"": [""+"", ""-"", ""*"", ""/"", ""sin"", ""cos"", ""exp"", ""log""], ""succ_error_tol"": 1e-06}","{""K"": 500, ""c"": 6.0, ""exploration_rate"": 0.1, ""gamma"": 0.5, ""gp_rate"": 0.5, ""lm_iterations"": 10, ""max_constants"": 999, ""max_depth"": 6, ""max_evals"": 2000000, ""max_unary"": 999, ""mutation_rate"": 0.1, ""ops"": [""+"", ""-"", ""*"", ""/"", ""sin"", ""cos"", ""exp"", ""log""], ""succ_error_tol"": 1e-06}",0.5
imcts,Livermore,14,Livermore-14,expression,56,31551,40,20,20,1,"[""x0""]",x[0]**3 + x[0]**2 + x[0] + sin(x[0]) + sin(x[0]**2),0.9999999403953552,True,1.0,1.0,14.0,1065650,6.559818790003192,0.0,0,x0 * (x0 + x0 - x0) + sin(x0) + sin(x0 * x0) + x0 * x0 * x0 + x0,x0 * (x0 + x0 - x0) + sin(x0) + sin(x0 * x0) + x0 * x0 * x0 + x0,x0**3 + x0**2 + x0 + sin(x0) + sin(x0**2),[],"{""K"": 500, ""c"": 6.0, ""exploration_rate"": 0.1, ""gamma"": 0.5, ""gp_rate"": 0.5, ""lm_iterations"": 10, ""max_constants"": 999, ""max_depth"": 6, ""max_evals"": 2000000, ""max_unary"": 999, ""mutation_rate"": 0.1, ""ops"": [""+"", ""-"", ""*"", ""/"", ""sin"", ""cos"", ""exp"", ""log""], ""succ_error_tol"": 1e-06}","{""K"": 500, ""c"": 6.0, ""exploration_rate"": 0.1, ""gamma"": 0.5, ""gp_rate"": 0.5, ""lm_iterations"": 10, ""max_constants"": 999, ""max_depth"": 6, ""max_evals"": 2000000, ""max_unary"": 999, ""mutation_rate"": 0.1, ""ops"": [""+"", ""-"", ""*"", ""/"", ""sin"", ""cos"", ""exp"", ""log""], ""succ_error_tol"": 1e-06}",0.5
imcts,Livermore,14,Livermore-14,expression,57,17912,40,20,20,1,"[""x0""]",x[0]**3 + x[0]**2 + x[0] + sin(x[0]) + sin(x[0]**2),0.9999999403953552,True,1.0,1.0,14.0,38598,0.1686943219974637,0.0,0,sin(x0 * x0) + x0 + sin(x0) + x0 * (x0 + x0 * x0),sin(x0 * x0) + x0 + sin(x0) + x0 * (x0 + x0 * x0),x0**3 + x0**2 + x0 + sin(x0) + sin(x0**2),[],"{""K"": 500, ""c"": 6.0, ""exploration_rate"": 0.1, ""gamma"": 0.5, ""gp_rate"": 0.5, ""lm_iterations"": 10, ""max_constants"": 999, ""max_depth"": 6, ""max_evals"": 2000000, ""max_unary"": 999, ""mutation_rate"": 0.1, ""ops"": [""+"", ""-"", ""*"", ""/"", ""sin"", ""cos"", ""exp"", ""log""], ""succ_error_tol"": 1e-06}","{""K"": 500, ""c"": 6.0, ""exploration_rate"": 0.1, ""gamma"": 0.5, ""gp_rate"": 0.5, ""lm_iterations"": 10, ""max_constants"": 999, ""max_depth"": 6, ""max_evals"": 2000000, ""max_unary"": 999, ""mutation_rate"": 0.1, ""ops"": [""+"", ""-"", ""*"", ""/"", ""sin"", ""cos"", ""exp"", ""log""], ""succ_error_tol"": 1e-06}",0.5
imcts,Livermore,14,Livermore-14,expression,58,11394,40,20,20,1,"[""x0""]",x[0]**3 + x[0]**2 + x[0] + sin(x[0]) + sin(x[0]**2),0.9999999403953552,True,1.0,1.0,14.0,821543,4.985510861966759,0.0,0,sin(x0) + x0 + (x0 + x0 * x0) * x0 + sin(x0 * x0),sin(x0) + x0 + (x0 + x0 * x0) * x0 + sin(x0 * x0),x0**3 + x0**2 + x0 + sin(x0) + sin(x0**2),[],"{""K"": 500, ""c"": 6.0, ""exploration_rate"": 0.1, ""gamma"": 0.5, ""gp_rate"": 0.5, ""lm_iterations"": 10, ""max_constants"": 999, ""max_depth"": 6, ""max_evals"": 2000000, ""max_unary"": 999, ""mutation_rate"": 0.1, ""ops"": [""+"", ""-"", ""*"", ""/"", ""sin"", ""cos"", ""exp"", ""log""], ""succ_error_tol"": 1e-06}","{""K"": 500, ""c"": 6.0, ""exploration_rate"": 0.1, ""gamma"": 0.5, ""gp_rate"": 0.5, ""lm_iterations"": 10, ""max_constants"": 999, ""max_depth"": 6, ""max_evals"": 2000000, ""max_unary"": 999, ""mutation_rate"": 0.1, ""ops"": [""+"", ""-"", ""*"", ""/"", ""sin"", ""cos"", ""exp"", ""log""], ""succ_error_tol"": 1e-06}",0.5
imcts,Livermore,14,Livermore-14,expression,59,3556,40,20,20,1,"[""x0""]",x[0]**3 + x[0]**2 + x[0] + sin(x[0]) + sin(x[0]**2),1.0,True,1.0,1.0,14.0,192495,1.009768458956387,0.0,0,sin(x0 * x0) + sin(x0) + x0 + (x0 + x0 * x0) * x0,sin(x0 * x0) + sin(x0) + x0 + (x0 + x0 * x0) * x0,x0**3 + x0**2 + x0 + sin(x0) + sin(x0**2),[],"{""K"": 500, ""c"": 6.0, ""exploration_rate"": 0.1, ""gamma"": 0.5, ""gp_rate"": 0.5, ""lm_iterations"": 10, ""max_constants"": 999, ""max_depth"": 6, ""max_evals"": 2000000, ""max_unary"": 999, ""mutation_rate"": 0.1, ""ops"": [""+"", ""-"", ""*"", ""/"", ""sin"", ""cos"", ""exp"", ""log""], ""succ_error_tol"": 1e-06}","{""K"": 500, ""c"": 6.0, ""exploration_rate"": 0.1, ""gamma"": 0.5, ""gp_rate"": 0.5, ""lm_iterations"": 10, ""max_constants"": 999, ""max_depth"": 6, ""max_evals"": 2000000, ""max_unary"": 999, ""mutation_rate"": 0.1, ""ops"": [""+"", ""-"", ""*"", ""/"", ""sin"", ""cos"", ""exp"", ""log""], ""succ_error_tol"": 1e-06}",0.5
imcts,Livermore,14,Livermore-14,expression,60,3890,40,20,20,1,"[""x0""]",x[0]**3 + x[0]**2 + x[0] + sin(x[0]) + sin(x[0]**2),0.9999999403953552,True,1.0,1.0,14.0,169240,0.8780672290013172,0.0,0,sin(x0 * x0) + x0 * x0 + sin(x0) + x0 * x0 * x0 + x0,sin(x0 * x0) + x0 * x0 + sin(x0) + x0 * x0 * x0 + x0,x0**3 + x0**2 + x0 + sin(x0) + sin(x0**2),[],"{""K"": 500, ""c"": 6.0, ""exploration_rate"": 0.1, ""gamma"": 0.5, ""gp_rate"": 0.5, ""lm_iterations"": 10, ""max_constants"": 999, ""max_depth"": 6, ""max_evals"": 2000000, ""max_unary"": 999, ""mutation_rate"": 0.1, ""ops"": [""+"", ""-"", ""*"", ""/"", ""sin"", ""cos"", ""exp"", ""log""], ""succ_error_tol"": 1e-06}","{""K"": 500, ""c"": 6.0, ""exploration_rate"": 0.1, ""gamma"": 0.5, ""gp_rate"": 0.5, ""lm_iterations"": 10, ""max_constants"": 999, ""max_depth"": 6, ""max_evals"": 2000000, ""max_unary"": 999, ""mutation_rate"": 0.1, ""ops"": [""+"", ""-"", ""*"", ""/"", ""sin"", ""cos"", ""exp"", ""log""], ""succ_error_tol"": 1e-06}",0.5
imcts,Livermore,14,Livermore-14,expression,61,8838,40,20,20,1,"[""x0""]",x[0]**3 + x[0]**2 + x[0] + sin(x[0]) + sin(x[0]**2),0.9999999403953552,True,1.0,1.0,14.0,500957,2.94075501896441,0.0,0,sin(x0) + sin(x0 * x0) + x0 * (x0 * x0 + x0 / x0 + x0),sin(x0) + sin(x0 * x0) + x0 * (x0 * x0 + x0 / x0 + x0),x0**3 + x0**2 + x0 + sin(x0) + sin(x0**2),[],"{""K"": 500, ""c"": 6.0, ""exploration_rate"": 0.1, ""gamma"": 0.5, ""gp_rate"": 0.5, ""lm_iterations"": 10, ""max_constants"": 999, ""max_depth"": 6, ""max_evals"": 2000000, ""max_unary"": 999, ""mutation_rate"": 0.1, ""ops"": [""+"", ""-"", ""*"", ""/"", ""sin"", ""cos"", ""exp"", ""log""], ""succ_error_tol"": 1e-06}","{""K"": 500, ""c"": 6.0, ""exploration_rate"": 0.1, ""gamma"": 0.5, ""gp_rate"": 0.5, ""lm_iterations"": 10, ""max_constants"": 999, ""max_depth"": 6, ""max_evals"": 2000000, ""max_unary"": 999, ""mutation_rate"": 0.1, ""ops"": [""+"", ""-"", ""*"", ""/"", ""sin"", ""cos"", ""exp"", ""log""], ""succ_error_tol"": 1e-06}",0.5
imcts,Livermore,14,Livermore-14,expression,62,30740,40,20,20,1,"[""x0""]",x[0]**3 + x[0]**2 + x[0] + sin(x[0]) + sin(x[0]**2),0.9999999403953552,True,1.0,1.0,14.0,157679,0.8036665680119768,0.0,0,sin(x0) + x0 + x0 * (x0 + x0 * x0) + sin(x0 * x0),sin(x0) + x0 + x0 * (x0 + x0 * x0) + sin(x0 * x0),x0**3 + x0**2 + x0 + sin(x0) + sin(x0**2),[],"{""K"": 500, ""c"": 6.0, ""exploration_rate"": 0.1, ""gamma"": 0.5, ""gp_rate"": 0.5, ""lm_iterations"": 10, ""max_constants"": 999, ""max_depth"": 6, ""max_evals"": 2000000, ""max_unary"": 999, ""mutation_rate"": 0.1, ""ops"": [""+"", ""-"", ""*"", ""/"", ""sin"", ""cos"", ""exp"", ""log""], ""succ_error_tol"": 1e-06}","{""K"": 500, ""c"": 6.0, ""exploration_rate"": 0.1, ""gamma"": 0.5, ""gp_rate"": 0.5, ""lm_iterations"": 10, ""max_constants"": 999, ""max_depth"": 6, ""max_evals"": 2000000, ""max_unary"": 999, ""mutation_rate"": 0.1, ""ops"": [""+"", ""-"", ""*"", ""/"", ""sin"", ""cos"", ""exp"", ""log""], ""succ_error_tol"": 1e-06}",0.5
imcts,Livermore,14,Livermore-14,expression,63,27464,40,20,20,1,"[""x0""]",x[0]**3 + x[0]**2 + x[0] + sin(x[0]) + sin(x[0]**2),0.9999999403953552,True,1.0,1.0,14.0,103601,0.5032809429685585,0.0,0,sin(x0 * x0) + sin(x0) + x0 * (x0 * x0 + x0) + x0,sin(x0 * x0) + sin(x0) + x0 * (x0 * x0 + x0) + x0,x0**3 + x0**2 + x0 + sin(x0) + sin(x0**2),[],"{""K"": 500, ""c"": 6.0, ""exploration_rate"": 0.1, ""gamma"": 0.5, ""gp_rate"": 0.5, ""lm_iterations"": 10, ""max_constants"": 999, ""max_depth"": 6, ""max_evals"": 2000000, ""max_unary"": 999, ""mutation_rate"": 0.1, ""ops"": [""+"", ""-"", ""*"", ""/"", ""sin"", ""cos"", ""exp"", ""log""], ""succ_error_tol"": 1e-06}","{""K"": 500, ""c"": 6.0, ""exploration_rate"": 0.1, ""gamma"": 0.5, ""gp_rate"": 0.5, ""lm_iterations"": 10, ""max_constants"": 999, ""max_depth"": 6, ""max_evals"": 2000000, ""max_unary"": 999, ""mutation_rate"": 0.1, ""ops"": [""+"", ""-"", ""*"", ""/"", ""sin"", ""cos"", ""exp"", ""log""], ""succ_error_tol"": 1e-06}",0.5
imcts,Livermore,14,Livermore-14,expression,64,14502,40,20,20,1,"[""x0""]",x[0]**3 + x[0]**2 + x[0] + sin(x[0]) + sin(x[0]**2),0.9999999403953552,True,1.0,1.0,14.0,66977,0.30856246897019446,0.0,0,x0 + sin(x0 * x0) + (x0 + x0 * x0) * x0 + sin(x0) / x0 * x0,x0 + sin(x0 * x0) + (x0 + x0 * x0) * x0 + sin(x0) / x0 * x0,x0**3 + x0**2 + x0 + sin(x0) + sin(x0**2),[],"{""K"": 500, ""c"": 6.0, ""exploration_rate"": 0.1, ""gamma"": 0.5, ""gp_rate"": 0.5, ""lm_iterations"": 10, ""max_constants"": 999, ""max_depth"": 6, ""max_evals"": 2000000, ""max_unary"": 999, ""mutation_rate"": 0.1, ""ops"": [""+"", ""-"", ""*"", ""/"", ""sin"", ""cos"", ""exp"", ""log""], ""succ_error_tol"": 1e-06}","{""K"": 500, ""c"": 6.0, ""exploration_rate"": 0.1, ""gamma"": 0.5, ""gp_rate"": 0.5, ""lm_iterations"": 10, ""max_constants"": 999, ""max_depth"": 6, ""max_evals"": 2000000, ""max_unary"": 999, ""mutation_rate"": 0.1, ""ops"": [""+"", ""-"", ""*"", ""/"", ""sin"", ""cos"", ""exp"", ""log""], ""succ_error_tol"": 1e-06}",0.5
imcts,Livermore,14,Livermore-14,expression,65,21777,40,20,20,1,"[""x0""]",x[0]**3 + x[0]**2 + x[0] + sin(x[0]) + sin(x[0]**2),0.9999999403953552,True,1.0,1.0,14.0,266606,1.4840651440317743,0.0,0,x0 * x0 * x0 + sin(x0 * x0) + x0 * x0 + x0 + sin(x0),x0 * x0 * x0 + sin(x0 * x0) + x0 * x0 + x0 + sin(x0),x0**3 + x0**2 + x0 + sin(x0) + sin(x0**2),[],"{""K"": 500, ""c"": 6.0, ""exploration_rate"": 0.1, ""gamma"": 0.5, ""gp_rate"": 0.5, ""lm_iterations"": 10, ""max_constants"": 999, ""max_depth"": 6, ""max_evals"": 2000000, ""max_unary"": 999, ""mutation_rate"": 0.1, ""ops"": [""+"", ""-"", ""*"", ""/"", ""sin"", ""cos"", ""exp"", ""log""], ""succ_error_tol"": 1e-06}","{""K"": 500, ""c"": 6.0, ""exploration_rate"": 0.1, ""gamma"": 0.5, ""gp_rate"": 0.5, ""lm_iterations"": 10, ""max_constants"": 999, ""max_depth"": 6, ""max_evals"": 2000000, ""max_unary"": 999, ""mutation_rate"": 0.1, ""ops"": [""+"", ""-"", ""*"", ""/"", ""sin"", ""cos"", ""exp"", ""log""], ""succ_error_tol"": 1e-06}",0.5
imcts,Livermore,14,Livermore-14,expression,66,10627,40,20,20,1,"[""x0""]",x[0]**3 + x[0]**2 + x[0] + sin(x[0]) + sin(x[0]**2),0.9999999403953552,True,1.0,1.0,14.0,110448,0.5457267780438997,0.0,0,(x0 * x0 + x0) * x0 + x0 + sin(x0 * x0) + sin(x0),(x0 * x0 + x0) * x0 + x0 + sin(x0 * x0) + sin(x0),x0**3 + x0**2 + x0 + sin(x0) + sin(x0**2),[],"{""K"": 500, ""c"": 6.0, ""exploration_rate"": 0.1, ""gamma"": 0.5, ""gp_rate"": 0.5, ""lm_iterations"": 10, ""max_constants"": 999, ""max_depth"": 6, ""max_evals"": 2000000, ""max_unary"": 999, ""mutation_rate"": 0.1, ""ops"": [""+"", ""-"", ""*"", ""/"", ""sin"", ""cos"", ""exp"", ""log""], ""succ_error_tol"": 1e-06}","{""K"": 500, ""c"": 6.0, ""exploration_rate"": 0.1, ""gamma"": 0.5, ""gp_rate"": 0.5, ""lm_iterations"": 10, ""max_constants"": 999, ""max_depth"": 6, ""max_evals"": 2000000, ""max_unary"": 999, ""mutation_rate"": 0.1, ""ops"": [""+"", ""-"", ""*"", ""/"", ""sin"", ""cos"", ""exp"", ""log""], ""succ_error_tol"": 1e-06}",0.5
imcts,Livermore,14,Livermore-14,expression,67,8792,40,20,20,1,"[""x0""]",x[0]**3 + x[0]**2 + x[0] + sin(x[0]) + sin(x[0]**2),0.9999999403953552,True,1.0,1.0,14.0,78337,0.36414912703912705,0.0,0,x0 * x0 * x0 + sin(x0 * x0) + sin(x0) + x0 + x0 * x0,x0 * x0 * x0 + sin(x0 * x0) + sin(x0) + x0 + x0 * x0,x0**3 + x0**2 + x0 + sin(x0) + sin(x0**2),[],"{""K"": 500, ""c"": 6.0, ""exploration_rate"": 0.1, ""gamma"": 0.5, ""gp_rate"": 0.5, ""lm_iterations"": 10, ""max_constants"": 999, ""max_depth"": 6, ""max_evals"": 2000000, ""max_unary"": 999, ""mutation_rate"": 0.1, ""ops"": [""+"", ""-"", ""*"", ""/"", ""sin"", ""cos"", ""exp"", ""log""], ""succ_error_tol"": 1e-06}","{""K"": 500, ""c"": 6.0, ""exploration_rate"": 0.1, ""gamma"": 0.5, ""gp_rate"": 0.5, ""lm_iterations"": 10, ""max_constants"": 999, ""max_depth"": 6, ""max_evals"": 2000000, ""max_unary"": 999, ""mutation_rate"": 0.1, ""ops"": [""+"", ""-"", ""*"", ""/"", ""sin"", ""cos"", ""exp"", ""log""], ""succ_error_tol"": 1e-06}",0.5
imcts,Livermore,14,Livermore-14,expression,68,10555,40,20,20,1,"[""x0""]",x[0]**3 + x[0]**2 + x[0] + sin(x[0]) + sin(x[0]**2),1.0,True,1.0,1.0,14.0,463096,2.745471030008048,0.0,0,sin(x0) * x0 / x0 + x0 + sin(x0 * x0) + x0 * (x0 + x0 * x0),sin(x0) * x0 / x0 + x0 + sin(x0 * x0) + x0 * (x0 + x0 * x0),x0**3 + x0**2 + x0 + sin(x0) + sin(x0**2),[],"{""K"": 500, ""c"": 6.0, ""exploration_rate"": 0.1, ""gamma"": 0.5, ""gp_rate"": 0.5, ""lm_iterations"": 10, ""max_constants"": 999, ""max_depth"": 6, ""max_evals"": 2000000, ""max_unary"": 999, ""mutation_rate"": 0.1, ""ops"": [""+"", ""-"", ""*"", ""/"", ""sin"", ""cos"", ""exp"", ""log""], ""succ_error_tol"": 1e-06}","{""K"": 500, ""c"": 6.0, ""exploration_rate"": 0.1, ""gamma"": 0.5, ""gp_rate"": 0.5, ""lm_iterations"": 10, ""max_constants"": 999, ""max_depth"": 6, ""max_evals"": 2000000, ""max_unary"": 999, ""mutation_rate"": 0.1, ""ops"": [""+"", ""-"", ""*"", ""/"", ""sin"", ""cos"", ""exp"", ""log""], ""succ_error_tol"": 1e-06}",0.5
imcts,Livermore,14,Livermore-14,expression,69,10253,40,20,20,1,"[""x0""]",x[0]**3 + x[0]**2 + x[0] + sin(x[0]) + sin(x[0]**2),0.9999999403953552,True,1.0,1.0,14.0,105650,0.5253557789837942,0.0,0,sin(x0) + sin(x0 * x0) + (x0 * x0 + x0 / x0 + x0) * x0,sin(x0) + sin(x0 * x0) + (x0 * x0 + x0 / x0 + x0) * x0,x0**3 + x0**2 + x0 + sin(x0) + sin(x0**2),[],"{""K"": 500, ""c"": 6.0, ""exploration_rate"": 0.1, ""gamma"": 0.5, ""gp_rate"": 0.5, ""lm_iterations"": 10, ""max_constants"": 999, ""max_depth"": 6, ""max_evals"": 2000000, ""max_unary"": 999, ""mutation_rate"": 0.1, ""ops"": [""+"", ""-"", ""*"", ""/"", ""sin"", ""cos"", ""exp"", ""log""], ""succ_error_tol"": 1e-06}","{""K"": 500, ""c"": 6.0, ""exploration_rate"": 0.1, ""gamma"": 0.5, ""gp_rate"": 0.5, ""lm_iterations"": 10, ""max_constants"": 999, ""max_depth"": 6, ""max_evals"": 2000000, ""max_unary"": 999, ""mutation_rate"": 0.1, ""ops"": [""+"", ""-"", ""*"", ""/"", ""sin"", ""cos"", ""exp"", ""log""], ""succ_error_tol"": 1e-06}",0.5
imcts,Livermore,14,Livermore-14,expression,70,8433,40,20,20,1,"[""x0""]",x[0]**3 + x[0]**2 + x[0] + sin(x[0]) + sin(x[0]**2),0.9999999403953552,True,1.0,1.0,14.0,1940539,12.721007870975882,0.0,0,x0 + x0 * x0 + sin(x0) + sin(x0 * x0) + x0 * x0 * x0,x0 + x0 * x0 + sin(x0) + sin(x0 * x0) + x0 * x0 * x0,x0**3 + x0**2 + x0 + sin(x0) + sin(x0**2),[],"{""K"": 500, ""c"": 6.0, ""exploration_rate"": 0.1, ""gamma"": 0.5, ""gp_rate"": 0.5, ""lm_iterations"": 10, ""max_constants"": 999, ""max_depth"": 6, ""max_evals"": 2000000, ""max_unary"": 999, ""mutation_rate"": 0.1, ""ops"": [""+"", ""-"", ""*"", ""/"", ""sin"", ""cos"", ""exp"", ""log""], ""succ_error_tol"": 1e-06}","{""K"": 500, ""c"": 6.0, ""exploration_rate"": 0.1, ""gamma"": 0.5, ""gp_rate"": 0.5, ""lm_iterations"": 10, ""max_constants"": 999, ""max_depth"": 6, ""max_evals"": 2000000, ""max_unary"": 999, ""mutation_rate"": 0.1, ""ops"": [""+"", ""-"", ""*"", ""/"", ""sin"", ""cos"", ""exp"", ""log""], ""succ_error_tol"": 1e-06}",0.5
imcts,Livermore,14,Livermore-14,expression,71,10233,40,20,20,1,"[""x0""]",x[0]**3 + x[0]**2 + x[0] + sin(x[0]) + sin(x[0]**2),0.9999999403953552,True,1.0,1.0,14.0,277341,1.54805592703633,0.0,0,x0 / x0 * x0 * (x0 + x0 * x0) + x0 + sin(x0) + sin(x0 * x0),x0 / x0 * x0 * (x0 + x0 * x0) + x0 + sin(x0) + sin(x0 * x0),x0**3 + x0**2 + x0 + sin(x0) + sin(x0**2),[],"{""K"": 500, ""c"": 6.0, ""exploration_rate"": 0.1, ""gamma"": 0.5, ""gp_rate"": 0.5, ""lm_iterations"": 10, ""max_constants"": 999, ""max_depth"": 6, ""max_evals"": 2000000, ""max_unary"": 999, ""mutation_rate"": 0.1, ""ops"": [""+"", ""-"", ""*"", ""/"", ""sin"", ""cos"", ""exp"", ""log""], ""succ_error_tol"": 1e-06}","{""K"": 500, ""c"": 6.0, ""exploration_rate"": 0.1, ""gamma"": 0.5, ""gp_rate"": 0.5, ""lm_iterations"": 10, ""max_constants"": 999, ""max_depth"": 6, ""max_evals"": 2000000, ""max_unary"": 999, ""mutation_rate"": 0.1, ""ops"": [""+"", ""-"", ""*"", ""/"", ""sin"", ""cos"", ""exp"", ""log""], ""succ_error_tol"": 1e-06}",0.5
imcts,Livermore,14,Livermore-14,expression,72,11016,40,20,20,1,"[""x0""]",x[0]**3 + x[0]**2 + x[0] + sin(x[0]) + sin(x[0]**2),0.9994559288024902,False,0.9999997036447013,0.9999719219220504,22.0,2000003,12.957424406020436,0.0,0,(sin(x0) + x0) * exp(x0) - (sin(x0) - sin(x0)) + (sin(x0) - x0) * sin(x0) * exp(x0 * x0),(sin(x0) + x0) * exp(x0) - (sin(x0) - sin(x0)) + (sin(x0) - x0) * sin(x0) * exp(x0 * x0),-(x0 - sin(x0))*exp(x0**2)*sin(x0) + (x0 + sin(x0))*exp(x0),[],"{""K"": 500, ""c"": 6.0, ""exploration_rate"": 0.1, ""gamma"": 0.5, ""gp_rate"": 0.5, ""lm_iterations"": 10, ""max_constants"": 999, ""max_depth"": 6, ""max_evals"": 2000000, ""max_unary"": 999, ""mutation_rate"": 0.1, ""ops"": [""+"", ""-"", ""*"", ""/"", ""sin"", ""cos"", ""exp"", ""log""], ""succ_error_tol"": 1e-06}","{""K"": 500, ""c"": 6.0, ""exploration_rate"": 0.1, ""gamma"": 0.5, ""gp_rate"": 0.5, ""lm_iterations"": 10, ""max_constants"": 999, ""max_depth"": 6, ""max_evals"": 2000000, ""max_unary"": 999, ""mutation_rate"": 0.1, ""ops"": [""+"", ""-"", ""*"", ""/"", ""sin"", ""cos"", ""exp"", ""log""], ""succ_error_tol"": 1e-06}",0.5
imcts,Livermore,14,Livermore-14,expression,73,23897,40,20,20,1,"[""x0""]",x[0]**3 + x[0]**2 + x[0] + sin(x[0]) + sin(x[0]**2),0.9999999403953552,True,1.0,1.0,14.0,138052,0.6964388929773122,0.0,0,x0 * (x0 * x0 + x0) + sin(x0) + x0 + sin(x0 * x0),x0 * (x0 * x0 + x0) + sin(x0) + x0 + sin(x0 * x0),x0**3 + x0**2 + x0 + sin(x0) + sin(x0**2),[],"{""K"": 500, ""c"": 6.0, ""exploration_rate"": 0.1, ""gamma"": 0.5, ""gp_rate"": 0.5, ""lm_iterations"": 10, ""max_constants"": 999, ""max_depth"": 6, ""max_evals"": 2000000, ""max_unary"": 999, ""mutation_rate"": 0.1, ""ops"": [""+"", ""-"", ""*"", ""/"", ""sin"", ""cos"", ""exp"", ""log""], ""succ_error_tol"": 1e-06}","{""K"": 500, ""c"": 6.0, ""exploration_rate"": 0.1, ""gamma"": 0.5, ""gp_rate"": 0.5, ""lm_iterations"": 10, ""max_constants"": 999, ""max_depth"": 6, ""max_evals"": 2000000, ""max_unary"": 999, ""mutation_rate"": 0.1, ""ops"": [""+"", ""-"", ""*"", ""/"", ""sin"", ""cos"", ""exp"", ""log""], ""succ_error_tol"": 1e-06}",0.5
imcts,Livermore,14,Livermore-14,expression,74,2612,40,20,20,1,"[""x0""]",x[0]**3 + x[0]**2 + x[0] + sin(x[0]) + sin(x[0]**2),0.9999999403953552,True,1.0,1.0,14.0,161883,0.8455684880027547,0.0,0,x0 * x0 * (x0 * x0 + x0) / x0 + x0 + sin(x0 * x0) + sin(x0),x0 * x0 * (x0 * x0 + x0) / x0 + x0 + sin(x0 * x0) + sin(x0),x0**3 + x0**2 + x0 + sin(x0) + sin(x0**2),[],"{""K"": 500, ""c"": 6.0, ""exploration_rate"": 0.1, ""gamma"": 0.5, ""gp_rate"": 0.5, ""lm_iterations"": 10, ""max_constants"": 999, ""max_depth"": 6, ""max_evals"": 2000000, ""max_unary"": 999, ""mutation_rate"": 0.1, ""ops"": [""+"", ""-"", ""*"", ""/"", ""sin"", ""cos"", ""exp"", ""log""], ""succ_error_tol"": 1e-06}","{""K"": 500, ""c"": 6.0, ""exploration_rate"": 0.1, ""gamma"": 0.5, ""gp_rate"": 0.5, ""lm_iterations"": 10, ""max_constants"": 999, ""max_depth"": 6, ""max_evals"": 2000000, ""max_unary"": 999, ""mutation_rate"": 0.1, ""ops"": [""+"", ""-"", ""*"", ""/"", ""sin"", ""cos"", ""exp"", ""log""], ""succ_error_tol"": 1e-06}",0.5
imcts,Livermore,14,Livermore-14,expression,75,23425,40,20,20,1,"[""x0""]",x[0]**3 + x[0]**2 + x[0] + sin(x[0]) + sin(x[0]**2),0.9999999403953552,True,1.0,1.0,14.0,50368,0.22598578402539715,0.0,0,sin(x0 * x0) + x0 * x0 * x0 + x0 + x0 * x0 + sin(x0),sin(x0 * x0) + x0 * x0 * x0 + x0 + x0 * x0 + sin(x0),x0**3 + x0**2 + x0 + sin(x0) + sin(x0**2),[],"{""K"": 500, ""c"": 6.0, ""exploration_rate"": 0.1, ""gamma"": 0.5, ""gp_rate"": 0.5, ""lm_iterations"": 10, ""max_constants"": 999, ""max_depth"": 6, ""max_evals"": 2000000, ""max_unary"": 999, ""mutation_rate"": 0.1, ""ops"": [""+"", ""-"", ""*"", ""/"", ""sin"", ""cos"", ""exp"", ""log""], ""succ_error_tol"": 1e-06}","{""K"": 500, ""c"": 6.0, ""exploration_rate"": 0.1, ""gamma"": 0.5, ""gp_rate"": 0.5, ""lm_iterations"": 10, ""max_constants"": 999, ""max_depth"": 6, ""max_evals"": 2000000, ""max_unary"": 999, ""mutation_rate"": 0.1, ""ops"": [""+"", ""-"", ""*"", ""/"", ""sin"", ""cos"", ""exp"", ""log""], ""succ_error_tol"": 1e-06}",0.5
imcts,Livermore,14,Livermore-14,expression,76,25939,40,20,20,1,"[""x0""]",x[0]**3 + x[0]**2 + x[0] + sin(x[0]) + sin(x[0]**2),0.9999999403953552,True,1.0,1.0,14.0,349607,2.0747460310230963,0.0,0,sin(x0) + sin(x0 * x0) + x0 + x0 * x0 * (x0 / x0 + x0),sin(x0) + sin(x0 * x0) + x0 + x0 * x0 * (x0 / x0 + x0),x0**3 + x0**2 + x0 + sin(x0) + sin(x0**2),[],"{""K"": 500, ""c"": 6.0, ""exploration_rate"": 0.1, ""gamma"": 0.5, ""gp_rate"": 0.5, ""lm_iterations"": 10, ""max_constants"": 999, ""max_depth"": 6, ""max_evals"": 2000000, ""max_unary"": 999, ""mutation_rate"": 0.1, ""ops"": [""+"", ""-"", ""*"", ""/"", ""sin"", ""cos"", ""exp"", ""log""], ""succ_error_tol"": 1e-06}","{""K"": 500, ""c"": 6.0, ""exploration_rate"": 0.1, ""gamma"": 0.5, ""gp_rate"": 0.5, ""lm_iterations"": 10, ""max_constants"": 999, ""max_depth"": 6, ""max_evals"": 2000000, ""max_unary"": 999, ""mutation_rate"": 0.1, ""ops"": [""+"", ""-"", ""*"", ""/"", ""sin"", ""cos"", ""exp"", ""log""], ""succ_error_tol"": 1e-06}",0.5
imcts,Livermore,14,Livermore-14,expression,77,22619,40,20,20,1,"[""x0""]",x[0]**3 + x[0]**2 + x[0] + sin(x[0]) + sin(x[0]**2),0.9999999403953552,True,1.0,1.0,14.0,265404,1.443399376992602,0.0,0,(x0 * x0 + x0) * x0 + sin(x0 * x0) + sin(x0) + x0,(x0 * x0 + x0) * x0 + sin(x0 * x0) + sin(x0) + x0,x0**3 + x0**2 + x0 + sin(x0) + sin(x0**2),[],"{""K"": 500, ""c"": 6.0, ""exploration_rate"": 0.1, ""gamma"": 0.5, ""gp_rate"": 0.5, ""lm_iterations"": 10, ""max_constants"": 999, ""max_depth"": 6, ""max_evals"": 2000000, ""max_unary"": 999, ""mutation_rate"": 0.1, ""ops"": [""+"", ""-"", ""*"", ""/"", ""sin"", ""cos"", ""exp"", ""log""], ""succ_error_tol"": 1e-06}","{""K"": 500, ""c"": 6.0, ""exploration_rate"": 0.1, ""gamma"": 0.5, ""gp_rate"": 0.5, ""lm_iterations"": 10, ""max_constants"": 999, ""max_depth"": 6, ""max_evals"": 2000000, ""max_unary"": 999, ""mutation_rate"": 0.1, ""ops"": [""+"", ""-"", ""*"", ""/"", ""sin"", ""cos"", ""exp"", ""log""], ""succ_error_tol"": 1e-06}",0.5
imcts,Livermore,14,Livermore-14,expression,78,21870,40,20,20,1,"[""x0""]",x[0]**3 + x[0]**2 + x[0] + sin(x[0]) + sin(x[0]**2),0.9999999403953552,True,1.0,1.0,14.0,79501,0.362064557033591,0.0,0,sin(x0 * x0) + x0 + sin(x0) + x0 * x0 * x0 + x0 * x0,sin(x0 * x0) + x0 + sin(x0) + x0 * x0 * x0 + x0 * x0,x0**3 + x0**2 + x0 + sin(x0) + sin(x0**2),[],"{""K"": 500, ""c"": 6.0, ""exploration_rate"": 0.1, ""gamma"": 0.5, ""gp_rate"": 0.5, ""lm_iterations"": 10, ""max_constants"": 999, ""max_depth"": 6, ""max_evals"": 2000000, ""max_unary"": 999, ""mutation_rate"": 0.1, ""ops"": [""+"", ""-"", ""*"", ""/"", ""sin"", ""cos"", ""exp"", ""log""], ""succ_error_tol"": 1e-06}","{""K"": 500, ""c"": 6.0, ""exploration_rate"": 0.1, ""gamma"": 0.5, ""gp_rate"": 0.5, ""lm_iterations"": 10, ""max_constants"": 999, ""max_depth"": 6, ""max_evals"": 2000000, ""max_unary"": 999, ""mutation_rate"": 0.1, ""ops"": [""+"", ""-"", ""*"", ""/"", ""sin"", ""cos"", ""exp"", ""log""], ""succ_error_tol"": 1e-06}",0.5
imcts,Livermore,14,Livermore-14,expression,79,23483,40,20,20,1,"[""x0""]",x[0]**3 + x[0]**2 + x[0] + sin(x[0]) + sin(x[0]**2),0.9999999403953552,True,1.0,1.0,14.0,55485,0.25030756200430915,0.0,0,sin(x0 * x0) + x0 * x0 * x0 + x0 * x0 + sin(x0) + x0,sin(x0 * x0) + x0 * x0 * x0 + x0 * x0 + sin(x0) + x0,x0**3 + x0**2 + x0 + sin(x0) + sin(x0**2),[],"{""K"": 500, ""c"": 6.0, ""exploration_rate"": 0.1, ""gamma"": 0.5, ""gp_rate"": 0.5, ""lm_iterations"": 10, ""max_constants"": 999, ""max_depth"": 6, ""max_evals"": 2000000, ""max_unary"": 999, ""mutation_rate"": 0.1, ""ops"": [""+"", ""-"", ""*"", ""/"", ""sin"", ""cos"", ""exp"", ""log""], ""succ_error_tol"": 1e-06}","{""K"": 500, ""c"": 6.0, ""exploration_rate"": 0.1, ""gamma"": 0.5, ""gp_rate"": 0.5, ""lm_iterations"": 10, ""max_constants"": 999, ""max_depth"": 6, ""max_evals"": 2000000, ""max_unary"": 999, ""mutation_rate"": 0.1, ""ops"": [""+"", ""-"", ""*"", ""/"", ""sin"", ""cos"", ""exp"", ""log""], ""succ_error_tol"": 1e-06}",0.5
imcts,Livermore,14,Livermore-14,expression,80,26054,40,20,20,1,"[""x0""]",x[0]**3 + x[0]**2 + x[0] + sin(x[0]) + sin(x[0]**2),0.9981769919395447,False,0.9999966644754759,0.999094211754285,34.0,2000005,13.37010411603842,0.0,0,(sin(x0) * x0 + x0 + cos(x0)) * (x0 + x0) - (x0 / x0 + x0) * (x0 - sin(x0)) / ((x0 + x0) * x0 + exp(sin(x0))),(sin(x0) * x0 + x0 + cos(x0)) * (x0 + x0) - (x0 / x0 + x0) * (x0 - sin(x0)) / ((x0 + x0) * x0 + exp(sin(x0))),2*x0*(x0*sin(x0) + x0 + cos(x0)) - (x0 + 1)*(x0 - sin(x0))/(2*x0**2 + exp(sin(x0))),[],"{""K"": 500, ""c"": 6.0, ""exploration_rate"": 0.1, ""gamma"": 0.5, ""gp_rate"": 0.5, ""lm_iterations"": 10, ""max_constants"": 999, ""max_depth"": 6, ""max_evals"": 2000000, ""max_unary"": 999, ""mutation_rate"": 0.1, ""ops"": [""+"", ""-"", ""*"", ""/"", ""sin"", ""cos"", ""exp"", ""log""], ""succ_error_tol"": 1e-06}","{""K"": 500, ""c"": 6.0, ""exploration_rate"": 0.1, ""gamma"": 0.5, ""gp_rate"": 0.5, ""lm_iterations"": 10, ""max_constants"": 999, ""max_depth"": 6, ""max_evals"": 2000000, ""max_unary"": 999, ""mutation_rate"": 0.1, ""ops"": [""+"", ""-"", ""*"", ""/"", ""sin"", ""cos"", ""exp"", ""log""], ""succ_error_tol"": 1e-06}",0.5
imcts,Livermore,14,Livermore-14,expression,81,15787,40,20,20,1,"[""x0""]",x[0]**3 + x[0]**2 + x[0] + sin(x[0]) + sin(x[0]**2),0.9999999403953552,True,1.0,1.0,14.0,944061,5.919215772999451,0.0,0,sin(x0 * x0) + sin(x0) + x0 * x0 * x0 + x0 * x0 + x0,sin(x0 * x0) + sin(x0) + x0 * x0 * x0 + x0 * x0 + x0,x0**3 + x0**2 + x0 + sin(x0) + sin(x0**2),[],"{""K"": 500, ""c"": 6.0, ""exploration_rate"": 0.1, ""gamma"": 0.5, ""gp_rate"": 0.5, ""lm_iterations"": 10, ""max_constants"": 999, ""max_depth"": 6, ""max_evals"": 2000000, ""max_unary"": 999, ""mutation_rate"": 0.1, ""ops"": [""+"", ""-"", ""*"", ""/"", ""sin"", ""cos"", ""exp"", ""log""], ""succ_error_tol"": 1e-06}","{""K"": 500, ""c"": 6.0, ""exploration_rate"": 0.1, ""gamma"": 0.5, ""gp_rate"": 0.5, ""lm_iterations"": 10, ""max_constants"": 999, ""max_depth"": 6, ""max_evals"": 2000000, ""max_unary"": 999, ""mutation_rate"": 0.1, ""ops"": [""+"", ""-"", ""*"", ""/"", ""sin"", ""cos"", ""exp"", ""log""], ""succ_error_tol"": 1e-06}",0.5
imcts,Livermore,14,Livermore-14,expression,82,27132,40,20,20,1,"[""x0""]",x[0]**3 + x[0]**2 + x[0] + sin(x[0]) + sin(x[0]**2),0.9999999403953552,True,1.0,1.0,14.0,312133,1.7387896400177851,0.0,0,sin(x0 * x0) + sin(x0) + (x0 / x0 + x0) * x0 * x0 + x0,sin(x0 * x0) + sin(x0) + (x0 / x0 + x0) * x0 * x0 + x0,x0**3 + x0**2 + x0 + sin(x0) + sin(x0**2),[],"{""K"": 500, ""c"": 6.0, ""exploration_rate"": 0.1, ""gamma"": 0.5, ""gp_rate"": 0.5, ""lm_iterations"": 10, ""max_constants"": 999, ""max_depth"": 6, ""max_evals"": 2000000, ""max_unary"": 999, ""mutation_rate"": 0.1, ""ops"": [""+"", ""-"", ""*"", ""/"", ""sin"", ""cos"", ""exp"", ""log""], ""succ_error_tol"": 1e-06}","{""K"": 500, ""c"": 6.0, ""exploration_rate"": 0.1, ""gamma"": 0.5, ""gp_rate"": 0.5, ""lm_iterations"": 10, ""max_constants"": 999, ""max_depth"": 6, ""max_evals"": 2000000, ""max_unary"": 999, ""mutation_rate"": 0.1, ""ops"": [""+"", ""-"", ""*"", ""/"", ""sin"", ""cos"", ""exp"", ""log""], ""succ_error_tol"": 1e-06}",0.5
imcts,Livermore,14,Livermore-14,expression,83,17159,40,20,20,1,"[""x0""]",x[0]**3 + x[0]**2 + x[0] + sin(x[0]) + sin(x[0]**2),0.9999999403953552,True,1.0,1.0,14.0,212682,1.1487289069918916,0.0,0,(x0 * x0 + x0) * x0 + sin(x0) + x0 + x0 / x0 * sin(x0 * x0),(x0 * x0 + x0) * x0 + sin(x0) + x0 + x0 / x0 * sin(x0 * x0),x0**3 + x0**2 + x0 + sin(x0) + sin(x0**2),[],"{""K"": 500, ""c"": 6.0, ""exploration_rate"": 0.1, ""gamma"": 0.5, ""gp_rate"": 0.5, ""lm_iterations"": 10, ""max_constants"": 999, ""max_depth"": 6, ""max_evals"": 2000000, ""max_unary"": 999, ""mutation_rate"": 0.1, ""ops"": [""+"", ""-"", ""*"", ""/"", ""sin"", ""cos"", ""exp"", ""log""], ""succ_error_tol"": 1e-06}","{""K"": 500, ""c"": 6.0, ""exploration_rate"": 0.1, ""gamma"": 0.5, ""gp_rate"": 0.5, ""lm_iterations"": 10, ""max_constants"": 999, ""max_depth"": 6, ""max_evals"": 2000000, ""max_unary"": 999, ""mutation_rate"": 0.1, ""ops"": [""+"", ""-"", ""*"", ""/"", ""sin"", ""cos"", ""exp"", ""log""], ""succ_error_tol"": 1e-06}",0.5
imcts,Livermore,14,Livermore-14,expression,84,12206,40,20,20,1,"[""x0""]",x[0]**3 + x[0]**2 + x[0] + sin(x[0]) + sin(x[0]**2),0.9999999403953552,True,1.0,1.0,14.0,129848,0.6588952760212123,0.0,0,sin(x0 * x0) + x0 * x0 * x0 * x0 / x0 + sin(x0) + x0 + x0 * x0,sin(x0 * x0) + x0 * x0 * x0 * x0 / x0 + sin(x0) + x0 + x0 * x0,x0**3 + x0**2 + x0 + sin(x0) + sin(x0**2),[],"{""K"": 500, ""c"": 6.0, ""exploration_rate"": 0.1, ""gamma"": 0.5, ""gp_rate"": 0.5, ""lm_iterations"": 10, ""max_constants"": 999, ""max_depth"": 6, ""max_evals"": 2000000, ""max_unary"": 999, ""mutation_rate"": 0.1, ""ops"": [""+"", ""-"", ""*"", ""/"", ""sin"", ""cos"", ""exp"", ""log""], ""succ_error_tol"": 1e-06}","{""K"": 500, ""c"": 6.0, ""exploration_rate"": 0.1, ""gamma"": 0.5, ""gp_rate"": 0.5, ""lm_iterations"": 10, ""max_constants"": 999, ""max_depth"": 6, ""max_evals"": 2000000, ""max_unary"": 999, ""mutation_rate"": 0.1, ""ops"": [""+"", ""-"", ""*"", ""/"", ""sin"", ""cos"", ""exp"", ""log""], ""succ_error_tol"": 1e-06}",0.5
imcts,Livermore,14,Livermore-14,expression,85,8226,40,20,20,1,"[""x0""]",x[0]**3 + x[0]**2 + x[0] + sin(x[0]) + sin(x[0]**2),0.9999999403953552,True,1.0,1.0,14.0,1623141,10.702751952048857,0.0,0,x0 * x0 * (x0 + x0 / x0) + x0 + sin(x0) + sin(x0 * x0),x0 * x0 * (x0 + x0 / x0) + x0 + sin(x0) + sin(x0 * x0),x0**3 + x0**2 + x0 + sin(x0) + sin(x0**2),[],"{""K"": 500, ""c"": 6.0, ""exploration_rate"": 0.1, ""gamma"": 0.5, ""gp_rate"": 0.5, ""lm_iterations"": 10, ""max_constants"": 999, ""max_depth"": 6, ""max_evals"": 2000000, ""max_unary"": 999, ""mutation_rate"": 0.1, ""ops"": [""+"", ""-"", ""*"", ""/"", ""sin"", ""cos"", ""exp"", ""log""], ""succ_error_tol"": 1e-06}","{""K"": 500, ""c"": 6.0, ""exploration_rate"": 0.1, ""gamma"": 0.5, ""gp_rate"": 0.5, ""lm_iterations"": 10, ""max_constants"": 999, ""max_depth"": 6, ""max_evals"": 2000000, ""max_unary"": 999, ""mutation_rate"": 0.1, ""ops"": [""+"", ""-"", ""*"", ""/"", ""sin"", ""cos"", ""exp"", ""log""], ""succ_error_tol"": 1e-06}",0.5
imcts,Livermore,14,Livermore-14,expression,86,14541,40,20,20,1,"[""x0""]",x[0]**3 + x[0]**2 + x[0] + sin(x[0]) + sin(x[0]**2),0.9999999403953552,True,1.0,1.0,14.0,337363,1.852902320038993,0.0,0,sin(x0 * x0) + sin(x0) + x0 + x0 * (x0 + x0 * x0),sin(x0 * x0) + sin(x0) + x0 + x0 * (x0 + x0 * x0),x0**3 + x0**2 + x0 + sin(x0) + sin(x0**2),[],"{""K"": 500, ""c"": 6.0, ""exploration_rate"": 0.1, ""gamma"": 0.5, ""gp_rate"": 0.5, ""lm_iterations"": 10, ""max_constants"": 999, ""max_depth"": 6, ""max_evals"": 2000000, ""max_unary"": 999, ""mutation_rate"": 0.1, ""ops"": [""+"", ""-"", ""*"", ""/"", ""sin"", ""cos"", ""exp"", ""log""], ""succ_error_tol"": 1e-06}","{""K"": 500, ""c"": 6.0, ""exploration_rate"": 0.1, ""gamma"": 0.5, ""gp_rate"": 0.5, ""lm_iterations"": 10, ""max_constants"": 999, ""max_depth"": 6, ""max_evals"": 2000000, ""max_unary"": 999, ""mutation_rate"": 0.1, ""ops"": [""+"", ""-"", ""*"", ""/"", ""sin"", ""cos"", ""exp"", ""log""], ""succ_error_tol"": 1e-06}",0.5
imcts,Livermore,14,Livermore-14,expression,87,3152,40,20,20,1,"[""x0""]",x[0]**3 + x[0]**2 + x[0] + sin(x[0]) + sin(x[0]**2),1.0,True,1.0,1.0,14.0,99508,0.4764509809901938,0.0,0,sin(x0 * x0) + x0 + x0 - (x0 - x0) + sin(x0) + (x0 * x0 + x0) * x0 - x0,sin(x0 * x0) + x0 + x0 - (x0 - x0) + sin(x0) + (x0 * x0 + x0) * x0 - x0,x0**3 + x0**2 + x0 + sin(x0) + sin(x0**2),[],"{""K"": 500, ""c"": 6.0, ""exploration_rate"": 0.1, ""gamma"": 0.5, ""gp_rate"": 0.5, ""lm_iterations"": 10, ""max_constants"": 999, ""max_depth"": 6, ""max_evals"": 2000000, ""max_unary"": 999, ""mutation_rate"": 0.1, ""ops"": [""+"", ""-"", ""*"", ""/"", ""sin"", ""cos"", ""exp"", ""log""], ""succ_error_tol"": 1e-06}","{""K"": 500, ""c"": 6.0, ""exploration_rate"": 0.1, ""gamma"": 0.5, ""gp_rate"": 0.5, ""lm_iterations"": 10, ""max_constants"": 999, ""max_depth"": 6, ""max_evals"": 2000000, ""max_unary"": 999, ""mutation_rate"": 0.1, ""ops"": [""+"", ""-"", ""*"", ""/"", ""sin"", ""cos"", ""exp"", ""log""], ""succ_error_tol"": 1e-06}",0.5
imcts,Livermore,14,Livermore-14,expression,88,26531,40,20,20,1,"[""x0""]",x[0]**3 + x[0]**2 + x[0] + sin(x[0]) + sin(x[0]**2),0.9999999403953552,True,1.0,1.0,14.0,122674,0.6083790569682606,0.0,0,sin(x0 * x0) + x0 * x0 * x0 + x0 + x0 * x0 + sin(x0),sin(x0 * x0) + x0 * x0 * x0 + x0 + x0 * x0 + sin(x0),x0**3 + x0**2 + x0 + sin(x0) + sin(x0**2),[],"{""K"": 500, ""c"": 6.0, ""exploration_rate"": 0.1, ""gamma"": 0.5, ""gp_rate"": 0.5, ""lm_iterations"": 10, ""max_constants"": 999, ""max_depth"": 6, ""max_evals"": 2000000, ""max_unary"": 999, ""mutation_rate"": 0.1, ""ops"": [""+"", ""-"", ""*"", ""/"", ""sin"", ""cos"", ""exp"", ""log""], ""succ_error_tol"": 1e-06}","{""K"": 500, ""c"": 6.0, ""exploration_rate"": 0.1, ""gamma"": 0.5, ""gp_rate"": 0.5, ""lm_iterations"": 10, ""max_constants"": 999, ""max_depth"": 6, ""max_evals"": 2000000, ""max_unary"": 999, ""mutation_rate"": 0.1, ""ops"": [""+"", ""-"", ""*"", ""/"", ""sin"", ""cos"", ""exp"", ""log""], ""succ_error_tol"": 1e-06}",0.5
imcts,Livermore,14,Livermore-14,expression,89,1585,40,20,20,1,"[""x0""]",x[0]**3 + x[0]**2 + x[0] + sin(x[0]) + sin(x[0]**2),0.9999999403953552,True,1.0,1.0,14.0,1373425,8.864999785961118,0.0,0,sin(x0 * x0) + x0 * x0 * x0 + x0 + x0 * x0 + sin(x0),sin(x0 * x0) + x0 * x0 * x0 + x0 + x0 * x0 + sin(x0),x0**3 + x0**2 + x0 + sin(x0) + sin(x0**2),[],"{""K"": 500, ""c"": 6.0, ""exploration_rate"": 0.1, ""gamma"": 0.5, ""gp_rate"": 0.5, ""lm_iterations"": 10, ""max_constants"": 999, ""max_depth"": 6, ""max_evals"": 2000000, ""max_unary"": 999, ""mutation_rate"": 0.1, ""ops"": [""+"", ""-"", ""*"", ""/"", ""sin"", ""cos"", ""exp"", ""log""], ""succ_error_tol"": 1e-06}","{""K"": 500, ""c"": 6.0, ""exploration_rate"": 0.1, ""gamma"": 0.5, ""gp_rate"": 0.5, ""lm_iterations"": 10, ""max_constants"": 999, ""max_depth"": 6, ""max_evals"": 2000000, ""max_unary"": 999, ""mutation_rate"": 0.1, ""ops"": [""+"", ""-"", ""*"", ""/"", ""sin"", ""cos"", ""exp"", ""log""], ""succ_error_tol"": 1e-06}",0.5
imcts,Livermore,14,Livermore-14,expression,90,3943,40,20,20,1,"[""x0""]",x[0]**3 + x[0]**2 + x[0] + sin(x[0]) + sin(x[0]**2),0.9999999403953552,True,1.0,1.0,14.0,458725,2.7662729829899035,0.0,0,sin(x0 - x0 + x0 * x0) + x0 * (x0 * x0 + x0) + x0 + sin(x0),sin(x0 - x0 + x0 * x0) + x0 * (x0 * x0 + x0) + x0 + sin(x0),x0**3 + x0**2 + x0 + sin(x0) + sin(x0**2),[],"{""K"": 500, ""c"": 6.0, ""exploration_rate"": 0.1, ""gamma"": 0.5, ""gp_rate"": 0.5, ""lm_iterations"": 10, ""max_constants"": 999, ""max_depth"": 6, ""max_evals"": 2000000, ""max_unary"": 999, ""mutation_rate"": 0.1, ""ops"": [""+"", ""-"", ""*"", ""/"", ""sin"", ""cos"", ""exp"", ""log""], ""succ_error_tol"": 1e-06}","{""K"": 500, ""c"": 6.0, ""exploration_rate"": 0.1, ""gamma"": 0.5, ""gp_rate"": 0.5, ""lm_iterations"": 10, ""max_constants"": 999, ""max_depth"": 6, ""max_evals"": 2000000, ""max_unary"": 999, ""mutation_rate"": 0.1, ""ops"": [""+"", ""-"", ""*"", ""/"", ""sin"", ""cos"", ""exp"", ""log""], ""succ_error_tol"": 1e-06}",0.5
imcts,Livermore,14,Livermore-14,expression,91,23939,40,20,20,1,"[""x0""]",x[0]**3 + x[0]**2 + x[0] + sin(x[0]) + sin(x[0]**2),0.9999999403953552,True,1.0,1.0,14.0,249172,1.3389859829912893,0.0,0,sin(x0 * x0) + sin(x0) + x0 + (x0 * x0 + x0) * x0,sin(x0 * x0) + sin(x0) + x0 + (x0 * x0 + x0) * x0,x0**3 + x0**2 + x0 + sin(x0) + sin(x0**2),[],"{""K"": 500, ""c"": 6.0, ""exploration_rate"": 0.1, ""gamma"": 0.5, ""gp_rate"": 0.5, ""lm_iterations"": 10, ""max_constants"": 999, ""max_depth"": 6, ""max_evals"": 2000000, ""max_unary"": 999, ""mutation_rate"": 0.1, ""ops"": [""+"", ""-"", ""*"", ""/"", ""sin"", ""cos"", ""exp"", ""log""], ""succ_error_tol"": 1e-06}","{""K"": 500, ""c"": 6.0, ""exploration_rate"": 0.1, ""gamma"": 0.5, ""gp_rate"": 0.5, ""lm_iterations"": 10, ""max_constants"": 999, ""max_depth"": 6, ""max_evals"": 2000000, ""max_unary"": 999, ""mutation_rate"": 0.1, ""ops"": [""+"", ""-"", ""*"", ""/"", ""sin"", ""cos"", ""exp"", ""log""], ""succ_error_tol"": 1e-06}",0.5
imcts,Livermore,14,Livermore-14,expression,92,19457,40,20,20,1,"[""x0""]",x[0]**3 + x[0]**2 + x[0] + sin(x[0]) + sin(x[0]**2),0.9999999403953552,True,1.0,1.0,14.0,1864572,11.947549600969069,0.0,0,x0 + sin(x0 * x0) + x0 * (x0 * x0 + x0) + sin(x0),x0 + sin(x0 * x0) + x0 * (x0 * x0 + x0) + sin(x0),x0**3 + x0**2 + x0 + sin(x0) + sin(x0**2),[],"{""K"": 500, ""c"": 6.0, ""exploration_rate"": 0.1, ""gamma"": 0.5, ""gp_rate"": 0.5, ""lm_iterations"": 10, ""max_constants"": 999, ""max_depth"": 6, ""max_evals"": 2000000, ""max_unary"": 999, ""mutation_rate"": 0.1, ""ops"": [""+"", ""-"", ""*"", ""/"", ""sin"", ""cos"", ""exp"", ""log""], ""succ_error_tol"": 1e-06}","{""K"": 500, ""c"": 6.0, ""exploration_rate"": 0.1, ""gamma"": 0.5, ""gp_rate"": 0.5, ""lm_iterations"": 10, ""max_constants"": 999, ""max_depth"": 6, ""max_evals"": 2000000, ""max_unary"": 999, ""mutation_rate"": 0.1, ""ops"": [""+"", ""-"", ""*"", ""/"", ""sin"", ""cos"", ""exp"", ""log""], ""succ_error_tol"": 1e-06}",0.5
imcts,Livermore,14,Livermore-14,expression,93,1021,40,20,20,1,"[""x0""]",x[0]**3 + x[0]**2 + x[0] + sin(x[0]) + sin(x[0]**2),0.9999999403953552,True,1.0,1.0,14.0,254526,1.3706028679735027,0.0,0,x0 + sin(x0) + sin(x0 * x0) + x0 * (x0 + x0 * x0),x0 + sin(x0) + sin(x0 * x0) + x0 * (x0 + x0 * x0),x0**3 + x0**2 + x0 + sin(x0) + sin(x0**2),[],"{""K"": 500, ""c"": 6.0, ""exploration_rate"": 0.1, ""gamma"": 0.5, ""gp_rate"": 0.5, ""lm_iterations"": 10, ""max_constants"": 999, ""max_depth"": 6, ""max_evals"": 2000000, ""max_unary"": 999, ""mutation_rate"": 0.1, ""ops"": [""+"", ""-"", ""*"", ""/"", ""sin"", ""cos"", ""exp"", ""log""], ""succ_error_tol"": 1e-06}","{""K"": 500, ""c"": 6.0, ""exploration_rate"": 0.1, ""gamma"": 0.5, ""gp_rate"": 0.5, ""lm_iterations"": 10, ""max_constants"": 999, ""max_depth"": 6, ""max_evals"": 2000000, ""max_unary"": 999, ""mutation_rate"": 0.1, ""ops"": [""+"", ""-"", ""*"", ""/"", ""sin"", ""cos"", ""exp"", ""log""], ""succ_error_tol"": 1e-06}",0.5
imcts,Livermore,14,Livermore-14,expression,94,11653,40,20,20,1,"[""x0""]",x[0]**3 + x[0]**2 + x[0] + sin(x[0]) + sin(x[0]**2),0.9999178647994995,False,0.999999993256601,0.999999991611915,22.0,2000000,13.391760180005804,0.0,0,(sin(x0) - x0) * x0 * exp(sin(x0) * sin(x0)) + (sin(x0) + x0) * exp(x0),(sin(x0) - x0) * x0 * exp(sin(x0) * sin(x0)) + (sin(x0) + x0) * exp(x0),-x0*(x0 - sin(x0))*exp(sin(x0)**2) + (x0 + sin(x0))*exp(x0),[],"{""K"": 500, ""c"": 6.0, ""exploration_rate"": 0.1, ""gamma"": 0.5, ""gp_rate"": 0.5, ""lm_iterations"": 10, ""max_constants"": 999, ""max_depth"": 6, ""max_evals"": 2000000, ""max_unary"": 999, ""mutation_rate"": 0.1, ""ops"": [""+"", ""-"", ""*"", ""/"", ""sin"", ""cos"", ""exp"", ""log""], ""succ_error_tol"": 1e-06}","{""K"": 500, ""c"": 6.0, ""exploration_rate"": 0.1, ""gamma"": 0.5, ""gp_rate"": 0.5, ""lm_iterations"": 10, ""max_constants"": 999, ""max_depth"": 6, ""max_evals"": 2000000, ""max_unary"": 999, ""mutation_rate"": 0.1, ""ops"": [""+"", ""-"", ""*"", ""/"", ""sin"", ""cos"", ""exp"", ""log""], ""succ_error_tol"": 1e-06}",0.5
imcts,Livermore,14,Livermore-14,expression,95,10805,40,20,20,1,"[""x0""]",x[0]**3 + x[0]**2 + x[0] + sin(x[0]) + sin(x[0]**2),0.9999999403953552,True,1.0,1.0,14.0,183293,0.9557180950068869,0.0,0,sin(x0 * x0) + (x0 + x0 * x0) * x0 + sin(x0) + x0,sin(x0 * x0) + (x0 + x0 * x0) * x0 + sin(x0) + x0,x0**3 + x0**2 + x0 + sin(x0) + sin(x0**2),[],"{""K"": 500, ""c"": 6.0, ""exploration_rate"": 0.1, ""gamma"": 0.5, ""gp_rate"": 0.5, ""lm_iterations"": 10, ""max_constants"": 999, ""max_depth"": 6, ""max_evals"": 2000000, ""max_unary"": 999, ""mutation_rate"": 0.1, ""ops"": [""+"", ""-"", ""*"", ""/"", ""sin"", ""cos"", ""exp"", ""log""], ""succ_error_tol"": 1e-06}","{""K"": 500, ""c"": 6.0, ""exploration_rate"": 0.1, ""gamma"": 0.5, ""gp_rate"": 0.5, ""lm_iterations"": 10, ""max_constants"": 999, ""max_depth"": 6, ""max_evals"": 2000000, ""max_unary"": 999, ""mutation_rate"": 0.1, ""ops"": [""+"", ""-"", ""*"", ""/"", ""sin"", ""cos"", ""exp"", ""log""], ""succ_error_tol"": 1e-06}",0.5
imcts,Livermore,14,Livermore-14,expression,96,13417,40,20,20,1,"[""x0""]",x[0]**3 + x[0]**2 + x[0] + sin(x[0]) + sin(x[0]**2),0.9999999403953552,True,1.0,1.0,14.0,131008,0.6096067739999853,0.0,0,sin(x0) + x0 * (x0 + x0 * x0) + sin(x0 * x0) + x0,sin(x0) + x0 * (x0 + x0 * x0) + sin(x0 * x0) + x0,x0**3 + x0**2 + x0 + sin(x0) + sin(x0**2),[],"{""K"": 500, ""c"": 6.0, ""exploration_rate"": 0.1, ""gamma"": 0.5, ""gp_rate"": 0.5, ""lm_iterations"": 10, ""max_constants"": 999, ""max_depth"": 6, ""max_evals"": 2000000, ""max_unary"": 999, ""mutation_rate"": 0.1, ""ops"": [""+"", ""-"", ""*"", ""/"", ""sin"", ""cos"", ""exp"", ""log""], ""succ_error_tol"": 1e-06}","{""K"": 500, ""c"": 6.0, ""exploration_rate"": 0.1, ""gamma"": 0.5, ""gp_rate"": 0.5, ""lm_iterations"": 10, ""max_constants"": 999, ""max_depth"": 6, ""max_evals"": 2000000, ""max_unary"": 999, ""mutation_rate"": 0.1, ""ops"": [""+"", ""-"", ""*"", ""/"", ""sin"", ""cos"", ""exp"", ""log""], ""succ_error_tol"": 1e-06}",0.5
imcts,Livermore,14,Livermore-14,expression,97,20227,40,20,20,1,"[""x0""]",x[0]**3 + x[0]**2 + x[0] + sin(x[0]) + sin(x[0]**2),0.9999999403953552,True,1.0,1.0,14.0,74386,0.34362767601851374,0.0,0,sin(x0) + sin(x0 * x0) + x0 + x0 * x0 + x0 * x0 * x0,sin(x0) + sin(x0 * x0) + x0 + x0 * x0 + x0 * x0 * x0,x0**3 + x0**2 + x0 + sin(x0) + sin(x0**2),[],"{""K"": 500, ""c"": 6.0, ""exploration_rate"": 0.1, ""gamma"": 0.5, ""gp_rate"": 0.5, ""lm_iterations"": 10, ""max_constants"": 999, ""max_depth"": 6, ""max_evals"": 2000000, ""max_unary"": 999, ""mutation_rate"": 0.1, ""ops"": [""+"", ""-"", ""*"", ""/"", ""sin"", ""cos"", ""exp"", ""log""], ""succ_error_tol"": 1e-06}","{""K"": 500, ""c"": 6.0, ""exploration_rate"": 0.1, ""gamma"": 0.5, ""gp_rate"": 0.5, ""lm_iterations"": 10, ""max_constants"": 999, ""max_depth"": 6, ""max_evals"": 2000000, ""max_unary"": 999, ""mutation_rate"": 0.1, ""ops"": [""+"", ""-"", ""*"", ""/"", ""sin"", ""cos"", ""exp"", ""log""], ""succ_error_tol"": 1e-06}",0.5
imcts,Livermore,14,Livermore-14,expression,98,7989,40,20,20,1,"[""x0""]",x[0]**3 + x[0]**2 + x[0] + sin(x[0]) + sin(x[0]**2),0.9999999403953552,True,1.0,1.0,14.0,192284,1.0333730620332062,0.0,0,sin(x0 * x0) + x0 * x0 * x0 + x0 * x0 + x0 + sin(x0),sin(x0 * x0) + x0 * x0 * x0 + x0 * x0 + x0 + sin(x0),x0**3 + x0**2 + x0 + sin(x0) + sin(x0**2),[],"{""K"": 500, ""c"": 6.0, ""exploration_rate"": 0.1, ""gamma"": 0.5, ""gp_rate"": 0.5, ""lm_iterations"": 10, ""max_constants"": 999, ""max_depth"": 6, ""max_evals"": 2000000, ""max_unary"": 999, ""mutation_rate"": 0.1, ""ops"": [""+"", ""-"", ""*"", ""/"", ""sin"", ""cos"", ""exp"", ""log""], ""succ_error_tol"": 1e-06}","{""K"": 500, ""c"": 6.0, ""exploration_rate"": 0.1, ""gamma"": 0.5, ""gp_rate"": 0.5, ""lm_iterations"": 10, ""max_constants"": 999, ""max_depth"": 6, ""max_evals"": 2000000, ""max_unary"": 999, ""mutation_rate"": 0.1, ""ops"": [""+"", ""-"", ""*"", ""/"", ""sin"", ""cos"", ""exp"", ""log""], ""succ_error_tol"": 1e-06}",0.5
imcts,Livermore,14,Livermore-14,expression,99,9692,40,20,20,1,"[""x0""]",x[0]**3 + x[0]**2 + x[0] + sin(x[0]) + sin(x[0]**2),0.9999999403953552,True,1.0,1.0,14.0,700228,4.2456565229804255,0.0,0,x0 + sin(x0 * x0) + sin(x0) + x0 * (x0 * x0 + x0),x0 + sin(x0 * x0) + sin(x0) + x0 * (x0 * x0 + x0),x0**3 + x0**2 + x0 + sin(x0) + sin(x0**2),[],"{""K"": 500, ""c"": 6.0, ""exploration_rate"": 0.1, ""gamma"": 0.5, ""gp_rate"": 0.5, ""lm_iterations"": 10, ""max_constants"": 999, ""max_depth"": 6, ""max_evals"": 2000000, ""max_unary"": 999, ""mutation_rate"": 0.1, ""ops"": [""+"", ""-"", ""*"", ""/"", ""sin"", ""cos"", ""exp"", ""log""], ""succ_error_tol"": 1e-06}","{""K"": 500, ""c"": 6.0, ""exploration_rate"": 0.1, ""gamma"": 0.5, ""gp_rate"": 0.5, ""lm_iterations"": 10, ""max_constants"": 999, ""max_depth"": 6, ""max_evals"": 2000000, ""max_unary"": 999, ""mutation_rate"": 0.1, ""ops"": [""+"", ""-"", ""*"", ""/"", ""sin"", ""cos"", ""exp"", ""log""], ""succ_error_tol"": 1e-06}",0.5
