algorithm,group,case_id,case_name,source_type,run,seed,samples_total,samples_train,samples_test,variables,feature_names,target_expression,reward,success,train_r2,test_r2,complexity,evaluations,time_sec,tuning_time_sec,tuning_evaluations,expression,materialized_expression,simplified_expression,coefficients,algorithm_params,tuned_params,test_ratio
imcts,Livermore,21,Livermore-21,expression,0,23654,40,20,20,1,"[""x0""]",x[0]**8 + x[0]**7 + x[0]**6 + x[0]**5 + x[0]**4 + x[0]**3 + x[0]**2 + x[0],0.9954187273979187,False,0.9999788185936656,0.9999297255989572,18.0,2000003,14.110655041004065,0.0,0,(x0 * x0 * (x0 + x0) * x0 * x0 * sin(x0) + exp(sin(x0 * x0))) * (x0 + x0 * x0),(x0 * x0 * (x0 + x0) * x0 * x0 * sin(x0) + exp(sin(x0 * x0))) * (x0 + x0 * x0),x0*(x0 + 1)*(2*x0**5*sin(x0) + exp(sin(x0**2))),[],"{""K"": 500, ""c"": 6.0, ""exploration_rate"": 0.1, ""gamma"": 0.5, ""gp_rate"": 0.5, ""lm_iterations"": 10, ""max_constants"": 999, ""max_depth"": 6, ""max_evals"": 2000000, ""max_unary"": 999, ""mutation_rate"": 0.1, ""ops"": [""+"", ""-"", ""*"", ""/"", ""sin"", ""cos"", ""exp"", ""log""], ""succ_error_tol"": 1e-06}","{""K"": 500, ""c"": 6.0, ""exploration_rate"": 0.1, ""gamma"": 0.5, ""gp_rate"": 0.5, ""lm_iterations"": 10, ""max_constants"": 999, ""max_depth"": 6, ""max_evals"": 2000000, ""max_unary"": 999, ""mutation_rate"": 0.1, ""ops"": [""+"", ""-"", ""*"", ""/"", ""sin"", ""cos"", ""exp"", ""log""], ""succ_error_tol"": 1e-06}",0.5
imcts,Livermore,21,Livermore-21,expression,1,15795,40,20,20,1,"[""x0""]",x[0]**8 + x[0]**7 + x[0]**6 + x[0]**5 + x[0]**4 + x[0]**3 + x[0]**2 + x[0],0.9947888255119324,False,0.9999725587583034,0.9998839572610468,34.0,2000000,14.58381153998198,0.0,0,(exp(x0) / cos(x0) - cos(x0 * x0)) / cos(x0) - cos(exp(x0)) * (sin(x0) - x0) * x0 / x0 / cos(x0 / x0),(exp(x0) / cos(x0) - cos(x0 * x0)) / cos(x0) - cos(exp(x0)) * (sin(x0) - x0) * x0 / x0 / cos(x0 / x0),(x0 - sin(x0))*cos(exp(x0))/cos(1) + (exp(x0)/cos(x0) - cos(x0**2))/cos(x0),[],"{""K"": 500, ""c"": 6.0, ""exploration_rate"": 0.1, ""gamma"": 0.5, ""gp_rate"": 0.5, ""lm_iterations"": 10, ""max_constants"": 999, ""max_depth"": 6, ""max_evals"": 2000000, ""max_unary"": 999, ""mutation_rate"": 0.1, ""ops"": [""+"", ""-"", ""*"", ""/"", ""sin"", ""cos"", ""exp"", ""log""], ""succ_error_tol"": 1e-06}","{""K"": 500, ""c"": 6.0, ""exploration_rate"": 0.1, ""gamma"": 0.5, ""gp_rate"": 0.5, ""lm_iterations"": 10, ""max_constants"": 999, ""max_depth"": 6, ""max_evals"": 2000000, ""max_unary"": 999, ""mutation_rate"": 0.1, ""ops"": [""+"", ""-"", ""*"", ""/"", ""sin"", ""cos"", ""exp"", ""log""], ""succ_error_tol"": 1e-06}",0.5
imcts,Livermore,21,Livermore-21,expression,2,860,40,20,20,1,"[""x0""]",x[0]**8 + x[0]**7 + x[0]**6 + x[0]**5 + x[0]**4 + x[0]**3 + x[0]**2 + x[0],0.9946600198745728,False,0.9999711774923734,0.9999211726432016,20.0,2000005,14.658039724978153,0.0,0,(x0 * x0 * x0 * x0 / (x0 / x0 / (x0 * x0)) + exp(sin(x0 * x0))) / (sin(x0) / (x0 * (x0 + x0 * x0))),(x0 * x0 * x0 * x0 / (x0 / x0 / (x0 * x0)) + exp(sin(x0 * x0))) / (sin(x0) / (x0 * (x0 + x0 * x0))),x0**2*(x0 + 1)*(x0**6 + exp(sin(x0**2)))/sin(x0),[],"{""K"": 500, ""c"": 6.0, ""exploration_rate"": 0.1, ""gamma"": 0.5, ""gp_rate"": 0.5, ""lm_iterations"": 10, ""max_constants"": 999, ""max_depth"": 6, ""max_evals"": 2000000, ""max_unary"": 999, ""mutation_rate"": 0.1, ""ops"": [""+"", ""-"", ""*"", ""/"", ""sin"", ""cos"", ""exp"", ""log""], ""succ_error_tol"": 1e-06}","{""K"": 500, ""c"": 6.0, ""exploration_rate"": 0.1, ""gamma"": 0.5, ""gp_rate"": 0.5, ""lm_iterations"": 10, ""max_constants"": 999, ""max_depth"": 6, ""max_evals"": 2000000, ""max_unary"": 999, ""mutation_rate"": 0.1, ""ops"": [""+"", ""-"", ""*"", ""/"", ""sin"", ""cos"", ""exp"", ""log""], ""succ_error_tol"": 1e-06}",0.5
imcts,Livermore,21,Livermore-21,expression,3,5390,40,20,20,1,"[""x0""]",x[0]**8 + x[0]**7 + x[0]**6 + x[0]**5 + x[0]**4 + x[0]**3 + x[0]**2 + x[0],0.9999999403953552,True,1.0,1.0,16.0,200958,1.1472348439856432,0.0,0,(x0 / x0 + x0 + (x0 * x0 + x0) * x0) * (x0 * x0 * x0 * x0 * x0 + x0),(x0 / x0 + x0 + (x0 * x0 + x0) * x0) * (x0 * x0 * x0 * x0 * x0 + x0),(x0**5 + x0)*(x0*(x0**2 + x0) + x0 + 1),[],"{""K"": 500, ""c"": 6.0, ""exploration_rate"": 0.1, ""gamma"": 0.5, ""gp_rate"": 0.5, ""lm_iterations"": 10, ""max_constants"": 999, ""max_depth"": 6, ""max_evals"": 2000000, ""max_unary"": 999, ""mutation_rate"": 0.1, ""ops"": [""+"", ""-"", ""*"", ""/"", ""sin"", ""cos"", ""exp"", ""log""], ""succ_error_tol"": 1e-06}","{""K"": 500, ""c"": 6.0, ""exploration_rate"": 0.1, ""gamma"": 0.5, ""gp_rate"": 0.5, ""lm_iterations"": 10, ""max_constants"": 999, ""max_depth"": 6, ""max_evals"": 2000000, ""max_unary"": 999, ""mutation_rate"": 0.1, ""ops"": [""+"", ""-"", ""*"", ""/"", ""sin"", ""cos"", ""exp"", ""log""], ""succ_error_tol"": 1e-06}",0.5
imcts,Livermore,21,Livermore-21,expression,4,16850,40,20,20,1,"[""x0""]",x[0]**8 + x[0]**7 + x[0]**6 + x[0]**5 + x[0]**4 + x[0]**3 + x[0]**2 + x[0],0.9977350831031799,False,0.9999948467927395,0.9999353914282,26.0,2000006,13.752447226957884,0.0,0,(exp(x0 * x0) + x0 * x0) * (x0 + x0 * x0) - cos((x0 + x0) * x0 * x0) * x0 * x0 * cos(x0) * (x0 * x0 + x0),(exp(x0 * x0) + x0 * x0) * (x0 + x0 * x0) - cos((x0 + x0) * x0 * x0) * x0 * x0 * cos(x0) * (x0 * x0 + x0),x0*(x0 + 1)*(-x0**2*cos(x0)*cos(2*x0**3) + x0**2 + exp(x0**2)),[],"{""K"": 500, ""c"": 6.0, ""exploration_rate"": 0.1, ""gamma"": 0.5, ""gp_rate"": 0.5, ""lm_iterations"": 10, ""max_constants"": 999, ""max_depth"": 6, ""max_evals"": 2000000, ""max_unary"": 999, ""mutation_rate"": 0.1, ""ops"": [""+"", ""-"", ""*"", ""/"", ""sin"", ""cos"", ""exp"", ""log""], ""succ_error_tol"": 1e-06}","{""K"": 500, ""c"": 6.0, ""exploration_rate"": 0.1, ""gamma"": 0.5, ""gp_rate"": 0.5, ""lm_iterations"": 10, ""max_constants"": 999, ""max_depth"": 6, ""max_evals"": 2000000, ""max_unary"": 999, ""mutation_rate"": 0.1, ""ops"": [""+"", ""-"", ""*"", ""/"", ""sin"", ""cos"", ""exp"", ""log""], ""succ_error_tol"": 1e-06}",0.5
imcts,Livermore,21,Livermore-21,expression,5,29910,40,20,20,1,"[""x0""]",x[0]**8 + x[0]**7 + x[0]**6 + x[0]**5 + x[0]**4 + x[0]**3 + x[0]**2 + x[0],0.9955776929855347,False,0.9999802693871013,0.9999671134625889,20.0,2000002,13.974547913996503,0.0,0,(x0 * x0 * x0 * x0 * (x0 / x0 + x0 * x0) + exp(x0 * x0)) * (sin(x0) + x0 * sin(x0)),(x0 * x0 * x0 * x0 * (x0 / x0 + x0 * x0) + exp(x0 * x0)) * (sin(x0) + x0 * sin(x0)),(x0 + 1)*(x0**4*(x0**2 + 1) + exp(x0**2))*sin(x0),[],"{""K"": 500, ""c"": 6.0, ""exploration_rate"": 0.1, ""gamma"": 0.5, ""gp_rate"": 0.5, ""lm_iterations"": 10, ""max_constants"": 999, ""max_depth"": 6, ""max_evals"": 2000000, ""max_unary"": 999, ""mutation_rate"": 0.1, ""ops"": [""+"", ""-"", ""*"", ""/"", ""sin"", ""cos"", ""exp"", ""log""], ""succ_error_tol"": 1e-06}","{""K"": 500, ""c"": 6.0, ""exploration_rate"": 0.1, ""gamma"": 0.5, ""gp_rate"": 0.5, ""lm_iterations"": 10, ""max_constants"": 999, ""max_depth"": 6, ""max_evals"": 2000000, ""max_unary"": 999, ""mutation_rate"": 0.1, ""ops"": [""+"", ""-"", ""*"", ""/"", ""sin"", ""cos"", ""exp"", ""log""], ""succ_error_tol"": 1e-06}",0.5
imcts,Livermore,21,Livermore-21,expression,6,4426,40,20,20,1,"[""x0""]",x[0]**8 + x[0]**7 + x[0]**6 + x[0]**5 + x[0]**4 + x[0]**3 + x[0]**2 + x[0],0.9963330030441284,False,0.9999864537534117,0.9999712852002072,19.0,2000006,13.972424854000565,0.0,0,exp(x0 * x0) * (x0 + x0 * x0) + x0 * x0 * x0 * x0 * (x0 * x0 + x0 * x0) * cos(x0 * x0) * (x0 + x0 * x0),exp(x0 * x0) * (x0 + x0 * x0) + x0 * x0 * x0 * x0 * (x0 * x0 + x0 * x0) * cos(x0 * x0) * (x0 + x0 * x0),x0*(x0 + 1)*(2*x0**6*cos(x0**2) + exp(x0**2)),[],"{""K"": 500, ""c"": 6.0, ""exploration_rate"": 0.1, ""gamma"": 0.5, ""gp_rate"": 0.5, ""lm_iterations"": 10, ""max_constants"": 999, ""max_depth"": 6, ""max_evals"": 2000000, ""max_unary"": 999, ""mutation_rate"": 0.1, ""ops"": [""+"", ""-"", ""*"", ""/"", ""sin"", ""cos"", ""exp"", ""log""], ""succ_error_tol"": 1e-06}","{""K"": 500, ""c"": 6.0, ""exploration_rate"": 0.1, ""gamma"": 0.5, ""gp_rate"": 0.5, ""lm_iterations"": 10, ""max_constants"": 999, ""max_depth"": 6, ""max_evals"": 2000000, ""max_unary"": 999, ""mutation_rate"": 0.1, ""ops"": [""+"", ""-"", ""*"", ""/"", ""sin"", ""cos"", ""exp"", ""log""], ""succ_error_tol"": 1e-06}",0.5
imcts,Livermore,21,Livermore-21,expression,7,21962,40,20,20,1,"[""x0""]",x[0]**8 + x[0]**7 + x[0]**6 + x[0]**5 + x[0]**4 + x[0]**3 + x[0]**2 + x[0],0.9944783449172974,False,0.9999691719864819,0.9995250575926024,17.0,2000006,13.489493618020788,0.0,0,exp(x0 * x0) * (x0 + x0 * x0) * (cos(x0 / x0 * x0 * x0) + x0 * x0 * x0 * x0),exp(x0 * x0) * (x0 + x0 * x0) * (cos(x0 / x0 * x0 * x0) + x0 * x0 * x0 * x0),x0*(x0 + 1)*(x0**4 + cos(x0**2))*exp(x0**2),[],"{""K"": 500, ""c"": 6.0, ""exploration_rate"": 0.1, ""gamma"": 0.5, ""gp_rate"": 0.5, ""lm_iterations"": 10, ""max_constants"": 999, ""max_depth"": 6, ""max_evals"": 2000000, ""max_unary"": 999, ""mutation_rate"": 0.1, ""ops"": [""+"", ""-"", ""*"", ""/"", ""sin"", ""cos"", ""exp"", ""log""], ""succ_error_tol"": 1e-06}","{""K"": 500, ""c"": 6.0, ""exploration_rate"": 0.1, ""gamma"": 0.5, ""gp_rate"": 0.5, ""lm_iterations"": 10, ""max_constants"": 999, ""max_depth"": 6, ""max_evals"": 2000000, ""max_unary"": 999, ""mutation_rate"": 0.1, ""ops"": [""+"", ""-"", ""*"", ""/"", ""sin"", ""cos"", ""exp"", ""log""], ""succ_error_tol"": 1e-06}",0.5
imcts,Livermore,21,Livermore-21,expression,8,14423,40,20,20,1,"[""x0""]",x[0]**8 + x[0]**7 + x[0]**6 + x[0]**5 + x[0]**4 + x[0]**3 + x[0]**2 + x[0],0.9999999403953552,True,1.0,1.0,17.0,1328096,9.069049576995894,0.0,0,(x0 * x0 + x0 + x0 * x0 * (x0 + x0 * x0)) * (x0 * x0 * x0 * x0 + x0 / x0),(x0 * x0 + x0 + x0 * x0 * (x0 + x0 * x0)) * (x0 * x0 * x0 * x0 + x0 / x0),x0*(x0**4 + 1)*(x0**2*(x0 + 1) + x0 + 1),[],"{""K"": 500, ""c"": 6.0, ""exploration_rate"": 0.1, ""gamma"": 0.5, ""gp_rate"": 0.5, ""lm_iterations"": 10, ""max_constants"": 999, ""max_depth"": 6, ""max_evals"": 2000000, ""max_unary"": 999, ""mutation_rate"": 0.1, ""ops"": [""+"", ""-"", ""*"", ""/"", ""sin"", ""cos"", ""exp"", ""log""], ""succ_error_tol"": 1e-06}","{""K"": 500, ""c"": 6.0, ""exploration_rate"": 0.1, ""gamma"": 0.5, ""gp_rate"": 0.5, ""lm_iterations"": 10, ""max_constants"": 999, ""max_depth"": 6, ""max_evals"": 2000000, ""max_unary"": 999, ""mutation_rate"": 0.1, ""ops"": [""+"", ""-"", ""*"", ""/"", ""sin"", ""cos"", ""exp"", ""log""], ""succ_error_tol"": 1e-06}",0.5
imcts,Livermore,21,Livermore-21,expression,9,28020,40,20,20,1,"[""x0""]",x[0]**8 + x[0]**7 + x[0]**6 + x[0]**5 + x[0]**4 + x[0]**3 + x[0]**2 + x[0],0.9999999403953552,True,1.0,1.0,19.0,586252,3.5658318189671263,0.0,0,(x0 * x0 * x0 * x0 * (x0 * x0 + x0 / x0) + x0 / x0 + x0 * x0) * (x0 + x0 / (x0 / x0) * x0),(x0 * x0 * x0 * x0 * (x0 * x0 + x0 / x0) + x0 / x0 + x0 * x0) * (x0 + x0 / (x0 / x0) * x0),x0*(x0 + 1)*(x0**4*(x0**2 + 1) + x0**2 + 1),[],"{""K"": 500, ""c"": 6.0, ""exploration_rate"": 0.1, ""gamma"": 0.5, ""gp_rate"": 0.5, ""lm_iterations"": 10, ""max_constants"": 999, ""max_depth"": 6, ""max_evals"": 2000000, ""max_unary"": 999, ""mutation_rate"": 0.1, ""ops"": [""+"", ""-"", ""*"", ""/"", ""sin"", ""cos"", ""exp"", ""log""], ""succ_error_tol"": 1e-06}","{""K"": 500, ""c"": 6.0, ""exploration_rate"": 0.1, ""gamma"": 0.5, ""gp_rate"": 0.5, ""lm_iterations"": 10, ""max_constants"": 999, ""max_depth"": 6, ""max_evals"": 2000000, ""max_unary"": 999, ""mutation_rate"": 0.1, ""ops"": [""+"", ""-"", ""*"", ""/"", ""sin"", ""cos"", ""exp"", ""log""], ""succ_error_tol"": 1e-06}",0.5
imcts,Livermore,21,Livermore-21,expression,10,29802,40,20,20,1,"[""x0""]",x[0]**8 + x[0]**7 + x[0]**6 + x[0]**5 + x[0]**4 + x[0]**3 + x[0]**2 + x[0],0.99319988489151,False,0.9999531229356536,0.999794277296238,26.0,2000002,14.020086387987249,0.0,0,sin(x0) * cos(x0 * x0) + x0 * x0 * x0 * x0 * exp(x0) + x0 * (x0 * x0 + sin(x0)) * exp(x0 * x0 * x0),sin(x0) * cos(x0 * x0) + x0 * x0 * x0 * x0 * exp(x0) + x0 * (x0 * x0 + sin(x0)) * exp(x0 * x0 * x0),x0**4*exp(x0) + x0*(x0**2 + sin(x0))*exp(x0**3) + sin(x0)*cos(x0**2),[],"{""K"": 500, ""c"": 6.0, ""exploration_rate"": 0.1, ""gamma"": 0.5, ""gp_rate"": 0.5, ""lm_iterations"": 10, ""max_constants"": 999, ""max_depth"": 6, ""max_evals"": 2000000, ""max_unary"": 999, ""mutation_rate"": 0.1, ""ops"": [""+"", ""-"", ""*"", ""/"", ""sin"", ""cos"", ""exp"", ""log""], ""succ_error_tol"": 1e-06}","{""K"": 500, ""c"": 6.0, ""exploration_rate"": 0.1, ""gamma"": 0.5, ""gp_rate"": 0.5, ""lm_iterations"": 10, ""max_constants"": 999, ""max_depth"": 6, ""max_evals"": 2000000, ""max_unary"": 999, ""mutation_rate"": 0.1, ""ops"": [""+"", ""-"", ""*"", ""/"", ""sin"", ""cos"", ""exp"", ""log""], ""succ_error_tol"": 1e-06}",0.5
imcts,Livermore,21,Livermore-21,expression,11,21575,40,20,20,1,"[""x0""]",x[0]**8 + x[0]**7 + x[0]**6 + x[0]**5 + x[0]**4 + x[0]**3 + x[0]**2 + x[0],0.9999999403953552,True,1.0,1.0,16.0,1408767,9.301892293035053,0.0,0,(x0 * x0 * x0 * x0 * x0 + x0) * ((x0 + x0 * x0) * x0 + x0 / x0 + x0),(x0 * x0 * x0 * x0 * x0 + x0) * ((x0 + x0 * x0) * x0 + x0 / x0 + x0),(x0**5 + x0)*(x0*(x0**2 + x0) + x0 + 1),[],"{""K"": 500, ""c"": 6.0, ""exploration_rate"": 0.1, ""gamma"": 0.5, ""gp_rate"": 0.5, ""lm_iterations"": 10, ""max_constants"": 999, ""max_depth"": 6, ""max_evals"": 2000000, ""max_unary"": 999, ""mutation_rate"": 0.1, ""ops"": [""+"", ""-"", ""*"", ""/"", ""sin"", ""cos"", ""exp"", ""log""], ""succ_error_tol"": 1e-06}","{""K"": 500, ""c"": 6.0, ""exploration_rate"": 0.1, ""gamma"": 0.5, ""gp_rate"": 0.5, ""lm_iterations"": 10, ""max_constants"": 999, ""max_depth"": 6, ""max_evals"": 2000000, ""max_unary"": 999, ""mutation_rate"": 0.1, ""ops"": [""+"", ""-"", ""*"", ""/"", ""sin"", ""cos"", ""exp"", ""log""], ""succ_error_tol"": 1e-06}",0.5
imcts,Livermore,21,Livermore-21,expression,12,11964,40,20,20,1,"[""x0""]",x[0]**8 + x[0]**7 + x[0]**6 + x[0]**5 + x[0]**4 + x[0]**3 + x[0]**2 + x[0],0.9966913461685181,False,0.9999889805839631,0.9651171360787002,30.0,2000002,14.178106394014321,0.0,0,x0 * exp(x0) * exp(x0 * x0) - (x0 - x0 * cos(x0)) - sin(x0 + x0) * log(cos(x0)) * x0 * x0 * x0 * x0 * (x0 * x0 + sin(x0)),x0 * exp(x0) * exp(x0 * x0) - (x0 - x0 * cos(x0)) - sin(x0 + x0) * log(cos(x0)) * x0 * x0 * x0 * x0 * (x0 * x0 + sin(x0)),x0*(-x0**3*(x0**2 + sin(x0))*log(cos(x0))*sin(2*x0) + exp(x0*(x0 + 1)) + cos(x0) - 1),[],"{""K"": 500, ""c"": 6.0, ""exploration_rate"": 0.1, ""gamma"": 0.5, ""gp_rate"": 0.5, ""lm_iterations"": 10, ""max_constants"": 999, ""max_depth"": 6, ""max_evals"": 2000000, ""max_unary"": 999, ""mutation_rate"": 0.1, ""ops"": [""+"", ""-"", ""*"", ""/"", ""sin"", ""cos"", ""exp"", ""log""], ""succ_error_tol"": 1e-06}","{""K"": 500, ""c"": 6.0, ""exploration_rate"": 0.1, ""gamma"": 0.5, ""gp_rate"": 0.5, ""lm_iterations"": 10, ""max_constants"": 999, ""max_depth"": 6, ""max_evals"": 2000000, ""max_unary"": 999, ""mutation_rate"": 0.1, ""ops"": [""+"", ""-"", ""*"", ""/"", ""sin"", ""cos"", ""exp"", ""log""], ""succ_error_tol"": 1e-06}",0.5
imcts,Livermore,21,Livermore-21,expression,13,11284,40,20,20,1,"[""x0""]",x[0]**8 + x[0]**7 + x[0]**6 + x[0]**5 + x[0]**4 + x[0]**3 + x[0]**2 + x[0],0.9940967559814453,False,0.9999647363764087,0.9990566242784062,26.0,2000004,13.469081363989972,0.0,0,exp(exp(x0) - cos(x0)) * x0 - (exp(x0) - cos(x0) - sin(x0) * sin(x0)) * cos(x0 / x0) * x0 * x0,exp(exp(x0) - cos(x0)) * x0 - (exp(x0) - cos(x0) - sin(x0) * sin(x0)) * cos(x0 / x0) * x0 * x0,x0*(x0*(-exp(x0) + sin(x0)**2 + cos(x0))*cos(1) + exp(exp(x0) - cos(x0))),[],"{""K"": 500, ""c"": 6.0, ""exploration_rate"": 0.1, ""gamma"": 0.5, ""gp_rate"": 0.5, ""lm_iterations"": 10, ""max_constants"": 999, ""max_depth"": 6, ""max_evals"": 2000000, ""max_unary"": 999, ""mutation_rate"": 0.1, ""ops"": [""+"", ""-"", ""*"", ""/"", ""sin"", ""cos"", ""exp"", ""log""], ""succ_error_tol"": 1e-06}","{""K"": 500, ""c"": 6.0, ""exploration_rate"": 0.1, ""gamma"": 0.5, ""gp_rate"": 0.5, ""lm_iterations"": 10, ""max_constants"": 999, ""max_depth"": 6, ""max_evals"": 2000000, ""max_unary"": 999, ""mutation_rate"": 0.1, ""ops"": [""+"", ""-"", ""*"", ""/"", ""sin"", ""cos"", ""exp"", ""log""], ""succ_error_tol"": 1e-06}",0.5
imcts,Livermore,21,Livermore-21,expression,14,22118,40,20,20,1,"[""x0""]",x[0]**8 + x[0]**7 + x[0]**6 + x[0]**5 + x[0]**4 + x[0]**3 + x[0]**2 + x[0],0.9999999403953552,True,1.0,1.0,17.0,286591,1.5851818330120295,0.0,0,(x0 * x0 * x0 + x0) * (exp(x0 - x0) + x0 + x0 * x0 * x0 * (x0 + x0 * x0)),(x0 * x0 * x0 + x0) * (exp(x0 - x0) + x0 + x0 * x0 * x0 * (x0 + x0 * x0)),x0*(x0**2 + 1)*(x0**4*(x0 + 1) + x0 + 1),[],"{""K"": 500, ""c"": 6.0, ""exploration_rate"": 0.1, ""gamma"": 0.5, ""gp_rate"": 0.5, ""lm_iterations"": 10, ""max_constants"": 999, ""max_depth"": 6, ""max_evals"": 2000000, ""max_unary"": 999, ""mutation_rate"": 0.1, ""ops"": [""+"", ""-"", ""*"", ""/"", ""sin"", ""cos"", ""exp"", ""log""], ""succ_error_tol"": 1e-06}","{""K"": 500, ""c"": 6.0, ""exploration_rate"": 0.1, ""gamma"": 0.5, ""gp_rate"": 0.5, ""lm_iterations"": 10, ""max_constants"": 999, ""max_depth"": 6, ""max_evals"": 2000000, ""max_unary"": 999, ""mutation_rate"": 0.1, ""ops"": [""+"", ""-"", ""*"", ""/"", ""sin"", ""cos"", ""exp"", ""log""], ""succ_error_tol"": 1e-06}",0.5
imcts,Livermore,21,Livermore-21,expression,15,6265,40,20,20,1,"[""x0""]",x[0]**8 + x[0]**7 + x[0]**6 + x[0]**5 + x[0]**4 + x[0]**3 + x[0]**2 + x[0],0.9999998807907104,True,1.0,1.0,17.0,195876,1.0595657240482979,0.0,0,(x0 + x0 * x0 * x0) * (x0 + x0 / x0 + x0 * x0 * x0 * (x0 + x0 * x0)),(x0 + x0 * x0 * x0) * (x0 + x0 / x0 + x0 * x0 * x0 * (x0 + x0 * x0)),x0*(x0**2 + 1)*(x0**4*(x0 + 1) + x0 + 1),[],"{""K"": 500, ""c"": 6.0, ""exploration_rate"": 0.1, ""gamma"": 0.5, ""gp_rate"": 0.5, ""lm_iterations"": 10, ""max_constants"": 999, ""max_depth"": 6, ""max_evals"": 2000000, ""max_unary"": 999, ""mutation_rate"": 0.1, ""ops"": [""+"", ""-"", ""*"", ""/"", ""sin"", ""cos"", ""exp"", ""log""], ""succ_error_tol"": 1e-06}","{""K"": 500, ""c"": 6.0, ""exploration_rate"": 0.1, ""gamma"": 0.5, ""gp_rate"": 0.5, ""lm_iterations"": 10, ""max_constants"": 999, ""max_depth"": 6, ""max_evals"": 2000000, ""max_unary"": 999, ""mutation_rate"": 0.1, ""ops"": [""+"", ""-"", ""*"", ""/"", ""sin"", ""cos"", ""exp"", ""log""], ""succ_error_tol"": 1e-06}",0.5
imcts,Livermore,21,Livermore-21,expression,16,11363,40,20,20,1,"[""x0""]",x[0]**8 + x[0]**7 + x[0]**6 + x[0]**5 + x[0]**4 + x[0]**3 + x[0]**2 + x[0],0.9999999403953552,True,1.0,1.0,16.0,204014,1.1304834589827806,0.0,0,(x0 + x0 * x0 * x0 * x0 * x0) * ((x0 + x0 * x0) * x0 + x0 + x0 / x0),(x0 + x0 * x0 * x0 * x0 * x0) * ((x0 + x0 * x0) * x0 + x0 + x0 / x0),(x0**5 + x0)*(x0*(x0**2 + x0) + x0 + 1),[],"{""K"": 500, ""c"": 6.0, ""exploration_rate"": 0.1, ""gamma"": 0.5, ""gp_rate"": 0.5, ""lm_iterations"": 10, ""max_constants"": 999, ""max_depth"": 6, ""max_evals"": 2000000, ""max_unary"": 999, ""mutation_rate"": 0.1, ""ops"": [""+"", ""-"", ""*"", ""/"", ""sin"", ""cos"", ""exp"", ""log""], ""succ_error_tol"": 1e-06}","{""K"": 500, ""c"": 6.0, ""exploration_rate"": 0.1, ""gamma"": 0.5, ""gp_rate"": 0.5, ""lm_iterations"": 10, ""max_constants"": 999, ""max_depth"": 6, ""max_evals"": 2000000, ""max_unary"": 999, ""mutation_rate"": 0.1, ""ops"": [""+"", ""-"", ""*"", ""/"", ""sin"", ""cos"", ""exp"", ""log""], ""succ_error_tol"": 1e-06}",0.5
imcts,Livermore,21,Livermore-21,expression,17,27495,40,20,20,1,"[""x0""]",x[0]**8 + x[0]**7 + x[0]**6 + x[0]**5 + x[0]**4 + x[0]**3 + x[0]**2 + x[0],0.9999998807907104,True,1.0,1.0,16.0,865305,5.5610129840206355,0.0,0,(x0 * (x0 * x0 + x0) + exp(x0 - x0) + x0) * (x0 * x0 * x0 * x0 * x0 + x0),(x0 * (x0 * x0 + x0) + exp(x0 - x0) + x0) * (x0 * x0 * x0 * x0 * x0 + x0),(x0**5 + x0)*(x0*(x0**2 + x0) + x0 + 1),[],"{""K"": 500, ""c"": 6.0, ""exploration_rate"": 0.1, ""gamma"": 0.5, ""gp_rate"": 0.5, ""lm_iterations"": 10, ""max_constants"": 999, ""max_depth"": 6, ""max_evals"": 2000000, ""max_unary"": 999, ""mutation_rate"": 0.1, ""ops"": [""+"", ""-"", ""*"", ""/"", ""sin"", ""cos"", ""exp"", ""log""], ""succ_error_tol"": 1e-06}","{""K"": 500, ""c"": 6.0, ""exploration_rate"": 0.1, ""gamma"": 0.5, ""gp_rate"": 0.5, ""lm_iterations"": 10, ""max_constants"": 999, ""max_depth"": 6, ""max_evals"": 2000000, ""max_unary"": 999, ""mutation_rate"": 0.1, ""ops"": [""+"", ""-"", ""*"", ""/"", ""sin"", ""cos"", ""exp"", ""log""], ""succ_error_tol"": 1e-06}",0.5
imcts,Livermore,21,Livermore-21,expression,18,16023,40,20,20,1,"[""x0""]",x[0]**8 + x[0]**7 + x[0]**6 + x[0]**5 + x[0]**4 + x[0]**3 + x[0]**2 + x[0],1.0,True,1.0,1.0,15.0,110448,0.5750581749598496,0.0,0,(x0 * x0 * x0 * x0 * x0 + x0) * (x0 * x0 + x0 / x0 + x0 + x0 * x0 * x0),(x0 * x0 * x0 * x0 * x0 + x0) * (x0 * x0 + x0 / x0 + x0 + x0 * x0 * x0),(x0**5 + x0)*(x0**3 + x0**2 + x0 + 1),[],"{""K"": 500, ""c"": 6.0, ""exploration_rate"": 0.1, ""gamma"": 0.5, ""gp_rate"": 0.5, ""lm_iterations"": 10, ""max_constants"": 999, ""max_depth"": 6, ""max_evals"": 2000000, ""max_unary"": 999, ""mutation_rate"": 0.1, ""ops"": [""+"", ""-"", ""*"", ""/"", ""sin"", ""cos"", ""exp"", ""log""], ""succ_error_tol"": 1e-06}","{""K"": 500, ""c"": 6.0, ""exploration_rate"": 0.1, ""gamma"": 0.5, ""gp_rate"": 0.5, ""lm_iterations"": 10, ""max_constants"": 999, ""max_depth"": 6, ""max_evals"": 2000000, ""max_unary"": 999, ""mutation_rate"": 0.1, ""ops"": [""+"", ""-"", ""*"", ""/"", ""sin"", ""cos"", ""exp"", ""log""], ""succ_error_tol"": 1e-06}",0.5
imcts,Livermore,21,Livermore-21,expression,19,8322,40,20,20,1,"[""x0""]",x[0]**8 + x[0]**7 + x[0]**6 + x[0]**5 + x[0]**4 + x[0]**3 + x[0]**2 + x[0],0.9999998807907104,True,1.0,1.0,14.0,192586,1.0687262230203487,0.0,0,(x0 + x0 / x0) * (x0 * x0 + x0 / x0) * (x0 * x0 * x0 * x0 * x0 + x0),(x0 + x0 / x0) * (x0 * x0 + x0 / x0) * (x0 * x0 * x0 * x0 * x0 + x0),(x0 + 1)*(x0**2 + 1)*(x0**5 + x0),[],"{""K"": 500, ""c"": 6.0, ""exploration_rate"": 0.1, ""gamma"": 0.5, ""gp_rate"": 0.5, ""lm_iterations"": 10, ""max_constants"": 999, ""max_depth"": 6, ""max_evals"": 2000000, ""max_unary"": 999, ""mutation_rate"": 0.1, ""ops"": [""+"", ""-"", ""*"", ""/"", ""sin"", ""cos"", ""exp"", ""log""], ""succ_error_tol"": 1e-06}","{""K"": 500, ""c"": 6.0, ""exploration_rate"": 0.1, ""gamma"": 0.5, ""gp_rate"": 0.5, ""lm_iterations"": 10, ""max_constants"": 999, ""max_depth"": 6, ""max_evals"": 2000000, ""max_unary"": 999, ""mutation_rate"": 0.1, ""ops"": [""+"", ""-"", ""*"", ""/"", ""sin"", ""cos"", ""exp"", ""log""], ""succ_error_tol"": 1e-06}",0.5
imcts,Livermore,21,Livermore-21,expression,20,1685,40,20,20,1,"[""x0""]",x[0]**8 + x[0]**7 + x[0]**6 + x[0]**5 + x[0]**4 + x[0]**3 + x[0]**2 + x[0],0.9943286776542664,False,0.9999674687008229,0.9999667814435227,20.0,2000002,13.514985835005064,0.0,0,(exp(x0 * x0) + (x0 / x0 + x0 * x0) * x0 * x0 * x0 * x0) * (sin(x0) * x0 + sin(x0)),(exp(x0 * x0) + (x0 / x0 + x0 * x0) * x0 * x0 * x0 * x0) * (sin(x0) * x0 + sin(x0)),(x0 + 1)*(x0**4*(x0**2 + 1) + exp(x0**2))*sin(x0),[],"{""K"": 500, ""c"": 6.0, ""exploration_rate"": 0.1, ""gamma"": 0.5, ""gp_rate"": 0.5, ""lm_iterations"": 10, ""max_constants"": 999, ""max_depth"": 6, ""max_evals"": 2000000, ""max_unary"": 999, ""mutation_rate"": 0.1, ""ops"": [""+"", ""-"", ""*"", ""/"", ""sin"", ""cos"", ""exp"", ""log""], ""succ_error_tol"": 1e-06}","{""K"": 500, ""c"": 6.0, ""exploration_rate"": 0.1, ""gamma"": 0.5, ""gp_rate"": 0.5, ""lm_iterations"": 10, ""max_constants"": 999, ""max_depth"": 6, ""max_evals"": 2000000, ""max_unary"": 999, ""mutation_rate"": 0.1, ""ops"": [""+"", ""-"", ""*"", ""/"", ""sin"", ""cos"", ""exp"", ""log""], ""succ_error_tol"": 1e-06}",0.5
imcts,Livermore,21,Livermore-21,expression,21,32052,40,20,20,1,"[""x0""]",x[0]**8 + x[0]**7 + x[0]**6 + x[0]**5 + x[0]**4 + x[0]**3 + x[0]**2 + x[0],0.9919367432594299,False,0.9999337584288724,0.9998449687374705,15.0,2000000,14.041610084008425,0.0,0,x0 / cos(x0) / sin(x0) / cos(x0) * (x0 * x0 + x0),x0 / cos(x0) / sin(x0) / cos(x0) * (x0 * x0 + x0),x0**2*(x0 + 1)/(sin(x0)*cos(x0)**2),[],"{""K"": 500, ""c"": 6.0, ""exploration_rate"": 0.1, ""gamma"": 0.5, ""gp_rate"": 0.5, ""lm_iterations"": 10, ""max_constants"": 999, ""max_depth"": 6, ""max_evals"": 2000000, ""max_unary"": 999, ""mutation_rate"": 0.1, ""ops"": [""+"", ""-"", ""*"", ""/"", ""sin"", ""cos"", ""exp"", ""log""], ""succ_error_tol"": 1e-06}","{""K"": 500, ""c"": 6.0, ""exploration_rate"": 0.1, ""gamma"": 0.5, ""gp_rate"": 0.5, ""lm_iterations"": 10, ""max_constants"": 999, ""max_depth"": 6, ""max_evals"": 2000000, ""max_unary"": 999, ""mutation_rate"": 0.1, ""ops"": [""+"", ""-"", ""*"", ""/"", ""sin"", ""cos"", ""exp"", ""log""], ""succ_error_tol"": 1e-06}",0.5
imcts,Livermore,21,Livermore-21,expression,22,769,40,20,20,1,"[""x0""]",x[0]**8 + x[0]**7 + x[0]**6 + x[0]**5 + x[0]**4 + x[0]**3 + x[0]**2 + x[0],0.9962717890739441,False,0.9999859963156809,0.999964823738741,23.0,2000000,13.74933326797327,0.0,0,(x0 * sin(x0) + sin(x0)) * (exp(x0 * x0) * (x0 * x0 + x0 / x0) - sin(x0) * sin(x0)),(x0 * sin(x0) + sin(x0)) * (exp(x0 * x0) * (x0 * x0 + x0 / x0) - sin(x0) * sin(x0)),(x0 + 1)*((x0**2 + 1)*exp(x0**2) - sin(x0)**2)*sin(x0),[],"{""K"": 500, ""c"": 6.0, ""exploration_rate"": 0.1, ""gamma"": 0.5, ""gp_rate"": 0.5, ""lm_iterations"": 10, ""max_constants"": 999, ""max_depth"": 6, ""max_evals"": 2000000, ""max_unary"": 999, ""mutation_rate"": 0.1, ""ops"": [""+"", ""-"", ""*"", ""/"", ""sin"", ""cos"", ""exp"", ""log""], ""succ_error_tol"": 1e-06}","{""K"": 500, ""c"": 6.0, ""exploration_rate"": 0.1, ""gamma"": 0.5, ""gp_rate"": 0.5, ""lm_iterations"": 10, ""max_constants"": 999, ""max_depth"": 6, ""max_evals"": 2000000, ""max_unary"": 999, ""mutation_rate"": 0.1, ""ops"": [""+"", ""-"", ""*"", ""/"", ""sin"", ""cos"", ""exp"", ""log""], ""succ_error_tol"": 1e-06}",0.5
imcts,Livermore,21,Livermore-21,expression,23,26967,40,20,20,1,"[""x0""]",x[0]**8 + x[0]**7 + x[0]**6 + x[0]**5 + x[0]**4 + x[0]**3 + x[0]**2 + x[0],0.9877108931541443,False,0.9998451955843676,0.9982946665056603,13.0,2000000,12.962420900992583,0.0,0,(x0 * x0 * x0 * x0 + exp(x0 * x0)) * x0 / (x0 / (x0 * x0 + x0) / cos(x0 - x0)),(x0 * x0 * x0 * x0 + exp(x0 * x0)) * x0 / (x0 / (x0 * x0 + x0) / cos(x0 - x0)),x0*(x0 + 1)*(x0**4 + exp(x0**2)),[],"{""K"": 500, ""c"": 6.0, ""exploration_rate"": 0.1, ""gamma"": 0.5, ""gp_rate"": 0.5, ""lm_iterations"": 10, ""max_constants"": 999, ""max_depth"": 6, ""max_evals"": 2000000, ""max_unary"": 999, ""mutation_rate"": 0.1, ""ops"": [""+"", ""-"", ""*"", ""/"", ""sin"", ""cos"", ""exp"", ""log""], ""succ_error_tol"": 1e-06}","{""K"": 500, ""c"": 6.0, ""exploration_rate"": 0.1, ""gamma"": 0.5, ""gp_rate"": 0.5, ""lm_iterations"": 10, ""max_constants"": 999, ""max_depth"": 6, ""max_evals"": 2000000, ""max_unary"": 999, ""mutation_rate"": 0.1, ""ops"": [""+"", ""-"", ""*"", ""/"", ""sin"", ""cos"", ""exp"", ""log""], ""succ_error_tol"": 1e-06}",0.5
imcts,Livermore,21,Livermore-21,expression,24,30187,40,20,20,1,"[""x0""]",x[0]**8 + x[0]**7 + x[0]**6 + x[0]**5 + x[0]**4 + x[0]**3 + x[0]**2 + x[0],0.9969761967658997,False,0.9999908010881012,0.9999953446851719,19.0,2000002,14.293087664002087,0.0,0,(x0 * x0 + x0) * (x0 * x0 + x0 / x0) * exp(sin(x0 * x0) * x0 * sin(x0)),(x0 * x0 + x0) * (x0 * x0 + x0 / x0) * exp(sin(x0 * x0) * x0 * sin(x0)),x0*(x0 + 1)*(x0**2 + 1)*exp(x0*sin(x0)*sin(x0**2)),[],"{""K"": 500, ""c"": 6.0, ""exploration_rate"": 0.1, ""gamma"": 0.5, ""gp_rate"": 0.5, ""lm_iterations"": 10, ""max_constants"": 999, ""max_depth"": 6, ""max_evals"": 2000000, ""max_unary"": 999, ""mutation_rate"": 0.1, ""ops"": [""+"", ""-"", ""*"", ""/"", ""sin"", ""cos"", ""exp"", ""log""], ""succ_error_tol"": 1e-06}","{""K"": 500, ""c"": 6.0, ""exploration_rate"": 0.1, ""gamma"": 0.5, ""gp_rate"": 0.5, ""lm_iterations"": 10, ""max_constants"": 999, ""max_depth"": 6, ""max_evals"": 2000000, ""max_unary"": 999, ""mutation_rate"": 0.1, ""ops"": [""+"", ""-"", ""*"", ""/"", ""sin"", ""cos"", ""exp"", ""log""], ""succ_error_tol"": 1e-06}",0.5
imcts,Livermore,21,Livermore-21,expression,25,32157,40,20,20,1,"[""x0""]",x[0]**8 + x[0]**7 + x[0]**6 + x[0]**5 + x[0]**4 + x[0]**3 + x[0]**2 + x[0],0.9999999403953552,True,1.0,1.0,18.0,137540,0.7121036049793474,0.0,0,(log(exp(x0) / (x0 / x0)) + x0 * x0 * x0 * x0 * x0) * (x0 + x0 / x0 + x0 * (x0 * x0 + x0)),(log(exp(x0) / (x0 / x0)) + x0 * x0 * x0 * x0 * x0) * (x0 + x0 / x0 + x0 * (x0 * x0 + x0)),(x0**5 + log(exp(x0)))*(x0**2*(x0 + 1) + x0 + 1),[],"{""K"": 500, ""c"": 6.0, ""exploration_rate"": 0.1, ""gamma"": 0.5, ""gp_rate"": 0.5, ""lm_iterations"": 10, ""max_constants"": 999, ""max_depth"": 6, ""max_evals"": 2000000, ""max_unary"": 999, ""mutation_rate"": 0.1, ""ops"": [""+"", ""-"", ""*"", ""/"", ""sin"", ""cos"", ""exp"", ""log""], ""succ_error_tol"": 1e-06}","{""K"": 500, ""c"": 6.0, ""exploration_rate"": 0.1, ""gamma"": 0.5, ""gp_rate"": 0.5, ""lm_iterations"": 10, ""max_constants"": 999, ""max_depth"": 6, ""max_evals"": 2000000, ""max_unary"": 999, ""mutation_rate"": 0.1, ""ops"": [""+"", ""-"", ""*"", ""/"", ""sin"", ""cos"", ""exp"", ""log""], ""succ_error_tol"": 1e-06}",0.5
imcts,Livermore,21,Livermore-21,expression,26,23333,40,20,20,1,"[""x0""]",x[0]**8 + x[0]**7 + x[0]**6 + x[0]**5 + x[0]**4 + x[0]**3 + x[0]**2 + x[0],0.9961594343185425,False,0.9999851364051824,0.9999687187619755,26.0,2000002,13.391675389022566,0.0,0,(x0 / x0 + x0) * sin(x0) / cos(x0 * x0) * (sin(x0) * x0 + x0 / sin(x0) + sin(x0 * x0) * sin(x0 * x0)),(x0 / x0 + x0) * sin(x0) / cos(x0 * x0) * (sin(x0) * x0 + x0 / sin(x0) + sin(x0 * x0) * sin(x0 * x0)),(x0 + 1)*(x0 + (x0*sin(x0) + sin(x0**2)**2)*sin(x0))/cos(x0**2),[],"{""K"": 500, ""c"": 6.0, ""exploration_rate"": 0.1, ""gamma"": 0.5, ""gp_rate"": 0.5, ""lm_iterations"": 10, ""max_constants"": 999, ""max_depth"": 6, ""max_evals"": 2000000, ""max_unary"": 999, ""mutation_rate"": 0.1, ""ops"": [""+"", ""-"", ""*"", ""/"", ""sin"", ""cos"", ""exp"", ""log""], ""succ_error_tol"": 1e-06}","{""K"": 500, ""c"": 6.0, ""exploration_rate"": 0.1, ""gamma"": 0.5, ""gp_rate"": 0.5, ""lm_iterations"": 10, ""max_constants"": 999, ""max_depth"": 6, ""max_evals"": 2000000, ""max_unary"": 999, ""mutation_rate"": 0.1, ""ops"": [""+"", ""-"", ""*"", ""/"", ""sin"", ""cos"", ""exp"", ""log""], ""succ_error_tol"": 1e-06}",0.5
imcts,Livermore,21,Livermore-21,expression,27,2433,40,20,20,1,"[""x0""]",x[0]**8 + x[0]**7 + x[0]**6 + x[0]**5 + x[0]**4 + x[0]**3 + x[0]**2 + x[0],0.9999999403953552,True,1.0,1.0,17.0,255034,1.4106168109574355,0.0,0,(x0 / x0 + x0 * x0) * ((x0 + x0 * x0) * x0 * x0 * x0 * x0 + x0 + x0 * x0),(x0 / x0 + x0 * x0) * ((x0 + x0 * x0) * x0 * x0 * x0 * x0 + x0 + x0 * x0),x0*(x0**2 + 1)*(x0**4*(x0 + 1) + x0 + 1),[],"{""K"": 500, ""c"": 6.0, ""exploration_rate"": 0.1, ""gamma"": 0.5, ""gp_rate"": 0.5, ""lm_iterations"": 10, ""max_constants"": 999, ""max_depth"": 6, ""max_evals"": 2000000, ""max_unary"": 999, ""mutation_rate"": 0.1, ""ops"": [""+"", ""-"", ""*"", ""/"", ""sin"", ""cos"", ""exp"", ""log""], ""succ_error_tol"": 1e-06}","{""K"": 500, ""c"": 6.0, ""exploration_rate"": 0.1, ""gamma"": 0.5, ""gp_rate"": 0.5, ""lm_iterations"": 10, ""max_constants"": 999, ""max_depth"": 6, ""max_evals"": 2000000, ""max_unary"": 999, ""mutation_rate"": 0.1, ""ops"": [""+"", ""-"", ""*"", ""/"", ""sin"", ""cos"", ""exp"", ""log""], ""succ_error_tol"": 1e-06}",0.5
imcts,Livermore,21,Livermore-21,expression,28,5311,40,20,20,1,"[""x0""]",x[0]**8 + x[0]**7 + x[0]**6 + x[0]**5 + x[0]**4 + x[0]**3 + x[0]**2 + x[0],0.9981470108032227,False,0.999996553394978,0.9976555359177511,21.0,2000002,14.050331785052549,0.0,0,exp(x0 * x0) * exp(x0) * sin(x0) * sin(x0) * x0 * x0 + x0 * (x0 + x0 * x0) + x0,exp(x0 * x0) * exp(x0) * sin(x0) * sin(x0) * x0 * x0 + x0 * (x0 + x0 * x0) + x0,x0*(x0*(x0 + 1) + x0*exp(x0*(x0 + 1))*sin(x0)**2 + 1),[],"{""K"": 500, ""c"": 6.0, ""exploration_rate"": 0.1, ""gamma"": 0.5, ""gp_rate"": 0.5, ""lm_iterations"": 10, ""max_constants"": 999, ""max_depth"": 6, ""max_evals"": 2000000, ""max_unary"": 999, ""mutation_rate"": 0.1, ""ops"": [""+"", ""-"", ""*"", ""/"", ""sin"", ""cos"", ""exp"", ""log""], ""succ_error_tol"": 1e-06}","{""K"": 500, ""c"": 6.0, ""exploration_rate"": 0.1, ""gamma"": 0.5, ""gp_rate"": 0.5, ""lm_iterations"": 10, ""max_constants"": 999, ""max_depth"": 6, ""max_evals"": 2000000, ""max_unary"": 999, ""mutation_rate"": 0.1, ""ops"": [""+"", ""-"", ""*"", ""/"", ""sin"", ""cos"", ""exp"", ""log""], ""succ_error_tol"": 1e-06}",0.5
imcts,Livermore,21,Livermore-21,expression,29,5051,40,20,20,1,"[""x0""]",x[0]**8 + x[0]**7 + x[0]**6 + x[0]**5 + x[0]**4 + x[0]**3 + x[0]**2 + x[0],0.99571293592453,False,0.9999814628376751,0.9999245441744985,27.0,2000008,13.509922730969265,0.0,0,(x0 * x0 * x0 * x0 * cos(x0 + x0) + exp(x0 * x0 + x0 / x0)) / (exp(cos(x0 * x0)) / (x0 * x0 + x0)),(x0 * x0 * x0 * x0 * cos(x0 + x0) + exp(x0 * x0 + x0 / x0)) / (exp(cos(x0 * x0)) / (x0 * x0 + x0)),x0*(x0 + 1)*(x0**4*cos(2*x0) + exp(x0**2 + 1))*exp(-cos(x0**2)),[],"{""K"": 500, ""c"": 6.0, ""exploration_rate"": 0.1, ""gamma"": 0.5, ""gp_rate"": 0.5, ""lm_iterations"": 10, ""max_constants"": 999, ""max_depth"": 6, ""max_evals"": 2000000, ""max_unary"": 999, ""mutation_rate"": 0.1, ""ops"": [""+"", ""-"", ""*"", ""/"", ""sin"", ""cos"", ""exp"", ""log""], ""succ_error_tol"": 1e-06}","{""K"": 500, ""c"": 6.0, ""exploration_rate"": 0.1, ""gamma"": 0.5, ""gp_rate"": 0.5, ""lm_iterations"": 10, ""max_constants"": 999, ""max_depth"": 6, ""max_evals"": 2000000, ""max_unary"": 999, ""mutation_rate"": 0.1, ""ops"": [""+"", ""-"", ""*"", ""/"", ""sin"", ""cos"", ""exp"", ""log""], ""succ_error_tol"": 1e-06}",0.5
imcts,Livermore,21,Livermore-21,expression,30,6420,40,20,20,1,"[""x0""]",x[0]**8 + x[0]**7 + x[0]**6 + x[0]**5 + x[0]**4 + x[0]**3 + x[0]**2 + x[0],0.9999999403953552,True,1.0,1.0,15.0,313475,1.7852572029805742,0.0,0,(cos(x0 - x0) + x0 + x0 * x0 * x0 + x0 * x0) * (x0 * x0 * x0 * x0 * x0 + x0),(cos(x0 - x0) + x0 + x0 * x0 * x0 + x0 * x0) * (x0 * x0 * x0 * x0 * x0 + x0),(x0**5 + x0)*(x0**3 + x0**2 + x0 + 1),[],"{""K"": 500, ""c"": 6.0, ""exploration_rate"": 0.1, ""gamma"": 0.5, ""gp_rate"": 0.5, ""lm_iterations"": 10, ""max_constants"": 999, ""max_depth"": 6, ""max_evals"": 2000000, ""max_unary"": 999, ""mutation_rate"": 0.1, ""ops"": [""+"", ""-"", ""*"", ""/"", ""sin"", ""cos"", ""exp"", ""log""], ""succ_error_tol"": 1e-06}","{""K"": 500, ""c"": 6.0, ""exploration_rate"": 0.1, ""gamma"": 0.5, ""gp_rate"": 0.5, ""lm_iterations"": 10, ""max_constants"": 999, ""max_depth"": 6, ""max_evals"": 2000000, ""max_unary"": 999, ""mutation_rate"": 0.1, ""ops"": [""+"", ""-"", ""*"", ""/"", ""sin"", ""cos"", ""exp"", ""log""], ""succ_error_tol"": 1e-06}",0.5
imcts,Livermore,21,Livermore-21,expression,31,17568,40,20,20,1,"[""x0""]",x[0]**8 + x[0]**7 + x[0]**6 + x[0]**5 + x[0]**4 + x[0]**3 + x[0]**2 + x[0],0.9999999403953552,True,1.0,1.0,15.0,212292,1.1882147549767978,0.0,0,(x0 + x0 * x0 * x0) * (x0 * x0 + x0) * x0 * x0 * x0 + (x0 * x0 + x0 / x0) * (x0 + x0 * x0),(x0 + x0 * x0 * x0) * (x0 * x0 + x0) * x0 * x0 * x0 + (x0 * x0 + x0 / x0) * (x0 + x0 * x0),x0*(x0 + 1)*(x0**2 + 1)*(x0**4 + 1),[],"{""K"": 500, ""c"": 6.0, ""exploration_rate"": 0.1, ""gamma"": 0.5, ""gp_rate"": 0.5, ""lm_iterations"": 10, ""max_constants"": 999, ""max_depth"": 6, ""max_evals"": 2000000, ""max_unary"": 999, ""mutation_rate"": 0.1, ""ops"": [""+"", ""-"", ""*"", ""/"", ""sin"", ""cos"", ""exp"", ""log""], ""succ_error_tol"": 1e-06}","{""K"": 500, ""c"": 6.0, ""exploration_rate"": 0.1, ""gamma"": 0.5, ""gp_rate"": 0.5, ""lm_iterations"": 10, ""max_constants"": 999, ""max_depth"": 6, ""max_evals"": 2000000, ""max_unary"": 999, ""mutation_rate"": 0.1, ""ops"": [""+"", ""-"", ""*"", ""/"", ""sin"", ""cos"", ""exp"", ""log""], ""succ_error_tol"": 1e-06}",0.5
imcts,Livermore,21,Livermore-21,expression,32,20939,40,20,20,1,"[""x0""]",x[0]**8 + x[0]**7 + x[0]**6 + x[0]**5 + x[0]**4 + x[0]**3 + x[0]**2 + x[0],0.9868776798248291,False,0.9998231960007947,0.9996288055333059,26.0,2000001,13.630541589984205,0.0,0,x0 / exp(cos(x0) - exp(x0)) - cos(x0 - x0) / cos(x0 * x0) * (x0 - x0 * cos(x0)),x0 / exp(cos(x0) - exp(x0)) - cos(x0 - x0) / cos(x0 * x0) * (x0 - x0 * cos(x0)),x0*exp(exp(x0) - cos(x0)) + (x0*cos(x0) - x0)/cos(x0**2),[],"{""K"": 500, ""c"": 6.0, ""exploration_rate"": 0.1, ""gamma"": 0.5, ""gp_rate"": 0.5, ""lm_iterations"": 10, ""max_constants"": 999, ""max_depth"": 6, ""max_evals"": 2000000, ""max_unary"": 999, ""mutation_rate"": 0.1, ""ops"": [""+"", ""-"", ""*"", ""/"", ""sin"", ""cos"", ""exp"", ""log""], ""succ_error_tol"": 1e-06}","{""K"": 500, ""c"": 6.0, ""exploration_rate"": 0.1, ""gamma"": 0.5, ""gp_rate"": 0.5, ""lm_iterations"": 10, ""max_constants"": 999, ""max_depth"": 6, ""max_evals"": 2000000, ""max_unary"": 999, ""mutation_rate"": 0.1, ""ops"": [""+"", ""-"", ""*"", ""/"", ""sin"", ""cos"", ""exp"", ""log""], ""succ_error_tol"": 1e-06}",0.5
imcts,Livermore,21,Livermore-21,expression,33,19769,40,20,20,1,"[""x0""]",x[0]**8 + x[0]**7 + x[0]**6 + x[0]**5 + x[0]**4 + x[0]**3 + x[0]**2 + x[0],0.9999999403953552,True,1.0,1.0,22.0,705694,4.358056564989965,0.0,0,x0 * (x0 * x0 + x0) * (x0 * x0 * x0 * (x0 * x0 + x0 / x0) + x0 + x0 / x0 / x0),x0 * (x0 * x0 + x0) * (x0 * x0 * x0 * (x0 * x0 + x0 / x0) + x0 + x0 / x0 / x0),x0*(x0 + 1)*(x0**2*(x0**2*(x0**2 + 1) + 1) + 1),[],"{""K"": 500, ""c"": 6.0, ""exploration_rate"": 0.1, ""gamma"": 0.5, ""gp_rate"": 0.5, ""lm_iterations"": 10, ""max_constants"": 999, ""max_depth"": 6, ""max_evals"": 2000000, ""max_unary"": 999, ""mutation_rate"": 0.1, ""ops"": [""+"", ""-"", ""*"", ""/"", ""sin"", ""cos"", ""exp"", ""log""], ""succ_error_tol"": 1e-06}","{""K"": 500, ""c"": 6.0, ""exploration_rate"": 0.1, ""gamma"": 0.5, ""gp_rate"": 0.5, ""lm_iterations"": 10, ""max_constants"": 999, ""max_depth"": 6, ""max_evals"": 2000000, ""max_unary"": 999, ""mutation_rate"": 0.1, ""ops"": [""+"", ""-"", ""*"", ""/"", ""sin"", ""cos"", ""exp"", ""log""], ""succ_error_tol"": 1e-06}",0.5
imcts,Livermore,21,Livermore-21,expression,34,28693,40,20,20,1,"[""x0""]",x[0]**8 + x[0]**7 + x[0]**6 + x[0]**5 + x[0]**4 + x[0]**3 + x[0]**2 + x[0],0.9929651618003845,False,0.9999498078498176,0.9999427930848229,20.0,2000000,13.635386620007921,0.0,0,(exp(x0 * x0) + (x0 / x0 + x0 * x0) * x0 * x0 * x0 * x0) * (sin(x0) + x0 * sin(x0)),(exp(x0 * x0) + (x0 / x0 + x0 * x0) * x0 * x0 * x0 * x0) * (sin(x0) + x0 * sin(x0)),(x0 + 1)*(x0**4*(x0**2 + 1) + exp(x0**2))*sin(x0),[],"{""K"": 500, ""c"": 6.0, ""exploration_rate"": 0.1, ""gamma"": 0.5, ""gp_rate"": 0.5, ""lm_iterations"": 10, ""max_constants"": 999, ""max_depth"": 6, ""max_evals"": 2000000, ""max_unary"": 999, ""mutation_rate"": 0.1, ""ops"": [""+"", ""-"", ""*"", ""/"", ""sin"", ""cos"", ""exp"", ""log""], ""succ_error_tol"": 1e-06}","{""K"": 500, ""c"": 6.0, ""exploration_rate"": 0.1, ""gamma"": 0.5, ""gp_rate"": 0.5, ""lm_iterations"": 10, ""max_constants"": 999, ""max_depth"": 6, ""max_evals"": 2000000, ""max_unary"": 999, ""mutation_rate"": 0.1, ""ops"": [""+"", ""-"", ""*"", ""/"", ""sin"", ""cos"", ""exp"", ""log""], ""succ_error_tol"": 1e-06}",0.5
imcts,Livermore,21,Livermore-21,expression,35,6396,40,20,20,1,"[""x0""]",x[0]**8 + x[0]**7 + x[0]**6 + x[0]**5 + x[0]**4 + x[0]**3 + x[0]**2 + x[0],0.9939221739768982,False,0.9999626067646071,0.998335655447315,23.0,2000003,13.518589991959743,0.0,0,x0 + (x0 * x0 + x0) * sin(x0) + sin(x0 * x0) * x0 * x0 * exp(sin(x0) + x0 * x0),x0 + (x0 * x0 + x0) * sin(x0) + sin(x0 * x0) * x0 * x0 * exp(sin(x0) + x0 * x0),x0*(x0*exp(x0**2 + sin(x0))*sin(x0**2) + (x0 + 1)*sin(x0) + 1),[],"{""K"": 500, ""c"": 6.0, ""exploration_rate"": 0.1, ""gamma"": 0.5, ""gp_rate"": 0.5, ""lm_iterations"": 10, ""max_constants"": 999, ""max_depth"": 6, ""max_evals"": 2000000, ""max_unary"": 999, ""mutation_rate"": 0.1, ""ops"": [""+"", ""-"", ""*"", ""/"", ""sin"", ""cos"", ""exp"", ""log""], ""succ_error_tol"": 1e-06}","{""K"": 500, ""c"": 6.0, ""exploration_rate"": 0.1, ""gamma"": 0.5, ""gp_rate"": 0.5, ""lm_iterations"": 10, ""max_constants"": 999, ""max_depth"": 6, ""max_evals"": 2000000, ""max_unary"": 999, ""mutation_rate"": 0.1, ""ops"": [""+"", ""-"", ""*"", ""/"", ""sin"", ""cos"", ""exp"", ""log""], ""succ_error_tol"": 1e-06}",0.5
imcts,Livermore,21,Livermore-21,expression,36,29419,40,20,20,1,"[""x0""]",x[0]**8 + x[0]**7 + x[0]**6 + x[0]**5 + x[0]**4 + x[0]**3 + x[0]**2 + x[0],0.9999998807907104,True,1.0,1.0,14.0,247168,1.3584286299883388,0.0,0,(x0 + cos(x0 - x0)) * (x0 / x0 + x0 * x0) * (x0 + x0 * x0 * x0 * x0 * x0),(x0 + cos(x0 - x0)) * (x0 / x0 + x0 * x0) * (x0 + x0 * x0 * x0 * x0 * x0),(x0 + 1)*(x0**2 + 1)*(x0**5 + x0),[],"{""K"": 500, ""c"": 6.0, ""exploration_rate"": 0.1, ""gamma"": 0.5, ""gp_rate"": 0.5, ""lm_iterations"": 10, ""max_constants"": 999, ""max_depth"": 6, ""max_evals"": 2000000, ""max_unary"": 999, ""mutation_rate"": 0.1, ""ops"": [""+"", ""-"", ""*"", ""/"", ""sin"", ""cos"", ""exp"", ""log""], ""succ_error_tol"": 1e-06}","{""K"": 500, ""c"": 6.0, ""exploration_rate"": 0.1, ""gamma"": 0.5, ""gp_rate"": 0.5, ""lm_iterations"": 10, ""max_constants"": 999, ""max_depth"": 6, ""max_evals"": 2000000, ""max_unary"": 999, ""mutation_rate"": 0.1, ""ops"": [""+"", ""-"", ""*"", ""/"", ""sin"", ""cos"", ""exp"", ""log""], ""succ_error_tol"": 1e-06}",0.5
imcts,Livermore,21,Livermore-21,expression,37,27480,40,20,20,1,"[""x0""]",x[0]**8 + x[0]**7 + x[0]**6 + x[0]**5 + x[0]**4 + x[0]**3 + x[0]**2 + x[0],0.9981967210769653,False,0.9999967367606366,0.9999773330731878,21.0,2000004,14.127715678012464,0.0,0,(exp(sin(x0 * x0)) - sin(x0 * x0)) * (x0 + x0 * x0 - (x0 - x0)) * exp(x0 * x0),(exp(sin(x0 * x0)) - sin(x0 * x0)) * (x0 + x0 * x0 - (x0 - x0)) * exp(x0 * x0),x0*(x0 + 1)*(exp(sin(x0**2)) - sin(x0**2))*exp(x0**2),[],"{""K"": 500, ""c"": 6.0, ""exploration_rate"": 0.1, ""gamma"": 0.5, ""gp_rate"": 0.5, ""lm_iterations"": 10, ""max_constants"": 999, ""max_depth"": 6, ""max_evals"": 2000000, ""max_unary"": 999, ""mutation_rate"": 0.1, ""ops"": [""+"", ""-"", ""*"", ""/"", ""sin"", ""cos"", ""exp"", ""log""], ""succ_error_tol"": 1e-06}","{""K"": 500, ""c"": 6.0, ""exploration_rate"": 0.1, ""gamma"": 0.5, ""gp_rate"": 0.5, ""lm_iterations"": 10, ""max_constants"": 999, ""max_depth"": 6, ""max_evals"": 2000000, ""max_unary"": 999, ""mutation_rate"": 0.1, ""ops"": [""+"", ""-"", ""*"", ""/"", ""sin"", ""cos"", ""exp"", ""log""], ""succ_error_tol"": 1e-06}",0.5
imcts,Livermore,21,Livermore-21,expression,38,32304,40,20,20,1,"[""x0""]",x[0]**8 + x[0]**7 + x[0]**6 + x[0]**5 + x[0]**4 + x[0]**3 + x[0]**2 + x[0],0.9990023374557495,False,0.9999990028133846,0.9999869908239631,26.0,2000004,14.151670107035898,0.0,0,(x0 * x0 * x0 + x0 * x0 * x0 * x0) * exp(sin(x0 * x0)) + (x0 + x0 * x0) / cos(x0 * x0 * x0),(x0 * x0 * x0 + x0 * x0 * x0 * x0) * exp(sin(x0 * x0)) + (x0 + x0 * x0) / cos(x0 * x0 * x0),(x0**2 + x0)/cos(x0**3) + (x0**4 + x0**3)*exp(sin(x0**2)),[],"{""K"": 500, ""c"": 6.0, ""exploration_rate"": 0.1, ""gamma"": 0.5, ""gp_rate"": 0.5, ""lm_iterations"": 10, ""max_constants"": 999, ""max_depth"": 6, ""max_evals"": 2000000, ""max_unary"": 999, ""mutation_rate"": 0.1, ""ops"": [""+"", ""-"", ""*"", ""/"", ""sin"", ""cos"", ""exp"", ""log""], ""succ_error_tol"": 1e-06}","{""K"": 500, ""c"": 6.0, ""exploration_rate"": 0.1, ""gamma"": 0.5, ""gp_rate"": 0.5, ""lm_iterations"": 10, ""max_constants"": 999, ""max_depth"": 6, ""max_evals"": 2000000, ""max_unary"": 999, ""mutation_rate"": 0.1, ""ops"": [""+"", ""-"", ""*"", ""/"", ""sin"", ""cos"", ""exp"", ""log""], ""succ_error_tol"": 1e-06}",0.5
imcts,Livermore,21,Livermore-21,expression,39,8666,40,20,20,1,"[""x0""]",x[0]**8 + x[0]**7 + x[0]**6 + x[0]**5 + x[0]**4 + x[0]**3 + x[0]**2 + x[0],0.9919852018356323,False,0.9999347210123,0.9999257826518346,21.0,2000005,13.456132291001268,0.0,0,(x0 * x0 / (sin(x0) * x0) + x0 * x0 * x0 * sin(x0 + x0)) * (x0 + x0 * x0) / cos(x0),(x0 * x0 / (sin(x0) * x0) + x0 * x0 * x0 * sin(x0 + x0)) * (x0 + x0 * x0) / cos(x0),2*x0**2*(x0 + 1)*(x0**2*sin(x0) + 1/sin(2*x0)),[],"{""K"": 500, ""c"": 6.0, ""exploration_rate"": 0.1, ""gamma"": 0.5, ""gp_rate"": 0.5, ""lm_iterations"": 10, ""max_constants"": 999, ""max_depth"": 6, ""max_evals"": 2000000, ""max_unary"": 999, ""mutation_rate"": 0.1, ""ops"": [""+"", ""-"", ""*"", ""/"", ""sin"", ""cos"", ""exp"", ""log""], ""succ_error_tol"": 1e-06}","{""K"": 500, ""c"": 6.0, ""exploration_rate"": 0.1, ""gamma"": 0.5, ""gp_rate"": 0.5, ""lm_iterations"": 10, ""max_constants"": 999, ""max_depth"": 6, ""max_evals"": 2000000, ""max_unary"": 999, ""mutation_rate"": 0.1, ""ops"": [""+"", ""-"", ""*"", ""/"", ""sin"", ""cos"", ""exp"", ""log""], ""succ_error_tol"": 1e-06}",0.5
imcts,Livermore,21,Livermore-21,expression,40,25658,40,20,20,1,"[""x0""]",x[0]**8 + x[0]**7 + x[0]**6 + x[0]**5 + x[0]**4 + x[0]**3 + x[0]**2 + x[0],0.9945052266120911,False,0.9999694729064325,0.9999666614391253,18.0,2000006,13.520004040037747,0.0,0,(exp(sin(x0 * x0)) + (x0 + x0) * x0 * x0 * sin(x0) * x0 * x0) * (x0 * x0 + x0),(exp(sin(x0 * x0)) + (x0 + x0) * x0 * x0 * sin(x0) * x0 * x0) * (x0 * x0 + x0),x0*(x0 + 1)*(2*x0**5*sin(x0) + exp(sin(x0**2))),[],"{""K"": 500, ""c"": 6.0, ""exploration_rate"": 0.1, ""gamma"": 0.5, ""gp_rate"": 0.5, ""lm_iterations"": 10, ""max_constants"": 999, ""max_depth"": 6, ""max_evals"": 2000000, ""max_unary"": 999, ""mutation_rate"": 0.1, ""ops"": [""+"", ""-"", ""*"", ""/"", ""sin"", ""cos"", ""exp"", ""log""], ""succ_error_tol"": 1e-06}","{""K"": 500, ""c"": 6.0, ""exploration_rate"": 0.1, ""gamma"": 0.5, ""gp_rate"": 0.5, ""lm_iterations"": 10, ""max_constants"": 999, ""max_depth"": 6, ""max_evals"": 2000000, ""max_unary"": 999, ""mutation_rate"": 0.1, ""ops"": [""+"", ""-"", ""*"", ""/"", ""sin"", ""cos"", ""exp"", ""log""], ""succ_error_tol"": 1e-06}",0.5
imcts,Livermore,21,Livermore-21,expression,41,18942,40,20,20,1,"[""x0""]",x[0]**8 + x[0]**7 + x[0]**6 + x[0]**5 + x[0]**4 + x[0]**3 + x[0]**2 + x[0],0.9992727041244507,False,0.999999470252212,0.9999290410078093,26.0,2000002,12.945593658019789,0.0,0,x0 * x0 * (x0 * x0 + x0) + x0 * x0 + x0 + sin(x0 * x0) * exp(x0 * x0) * sin(x0 * x0) * (x0 * x0 + x0),x0 * x0 * (x0 * x0 + x0) + x0 * x0 + x0 + sin(x0 * x0) * exp(x0 * x0) * sin(x0 * x0) * (x0 * x0 + x0),x0*(x0**2*(x0 + 1) + x0 + (x0 + 1)*exp(x0**2)*sin(x0**2)**2 + 1),[],"{""K"": 500, ""c"": 6.0, ""exploration_rate"": 0.1, ""gamma"": 0.5, ""gp_rate"": 0.5, ""lm_iterations"": 10, ""max_constants"": 999, ""max_depth"": 6, ""max_evals"": 2000000, ""max_unary"": 999, ""mutation_rate"": 0.1, ""ops"": [""+"", ""-"", ""*"", ""/"", ""sin"", ""cos"", ""exp"", ""log""], ""succ_error_tol"": 1e-06}","{""K"": 500, ""c"": 6.0, ""exploration_rate"": 0.1, ""gamma"": 0.5, ""gp_rate"": 0.5, ""lm_iterations"": 10, ""max_constants"": 999, ""max_depth"": 6, ""max_evals"": 2000000, ""max_unary"": 999, ""mutation_rate"": 0.1, ""ops"": [""+"", ""-"", ""*"", ""/"", ""sin"", ""cos"", ""exp"", ""log""], ""succ_error_tol"": 1e-06}",0.5
imcts,Livermore,21,Livermore-21,expression,42,24233,40,20,20,1,"[""x0""]",x[0]**8 + x[0]**7 + x[0]**6 + x[0]**5 + x[0]**4 + x[0]**3 + x[0]**2 + x[0],0.9960364699363708,False,0.9999841649861995,0.9999486183396599,28.0,2000001,13.237490419007372,0.0,0,exp(exp(x0) - cos(x0)) + sin(x0) - exp(x0) + x0 * sin(x0) * (sin(x0) + cos(x0)) * x0 * x0 * x0 * x0 * sin(x0),exp(exp(x0) - cos(x0)) + sin(x0) - exp(x0) + x0 * sin(x0) * (sin(x0) + cos(x0)) * x0 * x0 * x0 * x0 * sin(x0),x0**5*(sin(x0) + cos(x0))*sin(x0)**2 - exp(x0) + exp(exp(x0) - cos(x0)) + sin(x0),[],"{""K"": 500, ""c"": 6.0, ""exploration_rate"": 0.1, ""gamma"": 0.5, ""gp_rate"": 0.5, ""lm_iterations"": 10, ""max_constants"": 999, ""max_depth"": 6, ""max_evals"": 2000000, ""max_unary"": 999, ""mutation_rate"": 0.1, ""ops"": [""+"", ""-"", ""*"", ""/"", ""sin"", ""cos"", ""exp"", ""log""], ""succ_error_tol"": 1e-06}","{""K"": 500, ""c"": 6.0, ""exploration_rate"": 0.1, ""gamma"": 0.5, ""gp_rate"": 0.5, ""lm_iterations"": 10, ""max_constants"": 999, ""max_depth"": 6, ""max_evals"": 2000000, ""max_unary"": 999, ""mutation_rate"": 0.1, ""ops"": [""+"", ""-"", ""*"", ""/"", ""sin"", ""cos"", ""exp"", ""log""], ""succ_error_tol"": 1e-06}",0.5
imcts,Livermore,21,Livermore-21,expression,43,18431,40,20,20,1,"[""x0""]",x[0]**8 + x[0]**7 + x[0]**6 + x[0]**5 + x[0]**4 + x[0]**3 + x[0]**2 + x[0],0.9999998807907104,True,1.0,1.0,15.0,552065,3.3220479390001856,0.0,0,(x0 * x0 * x0 * x0 + x0 / x0) * (x0 * x0 + x0 / x0) * (x0 * x0 + x0),(x0 * x0 * x0 * x0 + x0 / x0) * (x0 * x0 + x0 / x0) * (x0 * x0 + x0),x0*(x0 + 1)*(x0**2 + 1)*(x0**4 + 1),[],"{""K"": 500, ""c"": 6.0, ""exploration_rate"": 0.1, ""gamma"": 0.5, ""gp_rate"": 0.5, ""lm_iterations"": 10, ""max_constants"": 999, ""max_depth"": 6, ""max_evals"": 2000000, ""max_unary"": 999, ""mutation_rate"": 0.1, ""ops"": [""+"", ""-"", ""*"", ""/"", ""sin"", ""cos"", ""exp"", ""log""], ""succ_error_tol"": 1e-06}","{""K"": 500, ""c"": 6.0, ""exploration_rate"": 0.1, ""gamma"": 0.5, ""gp_rate"": 0.5, ""lm_iterations"": 10, ""max_constants"": 999, ""max_depth"": 6, ""max_evals"": 2000000, ""max_unary"": 999, ""mutation_rate"": 0.1, ""ops"": [""+"", ""-"", ""*"", ""/"", ""sin"", ""cos"", ""exp"", ""log""], ""succ_error_tol"": 1e-06}",0.5
imcts,Livermore,21,Livermore-21,expression,44,32219,40,20,20,1,"[""x0""]",x[0]**8 + x[0]**7 + x[0]**6 + x[0]**5 + x[0]**4 + x[0]**3 + x[0]**2 + x[0],0.9999998807907104,True,1.0,1.0,20.0,334014,1.8610495089669712,0.0,0,(x0 * x0 * x0 * x0 + x0 / x0 + x0 * x0) * (x0 * x0 + x0) * x0 * x0 + x0 + x0 * x0,(x0 * x0 * x0 * x0 + x0 / x0 + x0 * x0) * (x0 * x0 + x0) * x0 * x0 + x0 + x0 * x0,x0*(x0**2*(x0 + 1)*(x0**4 + x0**2 + 1) + x0 + 1),[],"{""K"": 500, ""c"": 6.0, ""exploration_rate"": 0.1, ""gamma"": 0.5, ""gp_rate"": 0.5, ""lm_iterations"": 10, ""max_constants"": 999, ""max_depth"": 6, ""max_evals"": 2000000, ""max_unary"": 999, ""mutation_rate"": 0.1, ""ops"": [""+"", ""-"", ""*"", ""/"", ""sin"", ""cos"", ""exp"", ""log""], ""succ_error_tol"": 1e-06}","{""K"": 500, ""c"": 6.0, ""exploration_rate"": 0.1, ""gamma"": 0.5, ""gp_rate"": 0.5, ""lm_iterations"": 10, ""max_constants"": 999, ""max_depth"": 6, ""max_evals"": 2000000, ""max_unary"": 999, ""mutation_rate"": 0.1, ""ops"": [""+"", ""-"", ""*"", ""/"", ""sin"", ""cos"", ""exp"", ""log""], ""succ_error_tol"": 1e-06}",0.5
imcts,Livermore,21,Livermore-21,expression,45,2747,40,20,20,1,"[""x0""]",x[0]**8 + x[0]**7 + x[0]**6 + x[0]**5 + x[0]**4 + x[0]**3 + x[0]**2 + x[0],0.9999998807907104,True,1.0,1.0,15.0,179009,0.8859255039715208,0.0,0,(x0 + x0 * x0) * (x0 + x0 / (x0 * x0)) * (x0 * x0 * x0 * x0 * x0 + x0),(x0 + x0 * x0) * (x0 + x0 / (x0 * x0)) * (x0 * x0 * x0 * x0 * x0 + x0),x0*(x0 + 1)*(x0**2 + 1)*(x0**4 + 1),[],"{""K"": 500, ""c"": 6.0, ""exploration_rate"": 0.1, ""gamma"": 0.5, ""gp_rate"": 0.5, ""lm_iterations"": 10, ""max_constants"": 999, ""max_depth"": 6, ""max_evals"": 2000000, ""max_unary"": 999, ""mutation_rate"": 0.1, ""ops"": [""+"", ""-"", ""*"", ""/"", ""sin"", ""cos"", ""exp"", ""log""], ""succ_error_tol"": 1e-06}","{""K"": 500, ""c"": 6.0, ""exploration_rate"": 0.1, ""gamma"": 0.5, ""gp_rate"": 0.5, ""lm_iterations"": 10, ""max_constants"": 999, ""max_depth"": 6, ""max_evals"": 2000000, ""max_unary"": 999, ""mutation_rate"": 0.1, ""ops"": [""+"", ""-"", ""*"", ""/"", ""sin"", ""cos"", ""exp"", ""log""], ""succ_error_tol"": 1e-06}",0.5
imcts,Livermore,21,Livermore-21,expression,46,25551,40,20,20,1,"[""x0""]",x[0]**8 + x[0]**7 + x[0]**6 + x[0]**5 + x[0]**4 + x[0]**3 + x[0]**2 + x[0],0.9999999403953552,True,1.0,1.0,16.0,241092,1.3114255929831415,0.0,0,(x0 * (x0 + x0 * x0) + x0 + cos(x0 - x0)) * (x0 + x0 * x0 * x0 * x0 * x0),(x0 * (x0 + x0 * x0) + x0 + cos(x0 - x0)) * (x0 + x0 * x0 * x0 * x0 * x0),(x0**5 + x0)*(x0*(x0**2 + x0) + x0 + 1),[],"{""K"": 500, ""c"": 6.0, ""exploration_rate"": 0.1, ""gamma"": 0.5, ""gp_rate"": 0.5, ""lm_iterations"": 10, ""max_constants"": 999, ""max_depth"": 6, ""max_evals"": 2000000, ""max_unary"": 999, ""mutation_rate"": 0.1, ""ops"": [""+"", ""-"", ""*"", ""/"", ""sin"", ""cos"", ""exp"", ""log""], ""succ_error_tol"": 1e-06}","{""K"": 500, ""c"": 6.0, ""exploration_rate"": 0.1, ""gamma"": 0.5, ""gp_rate"": 0.5, ""lm_iterations"": 10, ""max_constants"": 999, ""max_depth"": 6, ""max_evals"": 2000000, ""max_unary"": 999, ""mutation_rate"": 0.1, ""ops"": [""+"", ""-"", ""*"", ""/"", ""sin"", ""cos"", ""exp"", ""log""], ""succ_error_tol"": 1e-06}",0.5
imcts,Livermore,21,Livermore-21,expression,47,26382,40,20,20,1,"[""x0""]",x[0]**8 + x[0]**7 + x[0]**6 + x[0]**5 + x[0]**4 + x[0]**3 + x[0]**2 + x[0],0.9999998807907104,True,1.0,1.0,16.0,464078,2.770466124988161,0.0,0,(x0 * x0 * x0 * x0 * x0 * x0 + x0 * x0 * x0 * x0 + x0 * x0 + x0 / x0) * (x0 + x0 * x0),(x0 * x0 * x0 * x0 * x0 * x0 + x0 * x0 * x0 * x0 + x0 * x0 + x0 / x0) * (x0 + x0 * x0),x0*(x0 + 1)*(x0**6 + x0**4 + x0**2 + 1),[],"{""K"": 500, ""c"": 6.0, ""exploration_rate"": 0.1, ""gamma"": 0.5, ""gp_rate"": 0.5, ""lm_iterations"": 10, ""max_constants"": 999, ""max_depth"": 6, ""max_evals"": 2000000, ""max_unary"": 999, ""mutation_rate"": 0.1, ""ops"": [""+"", ""-"", ""*"", ""/"", ""sin"", ""cos"", ""exp"", ""log""], ""succ_error_tol"": 1e-06}","{""K"": 500, ""c"": 6.0, ""exploration_rate"": 0.1, ""gamma"": 0.5, ""gp_rate"": 0.5, ""lm_iterations"": 10, ""max_constants"": 999, ""max_depth"": 6, ""max_evals"": 2000000, ""max_unary"": 999, ""mutation_rate"": 0.1, ""ops"": [""+"", ""-"", ""*"", ""/"", ""sin"", ""cos"", ""exp"", ""log""], ""succ_error_tol"": 1e-06}",0.5
imcts,Livermore,21,Livermore-21,expression,48,189,40,20,20,1,"[""x0""]",x[0]**8 + x[0]**7 + x[0]**6 + x[0]**5 + x[0]**4 + x[0]**3 + x[0]**2 + x[0],0.9967831373214722,False,0.9999895852578046,0.9999775367889733,24.0,2000007,13.733563302026596,0.0,0,(cos(x0 * x0) + x0 * x0 * x0 * x0) * (sin(x0) * x0 + sin(x0)) + x0 * x0 * (x0 * x0 + x0) * exp(x0 * x0),(cos(x0 * x0) + x0 * x0 * x0 * x0) * (sin(x0) * x0 + sin(x0)) + x0 * x0 * (x0 * x0 + x0) * exp(x0 * x0),(x0 + 1)*(x0**3*exp(x0**2) + (x0**4 + cos(x0**2))*sin(x0)),[],"{""K"": 500, ""c"": 6.0, ""exploration_rate"": 0.1, ""gamma"": 0.5, ""gp_rate"": 0.5, ""lm_iterations"": 10, ""max_constants"": 999, ""max_depth"": 6, ""max_evals"": 2000000, ""max_unary"": 999, ""mutation_rate"": 0.1, ""ops"": [""+"", ""-"", ""*"", ""/"", ""sin"", ""cos"", ""exp"", ""log""], ""succ_error_tol"": 1e-06}","{""K"": 500, ""c"": 6.0, ""exploration_rate"": 0.1, ""gamma"": 0.5, ""gp_rate"": 0.5, ""lm_iterations"": 10, ""max_constants"": 999, ""max_depth"": 6, ""max_evals"": 2000000, ""max_unary"": 999, ""mutation_rate"": 0.1, ""ops"": [""+"", ""-"", ""*"", ""/"", ""sin"", ""cos"", ""exp"", ""log""], ""succ_error_tol"": 1e-06}",0.5
imcts,Livermore,21,Livermore-21,expression,49,31677,40,20,20,1,"[""x0""]",x[0]**8 + x[0]**7 + x[0]**6 + x[0]**5 + x[0]**4 + x[0]**3 + x[0]**2 + x[0],0.9999998807907104,True,1.0,1.0,20.0,687056,4.244284840999171,0.0,0,(x0 + x0 * x0) * x0 * x0 * (x0 * x0 + x0 / x0 + x0 * x0 * x0 * x0) - (cos(x0 * x0) - (cos(x0 * x0) + x0 * x0 + x0)),(x0 + x0 * x0) * x0 * x0 * (x0 * x0 + x0 / x0 + x0 * x0 * x0 * x0) - (cos(x0 * x0) - (cos(x0 * x0) + x0 * x0 + x0)),x0*(x0**2*(x0 + 1)*(x0**4 + x0**2 + 1) + x0 + 1),[],"{""K"": 500, ""c"": 6.0, ""exploration_rate"": 0.1, ""gamma"": 0.5, ""gp_rate"": 0.5, ""lm_iterations"": 10, ""max_constants"": 999, ""max_depth"": 6, ""max_evals"": 2000000, ""max_unary"": 999, ""mutation_rate"": 0.1, ""ops"": [""+"", ""-"", ""*"", ""/"", ""sin"", ""cos"", ""exp"", ""log""], ""succ_error_tol"": 1e-06}","{""K"": 500, ""c"": 6.0, ""exploration_rate"": 0.1, ""gamma"": 0.5, ""gp_rate"": 0.5, ""lm_iterations"": 10, ""max_constants"": 999, ""max_depth"": 6, ""max_evals"": 2000000, ""max_unary"": 999, ""mutation_rate"": 0.1, ""ops"": [""+"", ""-"", ""*"", ""/"", ""sin"", ""cos"", ""exp"", ""log""], ""succ_error_tol"": 1e-06}",0.5
imcts,Livermore,21,Livermore-21,expression,50,19118,40,20,20,1,"[""x0""]",x[0]**8 + x[0]**7 + x[0]**6 + x[0]**5 + x[0]**4 + x[0]**3 + x[0]**2 + x[0],0.9999999403953552,True,1.0,1.0,17.0,366885,2.13368598499801,0.0,0,(x0 * x0 * x0 + x0) * (x0 * x0 * x0 * (x0 + x0 * x0) + x0 + cos(x0 - x0)),(x0 * x0 * x0 + x0) * (x0 * x0 * x0 * (x0 + x0 * x0) + x0 + cos(x0 - x0)),x0*(x0**2 + 1)*(x0**4*(x0 + 1) + x0 + 1),[],"{""K"": 500, ""c"": 6.0, ""exploration_rate"": 0.1, ""gamma"": 0.5, ""gp_rate"": 0.5, ""lm_iterations"": 10, ""max_constants"": 999, ""max_depth"": 6, ""max_evals"": 2000000, ""max_unary"": 999, ""mutation_rate"": 0.1, ""ops"": [""+"", ""-"", ""*"", ""/"", ""sin"", ""cos"", ""exp"", ""log""], ""succ_error_tol"": 1e-06}","{""K"": 500, ""c"": 6.0, ""exploration_rate"": 0.1, ""gamma"": 0.5, ""gp_rate"": 0.5, ""lm_iterations"": 10, ""max_constants"": 999, ""max_depth"": 6, ""max_evals"": 2000000, ""max_unary"": 999, ""mutation_rate"": 0.1, ""ops"": [""+"", ""-"", ""*"", ""/"", ""sin"", ""cos"", ""exp"", ""log""], ""succ_error_tol"": 1e-06}",0.5
imcts,Livermore,21,Livermore-21,expression,51,3005,40,20,20,1,"[""x0""]",x[0]**8 + x[0]**7 + x[0]**6 + x[0]**5 + x[0]**4 + x[0]**3 + x[0]**2 + x[0],0.9920966029167175,False,0.9999365373871769,0.9999482177131315,23.0,2000002,13.892427002021577,0.0,0,exp(x0 * x0) * sin(x0) * x0 * (x0 * x0 + x0) - (x0 * x0 + x0) * (x0 * x0 - exp(x0 * x0)),exp(x0 * x0) * sin(x0) * x0 * (x0 * x0 + x0) - (x0 * x0 + x0) * (x0 * x0 - exp(x0 * x0)),x0*(x0 + 1)*(-x0**2 + x0*exp(x0**2)*sin(x0) + exp(x0**2)),[],"{""K"": 500, ""c"": 6.0, ""exploration_rate"": 0.1, ""gamma"": 0.5, ""gp_rate"": 0.5, ""lm_iterations"": 10, ""max_constants"": 999, ""max_depth"": 6, ""max_evals"": 2000000, ""max_unary"": 999, ""mutation_rate"": 0.1, ""ops"": [""+"", ""-"", ""*"", ""/"", ""sin"", ""cos"", ""exp"", ""log""], ""succ_error_tol"": 1e-06}","{""K"": 500, ""c"": 6.0, ""exploration_rate"": 0.1, ""gamma"": 0.5, ""gp_rate"": 0.5, ""lm_iterations"": 10, ""max_constants"": 999, ""max_depth"": 6, ""max_evals"": 2000000, ""max_unary"": 999, ""mutation_rate"": 0.1, ""ops"": [""+"", ""-"", ""*"", ""/"", ""sin"", ""cos"", ""exp"", ""log""], ""succ_error_tol"": 1e-06}",0.5
imcts,Livermore,21,Livermore-21,expression,52,21042,40,20,20,1,"[""x0""]",x[0]**8 + x[0]**7 + x[0]**6 + x[0]**5 + x[0]**4 + x[0]**3 + x[0]**2 + x[0],0.9999999403953552,True,1.0,1.0,19.0,847694,5.372591304010712,0.0,0,(x0 + x0 * x0) * (x0 / x0 + x0 * x0 + x0 * x0 * x0 * x0 * (x0 / x0 + x0 * x0)),(x0 + x0 * x0) * (x0 / x0 + x0 * x0 + x0 * x0 * x0 * x0 * (x0 / x0 + x0 * x0)),x0*(x0 + 1)*(x0**4*(x0**2 + 1) + x0**2 + 1),[],"{""K"": 500, ""c"": 6.0, ""exploration_rate"": 0.1, ""gamma"": 0.5, ""gp_rate"": 0.5, ""lm_iterations"": 10, ""max_constants"": 999, ""max_depth"": 6, ""max_evals"": 2000000, ""max_unary"": 999, ""mutation_rate"": 0.1, ""ops"": [""+"", ""-"", ""*"", ""/"", ""sin"", ""cos"", ""exp"", ""log""], ""succ_error_tol"": 1e-06}","{""K"": 500, ""c"": 6.0, ""exploration_rate"": 0.1, ""gamma"": 0.5, ""gp_rate"": 0.5, ""lm_iterations"": 10, ""max_constants"": 999, ""max_depth"": 6, ""max_evals"": 2000000, ""max_unary"": 999, ""mutation_rate"": 0.1, ""ops"": [""+"", ""-"", ""*"", ""/"", ""sin"", ""cos"", ""exp"", ""log""], ""succ_error_tol"": 1e-06}",0.5
imcts,Livermore,21,Livermore-21,expression,53,1899,40,20,20,1,"[""x0""]",x[0]**8 + x[0]**7 + x[0]**6 + x[0]**5 + x[0]**4 + x[0]**3 + x[0]**2 + x[0],0.9999998807907104,True,1.0,1.0,17.0,273771,1.5966478590271436,0.0,0,(x0 + x0 / x0 + (x0 + x0 * x0) * x0 * x0 * x0) * (x0 * x0 * x0 + x0),(x0 + x0 / x0 + (x0 + x0 * x0) * x0 * x0 * x0) * (x0 * x0 * x0 + x0),x0*(x0**2 + 1)*(x0**4*(x0 + 1) + x0 + 1),[],"{""K"": 500, ""c"": 6.0, ""exploration_rate"": 0.1, ""gamma"": 0.5, ""gp_rate"": 0.5, ""lm_iterations"": 10, ""max_constants"": 999, ""max_depth"": 6, ""max_evals"": 2000000, ""max_unary"": 999, ""mutation_rate"": 0.1, ""ops"": [""+"", ""-"", ""*"", ""/"", ""sin"", ""cos"", ""exp"", ""log""], ""succ_error_tol"": 1e-06}","{""K"": 500, ""c"": 6.0, ""exploration_rate"": 0.1, ""gamma"": 0.5, ""gp_rate"": 0.5, ""lm_iterations"": 10, ""max_constants"": 999, ""max_depth"": 6, ""max_evals"": 2000000, ""max_unary"": 999, ""mutation_rate"": 0.1, ""ops"": [""+"", ""-"", ""*"", ""/"", ""sin"", ""cos"", ""exp"", ""log""], ""succ_error_tol"": 1e-06}",0.5
imcts,Livermore,21,Livermore-21,expression,54,24118,40,20,20,1,"[""x0""]",x[0]**8 + x[0]**7 + x[0]**6 + x[0]**5 + x[0]**4 + x[0]**3 + x[0]**2 + x[0],0.9904208183288574,False,0.9999064548142289,0.9998295288247252,23.0,2000003,13.146992016991135,0.0,0,x0 * exp(x0) * exp(x0 * x0 * x0) + (x0 + x0 * x0 * x0 * x0) * cos(x0 / x0) * sin(x0) * sin(x0),x0 * exp(x0) * exp(x0 * x0 * x0) + (x0 + x0 * x0 * x0 * x0) * cos(x0 / x0) * sin(x0) * sin(x0),x0*((x0**3 + 1)*sin(x0)**2*cos(1) + exp(x0*(x0**2 + 1))),[],"{""K"": 500, ""c"": 6.0, ""exploration_rate"": 0.1, ""gamma"": 0.5, ""gp_rate"": 0.5, ""lm_iterations"": 10, ""max_constants"": 999, ""max_depth"": 6, ""max_evals"": 2000000, ""max_unary"": 999, ""mutation_rate"": 0.1, ""ops"": [""+"", ""-"", ""*"", ""/"", ""sin"", ""cos"", ""exp"", ""log""], ""succ_error_tol"": 1e-06}","{""K"": 500, ""c"": 6.0, ""exploration_rate"": 0.1, ""gamma"": 0.5, ""gp_rate"": 0.5, ""lm_iterations"": 10, ""max_constants"": 999, ""max_depth"": 6, ""max_evals"": 2000000, ""max_unary"": 999, ""mutation_rate"": 0.1, ""ops"": [""+"", ""-"", ""*"", ""/"", ""sin"", ""cos"", ""exp"", ""log""], ""succ_error_tol"": 1e-06}",0.5
imcts,Livermore,21,Livermore-21,expression,55,1267,40,20,20,1,"[""x0""]",x[0]**8 + x[0]**7 + x[0]**6 + x[0]**5 + x[0]**4 + x[0]**3 + x[0]**2 + x[0],0.9999999403953552,True,1.0,1.0,19.0,1197879,7.528492797981016,0.0,0,((x0 / x0 + x0 * x0) * x0 * x0 * x0 * x0 + sin(x0) / sin(x0) + x0 * x0) * (x0 + x0 * x0),((x0 / x0 + x0 * x0) * x0 * x0 * x0 * x0 + sin(x0) / sin(x0) + x0 * x0) * (x0 + x0 * x0),x0*(x0 + 1)*(x0**4*(x0**2 + 1) + x0**2 + 1),[],"{""K"": 500, ""c"": 6.0, ""exploration_rate"": 0.1, ""gamma"": 0.5, ""gp_rate"": 0.5, ""lm_iterations"": 10, ""max_constants"": 999, ""max_depth"": 6, ""max_evals"": 2000000, ""max_unary"": 999, ""mutation_rate"": 0.1, ""ops"": [""+"", ""-"", ""*"", ""/"", ""sin"", ""cos"", ""exp"", ""log""], ""succ_error_tol"": 1e-06}","{""K"": 500, ""c"": 6.0, ""exploration_rate"": 0.1, ""gamma"": 0.5, ""gp_rate"": 0.5, ""lm_iterations"": 10, ""max_constants"": 999, ""max_depth"": 6, ""max_evals"": 2000000, ""max_unary"": 999, ""mutation_rate"": 0.1, ""ops"": [""+"", ""-"", ""*"", ""/"", ""sin"", ""cos"", ""exp"", ""log""], ""succ_error_tol"": 1e-06}",0.5
imcts,Livermore,21,Livermore-21,expression,56,31551,40,20,20,1,"[""x0""]",x[0]**8 + x[0]**7 + x[0]**6 + x[0]**5 + x[0]**4 + x[0]**3 + x[0]**2 + x[0],0.9977884888648987,False,0.9999950877452968,0.999865101874235,21.0,2000000,13.085666526982095,0.0,0,exp(sin(x0) * x0 * sin(x0 * x0)) * ((x0 + x0 * x0) * x0 * x0 + x0 * x0 + x0),exp(sin(x0) * x0 * sin(x0 * x0)) * ((x0 + x0 * x0) * x0 * x0 + x0 * x0 + x0),x0*(x0**2*(x0 + 1) + x0 + 1)*exp(x0*sin(x0)*sin(x0**2)),[],"{""K"": 500, ""c"": 6.0, ""exploration_rate"": 0.1, ""gamma"": 0.5, ""gp_rate"": 0.5, ""lm_iterations"": 10, ""max_constants"": 999, ""max_depth"": 6, ""max_evals"": 2000000, ""max_unary"": 999, ""mutation_rate"": 0.1, ""ops"": [""+"", ""-"", ""*"", ""/"", ""sin"", ""cos"", ""exp"", ""log""], ""succ_error_tol"": 1e-06}","{""K"": 500, ""c"": 6.0, ""exploration_rate"": 0.1, ""gamma"": 0.5, ""gp_rate"": 0.5, ""lm_iterations"": 10, ""max_constants"": 999, ""max_depth"": 6, ""max_evals"": 2000000, ""max_unary"": 999, ""mutation_rate"": 0.1, ""ops"": [""+"", ""-"", ""*"", ""/"", ""sin"", ""cos"", ""exp"", ""log""], ""succ_error_tol"": 1e-06}",0.5
imcts,Livermore,21,Livermore-21,expression,57,17912,40,20,20,1,"[""x0""]",x[0]**8 + x[0]**7 + x[0]**6 + x[0]**5 + x[0]**4 + x[0]**3 + x[0]**2 + x[0],0.9999999403953552,True,1.0,1.0,19.0,650520,4.028184966999106,0.0,0,(x0 + x0 * x0) * (x0 / x0 + x0 * x0 + x0 * x0 * x0 * x0 * (x0 / x0 + x0 * x0)),(x0 + x0 * x0) * (x0 / x0 + x0 * x0 + x0 * x0 * x0 * x0 * (x0 / x0 + x0 * x0)),x0*(x0 + 1)*(x0**4*(x0**2 + 1) + x0**2 + 1),[],"{""K"": 500, ""c"": 6.0, ""exploration_rate"": 0.1, ""gamma"": 0.5, ""gp_rate"": 0.5, ""lm_iterations"": 10, ""max_constants"": 999, ""max_depth"": 6, ""max_evals"": 2000000, ""max_unary"": 999, ""mutation_rate"": 0.1, ""ops"": [""+"", ""-"", ""*"", ""/"", ""sin"", ""cos"", ""exp"", ""log""], ""succ_error_tol"": 1e-06}","{""K"": 500, ""c"": 6.0, ""exploration_rate"": 0.1, ""gamma"": 0.5, ""gp_rate"": 0.5, ""lm_iterations"": 10, ""max_constants"": 999, ""max_depth"": 6, ""max_evals"": 2000000, ""max_unary"": 999, ""mutation_rate"": 0.1, ""ops"": [""+"", ""-"", ""*"", ""/"", ""sin"", ""cos"", ""exp"", ""log""], ""succ_error_tol"": 1e-06}",0.5
imcts,Livermore,21,Livermore-21,expression,58,11394,40,20,20,1,"[""x0""]",x[0]**8 + x[0]**7 + x[0]**6 + x[0]**5 + x[0]**4 + x[0]**3 + x[0]**2 + x[0],0.9999998807907104,True,1.0,1.0,22.0,488086,2.8011977209826,0.0,0,(x0 + x0 * x0) * x0 * (x0 + x0 / (x0 * x0) + x0 * x0 * x0 * (x0 * x0 + x0 / x0)),(x0 + x0 * x0) * x0 * (x0 + x0 / (x0 * x0) + x0 * x0 * x0 * (x0 * x0 + x0 / x0)),x0*(x0 + 1)*(x0**2*(x0**2*(x0**2 + 1) + 1) + 1),[],"{""K"": 500, ""c"": 6.0, ""exploration_rate"": 0.1, ""gamma"": 0.5, ""gp_rate"": 0.5, ""lm_iterations"": 10, ""max_constants"": 999, ""max_depth"": 6, ""max_evals"": 2000000, ""max_unary"": 999, ""mutation_rate"": 0.1, ""ops"": [""+"", ""-"", ""*"", ""/"", ""sin"", ""cos"", ""exp"", ""log""], ""succ_error_tol"": 1e-06}","{""K"": 500, ""c"": 6.0, ""exploration_rate"": 0.1, ""gamma"": 0.5, ""gp_rate"": 0.5, ""lm_iterations"": 10, ""max_constants"": 999, ""max_depth"": 6, ""max_evals"": 2000000, ""max_unary"": 999, ""mutation_rate"": 0.1, ""ops"": [""+"", ""-"", ""*"", ""/"", ""sin"", ""cos"", ""exp"", ""log""], ""succ_error_tol"": 1e-06}",0.5
imcts,Livermore,21,Livermore-21,expression,59,3556,40,20,20,1,"[""x0""]",x[0]**8 + x[0]**7 + x[0]**6 + x[0]**5 + x[0]**4 + x[0]**3 + x[0]**2 + x[0],0.9999999403953552,True,1.0,1.0,15.0,105160,0.5187897959840484,0.0,0,(exp(x0) / exp(x0) + x0 * x0 * x0 * x0) * (x0 + x0 * x0) * (x0 * x0 + x0 / x0),(exp(x0) / exp(x0) + x0 * x0 * x0 * x0) * (x0 + x0 * x0) * (x0 * x0 + x0 / x0),x0*(x0 + 1)*(x0**2 + 1)*(x0**4 + 1),[],"{""K"": 500, ""c"": 6.0, ""exploration_rate"": 0.1, ""gamma"": 0.5, ""gp_rate"": 0.5, ""lm_iterations"": 10, ""max_constants"": 999, ""max_depth"": 6, ""max_evals"": 2000000, ""max_unary"": 999, ""mutation_rate"": 0.1, ""ops"": [""+"", ""-"", ""*"", ""/"", ""sin"", ""cos"", ""exp"", ""log""], ""succ_error_tol"": 1e-06}","{""K"": 500, ""c"": 6.0, ""exploration_rate"": 0.1, ""gamma"": 0.5, ""gp_rate"": 0.5, ""lm_iterations"": 10, ""max_constants"": 999, ""max_depth"": 6, ""max_evals"": 2000000, ""max_unary"": 999, ""mutation_rate"": 0.1, ""ops"": [""+"", ""-"", ""*"", ""/"", ""sin"", ""cos"", ""exp"", ""log""], ""succ_error_tol"": 1e-06}",0.5
imcts,Livermore,21,Livermore-21,expression,60,3890,40,20,20,1,"[""x0""]",x[0]**8 + x[0]**7 + x[0]**6 + x[0]**5 + x[0]**4 + x[0]**3 + x[0]**2 + x[0],0.9959864616394043,False,0.9999837609305213,0.9995995006288921,27.0,2000000,13.863528912013862,0.0,0,exp(x0 * x0) * (x0 + sin(x0 * x0)) - exp(x0) * (x0 * x0 + sin(x0)) * log(cos(x0 * x0)),exp(x0 * x0) * (x0 + sin(x0 * x0)) - exp(x0) * (x0 * x0 + sin(x0)) * log(cos(x0 * x0)),(x0 + sin(x0**2))*exp(x0**2) - (x0**2 + sin(x0))*exp(x0)*log(cos(x0**2)),[],"{""K"": 500, ""c"": 6.0, ""exploration_rate"": 0.1, ""gamma"": 0.5, ""gp_rate"": 0.5, ""lm_iterations"": 10, ""max_constants"": 999, ""max_depth"": 6, ""max_evals"": 2000000, ""max_unary"": 999, ""mutation_rate"": 0.1, ""ops"": [""+"", ""-"", ""*"", ""/"", ""sin"", ""cos"", ""exp"", ""log""], ""succ_error_tol"": 1e-06}","{""K"": 500, ""c"": 6.0, ""exploration_rate"": 0.1, ""gamma"": 0.5, ""gp_rate"": 0.5, ""lm_iterations"": 10, ""max_constants"": 999, ""max_depth"": 6, ""max_evals"": 2000000, ""max_unary"": 999, ""mutation_rate"": 0.1, ""ops"": [""+"", ""-"", ""*"", ""/"", ""sin"", ""cos"", ""exp"", ""log""], ""succ_error_tol"": 1e-06}",0.5
imcts,Livermore,21,Livermore-21,expression,61,8838,40,20,20,1,"[""x0""]",x[0]**8 + x[0]**7 + x[0]**6 + x[0]**5 + x[0]**4 + x[0]**3 + x[0]**2 + x[0],0.9999998807907104,True,1.0,1.0,20.0,974190,6.404565759003162,0.0,0,(x0 * x0 * x0 * x0 + x0 * x0 + x0 / x0) * (x0 * x0 + x0) * x0 * x0 + x0 * x0 + x0,(x0 * x0 * x0 * x0 + x0 * x0 + x0 / x0) * (x0 * x0 + x0) * x0 * x0 + x0 * x0 + x0,x0*(x0**2*(x0 + 1)*(x0**4 + x0**2 + 1) + x0 + 1),[],"{""K"": 500, ""c"": 6.0, ""exploration_rate"": 0.1, ""gamma"": 0.5, ""gp_rate"": 0.5, ""lm_iterations"": 10, ""max_constants"": 999, ""max_depth"": 6, ""max_evals"": 2000000, ""max_unary"": 999, ""mutation_rate"": 0.1, ""ops"": [""+"", ""-"", ""*"", ""/"", ""sin"", ""cos"", ""exp"", ""log""], ""succ_error_tol"": 1e-06}","{""K"": 500, ""c"": 6.0, ""exploration_rate"": 0.1, ""gamma"": 0.5, ""gp_rate"": 0.5, ""lm_iterations"": 10, ""max_constants"": 999, ""max_depth"": 6, ""max_evals"": 2000000, ""max_unary"": 999, ""mutation_rate"": 0.1, ""ops"": [""+"", ""-"", ""*"", ""/"", ""sin"", ""cos"", ""exp"", ""log""], ""succ_error_tol"": 1e-06}",0.5
imcts,Livermore,21,Livermore-21,expression,62,30740,40,20,20,1,"[""x0""]",x[0]**8 + x[0]**7 + x[0]**6 + x[0]**5 + x[0]**4 + x[0]**3 + x[0]**2 + x[0],0.9999998807907104,True,1.0,1.0,16.0,643921,3.8119873160030693,0.0,0,(x0 * x0 * x0 * x0 * x0 + x0) * (x0 / x0 + x0 + x0 * (x0 + x0 * x0)),(x0 * x0 * x0 * x0 * x0 + x0) * (x0 / x0 + x0 + x0 * (x0 + x0 * x0)),(x0**5 + x0)*(x0*(x0**2 + x0) + x0 + 1),[],"{""K"": 500, ""c"": 6.0, ""exploration_rate"": 0.1, ""gamma"": 0.5, ""gp_rate"": 0.5, ""lm_iterations"": 10, ""max_constants"": 999, ""max_depth"": 6, ""max_evals"": 2000000, ""max_unary"": 999, ""mutation_rate"": 0.1, ""ops"": [""+"", ""-"", ""*"", ""/"", ""sin"", ""cos"", ""exp"", ""log""], ""succ_error_tol"": 1e-06}","{""K"": 500, ""c"": 6.0, ""exploration_rate"": 0.1, ""gamma"": 0.5, ""gp_rate"": 0.5, ""lm_iterations"": 10, ""max_constants"": 999, ""max_depth"": 6, ""max_evals"": 2000000, ""max_unary"": 999, ""mutation_rate"": 0.1, ""ops"": [""+"", ""-"", ""*"", ""/"", ""sin"", ""cos"", ""exp"", ""log""], ""succ_error_tol"": 1e-06}",0.5
imcts,Livermore,21,Livermore-21,expression,63,27464,40,20,20,1,"[""x0""]",x[0]**8 + x[0]**7 + x[0]**6 + x[0]**5 + x[0]**4 + x[0]**3 + x[0]**2 + x[0],0.994270384311676,False,0.9999667914815688,0.996895835374174,15.0,2000001,13.722911552991718,0.0,0,x0 * x0 + x0 + x0 / cos(x0) * (x0 * x0 + x0) * x0 / cos(x0),x0 * x0 + x0 + x0 / cos(x0) * (x0 * x0 + x0) * x0 / cos(x0),x0*(x0 + 1)*(x0**2/cos(x0)**2 + 1),[],"{""K"": 500, ""c"": 6.0, ""exploration_rate"": 0.1, ""gamma"": 0.5, ""gp_rate"": 0.5, ""lm_iterations"": 10, ""max_constants"": 999, ""max_depth"": 6, ""max_evals"": 2000000, ""max_unary"": 999, ""mutation_rate"": 0.1, ""ops"": [""+"", ""-"", ""*"", ""/"", ""sin"", ""cos"", ""exp"", ""log""], ""succ_error_tol"": 1e-06}","{""K"": 500, ""c"": 6.0, ""exploration_rate"": 0.1, ""gamma"": 0.5, ""gp_rate"": 0.5, ""lm_iterations"": 10, ""max_constants"": 999, ""max_depth"": 6, ""max_evals"": 2000000, ""max_unary"": 999, ""mutation_rate"": 0.1, ""ops"": [""+"", ""-"", ""*"", ""/"", ""sin"", ""cos"", ""exp"", ""log""], ""succ_error_tol"": 1e-06}",0.5
imcts,Livermore,21,Livermore-21,expression,64,14502,40,20,20,1,"[""x0""]",x[0]**8 + x[0]**7 + x[0]**6 + x[0]**5 + x[0]**4 + x[0]**3 + x[0]**2 + x[0],0.9933112859725952,False,0.9999546562044233,0.9999382260847545,22.0,2000002,13.957341770001221,0.0,0,(x0 * x0 + x0) / cos(x0 * x0 / x0) * (x0 * x0 * sin(x0) * x0 + exp(sin(x0)) - x0),(x0 * x0 + x0) / cos(x0 * x0 / x0) * (x0 * x0 * sin(x0) * x0 + exp(sin(x0)) - x0),x0*(x0 + 1)*(x0**3*sin(x0) - x0 + exp(sin(x0)))/cos(x0),[],"{""K"": 500, ""c"": 6.0, ""exploration_rate"": 0.1, ""gamma"": 0.5, ""gp_rate"": 0.5, ""lm_iterations"": 10, ""max_constants"": 999, ""max_depth"": 6, ""max_evals"": 2000000, ""max_unary"": 999, ""mutation_rate"": 0.1, ""ops"": [""+"", ""-"", ""*"", ""/"", ""sin"", ""cos"", ""exp"", ""log""], ""succ_error_tol"": 1e-06}","{""K"": 500, ""c"": 6.0, ""exploration_rate"": 0.1, ""gamma"": 0.5, ""gp_rate"": 0.5, ""lm_iterations"": 10, ""max_constants"": 999, ""max_depth"": 6, ""max_evals"": 2000000, ""max_unary"": 999, ""mutation_rate"": 0.1, ""ops"": [""+"", ""-"", ""*"", ""/"", ""sin"", ""cos"", ""exp"", ""log""], ""succ_error_tol"": 1e-06}",0.5
imcts,Livermore,21,Livermore-21,expression,65,21777,40,20,20,1,"[""x0""]",x[0]**8 + x[0]**7 + x[0]**6 + x[0]**5 + x[0]**4 + x[0]**3 + x[0]**2 + x[0],0.9959895014762878,False,0.9999837863474457,0.9997774626749782,21.0,2000001,13.442664836009499,0.0,0,sin(x0) + x0 * sin(x0) + (exp(x0 * x0) + x0 * x0) * sin(x0) * x0 * (x0 * x0 + x0),sin(x0) + x0 * sin(x0) + (exp(x0 * x0) + x0 * x0) * sin(x0) * x0 * (x0 * x0 + x0),(x0**2*(x0 + 1)*(x0**2 + exp(x0**2)) + x0 + 1)*sin(x0),[],"{""K"": 500, ""c"": 6.0, ""exploration_rate"": 0.1, ""gamma"": 0.5, ""gp_rate"": 0.5, ""lm_iterations"": 10, ""max_constants"": 999, ""max_depth"": 6, ""max_evals"": 2000000, ""max_unary"": 999, ""mutation_rate"": 0.1, ""ops"": [""+"", ""-"", ""*"", ""/"", ""sin"", ""cos"", ""exp"", ""log""], ""succ_error_tol"": 1e-06}","{""K"": 500, ""c"": 6.0, ""exploration_rate"": 0.1, ""gamma"": 0.5, ""gp_rate"": 0.5, ""lm_iterations"": 10, ""max_constants"": 999, ""max_depth"": 6, ""max_evals"": 2000000, ""max_unary"": 999, ""mutation_rate"": 0.1, ""ops"": [""+"", ""-"", ""*"", ""/"", ""sin"", ""cos"", ""exp"", ""log""], ""succ_error_tol"": 1e-06}",0.5
imcts,Livermore,21,Livermore-21,expression,66,10627,40,20,20,1,"[""x0""]",x[0]**8 + x[0]**7 + x[0]**6 + x[0]**5 + x[0]**4 + x[0]**3 + x[0]**2 + x[0],0.9999998807907104,True,1.0,1.0,20.0,886572,5.465143880981486,0.0,0,(x0 * x0 * x0 * x0 + x0 / x0 + x0 * x0) * x0 * x0 * (x0 * x0 + x0) + x0 * x0 + x0,(x0 * x0 * x0 * x0 + x0 / x0 + x0 * x0) * x0 * x0 * (x0 * x0 + x0) + x0 * x0 + x0,x0*(x0**2*(x0 + 1)*(x0**4 + x0**2 + 1) + x0 + 1),[],"{""K"": 500, ""c"": 6.0, ""exploration_rate"": 0.1, ""gamma"": 0.5, ""gp_rate"": 0.5, ""lm_iterations"": 10, ""max_constants"": 999, ""max_depth"": 6, ""max_evals"": 2000000, ""max_unary"": 999, ""mutation_rate"": 0.1, ""ops"": [""+"", ""-"", ""*"", ""/"", ""sin"", ""cos"", ""exp"", ""log""], ""succ_error_tol"": 1e-06}","{""K"": 500, ""c"": 6.0, ""exploration_rate"": 0.1, ""gamma"": 0.5, ""gp_rate"": 0.5, ""lm_iterations"": 10, ""max_constants"": 999, ""max_depth"": 6, ""max_evals"": 2000000, ""max_unary"": 999, ""mutation_rate"": 0.1, ""ops"": [""+"", ""-"", ""*"", ""/"", ""sin"", ""cos"", ""exp"", ""log""], ""succ_error_tol"": 1e-06}",0.5
imcts,Livermore,21,Livermore-21,expression,67,8792,40,20,20,1,"[""x0""]",x[0]**8 + x[0]**7 + x[0]**6 + x[0]**5 + x[0]**4 + x[0]**3 + x[0]**2 + x[0],0.9890945553779602,False,0.9998784346455474,0.9989172496979013,38.0,2000006,13.66187795996666,0.0,0,exp(exp(x0) * sin(x0)) - (exp(x0) - x0 * cos(x0)) - (x0 * x0 + sin(x0) - cos(x0)) * sin(x0) / cos(x0) * (sin(x0) - x0),exp(exp(x0) * sin(x0)) - (exp(x0) - x0 * cos(x0)) - (x0 * x0 + sin(x0) - cos(x0)) * sin(x0) / cos(x0) * (sin(x0) - x0),x0*cos(x0) + (x0 - sin(x0))*(x0**2 + sin(x0) - cos(x0))*sin(x0)/cos(x0) - exp(x0) + exp(exp(x0)*sin(x0)),[],"{""K"": 500, ""c"": 6.0, ""exploration_rate"": 0.1, ""gamma"": 0.5, ""gp_rate"": 0.5, ""lm_iterations"": 10, ""max_constants"": 999, ""max_depth"": 6, ""max_evals"": 2000000, ""max_unary"": 999, ""mutation_rate"": 0.1, ""ops"": [""+"", ""-"", ""*"", ""/"", ""sin"", ""cos"", ""exp"", ""log""], ""succ_error_tol"": 1e-06}","{""K"": 500, ""c"": 6.0, ""exploration_rate"": 0.1, ""gamma"": 0.5, ""gp_rate"": 0.5, ""lm_iterations"": 10, ""max_constants"": 999, ""max_depth"": 6, ""max_evals"": 2000000, ""max_unary"": 999, ""mutation_rate"": 0.1, ""ops"": [""+"", ""-"", ""*"", ""/"", ""sin"", ""cos"", ""exp"", ""log""], ""succ_error_tol"": 1e-06}",0.5
imcts,Livermore,21,Livermore-21,expression,68,10555,40,20,20,1,"[""x0""]",x[0]**8 + x[0]**7 + x[0]**6 + x[0]**5 + x[0]**4 + x[0]**3 + x[0]**2 + x[0],0.9985110759735107,False,0.9999977764113981,-0.2673503454304884,26.0,2000006,13.494749717996456,0.0,0,x0 / (exp(x0 - x0) - x0) - (x0 + sin(x0)) * (x0 - sin(x0)) * x0 * (x0 + x0) * sin(x0) * x0 * x0,x0 / (exp(x0 - x0) - x0) - (x0 + sin(x0)) * (x0 - sin(x0)) * x0 * (x0 + x0) * sin(x0) * x0 * x0,-2*x0**4*(x0 - sin(x0))*(x0 + sin(x0))*sin(x0) - x0/(x0 - 1),[],"{""K"": 500, ""c"": 6.0, ""exploration_rate"": 0.1, ""gamma"": 0.5, ""gp_rate"": 0.5, ""lm_iterations"": 10, ""max_constants"": 999, ""max_depth"": 6, ""max_evals"": 2000000, ""max_unary"": 999, ""mutation_rate"": 0.1, ""ops"": [""+"", ""-"", ""*"", ""/"", ""sin"", ""cos"", ""exp"", ""log""], ""succ_error_tol"": 1e-06}","{""K"": 500, ""c"": 6.0, ""exploration_rate"": 0.1, ""gamma"": 0.5, ""gp_rate"": 0.5, ""lm_iterations"": 10, ""max_constants"": 999, ""max_depth"": 6, ""max_evals"": 2000000, ""max_unary"": 999, ""mutation_rate"": 0.1, ""ops"": [""+"", ""-"", ""*"", ""/"", ""sin"", ""cos"", ""exp"", ""log""], ""succ_error_tol"": 1e-06}",0.5
imcts,Livermore,21,Livermore-21,expression,69,10253,40,20,20,1,"[""x0""]",x[0]**8 + x[0]**7 + x[0]**6 + x[0]**5 + x[0]**4 + x[0]**3 + x[0]**2 + x[0],0.9948545098304749,False,0.9999732492321309,0.9998334123713586,9.0,2000006,13.186044292990118,0.0,0,exp(x0 * x0 * exp(x0) / x0) * cos(x0) * x0,exp(x0 * x0 * exp(x0) / x0) * cos(x0) * x0,x0*exp(x0*exp(x0))*cos(x0),[],"{""K"": 500, ""c"": 6.0, ""exploration_rate"": 0.1, ""gamma"": 0.5, ""gp_rate"": 0.5, ""lm_iterations"": 10, ""max_constants"": 999, ""max_depth"": 6, ""max_evals"": 2000000, ""max_unary"": 999, ""mutation_rate"": 0.1, ""ops"": [""+"", ""-"", ""*"", ""/"", ""sin"", ""cos"", ""exp"", ""log""], ""succ_error_tol"": 1e-06}","{""K"": 500, ""c"": 6.0, ""exploration_rate"": 0.1, ""gamma"": 0.5, ""gp_rate"": 0.5, ""lm_iterations"": 10, ""max_constants"": 999, ""max_depth"": 6, ""max_evals"": 2000000, ""max_unary"": 999, ""mutation_rate"": 0.1, ""ops"": [""+"", ""-"", ""*"", ""/"", ""sin"", ""cos"", ""exp"", ""log""], ""succ_error_tol"": 1e-06}",0.5
imcts,Livermore,21,Livermore-21,expression,70,8433,40,20,20,1,"[""x0""]",x[0]**8 + x[0]**7 + x[0]**6 + x[0]**5 + x[0]**4 + x[0]**3 + x[0]**2 + x[0],0.9947412014007568,False,0.9999720512163918,0.9970283989744322,21.0,2000002,13.198023890028708,0.0,0,(x0 + x0 * x0 * sin(x0) * sin(x0 * x0)) * (exp(x0 * x0 * x0) + x0 + x0 * x0),(x0 + x0 * x0 * sin(x0) * sin(x0 * x0)) * (exp(x0 * x0 * x0) + x0 + x0 * x0),x0*(x0*sin(x0)*sin(x0**2) + 1)*(x0**2 + x0 + exp(x0**3)),[],"{""K"": 500, ""c"": 6.0, ""exploration_rate"": 0.1, ""gamma"": 0.5, ""gp_rate"": 0.5, ""lm_iterations"": 10, ""max_constants"": 999, ""max_depth"": 6, ""max_evals"": 2000000, ""max_unary"": 999, ""mutation_rate"": 0.1, ""ops"": [""+"", ""-"", ""*"", ""/"", ""sin"", ""cos"", ""exp"", ""log""], ""succ_error_tol"": 1e-06}","{""K"": 500, ""c"": 6.0, ""exploration_rate"": 0.1, ""gamma"": 0.5, ""gp_rate"": 0.5, ""lm_iterations"": 10, ""max_constants"": 999, ""max_depth"": 6, ""max_evals"": 2000000, ""max_unary"": 999, ""mutation_rate"": 0.1, ""ops"": [""+"", ""-"", ""*"", ""/"", ""sin"", ""cos"", ""exp"", ""log""], ""succ_error_tol"": 1e-06}",0.5
imcts,Livermore,21,Livermore-21,expression,71,10233,40,20,20,1,"[""x0""]",x[0]**8 + x[0]**7 + x[0]**6 + x[0]**5 + x[0]**4 + x[0]**3 + x[0]**2 + x[0],0.9948110580444336,False,0.9999727926532748,0.9999705214666988,20.0,2000003,13.820918197976425,0.0,0,(sin(x0) + x0 * x0 * x0) * (x0 + x0 * x0) * x0 * x0 * x0 + (x0 + x0 * x0) * exp(sin(x0) * sin(x0)),(sin(x0) + x0 * x0 * x0) * (x0 + x0 * x0) * x0 * x0 * x0 + (x0 + x0 * x0) * exp(sin(x0) * sin(x0)),x0*(x0 + 1)*(x0**6 + x0**3*sin(x0) + exp(sin(x0)**2)),[],"{""K"": 500, ""c"": 6.0, ""exploration_rate"": 0.1, ""gamma"": 0.5, ""gp_rate"": 0.5, ""lm_iterations"": 10, ""max_constants"": 999, ""max_depth"": 6, ""max_evals"": 2000000, ""max_unary"": 999, ""mutation_rate"": 0.1, ""ops"": [""+"", ""-"", ""*"", ""/"", ""sin"", ""cos"", ""exp"", ""log""], ""succ_error_tol"": 1e-06}","{""K"": 500, ""c"": 6.0, ""exploration_rate"": 0.1, ""gamma"": 0.5, ""gp_rate"": 0.5, ""lm_iterations"": 10, ""max_constants"": 999, ""max_depth"": 6, ""max_evals"": 2000000, ""max_unary"": 999, ""mutation_rate"": 0.1, ""ops"": [""+"", ""-"", ""*"", ""/"", ""sin"", ""cos"", ""exp"", ""log""], ""succ_error_tol"": 1e-06}",0.5
imcts,Livermore,21,Livermore-21,expression,72,11016,40,20,20,1,"[""x0""]",x[0]**8 + x[0]**7 + x[0]**6 + x[0]**5 + x[0]**4 + x[0]**3 + x[0]**2 + x[0],0.9964848756790161,False,0.9999875566538502,0.997888964336673,24.0,2000001,13.211881157010794,0.0,0,(x0 + cos(x0)) * sin(x0) * x0 * log(cos(x0)) * cos(exp(x0)) + x0 * cos(x0) * exp(exp(x0) * x0),(x0 + cos(x0)) * sin(x0) * x0 * log(cos(x0)) * cos(exp(x0)) + x0 * cos(x0) * exp(exp(x0) * x0),x0*((x0 + cos(x0))*log(cos(x0))*sin(x0)*cos(exp(x0)) + exp(x0*exp(x0))*cos(x0)),[],"{""K"": 500, ""c"": 6.0, ""exploration_rate"": 0.1, ""gamma"": 0.5, ""gp_rate"": 0.5, ""lm_iterations"": 10, ""max_constants"": 999, ""max_depth"": 6, ""max_evals"": 2000000, ""max_unary"": 999, ""mutation_rate"": 0.1, ""ops"": [""+"", ""-"", ""*"", ""/"", ""sin"", ""cos"", ""exp"", ""log""], ""succ_error_tol"": 1e-06}","{""K"": 500, ""c"": 6.0, ""exploration_rate"": 0.1, ""gamma"": 0.5, ""gp_rate"": 0.5, ""lm_iterations"": 10, ""max_constants"": 999, ""max_depth"": 6, ""max_evals"": 2000000, ""max_unary"": 999, ""mutation_rate"": 0.1, ""ops"": [""+"", ""-"", ""*"", ""/"", ""sin"", ""cos"", ""exp"", ""log""], ""succ_error_tol"": 1e-06}",0.5
imcts,Livermore,21,Livermore-21,expression,73,23897,40,20,20,1,"[""x0""]",x[0]**8 + x[0]**7 + x[0]**6 + x[0]**5 + x[0]**4 + x[0]**3 + x[0]**2 + x[0],0.9919949173927307,False,0.9999348799851308,0.9999415614470117,31.0,2000001,13.577571419009473,0.0,0,x0 * x0 * exp(x0 * x0 + x0) + x0 + x0 - sin(x0) + (sin(x0) - x0) * (exp(x0) + sin(x0)),x0 * x0 * exp(x0 * x0 + x0) + x0 + x0 - sin(x0) + (sin(x0) - x0) * (exp(x0) + sin(x0)),x0**2*exp(x0*(x0 + 1)) + 2*x0 - (x0 - sin(x0))*(exp(x0) + sin(x0)) - sin(x0),[],"{""K"": 500, ""c"": 6.0, ""exploration_rate"": 0.1, ""gamma"": 0.5, ""gp_rate"": 0.5, ""lm_iterations"": 10, ""max_constants"": 999, ""max_depth"": 6, ""max_evals"": 2000000, ""max_unary"": 999, ""mutation_rate"": 0.1, ""ops"": [""+"", ""-"", ""*"", ""/"", ""sin"", ""cos"", ""exp"", ""log""], ""succ_error_tol"": 1e-06}","{""K"": 500, ""c"": 6.0, ""exploration_rate"": 0.1, ""gamma"": 0.5, ""gp_rate"": 0.5, ""lm_iterations"": 10, ""max_constants"": 999, ""max_depth"": 6, ""max_evals"": 2000000, ""max_unary"": 999, ""mutation_rate"": 0.1, ""ops"": [""+"", ""-"", ""*"", ""/"", ""sin"", ""cos"", ""exp"", ""log""], ""succ_error_tol"": 1e-06}",0.5
imcts,Livermore,21,Livermore-21,expression,74,2612,40,20,20,1,"[""x0""]",x[0]**8 + x[0]**7 + x[0]**6 + x[0]**5 + x[0]**4 + x[0]**3 + x[0]**2 + x[0],0.9948564171791077,False,0.9999732690693588,0.9998245464595277,26.0,2000005,13.207530656014569,0.0,0,(exp(x0 * x0) + x0 * x0 * x0 * x0 - x0 * x0 / exp(x0 / x0)) / (sin(x0) / ((x0 + x0 * x0) * x0)),(exp(x0 * x0) + x0 * x0 * x0 * x0 - x0 * x0 / exp(x0 / x0)) / (sin(x0) / ((x0 + x0 * x0) * x0)),x0*(x0**2 + x0)*(x0**4 - x0**2*exp(-1) + exp(x0**2))/sin(x0),[],"{""K"": 500, ""c"": 6.0, ""exploration_rate"": 0.1, ""gamma"": 0.5, ""gp_rate"": 0.5, ""lm_iterations"": 10, ""max_constants"": 999, ""max_depth"": 6, ""max_evals"": 2000000, ""max_unary"": 999, ""mutation_rate"": 0.1, ""ops"": [""+"", ""-"", ""*"", ""/"", ""sin"", ""cos"", ""exp"", ""log""], ""succ_error_tol"": 1e-06}","{""K"": 500, ""c"": 6.0, ""exploration_rate"": 0.1, ""gamma"": 0.5, ""gp_rate"": 0.5, ""lm_iterations"": 10, ""max_constants"": 999, ""max_depth"": 6, ""max_evals"": 2000000, ""max_unary"": 999, ""mutation_rate"": 0.1, ""ops"": [""+"", ""-"", ""*"", ""/"", ""sin"", ""cos"", ""exp"", ""log""], ""succ_error_tol"": 1e-06}",0.5
imcts,Livermore,21,Livermore-21,expression,75,23425,40,20,20,1,"[""x0""]",x[0]**8 + x[0]**7 + x[0]**6 + x[0]**5 + x[0]**4 + x[0]**3 + x[0]**2 + x[0],0.9999999403953552,True,1.0,1.0,20.0,1231935,7.811758297029883,0.0,0,(x0 * x0 * x0 * x0 + x0 / x0 + x0 * x0) * x0 * x0 * (x0 * x0 + x0) + x0 * x0 + x0,(x0 * x0 * x0 * x0 + x0 / x0 + x0 * x0) * x0 * x0 * (x0 * x0 + x0) + x0 * x0 + x0,x0*(x0**2*(x0 + 1)*(x0**4 + x0**2 + 1) + x0 + 1),[],"{""K"": 500, ""c"": 6.0, ""exploration_rate"": 0.1, ""gamma"": 0.5, ""gp_rate"": 0.5, ""lm_iterations"": 10, ""max_constants"": 999, ""max_depth"": 6, ""max_evals"": 2000000, ""max_unary"": 999, ""mutation_rate"": 0.1, ""ops"": [""+"", ""-"", ""*"", ""/"", ""sin"", ""cos"", ""exp"", ""log""], ""succ_error_tol"": 1e-06}","{""K"": 500, ""c"": 6.0, ""exploration_rate"": 0.1, ""gamma"": 0.5, ""gp_rate"": 0.5, ""lm_iterations"": 10, ""max_constants"": 999, ""max_depth"": 6, ""max_evals"": 2000000, ""max_unary"": 999, ""mutation_rate"": 0.1, ""ops"": [""+"", ""-"", ""*"", ""/"", ""sin"", ""cos"", ""exp"", ""log""], ""succ_error_tol"": 1e-06}",0.5
imcts,Livermore,21,Livermore-21,expression,76,25939,40,20,20,1,"[""x0""]",x[0]**8 + x[0]**7 + x[0]**6 + x[0]**5 + x[0]**4 + x[0]**3 + x[0]**2 + x[0],0.9951922297477722,False,0.9999766610527645,0.9975601859861001,20.0,2000005,13.311537900997791,0.0,0,exp(sin(x0) * x0 * x0 * x0) * (x0 * x0 + x0 / x0 * x0 + (x0 + x0 * x0) * sin(x0 * x0)),exp(sin(x0) * x0 * x0 * x0) * (x0 * x0 + x0 / x0 * x0 + (x0 + x0 * x0) * sin(x0 * x0)),x0*(x0 + (x0 + 1)*sin(x0**2) + 1)*exp(x0**3*sin(x0)),[],"{""K"": 500, ""c"": 6.0, ""exploration_rate"": 0.1, ""gamma"": 0.5, ""gp_rate"": 0.5, ""lm_iterations"": 10, ""max_constants"": 999, ""max_depth"": 6, ""max_evals"": 2000000, ""max_unary"": 999, ""mutation_rate"": 0.1, ""ops"": [""+"", ""-"", ""*"", ""/"", ""sin"", ""cos"", ""exp"", ""log""], ""succ_error_tol"": 1e-06}","{""K"": 500, ""c"": 6.0, ""exploration_rate"": 0.1, ""gamma"": 0.5, ""gp_rate"": 0.5, ""lm_iterations"": 10, ""max_constants"": 999, ""max_depth"": 6, ""max_evals"": 2000000, ""max_unary"": 999, ""mutation_rate"": 0.1, ""ops"": [""+"", ""-"", ""*"", ""/"", ""sin"", ""cos"", ""exp"", ""log""], ""succ_error_tol"": 1e-06}",0.5
imcts,Livermore,21,Livermore-21,expression,77,22619,40,20,20,1,"[""x0""]",x[0]**8 + x[0]**7 + x[0]**6 + x[0]**5 + x[0]**4 + x[0]**3 + x[0]**2 + x[0],0.9999999403953552,True,1.0,1.0,15.0,416566,2.37005266698543,0.0,0,(x0 / x0 + x0 * x0) * (x0 + x0 * x0) + x0 * x0 * x0 * x0 * (x0 * x0 + x0 / x0) * (x0 + x0 * x0),(x0 / x0 + x0 * x0) * (x0 + x0 * x0) + x0 * x0 * x0 * x0 * (x0 * x0 + x0 / x0) * (x0 + x0 * x0),x0*(x0 + 1)*(x0**2 + 1)*(x0**4 + 1),[],"{""K"": 500, ""c"": 6.0, ""exploration_rate"": 0.1, ""gamma"": 0.5, ""gp_rate"": 0.5, ""lm_iterations"": 10, ""max_constants"": 999, ""max_depth"": 6, ""max_evals"": 2000000, ""max_unary"": 999, ""mutation_rate"": 0.1, ""ops"": [""+"", ""-"", ""*"", ""/"", ""sin"", ""cos"", ""exp"", ""log""], ""succ_error_tol"": 1e-06}","{""K"": 500, ""c"": 6.0, ""exploration_rate"": 0.1, ""gamma"": 0.5, ""gp_rate"": 0.5, ""lm_iterations"": 10, ""max_constants"": 999, ""max_depth"": 6, ""max_evals"": 2000000, ""max_unary"": 999, ""mutation_rate"": 0.1, ""ops"": [""+"", ""-"", ""*"", ""/"", ""sin"", ""cos"", ""exp"", ""log""], ""succ_error_tol"": 1e-06}",0.5
imcts,Livermore,21,Livermore-21,expression,78,21870,40,20,20,1,"[""x0""]",x[0]**8 + x[0]**7 + x[0]**6 + x[0]**5 + x[0]**4 + x[0]**3 + x[0]**2 + x[0],0.9999999403953552,True,1.0,1.0,15.0,446338,2.655650609987788,0.0,0,(x0 + x0 * x0 * x0) * (x0 * x0 + x0) * (x0 * x0 * x0 + x0 / (x0 * x0)),(x0 + x0 * x0 * x0) * (x0 * x0 + x0) * (x0 * x0 * x0 + x0 / (x0 * x0)),x0*(x0 + 1)*(x0**2 + 1)*(x0**4 + 1),[],"{""K"": 500, ""c"": 6.0, ""exploration_rate"": 0.1, ""gamma"": 0.5, ""gp_rate"": 0.5, ""lm_iterations"": 10, ""max_constants"": 999, ""max_depth"": 6, ""max_evals"": 2000000, ""max_unary"": 999, ""mutation_rate"": 0.1, ""ops"": [""+"", ""-"", ""*"", ""/"", ""sin"", ""cos"", ""exp"", ""log""], ""succ_error_tol"": 1e-06}","{""K"": 500, ""c"": 6.0, ""exploration_rate"": 0.1, ""gamma"": 0.5, ""gp_rate"": 0.5, ""lm_iterations"": 10, ""max_constants"": 999, ""max_depth"": 6, ""max_evals"": 2000000, ""max_unary"": 999, ""mutation_rate"": 0.1, ""ops"": [""+"", ""-"", ""*"", ""/"", ""sin"", ""cos"", ""exp"", ""log""], ""succ_error_tol"": 1e-06}",0.5
imcts,Livermore,21,Livermore-21,expression,79,23483,40,20,20,1,"[""x0""]",x[0]**8 + x[0]**7 + x[0]**6 + x[0]**5 + x[0]**4 + x[0]**3 + x[0]**2 + x[0],0.9999998807907104,True,1.0,1.0,14.0,216088,1.1707941879867576,0.0,0,(x0 + x0 * x0 * x0) * (x0 / x0 + x0 * x0 * x0 * x0) * (x0 / x0 + x0),(x0 + x0 * x0 * x0) * (x0 / x0 + x0 * x0 * x0 * x0) * (x0 / x0 + x0),(x0 + 1)*(x0**3 + x0)*(x0**4 + 1),[],"{""K"": 500, ""c"": 6.0, ""exploration_rate"": 0.1, ""gamma"": 0.5, ""gp_rate"": 0.5, ""lm_iterations"": 10, ""max_constants"": 999, ""max_depth"": 6, ""max_evals"": 2000000, ""max_unary"": 999, ""mutation_rate"": 0.1, ""ops"": [""+"", ""-"", ""*"", ""/"", ""sin"", ""cos"", ""exp"", ""log""], ""succ_error_tol"": 1e-06}","{""K"": 500, ""c"": 6.0, ""exploration_rate"": 0.1, ""gamma"": 0.5, ""gp_rate"": 0.5, ""lm_iterations"": 10, ""max_constants"": 999, ""max_depth"": 6, ""max_evals"": 2000000, ""max_unary"": 999, ""mutation_rate"": 0.1, ""ops"": [""+"", ""-"", ""*"", ""/"", ""sin"", ""cos"", ""exp"", ""log""], ""succ_error_tol"": 1e-06}",0.5
imcts,Livermore,21,Livermore-21,expression,80,26054,40,20,20,1,"[""x0""]",x[0]**8 + x[0]**7 + x[0]**6 + x[0]**5 + x[0]**4 + x[0]**3 + x[0]**2 + x[0],0.9977115988731384,False,0.9999947391980488,0.9819377387081577,21.0,2000000,13.140265241032466,0.0,0,exp(x0 * x0) * (x0 * x0 + x0) + x0 * x0 * (cos(x0) + x0 + x0) * x0 * x0 * x0 * x0,exp(x0 * x0) * (x0 * x0 + x0) + x0 * x0 * (cos(x0) + x0 + x0) * x0 * x0 * x0 * x0,x0*(x0**5*(2*x0 + cos(x0)) + (x0 + 1)*exp(x0**2)),[],"{""K"": 500, ""c"": 6.0, ""exploration_rate"": 0.1, ""gamma"": 0.5, ""gp_rate"": 0.5, ""lm_iterations"": 10, ""max_constants"": 999, ""max_depth"": 6, ""max_evals"": 2000000, ""max_unary"": 999, ""mutation_rate"": 0.1, ""ops"": [""+"", ""-"", ""*"", ""/"", ""sin"", ""cos"", ""exp"", ""log""], ""succ_error_tol"": 1e-06}","{""K"": 500, ""c"": 6.0, ""exploration_rate"": 0.1, ""gamma"": 0.5, ""gp_rate"": 0.5, ""lm_iterations"": 10, ""max_constants"": 999, ""max_depth"": 6, ""max_evals"": 2000000, ""max_unary"": 999, ""mutation_rate"": 0.1, ""ops"": [""+"", ""-"", ""*"", ""/"", ""sin"", ""cos"", ""exp"", ""log""], ""succ_error_tol"": 1e-06}",0.5
imcts,Livermore,21,Livermore-21,expression,81,15787,40,20,20,1,"[""x0""]",x[0]**8 + x[0]**7 + x[0]**6 + x[0]**5 + x[0]**4 + x[0]**3 + x[0]**2 + x[0],0.9999998807907104,True,1.0,1.0,15.0,174262,0.913804039999377,0.0,0,(x0 * x0 * x0 + x0 + x0 * x0 + sin(x0) / sin(x0)) * (x0 + x0 * x0 * x0 * x0 * x0),(x0 * x0 * x0 + x0 + x0 * x0 + sin(x0) / sin(x0)) * (x0 + x0 * x0 * x0 * x0 * x0),(x0**5 + x0)*(x0**3 + x0**2 + x0 + 1),[],"{""K"": 500, ""c"": 6.0, ""exploration_rate"": 0.1, ""gamma"": 0.5, ""gp_rate"": 0.5, ""lm_iterations"": 10, ""max_constants"": 999, ""max_depth"": 6, ""max_evals"": 2000000, ""max_unary"": 999, ""mutation_rate"": 0.1, ""ops"": [""+"", ""-"", ""*"", ""/"", ""sin"", ""cos"", ""exp"", ""log""], ""succ_error_tol"": 1e-06}","{""K"": 500, ""c"": 6.0, ""exploration_rate"": 0.1, ""gamma"": 0.5, ""gp_rate"": 0.5, ""lm_iterations"": 10, ""max_constants"": 999, ""max_depth"": 6, ""max_evals"": 2000000, ""max_unary"": 999, ""mutation_rate"": 0.1, ""ops"": [""+"", ""-"", ""*"", ""/"", ""sin"", ""cos"", ""exp"", ""log""], ""succ_error_tol"": 1e-06}",0.5
imcts,Livermore,21,Livermore-21,expression,82,27132,40,20,20,1,"[""x0""]",x[0]**8 + x[0]**7 + x[0]**6 + x[0]**5 + x[0]**4 + x[0]**3 + x[0]**2 + x[0],0.9947022795677185,False,0.9999716347054043,0.9999533477071861,20.0,2000004,12.725537254998926,0.0,0,(sin(x0) * x0 + sin(x0)) * (x0 * x0 * x0 * x0 * (x0 * x0 + x0 / x0) + exp(x0 * x0)),(sin(x0) * x0 + sin(x0)) * (x0 * x0 * x0 * x0 * (x0 * x0 + x0 / x0) + exp(x0 * x0)),(x0 + 1)*(x0**4*(x0**2 + 1) + exp(x0**2))*sin(x0),[],"{""K"": 500, ""c"": 6.0, ""exploration_rate"": 0.1, ""gamma"": 0.5, ""gp_rate"": 0.5, ""lm_iterations"": 10, ""max_constants"": 999, ""max_depth"": 6, ""max_evals"": 2000000, ""max_unary"": 999, ""mutation_rate"": 0.1, ""ops"": [""+"", ""-"", ""*"", ""/"", ""sin"", ""cos"", ""exp"", ""log""], ""succ_error_tol"": 1e-06}","{""K"": 500, ""c"": 6.0, ""exploration_rate"": 0.1, ""gamma"": 0.5, ""gp_rate"": 0.5, ""lm_iterations"": 10, ""max_constants"": 999, ""max_depth"": 6, ""max_evals"": 2000000, ""max_unary"": 999, ""mutation_rate"": 0.1, ""ops"": [""+"", ""-"", ""*"", ""/"", ""sin"", ""cos"", ""exp"", ""log""], ""succ_error_tol"": 1e-06}",0.5
imcts,Livermore,21,Livermore-21,expression,83,17159,40,20,20,1,"[""x0""]",x[0]**8 + x[0]**7 + x[0]**6 + x[0]**5 + x[0]**4 + x[0]**3 + x[0]**2 + x[0],0.9999999403953552,True,1.0,1.0,17.0,502968,2.9784079840173945,0.0,0,(x0 + cos(x0 - x0) + x0 * x0 * x0 * (x0 * x0 + x0)) * x0 * (x0 * x0 + cos(x0 - x0)),(x0 + cos(x0 - x0) + x0 * x0 * x0 * (x0 * x0 + x0)) * x0 * (x0 * x0 + cos(x0 - x0)),x0*(x0**2 + 1)*(x0**4*(x0 + 1) + x0 + 1),[],"{""K"": 500, ""c"": 6.0, ""exploration_rate"": 0.1, ""gamma"": 0.5, ""gp_rate"": 0.5, ""lm_iterations"": 10, ""max_constants"": 999, ""max_depth"": 6, ""max_evals"": 2000000, ""max_unary"": 999, ""mutation_rate"": 0.1, ""ops"": [""+"", ""-"", ""*"", ""/"", ""sin"", ""cos"", ""exp"", ""log""], ""succ_error_tol"": 1e-06}","{""K"": 500, ""c"": 6.0, ""exploration_rate"": 0.1, ""gamma"": 0.5, ""gp_rate"": 0.5, ""lm_iterations"": 10, ""max_constants"": 999, ""max_depth"": 6, ""max_evals"": 2000000, ""max_unary"": 999, ""mutation_rate"": 0.1, ""ops"": [""+"", ""-"", ""*"", ""/"", ""sin"", ""cos"", ""exp"", ""log""], ""succ_error_tol"": 1e-06}",0.5
imcts,Livermore,21,Livermore-21,expression,84,12206,40,20,20,1,"[""x0""]",x[0]**8 + x[0]**7 + x[0]**6 + x[0]**5 + x[0]**4 + x[0]**3 + x[0]**2 + x[0],0.9999998807907104,True,1.0,1.0,15.0,316912,1.8290548929944634,0.0,0,(x0 + x0 * x0 * x0 * x0 * x0) * (x0 * x0 + x0 / x0 + x0 + x0 * x0 * x0),(x0 + x0 * x0 * x0 * x0 * x0) * (x0 * x0 + x0 / x0 + x0 + x0 * x0 * x0),(x0**5 + x0)*(x0**3 + x0**2 + x0 + 1),[],"{""K"": 500, ""c"": 6.0, ""exploration_rate"": 0.1, ""gamma"": 0.5, ""gp_rate"": 0.5, ""lm_iterations"": 10, ""max_constants"": 999, ""max_depth"": 6, ""max_evals"": 2000000, ""max_unary"": 999, ""mutation_rate"": 0.1, ""ops"": [""+"", ""-"", ""*"", ""/"", ""sin"", ""cos"", ""exp"", ""log""], ""succ_error_tol"": 1e-06}","{""K"": 500, ""c"": 6.0, ""exploration_rate"": 0.1, ""gamma"": 0.5, ""gp_rate"": 0.5, ""lm_iterations"": 10, ""max_constants"": 999, ""max_depth"": 6, ""max_evals"": 2000000, ""max_unary"": 999, ""mutation_rate"": 0.1, ""ops"": [""+"", ""-"", ""*"", ""/"", ""sin"", ""cos"", ""exp"", ""log""], ""succ_error_tol"": 1e-06}",0.5
imcts,Livermore,21,Livermore-21,expression,85,8226,40,20,20,1,"[""x0""]",x[0]**8 + x[0]**7 + x[0]**6 + x[0]**5 + x[0]**4 + x[0]**3 + x[0]**2 + x[0],0.9903576374053955,False,0.9999052049755708,0.9999084528096018,21.0,2000002,13.414810893998947,0.0,0,exp(sin(x0 * x0)) * (exp(x0 * x0) - x0 * x0) * (x0 * x0 + x0),exp(sin(x0 * x0)) * (exp(x0 * x0) - x0 * x0) * (x0 * x0 + x0),-x0*(x0 + 1)*(x0**2 - exp(x0**2))*exp(sin(x0**2)),[],"{""K"": 500, ""c"": 6.0, ""exploration_rate"": 0.1, ""gamma"": 0.5, ""gp_rate"": 0.5, ""lm_iterations"": 10, ""max_constants"": 999, ""max_depth"": 6, ""max_evals"": 2000000, ""max_unary"": 999, ""mutation_rate"": 0.1, ""ops"": [""+"", ""-"", ""*"", ""/"", ""sin"", ""cos"", ""exp"", ""log""], ""succ_error_tol"": 1e-06}","{""K"": 500, ""c"": 6.0, ""exploration_rate"": 0.1, ""gamma"": 0.5, ""gp_rate"": 0.5, ""lm_iterations"": 10, ""max_constants"": 999, ""max_depth"": 6, ""max_evals"": 2000000, ""max_unary"": 999, ""mutation_rate"": 0.1, ""ops"": [""+"", ""-"", ""*"", ""/"", ""sin"", ""cos"", ""exp"", ""log""], ""succ_error_tol"": 1e-06}",0.5
imcts,Livermore,21,Livermore-21,expression,86,14541,40,20,20,1,"[""x0""]",x[0]**8 + x[0]**7 + x[0]**6 + x[0]**5 + x[0]**4 + x[0]**3 + x[0]**2 + x[0],0.9999999403953552,True,1.0,1.0,15.0,1173395,7.375898675993085,0.0,0,x0 * (x0 / x0 + x0 * x0) * (x0 / x0 + x0) * (x0 * x0 * x0 * x0 + x0 / x0),x0 * (x0 / x0 + x0 * x0) * (x0 / x0 + x0) * (x0 * x0 * x0 * x0 + x0 / x0),x0*(x0 + 1)*(x0**2 + 1)*(x0**4 + 1),[],"{""K"": 500, ""c"": 6.0, ""exploration_rate"": 0.1, ""gamma"": 0.5, ""gp_rate"": 0.5, ""lm_iterations"": 10, ""max_constants"": 999, ""max_depth"": 6, ""max_evals"": 2000000, ""max_unary"": 999, ""mutation_rate"": 0.1, ""ops"": [""+"", ""-"", ""*"", ""/"", ""sin"", ""cos"", ""exp"", ""log""], ""succ_error_tol"": 1e-06}","{""K"": 500, ""c"": 6.0, ""exploration_rate"": 0.1, ""gamma"": 0.5, ""gp_rate"": 0.5, ""lm_iterations"": 10, ""max_constants"": 999, ""max_depth"": 6, ""max_evals"": 2000000, ""max_unary"": 999, ""mutation_rate"": 0.1, ""ops"": [""+"", ""-"", ""*"", ""/"", ""sin"", ""cos"", ""exp"", ""log""], ""succ_error_tol"": 1e-06}",0.5
imcts,Livermore,21,Livermore-21,expression,87,3152,40,20,20,1,"[""x0""]",x[0]**8 + x[0]**7 + x[0]**6 + x[0]**5 + x[0]**4 + x[0]**3 + x[0]**2 + x[0],0.9999999403953552,True,1.0,1.0,14.0,862902,5.502244680013973,0.0,0,(exp(x0 - x0) + x0) * (x0 * x0 * x0 + x0) * (x0 / x0 + x0 * x0 * x0 * x0),(exp(x0 - x0) + x0) * (x0 * x0 * x0 + x0) * (x0 / x0 + x0 * x0 * x0 * x0),(x0 + 1)*(x0**3 + x0)*(x0**4 + 1),[],"{""K"": 500, ""c"": 6.0, ""exploration_rate"": 0.1, ""gamma"": 0.5, ""gp_rate"": 0.5, ""lm_iterations"": 10, ""max_constants"": 999, ""max_depth"": 6, ""max_evals"": 2000000, ""max_unary"": 999, ""mutation_rate"": 0.1, ""ops"": [""+"", ""-"", ""*"", ""/"", ""sin"", ""cos"", ""exp"", ""log""], ""succ_error_tol"": 1e-06}","{""K"": 500, ""c"": 6.0, ""exploration_rate"": 0.1, ""gamma"": 0.5, ""gp_rate"": 0.5, ""lm_iterations"": 10, ""max_constants"": 999, ""max_depth"": 6, ""max_evals"": 2000000, ""max_unary"": 999, ""mutation_rate"": 0.1, ""ops"": [""+"", ""-"", ""*"", ""/"", ""sin"", ""cos"", ""exp"", ""log""], ""succ_error_tol"": 1e-06}",0.5
imcts,Livermore,21,Livermore-21,expression,88,26531,40,20,20,1,"[""x0""]",x[0]**8 + x[0]**7 + x[0]**6 + x[0]**5 + x[0]**4 + x[0]**3 + x[0]**2 + x[0],0.9905530214309692,False,0.9999090447466235,0.9998493103622311,26.0,2000002,13.286341783998068,0.0,0,x0 * cos(x0 * x0) - x0 * x0 / (sin(x0) + sin(x0)) + x0 * x0 * exp(x0 + x0) / sin(x0 + x0),x0 * cos(x0 * x0) - x0 * x0 / (sin(x0) + sin(x0)) + x0 * x0 * exp(x0 + x0) / sin(x0 + x0),x0*(x0*exp(2*x0)/sin(2*x0) - x0/(2*sin(x0)) + cos(x0**2)),[],"{""K"": 500, ""c"": 6.0, ""exploration_rate"": 0.1, ""gamma"": 0.5, ""gp_rate"": 0.5, ""lm_iterations"": 10, ""max_constants"": 999, ""max_depth"": 6, ""max_evals"": 2000000, ""max_unary"": 999, ""mutation_rate"": 0.1, ""ops"": [""+"", ""-"", ""*"", ""/"", ""sin"", ""cos"", ""exp"", ""log""], ""succ_error_tol"": 1e-06}","{""K"": 500, ""c"": 6.0, ""exploration_rate"": 0.1, ""gamma"": 0.5, ""gp_rate"": 0.5, ""lm_iterations"": 10, ""max_constants"": 999, ""max_depth"": 6, ""max_evals"": 2000000, ""max_unary"": 999, ""mutation_rate"": 0.1, ""ops"": [""+"", ""-"", ""*"", ""/"", ""sin"", ""cos"", ""exp"", ""log""], ""succ_error_tol"": 1e-06}",0.5
imcts,Livermore,21,Livermore-21,expression,89,1585,40,20,20,1,"[""x0""]",x[0]**8 + x[0]**7 + x[0]**6 + x[0]**5 + x[0]**4 + x[0]**3 + x[0]**2 + x[0],0.9976600408554077,False,0.9999944989856764,0.9837066166573044,19.0,2000006,13.190785348007921,0.0,0,sin(x0 * x0) + sin(x0) + exp(x0 + x0 * x0) * sin(x0 * x0) * x0,sin(x0 * x0) + sin(x0) + exp(x0 + x0 * x0) * sin(x0 * x0) * x0,x0*exp(x0*(x0 + 1))*sin(x0**2) + sin(x0) + sin(x0**2),[],"{""K"": 500, ""c"": 6.0, ""exploration_rate"": 0.1, ""gamma"": 0.5, ""gp_rate"": 0.5, ""lm_iterations"": 10, ""max_constants"": 999, ""max_depth"": 6, ""max_evals"": 2000000, ""max_unary"": 999, ""mutation_rate"": 0.1, ""ops"": [""+"", ""-"", ""*"", ""/"", ""sin"", ""cos"", ""exp"", ""log""], ""succ_error_tol"": 1e-06}","{""K"": 500, ""c"": 6.0, ""exploration_rate"": 0.1, ""gamma"": 0.5, ""gp_rate"": 0.5, ""lm_iterations"": 10, ""max_constants"": 999, ""max_depth"": 6, ""max_evals"": 2000000, ""max_unary"": 999, ""mutation_rate"": 0.1, ""ops"": [""+"", ""-"", ""*"", ""/"", ""sin"", ""cos"", ""exp"", ""log""], ""succ_error_tol"": 1e-06}",0.5
imcts,Livermore,21,Livermore-21,expression,90,3943,40,20,20,1,"[""x0""]",x[0]**8 + x[0]**7 + x[0]**6 + x[0]**5 + x[0]**4 + x[0]**3 + x[0]**2 + x[0],0.9948185682296753,False,0.999972872479726,0.997516463641494,15.0,2000003,12.744929781008977,0.0,0,x0 * x0 * (x0 * x0 + x0) / (cos(x0) * cos(x0)) + x0 * x0 + x0,x0 * x0 * (x0 * x0 + x0) / (cos(x0) * cos(x0)) + x0 * x0 + x0,x0*(x0 + 1)*(x0**2/cos(x0)**2 + 1),[],"{""K"": 500, ""c"": 6.0, ""exploration_rate"": 0.1, ""gamma"": 0.5, ""gp_rate"": 0.5, ""lm_iterations"": 10, ""max_constants"": 999, ""max_depth"": 6, ""max_evals"": 2000000, ""max_unary"": 999, ""mutation_rate"": 0.1, ""ops"": [""+"", ""-"", ""*"", ""/"", ""sin"", ""cos"", ""exp"", ""log""], ""succ_error_tol"": 1e-06}","{""K"": 500, ""c"": 6.0, ""exploration_rate"": 0.1, ""gamma"": 0.5, ""gp_rate"": 0.5, ""lm_iterations"": 10, ""max_constants"": 999, ""max_depth"": 6, ""max_evals"": 2000000, ""max_unary"": 999, ""mutation_rate"": 0.1, ""ops"": [""+"", ""-"", ""*"", ""/"", ""sin"", ""cos"", ""exp"", ""log""], ""succ_error_tol"": 1e-06}",0.5
imcts,Livermore,21,Livermore-21,expression,91,23939,40,20,20,1,"[""x0""]",x[0]**8 + x[0]**7 + x[0]**6 + x[0]**5 + x[0]**4 + x[0]**3 + x[0]**2 + x[0],0.9999999403953552,True,1.0,1.0,19.0,321041,1.8150602870155126,0.0,0,(x0 * x0 * x0 * x0 * (x0 / x0 + x0 * x0) + x0 / x0 + x0 * x0) * (x0 * x0 + x0),(x0 * x0 * x0 * x0 * (x0 / x0 + x0 * x0) + x0 / x0 + x0 * x0) * (x0 * x0 + x0),x0*(x0 + 1)*(x0**4*(x0**2 + 1) + x0**2 + 1),[],"{""K"": 500, ""c"": 6.0, ""exploration_rate"": 0.1, ""gamma"": 0.5, ""gp_rate"": 0.5, ""lm_iterations"": 10, ""max_constants"": 999, ""max_depth"": 6, ""max_evals"": 2000000, ""max_unary"": 999, ""mutation_rate"": 0.1, ""ops"": [""+"", ""-"", ""*"", ""/"", ""sin"", ""cos"", ""exp"", ""log""], ""succ_error_tol"": 1e-06}","{""K"": 500, ""c"": 6.0, ""exploration_rate"": 0.1, ""gamma"": 0.5, ""gp_rate"": 0.5, ""lm_iterations"": 10, ""max_constants"": 999, ""max_depth"": 6, ""max_evals"": 2000000, ""max_unary"": 999, ""mutation_rate"": 0.1, ""ops"": [""+"", ""-"", ""*"", ""/"", ""sin"", ""cos"", ""exp"", ""log""], ""succ_error_tol"": 1e-06}",0.5
imcts,Livermore,21,Livermore-21,expression,92,19457,40,20,20,1,"[""x0""]",x[0]**8 + x[0]**7 + x[0]**6 + x[0]**5 + x[0]**4 + x[0]**3 + x[0]**2 + x[0],0.9949369430541992,False,0.999974104227363,0.998298665321997,17.0,2000003,13.99060203100089,0.0,0,(x0 * x0 + x0) * exp(x0 / x0 + x0 * x0) / exp(cos(x0 * x0)),(x0 * x0 + x0) * exp(x0 / x0 + x0 * x0) / exp(cos(x0 * x0)),x0*(x0 + 1)*exp(x0**2 - cos(x0**2) + 1),[],"{""K"": 500, ""c"": 6.0, ""exploration_rate"": 0.1, ""gamma"": 0.5, ""gp_rate"": 0.5, ""lm_iterations"": 10, ""max_constants"": 999, ""max_depth"": 6, ""max_evals"": 2000000, ""max_unary"": 999, ""mutation_rate"": 0.1, ""ops"": [""+"", ""-"", ""*"", ""/"", ""sin"", ""cos"", ""exp"", ""log""], ""succ_error_tol"": 1e-06}","{""K"": 500, ""c"": 6.0, ""exploration_rate"": 0.1, ""gamma"": 0.5, ""gp_rate"": 0.5, ""lm_iterations"": 10, ""max_constants"": 999, ""max_depth"": 6, ""max_evals"": 2000000, ""max_unary"": 999, ""mutation_rate"": 0.1, ""ops"": [""+"", ""-"", ""*"", ""/"", ""sin"", ""cos"", ""exp"", ""log""], ""succ_error_tol"": 1e-06}",0.5
imcts,Livermore,21,Livermore-21,expression,93,1021,40,20,20,1,"[""x0""]",x[0]**8 + x[0]**7 + x[0]**6 + x[0]**5 + x[0]**4 + x[0]**3 + x[0]**2 + x[0],0.9999998807907104,True,1.0,1.0,15.0,468076,2.7890051240101457,0.0,0,(x0 + x0 * x0 * x0 * x0 * x0) * (x0 + x0 * x0 + x0 / x0 + x0 * x0 * x0),(x0 + x0 * x0 * x0 * x0 * x0) * (x0 + x0 * x0 + x0 / x0 + x0 * x0 * x0),(x0**5 + x0)*(x0**3 + x0**2 + x0 + 1),[],"{""K"": 500, ""c"": 6.0, ""exploration_rate"": 0.1, ""gamma"": 0.5, ""gp_rate"": 0.5, ""lm_iterations"": 10, ""max_constants"": 999, ""max_depth"": 6, ""max_evals"": 2000000, ""max_unary"": 999, ""mutation_rate"": 0.1, ""ops"": [""+"", ""-"", ""*"", ""/"", ""sin"", ""cos"", ""exp"", ""log""], ""succ_error_tol"": 1e-06}","{""K"": 500, ""c"": 6.0, ""exploration_rate"": 0.1, ""gamma"": 0.5, ""gp_rate"": 0.5, ""lm_iterations"": 10, ""max_constants"": 999, ""max_depth"": 6, ""max_evals"": 2000000, ""max_unary"": 999, ""mutation_rate"": 0.1, ""ops"": [""+"", ""-"", ""*"", ""/"", ""sin"", ""cos"", ""exp"", ""log""], ""succ_error_tol"": 1e-06}",0.5
imcts,Livermore,21,Livermore-21,expression,94,11653,40,20,20,1,"[""x0""]",x[0]**8 + x[0]**7 + x[0]**6 + x[0]**5 + x[0]**4 + x[0]**3 + x[0]**2 + x[0],0.9923757910728455,False,0.9999409753027105,0.9994702668054861,17.0,2000000,13.320423098979518,0.0,0,(x0 / cos(x0) * x0 * x0 * sin(x0) + exp(x0 * sin(x0))) * (x0 * x0 + x0),(x0 / cos(x0) * x0 * x0 * sin(x0) + exp(x0 * sin(x0))) * (x0 * x0 + x0),x0*(x0 + 1)*(x0**3*tan(x0) + exp(x0*sin(x0))),[],"{""K"": 500, ""c"": 6.0, ""exploration_rate"": 0.1, ""gamma"": 0.5, ""gp_rate"": 0.5, ""lm_iterations"": 10, ""max_constants"": 999, ""max_depth"": 6, ""max_evals"": 2000000, ""max_unary"": 999, ""mutation_rate"": 0.1, ""ops"": [""+"", ""-"", ""*"", ""/"", ""sin"", ""cos"", ""exp"", ""log""], ""succ_error_tol"": 1e-06}","{""K"": 500, ""c"": 6.0, ""exploration_rate"": 0.1, ""gamma"": 0.5, ""gp_rate"": 0.5, ""lm_iterations"": 10, ""max_constants"": 999, ""max_depth"": 6, ""max_evals"": 2000000, ""max_unary"": 999, ""mutation_rate"": 0.1, ""ops"": [""+"", ""-"", ""*"", ""/"", ""sin"", ""cos"", ""exp"", ""log""], ""succ_error_tol"": 1e-06}",0.5
imcts,Livermore,21,Livermore-21,expression,95,10805,40,20,20,1,"[""x0""]",x[0]**8 + x[0]**7 + x[0]**6 + x[0]**5 + x[0]**4 + x[0]**3 + x[0]**2 + x[0],0.9950727224349976,False,0.9999754800300807,0.9675266782865223,23.0,2000001,13.177890489983838,0.0,0,exp(sin(x0) * x0) * (x0 * x0 + sin(x0)) + x0 * x0 * x0 * x0 * x0 * (x0 * x0 + exp(x0)),exp(sin(x0) * x0) * (x0 * x0 + sin(x0)) + x0 * x0 * x0 * x0 * x0 * (x0 * x0 + exp(x0)),x0**5*(x0**2 + exp(x0)) + (x0**2 + sin(x0))*exp(x0*sin(x0)),[],"{""K"": 500, ""c"": 6.0, ""exploration_rate"": 0.1, ""gamma"": 0.5, ""gp_rate"": 0.5, ""lm_iterations"": 10, ""max_constants"": 999, ""max_depth"": 6, ""max_evals"": 2000000, ""max_unary"": 999, ""mutation_rate"": 0.1, ""ops"": [""+"", ""-"", ""*"", ""/"", ""sin"", ""cos"", ""exp"", ""log""], ""succ_error_tol"": 1e-06}","{""K"": 500, ""c"": 6.0, ""exploration_rate"": 0.1, ""gamma"": 0.5, ""gp_rate"": 0.5, ""lm_iterations"": 10, ""max_constants"": 999, ""max_depth"": 6, ""max_evals"": 2000000, ""max_unary"": 999, ""mutation_rate"": 0.1, ""ops"": [""+"", ""-"", ""*"", ""/"", ""sin"", ""cos"", ""exp"", ""log""], ""succ_error_tol"": 1e-06}",0.5
imcts,Livermore,21,Livermore-21,expression,96,13417,40,20,20,1,"[""x0""]",x[0]**8 + x[0]**7 + x[0]**6 + x[0]**5 + x[0]**4 + x[0]**3 + x[0]**2 + x[0],0.9999999403953552,True,1.0,1.0,15.0,1159435,7.487090818001889,0.0,0,(x0 / x0 + x0 * x0 * x0 + x0 * x0 + x0) * (x0 * x0 * x0 * x0 * x0 + x0),(x0 / x0 + x0 * x0 * x0 + x0 * x0 + x0) * (x0 * x0 * x0 * x0 * x0 + x0),(x0**5 + x0)*(x0**3 + x0**2 + x0 + 1),[],"{""K"": 500, ""c"": 6.0, ""exploration_rate"": 0.1, ""gamma"": 0.5, ""gp_rate"": 0.5, ""lm_iterations"": 10, ""max_constants"": 999, ""max_depth"": 6, ""max_evals"": 2000000, ""max_unary"": 999, ""mutation_rate"": 0.1, ""ops"": [""+"", ""-"", ""*"", ""/"", ""sin"", ""cos"", ""exp"", ""log""], ""succ_error_tol"": 1e-06}","{""K"": 500, ""c"": 6.0, ""exploration_rate"": 0.1, ""gamma"": 0.5, ""gp_rate"": 0.5, ""lm_iterations"": 10, ""max_constants"": 999, ""max_depth"": 6, ""max_evals"": 2000000, ""max_unary"": 999, ""mutation_rate"": 0.1, ""ops"": [""+"", ""-"", ""*"", ""/"", ""sin"", ""cos"", ""exp"", ""log""], ""succ_error_tol"": 1e-06}",0.5
imcts,Livermore,21,Livermore-21,expression,97,20227,40,20,20,1,"[""x0""]",x[0]**8 + x[0]**7 + x[0]**6 + x[0]**5 + x[0]**4 + x[0]**3 + x[0]**2 + x[0],0.9999999403953552,True,1.0,1.0,17.0,473446,2.7852903329767287,0.0,0,(x0 + x0 / x0 + x0 * x0 * x0 * (x0 + x0 * x0)) * (x0 + x0 * x0 * x0 - (x0 - x0)),(x0 + x0 / x0 + x0 * x0 * x0 * (x0 + x0 * x0)) * (x0 + x0 * x0 * x0 - (x0 - x0)),x0*(x0**2 + 1)*(x0**4*(x0 + 1) + x0 + 1),[],"{""K"": 500, ""c"": 6.0, ""exploration_rate"": 0.1, ""gamma"": 0.5, ""gp_rate"": 0.5, ""lm_iterations"": 10, ""max_constants"": 999, ""max_depth"": 6, ""max_evals"": 2000000, ""max_unary"": 999, ""mutation_rate"": 0.1, ""ops"": [""+"", ""-"", ""*"", ""/"", ""sin"", ""cos"", ""exp"", ""log""], ""succ_error_tol"": 1e-06}","{""K"": 500, ""c"": 6.0, ""exploration_rate"": 0.1, ""gamma"": 0.5, ""gp_rate"": 0.5, ""lm_iterations"": 10, ""max_constants"": 999, ""max_depth"": 6, ""max_evals"": 2000000, ""max_unary"": 999, ""mutation_rate"": 0.1, ""ops"": [""+"", ""-"", ""*"", ""/"", ""sin"", ""cos"", ""exp"", ""log""], ""succ_error_tol"": 1e-06}",0.5
imcts,Livermore,21,Livermore-21,expression,98,7989,40,20,20,1,"[""x0""]",x[0]**8 + x[0]**7 + x[0]**6 + x[0]**5 + x[0]**4 + x[0]**3 + x[0]**2 + x[0],0.9999999403953552,True,1.0,1.0,19.0,237805,1.3226391860516742,0.0,0,(x0 / x0 + x0 * x0 + x0 * x0 * x0 * x0) * (x0 * x0 + x0) * x0 * x0 + (x0 / x0 + x0) * x0,(x0 / x0 + x0 * x0 + x0 * x0 * x0 * x0) * (x0 * x0 + x0) * x0 * x0 + (x0 / x0 + x0) * x0,x0*(x0 + 1)*(x0**2*(x0**4 + x0**2 + 1) + 1),[],"{""K"": 500, ""c"": 6.0, ""exploration_rate"": 0.1, ""gamma"": 0.5, ""gp_rate"": 0.5, ""lm_iterations"": 10, ""max_constants"": 999, ""max_depth"": 6, ""max_evals"": 2000000, ""max_unary"": 999, ""mutation_rate"": 0.1, ""ops"": [""+"", ""-"", ""*"", ""/"", ""sin"", ""cos"", ""exp"", ""log""], ""succ_error_tol"": 1e-06}","{""K"": 500, ""c"": 6.0, ""exploration_rate"": 0.1, ""gamma"": 0.5, ""gp_rate"": 0.5, ""lm_iterations"": 10, ""max_constants"": 999, ""max_depth"": 6, ""max_evals"": 2000000, ""max_unary"": 999, ""mutation_rate"": 0.1, ""ops"": [""+"", ""-"", ""*"", ""/"", ""sin"", ""cos"", ""exp"", ""log""], ""succ_error_tol"": 1e-06}",0.5
imcts,Livermore,21,Livermore-21,expression,99,9692,40,20,20,1,"[""x0""]",x[0]**8 + x[0]**7 + x[0]**6 + x[0]**5 + x[0]**4 + x[0]**3 + x[0]**2 + x[0],0.9999998807907104,True,1.0,1.0,16.0,173546,0.9091658670222387,0.0,0,(x0 * x0 * x0 * x0 * x0 + x0) * (x0 * (x0 + x0 * x0) + x0 / x0 + x0),(x0 * x0 * x0 * x0 * x0 + x0) * (x0 * (x0 + x0 * x0) + x0 / x0 + x0),(x0**5 + x0)*(x0*(x0**2 + x0) + x0 + 1),[],"{""K"": 500, ""c"": 6.0, ""exploration_rate"": 0.1, ""gamma"": 0.5, ""gp_rate"": 0.5, ""lm_iterations"": 10, ""max_constants"": 999, ""max_depth"": 6, ""max_evals"": 2000000, ""max_unary"": 999, ""mutation_rate"": 0.1, ""ops"": [""+"", ""-"", ""*"", ""/"", ""sin"", ""cos"", ""exp"", ""log""], ""succ_error_tol"": 1e-06}","{""K"": 500, ""c"": 6.0, ""exploration_rate"": 0.1, ""gamma"": 0.5, ""gp_rate"": 0.5, ""lm_iterations"": 10, ""max_constants"": 999, ""max_depth"": 6, ""max_evals"": 2000000, ""max_unary"": 999, ""mutation_rate"": 0.1, ""ops"": [""+"", ""-"", ""*"", ""/"", ""sin"", ""cos"", ""exp"", ""log""], ""succ_error_tol"": 1e-06}",0.5
