algorithm,group,case_id,case_name,source_type,run,seed,samples_total,samples_train,samples_test,variables,feature_names,target_expression,reward,success,train_r2,test_r2,complexity,evaluations,time_sec,tuning_time_sec,tuning_evaluations,expression,materialized_expression,simplified_expression,coefficients,algorithm_params,tuned_params,test_ratio
imcts,Livermore,9,Livermore-9,expression,0,23654,40,20,20,1,"[""x0""]",x[0]**9 + x[0]**8 + x[0]**7 + x[0]**6 + x[0]**5 + x[0]**4 + x[0]**3 + x[0]**2 + x[0],0.996649444103241,False,0.99998869830025,0.9984541046887202,37.0,2000003,14.422486200986896,0.0,0,(exp(x0) - sin(x0)) * exp(x0) / (cos(x0 * x0) / x0) + (x0 - sin(x0)) * cos(x0 + x0) * (exp(x0) + x0 * x0) * sin(x0),(exp(x0) - sin(x0)) * exp(x0) / (cos(x0 * x0) / x0) + (x0 - sin(x0)) * cos(x0 + x0) * (exp(x0) + x0 * x0) * sin(x0),x0*(exp(x0) - sin(x0))*exp(x0)/cos(x0**2) + (x0 - sin(x0))*(x0**2 + exp(x0))*sin(x0)*cos(2*x0),[],"{""K"": 500, ""c"": 6.0, ""exploration_rate"": 0.1, ""gamma"": 0.5, ""gp_rate"": 0.5, ""lm_iterations"": 10, ""max_constants"": 999, ""max_depth"": 6, ""max_evals"": 2000000, ""max_unary"": 999, ""mutation_rate"": 0.1, ""ops"": [""+"", ""-"", ""*"", ""/"", ""sin"", ""cos"", ""exp"", ""log""], ""succ_error_tol"": 1e-06}","{""K"": 500, ""c"": 6.0, ""exploration_rate"": 0.1, ""gamma"": 0.5, ""gp_rate"": 0.5, ""lm_iterations"": 10, ""max_constants"": 999, ""max_depth"": 6, ""max_evals"": 2000000, ""max_unary"": 999, ""mutation_rate"": 0.1, ""ops"": [""+"", ""-"", ""*"", ""/"", ""sin"", ""cos"", ""exp"", ""log""], ""succ_error_tol"": 1e-06}",0.5
imcts,Livermore,9,Livermore-9,expression,1,15795,40,20,20,1,"[""x0""]",x[0]**9 + x[0]**8 + x[0]**7 + x[0]**6 + x[0]**5 + x[0]**4 + x[0]**3 + x[0]**2 + x[0],0.9877899885177612,False,0.9998472069270368,0.999697741021479,27.0,2000001,15.71790697996039,0.0,0,(exp(exp(x0)) + cos(x0) * exp(x0) + sin(x0 + x0) - x0) / ((sin(x0 + x0) + sin(x0 + x0)) / (x0 * x0)),(exp(exp(x0)) + cos(x0) * exp(x0) + sin(x0 + x0) - x0) / ((sin(x0 + x0) + sin(x0 + x0)) / (x0 * x0)),x0**2*(-x0 + exp(x0)*cos(x0) + exp(exp(x0)) + sin(2*x0))/(2*sin(2*x0)),[],"{""K"": 500, ""c"": 6.0, ""exploration_rate"": 0.1, ""gamma"": 0.5, ""gp_rate"": 0.5, ""lm_iterations"": 10, ""max_constants"": 999, ""max_depth"": 6, ""max_evals"": 2000000, ""max_unary"": 999, ""mutation_rate"": 0.1, ""ops"": [""+"", ""-"", ""*"", ""/"", ""sin"", ""cos"", ""exp"", ""log""], ""succ_error_tol"": 1e-06}","{""K"": 500, ""c"": 6.0, ""exploration_rate"": 0.1, ""gamma"": 0.5, ""gp_rate"": 0.5, ""lm_iterations"": 10, ""max_constants"": 999, ""max_depth"": 6, ""max_evals"": 2000000, ""max_unary"": 999, ""mutation_rate"": 0.1, ""ops"": [""+"", ""-"", ""*"", ""/"", ""sin"", ""cos"", ""exp"", ""log""], ""succ_error_tol"": 1e-06}",0.5
imcts,Livermore,9,Livermore-9,expression,2,860,40,20,20,1,"[""x0""]",x[0]**9 + x[0]**8 + x[0]**7 + x[0]**6 + x[0]**5 + x[0]**4 + x[0]**3 + x[0]**2 + x[0],0.9899691343307495,False,0.9998973321981789,0.999887246999485,17.0,2000001,15.129006093018688,0.0,0,(x0 * x0 * x0 * x0 + exp(x0 * x0)) * (x0 * x0 * x0 + x0 * x0) + x0,(x0 * x0 * x0 * x0 + exp(x0 * x0)) * (x0 * x0 * x0 + x0 * x0) + x0,x0*(x0*(x0 + 1)*(x0**4 + exp(x0**2)) + 1),[],"{""K"": 500, ""c"": 6.0, ""exploration_rate"": 0.1, ""gamma"": 0.5, ""gp_rate"": 0.5, ""lm_iterations"": 10, ""max_constants"": 999, ""max_depth"": 6, ""max_evals"": 2000000, ""max_unary"": 999, ""mutation_rate"": 0.1, ""ops"": [""+"", ""-"", ""*"", ""/"", ""sin"", ""cos"", ""exp"", ""log""], ""succ_error_tol"": 1e-06}","{""K"": 500, ""c"": 6.0, ""exploration_rate"": 0.1, ""gamma"": 0.5, ""gp_rate"": 0.5, ""lm_iterations"": 10, ""max_constants"": 999, ""max_depth"": 6, ""max_evals"": 2000000, ""max_unary"": 999, ""mutation_rate"": 0.1, ""ops"": [""+"", ""-"", ""*"", ""/"", ""sin"", ""cos"", ""exp"", ""log""], ""succ_error_tol"": 1e-06}",0.5
imcts,Livermore,9,Livermore-9,expression,3,5390,40,20,20,1,"[""x0""]",x[0]**9 + x[0]**8 + x[0]**7 + x[0]**6 + x[0]**5 + x[0]**4 + x[0]**3 + x[0]**2 + x[0],0.9918171763420105,False,0.9999319318506794,0.9999451566076887,29.0,2000001,13.969117531029042,0.0,0,(x0 * exp(x0) + x0 - sin(x0)) / cos(x0 * x0 * x0) + (x0 + x0 * x0) * x0 * x0 * (x0 + x0 * x0),(x0 * exp(x0) + x0 - sin(x0)) / cos(x0 * x0 * x0) + (x0 + x0 * x0) * x0 * x0 * (x0 + x0 * x0),x0**2*(x0**2 + x0)**2 + (x0*exp(x0) + x0 - sin(x0))/cos(x0**3),[],"{""K"": 500, ""c"": 6.0, ""exploration_rate"": 0.1, ""gamma"": 0.5, ""gp_rate"": 0.5, ""lm_iterations"": 10, ""max_constants"": 999, ""max_depth"": 6, ""max_evals"": 2000000, ""max_unary"": 999, ""mutation_rate"": 0.1, ""ops"": [""+"", ""-"", ""*"", ""/"", ""sin"", ""cos"", ""exp"", ""log""], ""succ_error_tol"": 1e-06}","{""K"": 500, ""c"": 6.0, ""exploration_rate"": 0.1, ""gamma"": 0.5, ""gp_rate"": 0.5, ""lm_iterations"": 10, ""max_constants"": 999, ""max_depth"": 6, ""max_evals"": 2000000, ""max_unary"": 999, ""mutation_rate"": 0.1, ""ops"": [""+"", ""-"", ""*"", ""/"", ""sin"", ""cos"", ""exp"", ""log""], ""succ_error_tol"": 1e-06}",0.5
imcts,Livermore,9,Livermore-9,expression,4,16850,40,20,20,1,"[""x0""]",x[0]**9 + x[0]**8 + x[0]**7 + x[0]**6 + x[0]**5 + x[0]**4 + x[0]**3 + x[0]**2 + x[0],0.9955193996429443,False,0.9999797428636684,0.9997806976770223,25.0,2000004,13.444812052010093,0.0,0,exp(x0 * x0 * x0 * x0) * exp(x0) * x0 + x0 * (sin(x0) + x0 / x0) * x0 * x0 / (x0 + x0) * (x0 + x0 * x0),exp(x0 * x0 * x0 * x0) * exp(x0) * x0 + x0 * (sin(x0) + x0 / x0) * x0 * x0 / (x0 + x0) * (x0 + x0 * x0),x0*(x0**2*(x0 + 1)*(sin(x0) + 1) + 2*exp(x0*(x0**3 + 1)))/2,[],"{""K"": 500, ""c"": 6.0, ""exploration_rate"": 0.1, ""gamma"": 0.5, ""gp_rate"": 0.5, ""lm_iterations"": 10, ""max_constants"": 999, ""max_depth"": 6, ""max_evals"": 2000000, ""max_unary"": 999, ""mutation_rate"": 0.1, ""ops"": [""+"", ""-"", ""*"", ""/"", ""sin"", ""cos"", ""exp"", ""log""], ""succ_error_tol"": 1e-06}","{""K"": 500, ""c"": 6.0, ""exploration_rate"": 0.1, ""gamma"": 0.5, ""gp_rate"": 0.5, ""lm_iterations"": 10, ""max_constants"": 999, ""max_depth"": 6, ""max_evals"": 2000000, ""max_unary"": 999, ""mutation_rate"": 0.1, ""ops"": [""+"", ""-"", ""*"", ""/"", ""sin"", ""cos"", ""exp"", ""log""], ""succ_error_tol"": 1e-06}",0.5
imcts,Livermore,9,Livermore-9,expression,5,29910,40,20,20,1,"[""x0""]",x[0]**9 + x[0]**8 + x[0]**7 + x[0]**6 + x[0]**5 + x[0]**4 + x[0]**3 + x[0]**2 + x[0],0.9917113184928894,False,0.9999301443544575,0.9997640648599441,31.0,2000001,13.738744227041025,0.0,0,(exp(x0) - x0) * x0 / (cos(x0 * x0) / exp(x0)) + (sin(x0) + x0 * x0) * x0 * x0 * x0 / (x0 + x0) * sin(x0),(exp(x0) - x0) * x0 / (cos(x0 * x0) / exp(x0)) + (sin(x0) + x0 * x0) * x0 * x0 * x0 / (x0 + x0) * sin(x0),x0**2*(x0**2 + sin(x0))*sin(x0)/2 - x0*(x0 - exp(x0))*exp(x0)/cos(x0**2),[],"{""K"": 500, ""c"": 6.0, ""exploration_rate"": 0.1, ""gamma"": 0.5, ""gp_rate"": 0.5, ""lm_iterations"": 10, ""max_constants"": 999, ""max_depth"": 6, ""max_evals"": 2000000, ""max_unary"": 999, ""mutation_rate"": 0.1, ""ops"": [""+"", ""-"", ""*"", ""/"", ""sin"", ""cos"", ""exp"", ""log""], ""succ_error_tol"": 1e-06}","{""K"": 500, ""c"": 6.0, ""exploration_rate"": 0.1, ""gamma"": 0.5, ""gp_rate"": 0.5, ""lm_iterations"": 10, ""max_constants"": 999, ""max_depth"": 6, ""max_evals"": 2000000, ""max_unary"": 999, ""mutation_rate"": 0.1, ""ops"": [""+"", ""-"", ""*"", ""/"", ""sin"", ""cos"", ""exp"", ""log""], ""succ_error_tol"": 1e-06}",0.5
imcts,Livermore,9,Livermore-9,expression,6,4426,40,20,20,1,"[""x0""]",x[0]**9 + x[0]**8 + x[0]**7 + x[0]**6 + x[0]**5 + x[0]**4 + x[0]**3 + x[0]**2 + x[0],0.9937854409217834,False,0.999960894448797,0.9999727944185912,19.0,2000003,14.406694138015155,0.0,0,x0 + (x0 + x0 * x0) / (sin(x0) * cos(x0)) * x0 / cos(x0) * x0,x0 + (x0 + x0 * x0) / (sin(x0) * cos(x0)) * x0 / cos(x0) * x0,x0**2*(x0**2 + x0)/(sin(x0)*cos(x0)**2) + x0,[],"{""K"": 500, ""c"": 6.0, ""exploration_rate"": 0.1, ""gamma"": 0.5, ""gp_rate"": 0.5, ""lm_iterations"": 10, ""max_constants"": 999, ""max_depth"": 6, ""max_evals"": 2000000, ""max_unary"": 999, ""mutation_rate"": 0.1, ""ops"": [""+"", ""-"", ""*"", ""/"", ""sin"", ""cos"", ""exp"", ""log""], ""succ_error_tol"": 1e-06}","{""K"": 500, ""c"": 6.0, ""exploration_rate"": 0.1, ""gamma"": 0.5, ""gp_rate"": 0.5, ""lm_iterations"": 10, ""max_constants"": 999, ""max_depth"": 6, ""max_evals"": 2000000, ""max_unary"": 999, ""mutation_rate"": 0.1, ""ops"": [""+"", ""-"", ""*"", ""/"", ""sin"", ""cos"", ""exp"", ""log""], ""succ_error_tol"": 1e-06}",0.5
imcts,Livermore,9,Livermore-9,expression,7,21962,40,20,20,1,"[""x0""]",x[0]**9 + x[0]**8 + x[0]**7 + x[0]**6 + x[0]**5 + x[0]**4 + x[0]**3 + x[0]**2 + x[0],0.9939219951629639,False,0.9999626050091853,0.999622273388397,29.0,2000008,14.148724699974991,0.0,0,(x0 * x0 + x0) * x0 + x0 + x0 / cos(x0) * (exp(x0) - x0) * (x0 + x0 * x0) * x0 * x0,(x0 * x0 + x0) * x0 + x0 + x0 / cos(x0) * (exp(x0) - x0) * (x0 + x0 * x0) * x0 * x0,-x0**3*(x0 - exp(x0))*(x0**2 + x0)/cos(x0) + x0*(x0**2 + x0) + x0,[],"{""K"": 500, ""c"": 6.0, ""exploration_rate"": 0.1, ""gamma"": 0.5, ""gp_rate"": 0.5, ""lm_iterations"": 10, ""max_constants"": 999, ""max_depth"": 6, ""max_evals"": 2000000, ""max_unary"": 999, ""mutation_rate"": 0.1, ""ops"": [""+"", ""-"", ""*"", ""/"", ""sin"", ""cos"", ""exp"", ""log""], ""succ_error_tol"": 1e-06}","{""K"": 500, ""c"": 6.0, ""exploration_rate"": 0.1, ""gamma"": 0.5, ""gp_rate"": 0.5, ""lm_iterations"": 10, ""max_constants"": 999, ""max_depth"": 6, ""max_evals"": 2000000, ""max_unary"": 999, ""mutation_rate"": 0.1, ""ops"": [""+"", ""-"", ""*"", ""/"", ""sin"", ""cos"", ""exp"", ""log""], ""succ_error_tol"": 1e-06}",0.5
imcts,Livermore,9,Livermore-9,expression,8,14423,40,20,20,1,"[""x0""]",x[0]**9 + x[0]**8 + x[0]**7 + x[0]**6 + x[0]**5 + x[0]**4 + x[0]**3 + x[0]**2 + x[0],0.99336177110672,False,0.9999553426767027,0.9967101293657697,17.0,2000001,13.70279303699499,0.0,0,x0 + (x0 * x0 * x0 * x0 + exp(x0 * x0)) * x0 * x0 * (x0 / x0 + x0),x0 + (x0 * x0 * x0 * x0 + exp(x0 * x0)) * x0 * x0 * (x0 / x0 + x0),x0*(x0*(x0 + 1)*(x0**4 + exp(x0**2)) + 1),[],"{""K"": 500, ""c"": 6.0, ""exploration_rate"": 0.1, ""gamma"": 0.5, ""gp_rate"": 0.5, ""lm_iterations"": 10, ""max_constants"": 999, ""max_depth"": 6, ""max_evals"": 2000000, ""max_unary"": 999, ""mutation_rate"": 0.1, ""ops"": [""+"", ""-"", ""*"", ""/"", ""sin"", ""cos"", ""exp"", ""log""], ""succ_error_tol"": 1e-06}","{""K"": 500, ""c"": 6.0, ""exploration_rate"": 0.1, ""gamma"": 0.5, ""gp_rate"": 0.5, ""lm_iterations"": 10, ""max_constants"": 999, ""max_depth"": 6, ""max_evals"": 2000000, ""max_unary"": 999, ""mutation_rate"": 0.1, ""ops"": [""+"", ""-"", ""*"", ""/"", ""sin"", ""cos"", ""exp"", ""log""], ""succ_error_tol"": 1e-06}",0.5
imcts,Livermore,9,Livermore-9,expression,9,28020,40,20,20,1,"[""x0""]",x[0]**9 + x[0]**8 + x[0]**7 + x[0]**6 + x[0]**5 + x[0]**4 + x[0]**3 + x[0]**2 + x[0],0.9926294088363647,False,0.9999448650934118,0.9998629533274594,31.0,2000001,13.339497125998605,0.0,0,(x0 * x0 + x0) / cos(x0 * x0) + x0 * x0 * x0 * x0 * sin(x0) + sin(x0) * x0 * (x0 * x0 + x0) * exp(x0 * x0 * x0),(x0 * x0 + x0) / cos(x0 * x0) + x0 * x0 * x0 * x0 * sin(x0) + sin(x0) * x0 * (x0 * x0 + x0) * exp(x0 * x0 * x0),x0*(x0*(x0**2 + (x0 + 1)*exp(x0**3))*sin(x0)*cos(x0**2) + x0 + 1)/cos(x0**2),[],"{""K"": 500, ""c"": 6.0, ""exploration_rate"": 0.1, ""gamma"": 0.5, ""gp_rate"": 0.5, ""lm_iterations"": 10, ""max_constants"": 999, ""max_depth"": 6, ""max_evals"": 2000000, ""max_unary"": 999, ""mutation_rate"": 0.1, ""ops"": [""+"", ""-"", ""*"", ""/"", ""sin"", ""cos"", ""exp"", ""log""], ""succ_error_tol"": 1e-06}","{""K"": 500, ""c"": 6.0, ""exploration_rate"": 0.1, ""gamma"": 0.5, ""gp_rate"": 0.5, ""lm_iterations"": 10, ""max_constants"": 999, ""max_depth"": 6, ""max_evals"": 2000000, ""max_unary"": 999, ""mutation_rate"": 0.1, ""ops"": [""+"", ""-"", ""*"", ""/"", ""sin"", ""cos"", ""exp"", ""log""], ""succ_error_tol"": 1e-06}",0.5
imcts,Livermore,9,Livermore-9,expression,10,29802,40,20,20,1,"[""x0""]",x[0]**9 + x[0]**8 + x[0]**7 + x[0]**6 + x[0]**5 + x[0]**4 + x[0]**3 + x[0]**2 + x[0],0.9937964081764221,False,0.999961033196355,0.9990531684539747,25.0,2000004,13.963254204019904,0.0,0,x0 * exp(x0) / cos(x0) + (x0 * x0 + x0) * sin(x0 * x0) * exp(sin(x0)) * x0 * x0 * x0,x0 * exp(x0) / cos(x0) + (x0 * x0 + x0) * sin(x0 * x0) * exp(sin(x0)) * x0 * x0 * x0,x0**3*(x0**2 + x0)*exp(sin(x0))*sin(x0**2) + x0*exp(x0)/cos(x0),[],"{""K"": 500, ""c"": 6.0, ""exploration_rate"": 0.1, ""gamma"": 0.5, ""gp_rate"": 0.5, ""lm_iterations"": 10, ""max_constants"": 999, ""max_depth"": 6, ""max_evals"": 2000000, ""max_unary"": 999, ""mutation_rate"": 0.1, ""ops"": [""+"", ""-"", ""*"", ""/"", ""sin"", ""cos"", ""exp"", ""log""], ""succ_error_tol"": 1e-06}","{""K"": 500, ""c"": 6.0, ""exploration_rate"": 0.1, ""gamma"": 0.5, ""gp_rate"": 0.5, ""lm_iterations"": 10, ""max_constants"": 999, ""max_depth"": 6, ""max_evals"": 2000000, ""max_unary"": 999, ""mutation_rate"": 0.1, ""ops"": [""+"", ""-"", ""*"", ""/"", ""sin"", ""cos"", ""exp"", ""log""], ""succ_error_tol"": 1e-06}",0.5
imcts,Livermore,9,Livermore-9,expression,11,21575,40,20,20,1,"[""x0""]",x[0]**9 + x[0]**8 + x[0]**7 + x[0]**6 + x[0]**5 + x[0]**4 + x[0]**3 + x[0]**2 + x[0],0.998060405254364,False,0.9999962232448729,0.999970547088771,31.0,2000001,14.019425134989433,0.0,0,(sin(x0) + x0 * x0 * x0 * x0) * exp(x0) / cos(x0) - sin(x0 * x0 * x0 * x0) * sin(x0) / (x0 + x0 + x0 * x0),(sin(x0) + x0 * x0 * x0 * x0) * exp(x0) / cos(x0) - sin(x0 * x0 * x0 * x0) * sin(x0) / (x0 + x0 + x0 * x0),(x0**4 + sin(x0))*exp(x0)/cos(x0) - sin(x0)*sin(x0**4)/(x0**2 + 2*x0),[],"{""K"": 500, ""c"": 6.0, ""exploration_rate"": 0.1, ""gamma"": 0.5, ""gp_rate"": 0.5, ""lm_iterations"": 10, ""max_constants"": 999, ""max_depth"": 6, ""max_evals"": 2000000, ""max_unary"": 999, ""mutation_rate"": 0.1, ""ops"": [""+"", ""-"", ""*"", ""/"", ""sin"", ""cos"", ""exp"", ""log""], ""succ_error_tol"": 1e-06}","{""K"": 500, ""c"": 6.0, ""exploration_rate"": 0.1, ""gamma"": 0.5, ""gp_rate"": 0.5, ""lm_iterations"": 10, ""max_constants"": 999, ""max_depth"": 6, ""max_evals"": 2000000, ""max_unary"": 999, ""mutation_rate"": 0.1, ""ops"": [""+"", ""-"", ""*"", ""/"", ""sin"", ""cos"", ""exp"", ""log""], ""succ_error_tol"": 1e-06}",0.5
imcts,Livermore,9,Livermore-9,expression,12,11964,40,20,20,1,"[""x0""]",x[0]**9 + x[0]**8 + x[0]**7 + x[0]**6 + x[0]**5 + x[0]**4 + x[0]**3 + x[0]**2 + x[0],0.9975882172584534,False,0.9999941551865413,0.9956225158831742,20.0,2000001,13.252195534005295,0.0,0,exp(exp(x0) * x0) * cos(x0) * x0 + (sin(x0) + x0) * sin(x0) * cos(x0) * x0 * x0 * x0 * x0 * x0 * x0 * x0,exp(exp(x0) * x0) * cos(x0) * x0 + (sin(x0) + x0) * sin(x0) * cos(x0) * x0 * x0 * x0 * x0 * x0 * x0 * x0,x0*(x0**6*(x0 + sin(x0))*sin(x0) + exp(x0*exp(x0)))*cos(x0),[],"{""K"": 500, ""c"": 6.0, ""exploration_rate"": 0.1, ""gamma"": 0.5, ""gp_rate"": 0.5, ""lm_iterations"": 10, ""max_constants"": 999, ""max_depth"": 6, ""max_evals"": 2000000, ""max_unary"": 999, ""mutation_rate"": 0.1, ""ops"": [""+"", ""-"", ""*"", ""/"", ""sin"", ""cos"", ""exp"", ""log""], ""succ_error_tol"": 1e-06}","{""K"": 500, ""c"": 6.0, ""exploration_rate"": 0.1, ""gamma"": 0.5, ""gp_rate"": 0.5, ""lm_iterations"": 10, ""max_constants"": 999, ""max_depth"": 6, ""max_evals"": 2000000, ""max_unary"": 999, ""mutation_rate"": 0.1, ""ops"": [""+"", ""-"", ""*"", ""/"", ""sin"", ""cos"", ""exp"", ""log""], ""succ_error_tol"": 1e-06}",0.5
imcts,Livermore,9,Livermore-9,expression,13,11284,40,20,20,1,"[""x0""]",x[0]**9 + x[0]**8 + x[0]**7 + x[0]**6 + x[0]**5 + x[0]**4 + x[0]**3 + x[0]**2 + x[0],0.9962591528892517,False,0.9999859011901047,0.9996243055919884,35.0,2000009,13.446119028958492,0.0,0,exp(sin(x0) * exp(x0)) * x0 - (x0 + x0 * x0) * x0 * x0 / (sin(x0) / (x0 + x0) + exp(x0) - sin(x0)),exp(sin(x0) * exp(x0)) * x0 - (x0 + x0 * x0) * x0 * x0 / (sin(x0) / (x0 + x0) + exp(x0) - sin(x0)),-x0**2*(x0**2 + x0)/(exp(x0) - sin(x0) + sin(x0)/(2*x0)) + x0*exp(exp(x0)*sin(x0)),[],"{""K"": 500, ""c"": 6.0, ""exploration_rate"": 0.1, ""gamma"": 0.5, ""gp_rate"": 0.5, ""lm_iterations"": 10, ""max_constants"": 999, ""max_depth"": 6, ""max_evals"": 2000000, ""max_unary"": 999, ""mutation_rate"": 0.1, ""ops"": [""+"", ""-"", ""*"", ""/"", ""sin"", ""cos"", ""exp"", ""log""], ""succ_error_tol"": 1e-06}","{""K"": 500, ""c"": 6.0, ""exploration_rate"": 0.1, ""gamma"": 0.5, ""gp_rate"": 0.5, ""lm_iterations"": 10, ""max_constants"": 999, ""max_depth"": 6, ""max_evals"": 2000000, ""max_unary"": 999, ""mutation_rate"": 0.1, ""ops"": [""+"", ""-"", ""*"", ""/"", ""sin"", ""cos"", ""exp"", ""log""], ""succ_error_tol"": 1e-06}",0.5
imcts,Livermore,9,Livermore-9,expression,14,22118,40,20,20,1,"[""x0""]",x[0]**9 + x[0]**8 + x[0]**7 + x[0]**6 + x[0]**5 + x[0]**4 + x[0]**3 + x[0]**2 + x[0],0.9915627837181091,False,0.9999275970304528,0.9998942728498683,25.0,2000004,13.828281051013619,0.0,0,(x0 * x0 + x0) * exp(cos(x0)) * x0 * x0 * x0 * x0 * (x0 - cos(x0)) + exp(x0 * x0 + x0) * x0,(x0 * x0 + x0) * exp(cos(x0)) * x0 * x0 * x0 * x0 * (x0 - cos(x0)) + exp(x0 * x0 + x0) * x0,x0*(x0**4*(x0 + 1)*(x0 - cos(x0))*exp(cos(x0)) + exp(x0*(x0 + 1))),[],"{""K"": 500, ""c"": 6.0, ""exploration_rate"": 0.1, ""gamma"": 0.5, ""gp_rate"": 0.5, ""lm_iterations"": 10, ""max_constants"": 999, ""max_depth"": 6, ""max_evals"": 2000000, ""max_unary"": 999, ""mutation_rate"": 0.1, ""ops"": [""+"", ""-"", ""*"", ""/"", ""sin"", ""cos"", ""exp"", ""log""], ""succ_error_tol"": 1e-06}","{""K"": 500, ""c"": 6.0, ""exploration_rate"": 0.1, ""gamma"": 0.5, ""gp_rate"": 0.5, ""lm_iterations"": 10, ""max_constants"": 999, ""max_depth"": 6, ""max_evals"": 2000000, ""max_unary"": 999, ""mutation_rate"": 0.1, ""ops"": [""+"", ""-"", ""*"", ""/"", ""sin"", ""cos"", ""exp"", ""log""], ""succ_error_tol"": 1e-06}",0.5
imcts,Livermore,9,Livermore-9,expression,15,6265,40,20,20,1,"[""x0""]",x[0]**9 + x[0]**8 + x[0]**7 + x[0]**6 + x[0]**5 + x[0]**4 + x[0]**3 + x[0]**2 + x[0],0.9946313500404358,False,0.9999708660753508,0.9998182997176043,29.0,2000005,13.503459901956376,0.0,0,sin(x0) + x0 * x0 * exp(x0 + x0) + (x0 * x0 * x0 - sin(x0)) * x0 * exp(x0) * x0 / cos(x0),sin(x0) + x0 * x0 * exp(x0 + x0) + (x0 * x0 * x0 - sin(x0)) * x0 * exp(x0) * x0 / cos(x0),x0**2*(x0**3 - sin(x0))*exp(x0)/cos(x0) + x0**2*exp(2*x0) + sin(x0),[],"{""K"": 500, ""c"": 6.0, ""exploration_rate"": 0.1, ""gamma"": 0.5, ""gp_rate"": 0.5, ""lm_iterations"": 10, ""max_constants"": 999, ""max_depth"": 6, ""max_evals"": 2000000, ""max_unary"": 999, ""mutation_rate"": 0.1, ""ops"": [""+"", ""-"", ""*"", ""/"", ""sin"", ""cos"", ""exp"", ""log""], ""succ_error_tol"": 1e-06}","{""K"": 500, ""c"": 6.0, ""exploration_rate"": 0.1, ""gamma"": 0.5, ""gp_rate"": 0.5, ""lm_iterations"": 10, ""max_constants"": 999, ""max_depth"": 6, ""max_evals"": 2000000, ""max_unary"": 999, ""mutation_rate"": 0.1, ""ops"": [""+"", ""-"", ""*"", ""/"", ""sin"", ""cos"", ""exp"", ""log""], ""succ_error_tol"": 1e-06}",0.5
imcts,Livermore,9,Livermore-9,expression,16,11363,40,20,20,1,"[""x0""]",x[0]**9 + x[0]**8 + x[0]**7 + x[0]**6 + x[0]**5 + x[0]**4 + x[0]**3 + x[0]**2 + x[0],0.9944072365760803,False,0.9999683685959079,0.9997950391598444,39.0,2000005,13.455001855036244,0.0,0,exp(sin(x0) * exp(x0)) / (cos(x0 * x0) / (x0 * cos(x0))) + (x0 * x0 - cos(x0)) * (sin(x0) - x0) * (x0 + x0 - x0 * x0),exp(sin(x0) * exp(x0)) / (cos(x0 * x0) / (x0 * cos(x0))) + (x0 * x0 - cos(x0)) * (sin(x0) - x0) * (x0 + x0 - x0 * x0),x0*exp(exp(x0)*sin(x0))*cos(x0)/cos(x0**2) + (x0 - sin(x0))*(x0**2 - 2*x0)*(x0**2 - cos(x0)),[],"{""K"": 500, ""c"": 6.0, ""exploration_rate"": 0.1, ""gamma"": 0.5, ""gp_rate"": 0.5, ""lm_iterations"": 10, ""max_constants"": 999, ""max_depth"": 6, ""max_evals"": 2000000, ""max_unary"": 999, ""mutation_rate"": 0.1, ""ops"": [""+"", ""-"", ""*"", ""/"", ""sin"", ""cos"", ""exp"", ""log""], ""succ_error_tol"": 1e-06}","{""K"": 500, ""c"": 6.0, ""exploration_rate"": 0.1, ""gamma"": 0.5, ""gp_rate"": 0.5, ""lm_iterations"": 10, ""max_constants"": 999, ""max_depth"": 6, ""max_evals"": 2000000, ""max_unary"": 999, ""mutation_rate"": 0.1, ""ops"": [""+"", ""-"", ""*"", ""/"", ""sin"", ""cos"", ""exp"", ""log""], ""succ_error_tol"": 1e-06}",0.5
imcts,Livermore,9,Livermore-9,expression,17,27495,40,20,20,1,"[""x0""]",x[0]**9 + x[0]**8 + x[0]**7 + x[0]**6 + x[0]**5 + x[0]**4 + x[0]**3 + x[0]**2 + x[0],0.9948700070381165,False,0.9999734119778311,0.9997881663070115,32.0,2000010,13.271250710007735,0.0,0,x0 * x0 * x0 * x0 / (cos(x0) - sin(x0) + exp(x0 * x0)) + x0 / cos(x0) / cos(x0 * x0) * exp(x0),x0 * x0 * x0 * x0 / (cos(x0) - sin(x0) + exp(x0 * x0)) + x0 / cos(x0) / cos(x0 * x0) * exp(x0),x0**4/(exp(x0**2) - sin(x0) + cos(x0)) + x0*exp(x0)/(cos(x0)*cos(x0**2)),[],"{""K"": 500, ""c"": 6.0, ""exploration_rate"": 0.1, ""gamma"": 0.5, ""gp_rate"": 0.5, ""lm_iterations"": 10, ""max_constants"": 999, ""max_depth"": 6, ""max_evals"": 2000000, ""max_unary"": 999, ""mutation_rate"": 0.1, ""ops"": [""+"", ""-"", ""*"", ""/"", ""sin"", ""cos"", ""exp"", ""log""], ""succ_error_tol"": 1e-06}","{""K"": 500, ""c"": 6.0, ""exploration_rate"": 0.1, ""gamma"": 0.5, ""gp_rate"": 0.5, ""lm_iterations"": 10, ""max_constants"": 999, ""max_depth"": 6, ""max_evals"": 2000000, ""max_unary"": 999, ""mutation_rate"": 0.1, ""ops"": [""+"", ""-"", ""*"", ""/"", ""sin"", ""cos"", ""exp"", ""log""], ""succ_error_tol"": 1e-06}",0.5
imcts,Livermore,9,Livermore-9,expression,18,16023,40,20,20,1,"[""x0""]",x[0]**9 + x[0]**8 + x[0]**7 + x[0]**6 + x[0]**5 + x[0]**4 + x[0]**3 + x[0]**2 + x[0],0.9937281608581543,False,0.9999601657286353,0.9994612060377471,25.0,2000003,13.41311471402878,0.0,0,exp(x0) / cos(x0 * x0) * x0 * (x0 + x0) * sin(x0) + x0 / x0 * cos(x0) * x0 * (cos(x0) + sin(x0)),exp(x0) / cos(x0 * x0) * x0 * (x0 + x0) * sin(x0) + x0 / x0 * cos(x0) * x0 * (cos(x0) + sin(x0)),2*x0**2*exp(x0)*sin(x0)/cos(x0**2) + x0*(sin(x0) + cos(x0))*cos(x0),[],"{""K"": 500, ""c"": 6.0, ""exploration_rate"": 0.1, ""gamma"": 0.5, ""gp_rate"": 0.5, ""lm_iterations"": 10, ""max_constants"": 999, ""max_depth"": 6, ""max_evals"": 2000000, ""max_unary"": 999, ""mutation_rate"": 0.1, ""ops"": [""+"", ""-"", ""*"", ""/"", ""sin"", ""cos"", ""exp"", ""log""], ""succ_error_tol"": 1e-06}","{""K"": 500, ""c"": 6.0, ""exploration_rate"": 0.1, ""gamma"": 0.5, ""gp_rate"": 0.5, ""lm_iterations"": 10, ""max_constants"": 999, ""max_depth"": 6, ""max_evals"": 2000000, ""max_unary"": 999, ""mutation_rate"": 0.1, ""ops"": [""+"", ""-"", ""*"", ""/"", ""sin"", ""cos"", ""exp"", ""log""], ""succ_error_tol"": 1e-06}",0.5
imcts,Livermore,9,Livermore-9,expression,19,8322,40,20,20,1,"[""x0""]",x[0]**9 + x[0]**8 + x[0]**7 + x[0]**6 + x[0]**5 + x[0]**4 + x[0]**3 + x[0]**2 + x[0],0.9935861229896545,False,0.9999583289281576,0.9999291614558937,25.0,2000006,13.13730973895872,0.0,0,x0 * exp(x0 * x0) * exp(x0) - (cos(x0) - x0) * x0 * sin(x0) * (x0 * x0 + x0 * x0) * (x0 + x0 * x0),x0 * exp(x0 * x0) * exp(x0) - (cos(x0) - x0) * x0 * sin(x0) * (x0 * x0 + x0 * x0) * (x0 + x0 * x0),x0*(2*x0**3*(x0 + 1)*(x0 - cos(x0))*sin(x0) + exp(x0*(x0 + 1))),[],"{""K"": 500, ""c"": 6.0, ""exploration_rate"": 0.1, ""gamma"": 0.5, ""gp_rate"": 0.5, ""lm_iterations"": 10, ""max_constants"": 999, ""max_depth"": 6, ""max_evals"": 2000000, ""max_unary"": 999, ""mutation_rate"": 0.1, ""ops"": [""+"", ""-"", ""*"", ""/"", ""sin"", ""cos"", ""exp"", ""log""], ""succ_error_tol"": 1e-06}","{""K"": 500, ""c"": 6.0, ""exploration_rate"": 0.1, ""gamma"": 0.5, ""gp_rate"": 0.5, ""lm_iterations"": 10, ""max_constants"": 999, ""max_depth"": 6, ""max_evals"": 2000000, ""max_unary"": 999, ""mutation_rate"": 0.1, ""ops"": [""+"", ""-"", ""*"", ""/"", ""sin"", ""cos"", ""exp"", ""log""], ""succ_error_tol"": 1e-06}",0.5
imcts,Livermore,9,Livermore-9,expression,20,1685,40,20,20,1,"[""x0""]",x[0]**9 + x[0]**8 + x[0]**7 + x[0]**6 + x[0]**5 + x[0]**4 + x[0]**3 + x[0]**2 + x[0],0.9944521188735962,False,0.9999688765507203,0.9999530582737207,34.0,2000003,13.52191812399542,0.0,0,sin(x0 * x0) / sin(x0) / exp(cos(x0 * x0)) * ((x0 * x0 - sin(x0)) * (sin(x0) + x0 * x0) + x0 - sin(x0) + exp(exp(x0))),sin(x0 * x0) / sin(x0) / exp(cos(x0 * x0)) * ((x0 * x0 - sin(x0)) * (sin(x0) + x0 * x0) + x0 - sin(x0) + exp(exp(x0))),(x0**4 + x0 + exp(exp(x0)) - sin(x0)**2 - sin(x0))*exp(-cos(x0**2))*sin(x0**2)/sin(x0),[],"{""K"": 500, ""c"": 6.0, ""exploration_rate"": 0.1, ""gamma"": 0.5, ""gp_rate"": 0.5, ""lm_iterations"": 10, ""max_constants"": 999, ""max_depth"": 6, ""max_evals"": 2000000, ""max_unary"": 999, ""mutation_rate"": 0.1, ""ops"": [""+"", ""-"", ""*"", ""/"", ""sin"", ""cos"", ""exp"", ""log""], ""succ_error_tol"": 1e-06}","{""K"": 500, ""c"": 6.0, ""exploration_rate"": 0.1, ""gamma"": 0.5, ""gp_rate"": 0.5, ""lm_iterations"": 10, ""max_constants"": 999, ""max_depth"": 6, ""max_evals"": 2000000, ""max_unary"": 999, ""mutation_rate"": 0.1, ""ops"": [""+"", ""-"", ""*"", ""/"", ""sin"", ""cos"", ""exp"", ""log""], ""succ_error_tol"": 1e-06}",0.5
imcts,Livermore,9,Livermore-9,expression,21,32052,40,20,20,1,"[""x0""]",x[0]**9 + x[0]**8 + x[0]**7 + x[0]**6 + x[0]**5 + x[0]**4 + x[0]**3 + x[0]**2 + x[0],0.9913510084152222,False,0.999923884579425,0.9999202478381942,22.0,2000003,13.777977392019238,0.0,0,x0 / cos(x0) / (cos(x0) / exp(x0)) - x0 * sin(x0) * sin(x0) / cos(x0) * cos(x0) / exp(x0 * x0),x0 / cos(x0) / (cos(x0) / exp(x0)) - x0 * sin(x0) * sin(x0) / cos(x0) * cos(x0) / exp(x0 * x0),x0*exp(x0)/cos(x0)**2 - x0*exp(-x0**2)*sin(x0)**2,[],"{""K"": 500, ""c"": 6.0, ""exploration_rate"": 0.1, ""gamma"": 0.5, ""gp_rate"": 0.5, ""lm_iterations"": 10, ""max_constants"": 999, ""max_depth"": 6, ""max_evals"": 2000000, ""max_unary"": 999, ""mutation_rate"": 0.1, ""ops"": [""+"", ""-"", ""*"", ""/"", ""sin"", ""cos"", ""exp"", ""log""], ""succ_error_tol"": 1e-06}","{""K"": 500, ""c"": 6.0, ""exploration_rate"": 0.1, ""gamma"": 0.5, ""gp_rate"": 0.5, ""lm_iterations"": 10, ""max_constants"": 999, ""max_depth"": 6, ""max_evals"": 2000000, ""max_unary"": 999, ""mutation_rate"": 0.1, ""ops"": [""+"", ""-"", ""*"", ""/"", ""sin"", ""cos"", ""exp"", ""log""], ""succ_error_tol"": 1e-06}",0.5
imcts,Livermore,9,Livermore-9,expression,22,769,40,20,20,1,"[""x0""]",x[0]**9 + x[0]**8 + x[0]**7 + x[0]**6 + x[0]**5 + x[0]**4 + x[0]**3 + x[0]**2 + x[0],0.9908204078674316,False,0.9999141662303929,0.9996133208617729,33.0,2000001,13.58536374400137,0.0,0,(cos(x0) * sin(x0) + x0 * x0 + sin(x0)) * (cos(x0) - cos(x0 * x0)) + x0 * exp(exp(x0) - cos(x0)),(cos(x0) * sin(x0) + x0 * x0 + sin(x0)) * (cos(x0) - cos(x0 * x0)) + x0 * exp(exp(x0) - cos(x0)),x0*exp(exp(x0) - cos(x0)) + (cos(x0) - cos(x0**2))*(x0**2 + sin(x0) + sin(2*x0)/2),[],"{""K"": 500, ""c"": 6.0, ""exploration_rate"": 0.1, ""gamma"": 0.5, ""gp_rate"": 0.5, ""lm_iterations"": 10, ""max_constants"": 999, ""max_depth"": 6, ""max_evals"": 2000000, ""max_unary"": 999, ""mutation_rate"": 0.1, ""ops"": [""+"", ""-"", ""*"", ""/"", ""sin"", ""cos"", ""exp"", ""log""], ""succ_error_tol"": 1e-06}","{""K"": 500, ""c"": 6.0, ""exploration_rate"": 0.1, ""gamma"": 0.5, ""gp_rate"": 0.5, ""lm_iterations"": 10, ""max_constants"": 999, ""max_depth"": 6, ""max_evals"": 2000000, ""max_unary"": 999, ""mutation_rate"": 0.1, ""ops"": [""+"", ""-"", ""*"", ""/"", ""sin"", ""cos"", ""exp"", ""log""], ""succ_error_tol"": 1e-06}",0.5
imcts,Livermore,9,Livermore-9,expression,23,26967,40,20,20,1,"[""x0""]",x[0]**9 + x[0]**8 + x[0]**7 + x[0]**6 + x[0]**5 + x[0]**4 + x[0]**3 + x[0]**2 + x[0],0.9963780045509338,False,0.9999867854089493,0.9960946181657926,34.0,2000002,13.573263871017843,0.0,0,exp(exp(x0) - x0 / x0) * x0 / cos(x0 * x0) - (sin(x0) - x0) * x0 * cos(x0) * (sin(x0) + cos(x0) - (x0 - cos(x0))),exp(exp(x0) - x0 / x0) * x0 / cos(x0 * x0) - (sin(x0) - x0) * x0 * cos(x0) * (sin(x0) + cos(x0) - (x0 - cos(x0))),x0*(x0 - sin(x0))*(-x0 + sin(x0) + 2*cos(x0))*cos(x0) + x0*exp(exp(x0) - 1)/cos(x0**2),[],"{""K"": 500, ""c"": 6.0, ""exploration_rate"": 0.1, ""gamma"": 0.5, ""gp_rate"": 0.5, ""lm_iterations"": 10, ""max_constants"": 999, ""max_depth"": 6, ""max_evals"": 2000000, ""max_unary"": 999, ""mutation_rate"": 0.1, ""ops"": [""+"", ""-"", ""*"", ""/"", ""sin"", ""cos"", ""exp"", ""log""], ""succ_error_tol"": 1e-06}","{""K"": 500, ""c"": 6.0, ""exploration_rate"": 0.1, ""gamma"": 0.5, ""gp_rate"": 0.5, ""lm_iterations"": 10, ""max_constants"": 999, ""max_depth"": 6, ""max_evals"": 2000000, ""max_unary"": 999, ""mutation_rate"": 0.1, ""ops"": [""+"", ""-"", ""*"", ""/"", ""sin"", ""cos"", ""exp"", ""log""], ""succ_error_tol"": 1e-06}",0.5
imcts,Livermore,9,Livermore-9,expression,24,30187,40,20,20,1,"[""x0""]",x[0]**9 + x[0]**8 + x[0]**7 + x[0]**6 + x[0]**5 + x[0]**4 + x[0]**3 + x[0]**2 + x[0],0.9963196516036987,False,0.9999863551134697,0.9999818675052725,30.0,2000006,13.051238787011243,0.0,0,x0 + (x0 * x0 + x0) * sin(x0) + (x0 * x0 + x0) * (x0 * x0 + x0 / x0) * x0 / cos(x0) * sin(x0 * x0),x0 + (x0 * x0 + x0) * sin(x0) + (x0 * x0 + x0) * (x0 * x0 + x0 / x0) * x0 / cos(x0) * sin(x0 * x0),x0*(x0**2 + 1)*(x0**2 + x0)*sin(x0**2)/cos(x0) + x0 + (x0**2 + x0)*sin(x0),[],"{""K"": 500, ""c"": 6.0, ""exploration_rate"": 0.1, ""gamma"": 0.5, ""gp_rate"": 0.5, ""lm_iterations"": 10, ""max_constants"": 999, ""max_depth"": 6, ""max_evals"": 2000000, ""max_unary"": 999, ""mutation_rate"": 0.1, ""ops"": [""+"", ""-"", ""*"", ""/"", ""sin"", ""cos"", ""exp"", ""log""], ""succ_error_tol"": 1e-06}","{""K"": 500, ""c"": 6.0, ""exploration_rate"": 0.1, ""gamma"": 0.5, ""gp_rate"": 0.5, ""lm_iterations"": 10, ""max_constants"": 999, ""max_depth"": 6, ""max_evals"": 2000000, ""max_unary"": 999, ""mutation_rate"": 0.1, ""ops"": [""+"", ""-"", ""*"", ""/"", ""sin"", ""cos"", ""exp"", ""log""], ""succ_error_tol"": 1e-06}",0.5
imcts,Livermore,9,Livermore-9,expression,25,32157,40,20,20,1,"[""x0""]",x[0]**9 + x[0]**8 + x[0]**7 + x[0]**6 + x[0]**5 + x[0]**4 + x[0]**3 + x[0]**2 + x[0],0.9919623136520386,False,0.9999343453391142,0.9995227999159971,24.0,2000001,13.392530741053633,0.0,0,sin(x0) + x0 * x0 - exp(x0 + x0 * x0) * sin(x0) * x0 * (sin(x0) - (x0 + x0)),sin(x0) + x0 * x0 - exp(x0 + x0 * x0) * sin(x0) * x0 * (sin(x0) - (x0 + x0)),x0**2 + x0*(2*x0 - sin(x0))*exp(x0*(x0 + 1))*sin(x0) + sin(x0),[],"{""K"": 500, ""c"": 6.0, ""exploration_rate"": 0.1, ""gamma"": 0.5, ""gp_rate"": 0.5, ""lm_iterations"": 10, ""max_constants"": 999, ""max_depth"": 6, ""max_evals"": 2000000, ""max_unary"": 999, ""mutation_rate"": 0.1, ""ops"": [""+"", ""-"", ""*"", ""/"", ""sin"", ""cos"", ""exp"", ""log""], ""succ_error_tol"": 1e-06}","{""K"": 500, ""c"": 6.0, ""exploration_rate"": 0.1, ""gamma"": 0.5, ""gp_rate"": 0.5, ""lm_iterations"": 10, ""max_constants"": 999, ""max_depth"": 6, ""max_evals"": 2000000, ""max_unary"": 999, ""mutation_rate"": 0.1, ""ops"": [""+"", ""-"", ""*"", ""/"", ""sin"", ""cos"", ""exp"", ""log""], ""succ_error_tol"": 1e-06}",0.5
imcts,Livermore,9,Livermore-9,expression,26,23333,40,20,20,1,"[""x0""]",x[0]**9 + x[0]**8 + x[0]**7 + x[0]**6 + x[0]**5 + x[0]**4 + x[0]**3 + x[0]**2 + x[0],0.9913314580917358,False,0.9999235367711815,0.9999449471773441,26.0,2000001,13.756656571989879,0.0,0,(sin(x0) + x0 * x0) * (sin(x0) + cos(x0)) * sin(x0) * sin(x0) * x0 + exp(x0 * x0 * x0 * x0) * exp(x0) * x0,(sin(x0) + x0 * x0) * (sin(x0) + cos(x0)) * sin(x0) * sin(x0) * x0 + exp(x0 * x0 * x0 * x0) * exp(x0) * x0,x0*(x0**2 + sin(x0))*(sin(x0) + cos(x0))*sin(x0)**2 + x0*exp(x0)*exp(x0**4),[],"{""K"": 500, ""c"": 6.0, ""exploration_rate"": 0.1, ""gamma"": 0.5, ""gp_rate"": 0.5, ""lm_iterations"": 10, ""max_constants"": 999, ""max_depth"": 6, ""max_evals"": 2000000, ""max_unary"": 999, ""mutation_rate"": 0.1, ""ops"": [""+"", ""-"", ""*"", ""/"", ""sin"", ""cos"", ""exp"", ""log""], ""succ_error_tol"": 1e-06}","{""K"": 500, ""c"": 6.0, ""exploration_rate"": 0.1, ""gamma"": 0.5, ""gp_rate"": 0.5, ""lm_iterations"": 10, ""max_constants"": 999, ""max_depth"": 6, ""max_evals"": 2000000, ""max_unary"": 999, ""mutation_rate"": 0.1, ""ops"": [""+"", ""-"", ""*"", ""/"", ""sin"", ""cos"", ""exp"", ""log""], ""succ_error_tol"": 1e-06}",0.5
imcts,Livermore,9,Livermore-9,expression,27,2433,40,20,20,1,"[""x0""]",x[0]**9 + x[0]**8 + x[0]**7 + x[0]**6 + x[0]**5 + x[0]**4 + x[0]**3 + x[0]**2 + x[0],0.9892815947532654,False,0.9998826131894505,0.9998108090196054,27.0,2000001,13.216834377031773,0.0,0,sin(x0) * x0 * (x0 + x0 + x0 * x0) * x0 * x0 * (x0 * x0 + sin(x0)) + x0 * exp(sin(x0)) / cos(x0),sin(x0) * x0 * (x0 + x0 + x0 * x0) * x0 * x0 * (x0 * x0 + sin(x0)) + x0 * exp(sin(x0)) / cos(x0),x0*(x0**3*(x0 + 2)*(x0**2 + sin(x0))*sin(x0)*cos(x0) + exp(sin(x0)))/cos(x0),[],"{""K"": 500, ""c"": 6.0, ""exploration_rate"": 0.1, ""gamma"": 0.5, ""gp_rate"": 0.5, ""lm_iterations"": 10, ""max_constants"": 999, ""max_depth"": 6, ""max_evals"": 2000000, ""max_unary"": 999, ""mutation_rate"": 0.1, ""ops"": [""+"", ""-"", ""*"", ""/"", ""sin"", ""cos"", ""exp"", ""log""], ""succ_error_tol"": 1e-06}","{""K"": 500, ""c"": 6.0, ""exploration_rate"": 0.1, ""gamma"": 0.5, ""gp_rate"": 0.5, ""lm_iterations"": 10, ""max_constants"": 999, ""max_depth"": 6, ""max_evals"": 2000000, ""max_unary"": 999, ""mutation_rate"": 0.1, ""ops"": [""+"", ""-"", ""*"", ""/"", ""sin"", ""cos"", ""exp"", ""log""], ""succ_error_tol"": 1e-06}",0.5
imcts,Livermore,9,Livermore-9,expression,28,5311,40,20,20,1,"[""x0""]",x[0]**9 + x[0]**8 + x[0]**7 + x[0]**6 + x[0]**5 + x[0]**4 + x[0]**3 + x[0]**2 + x[0],0.996644914150238,False,0.9999886671217455,0.9955830337850144,34.0,2000003,13.196856125956401,0.0,0,x0 / cos(x0) * exp(x0 / cos(x0)) + (sin(x0) - x0) * sin(x0) / cos(x0) / cos(x0 * x0),x0 / cos(x0) * exp(x0 / cos(x0)) + (sin(x0) - x0) * sin(x0) / cos(x0) / cos(x0 * x0),x0*exp(x0/cos(x0))/cos(x0) - (x0 - sin(x0))*sin(x0)/(cos(x0)*cos(x0**2)),[],"{""K"": 500, ""c"": 6.0, ""exploration_rate"": 0.1, ""gamma"": 0.5, ""gp_rate"": 0.5, ""lm_iterations"": 10, ""max_constants"": 999, ""max_depth"": 6, ""max_evals"": 2000000, ""max_unary"": 999, ""mutation_rate"": 0.1, ""ops"": [""+"", ""-"", ""*"", ""/"", ""sin"", ""cos"", ""exp"", ""log""], ""succ_error_tol"": 1e-06}","{""K"": 500, ""c"": 6.0, ""exploration_rate"": 0.1, ""gamma"": 0.5, ""gp_rate"": 0.5, ""lm_iterations"": 10, ""max_constants"": 999, ""max_depth"": 6, ""max_evals"": 2000000, ""max_unary"": 999, ""mutation_rate"": 0.1, ""ops"": [""+"", ""-"", ""*"", ""/"", ""sin"", ""cos"", ""exp"", ""log""], ""succ_error_tol"": 1e-06}",0.5
imcts,Livermore,9,Livermore-9,expression,29,5051,40,20,20,1,"[""x0""]",x[0]**9 + x[0]**8 + x[0]**7 + x[0]**6 + x[0]**5 + x[0]**4 + x[0]**3 + x[0]**2 + x[0],0.9914819002151489,False,0.9999261899822355,0.9994021889432625,34.0,2000004,13.121885229018517,0.0,0,exp(x0) * (sin(x0) + x0 * x0 * x0) + (x0 + x0 - cos(x0) + cos(x0) * x0 * x0) * (sin(x0) + x0 * x0) * x0 * x0 * x0 * x0,exp(x0) * (sin(x0) + x0 * x0 * x0) + (x0 + x0 - cos(x0) + cos(x0) * x0 * x0) * (sin(x0) + x0 * x0) * x0 * x0 * x0 * x0,x0**4*(x0**2 + sin(x0))*(x0**2*cos(x0) + 2*x0 - cos(x0)) + (x0**3 + sin(x0))*exp(x0),[],"{""K"": 500, ""c"": 6.0, ""exploration_rate"": 0.1, ""gamma"": 0.5, ""gp_rate"": 0.5, ""lm_iterations"": 10, ""max_constants"": 999, ""max_depth"": 6, ""max_evals"": 2000000, ""max_unary"": 999, ""mutation_rate"": 0.1, ""ops"": [""+"", ""-"", ""*"", ""/"", ""sin"", ""cos"", ""exp"", ""log""], ""succ_error_tol"": 1e-06}","{""K"": 500, ""c"": 6.0, ""exploration_rate"": 0.1, ""gamma"": 0.5, ""gp_rate"": 0.5, ""lm_iterations"": 10, ""max_constants"": 999, ""max_depth"": 6, ""max_evals"": 2000000, ""max_unary"": 999, ""mutation_rate"": 0.1, ""ops"": [""+"", ""-"", ""*"", ""/"", ""sin"", ""cos"", ""exp"", ""log""], ""succ_error_tol"": 1e-06}",0.5
imcts,Livermore,9,Livermore-9,expression,30,6420,40,20,20,1,"[""x0""]",x[0]**9 + x[0]**8 + x[0]**7 + x[0]**6 + x[0]**5 + x[0]**4 + x[0]**3 + x[0]**2 + x[0],0.9911203980445862,False,0.9999195814058799,0.9995055665177094,41.0,2000005,13.438048369018361,0.0,0,(x0 * exp(exp(x0)) - (x0 - sin(x0)) * x0 * x0 * x0) / (exp(cos(x0 * x0)) + (sin(x0) - x0) / exp(x0 * x0)),(x0 * exp(exp(x0)) - (x0 - sin(x0)) * x0 * x0 * x0) / (exp(cos(x0 * x0)) + (sin(x0) - x0) / exp(x0 * x0)),(x0**3*(x0 - sin(x0)) - x0*exp(exp(x0)))/((x0 - sin(x0))*exp(-x0**2) - exp(cos(x0**2))),[],"{""K"": 500, ""c"": 6.0, ""exploration_rate"": 0.1, ""gamma"": 0.5, ""gp_rate"": 0.5, ""lm_iterations"": 10, ""max_constants"": 999, ""max_depth"": 6, ""max_evals"": 2000000, ""max_unary"": 999, ""mutation_rate"": 0.1, ""ops"": [""+"", ""-"", ""*"", ""/"", ""sin"", ""cos"", ""exp"", ""log""], ""succ_error_tol"": 1e-06}","{""K"": 500, ""c"": 6.0, ""exploration_rate"": 0.1, ""gamma"": 0.5, ""gp_rate"": 0.5, ""lm_iterations"": 10, ""max_constants"": 999, ""max_depth"": 6, ""max_evals"": 2000000, ""max_unary"": 999, ""mutation_rate"": 0.1, ""ops"": [""+"", ""-"", ""*"", ""/"", ""sin"", ""cos"", ""exp"", ""log""], ""succ_error_tol"": 1e-06}",0.5
imcts,Livermore,9,Livermore-9,expression,31,17568,40,20,20,1,"[""x0""]",x[0]**9 + x[0]**8 + x[0]**7 + x[0]**6 + x[0]**5 + x[0]**4 + x[0]**3 + x[0]**2 + x[0],0.993087649345398,False,0.9999515519379629,0.9999704654810733,28.0,2000001,13.852471720019821,0.0,0,(x0 * x0 * exp(x0) + sin(x0)) * exp(x0 * x0) - x0 * (exp(x0) - x0) * x0 * x0 * sin(exp(x0)),(x0 * x0 * exp(x0) + sin(x0)) * exp(x0 * x0) - x0 * (exp(x0) - x0) * x0 * x0 * sin(exp(x0)),x0**3*(x0 - exp(x0))*sin(exp(x0)) + (x0**2*exp(x0) + sin(x0))*exp(x0**2),[],"{""K"": 500, ""c"": 6.0, ""exploration_rate"": 0.1, ""gamma"": 0.5, ""gp_rate"": 0.5, ""lm_iterations"": 10, ""max_constants"": 999, ""max_depth"": 6, ""max_evals"": 2000000, ""max_unary"": 999, ""mutation_rate"": 0.1, ""ops"": [""+"", ""-"", ""*"", ""/"", ""sin"", ""cos"", ""exp"", ""log""], ""succ_error_tol"": 1e-06}","{""K"": 500, ""c"": 6.0, ""exploration_rate"": 0.1, ""gamma"": 0.5, ""gp_rate"": 0.5, ""lm_iterations"": 10, ""max_constants"": 999, ""max_depth"": 6, ""max_evals"": 2000000, ""max_unary"": 999, ""mutation_rate"": 0.1, ""ops"": [""+"", ""-"", ""*"", ""/"", ""sin"", ""cos"", ""exp"", ""log""], ""succ_error_tol"": 1e-06}",0.5
imcts,Livermore,9,Livermore-9,expression,32,20939,40,20,20,1,"[""x0""]",x[0]**9 + x[0]**8 + x[0]**7 + x[0]**6 + x[0]**5 + x[0]**4 + x[0]**3 + x[0]**2 + x[0],0.9943320155143738,False,0.9999675064157619,0.9998975299951834,25.0,2000004,13.248972700966988,0.0,0,(x0 - cos(x0)) * (x0 + x0 * x0) * x0 * x0 * x0 * x0 * exp(cos(x0)) + exp(x0 * x0 + x0) * x0,(x0 - cos(x0)) * (x0 + x0 * x0) * x0 * x0 * x0 * x0 * exp(cos(x0)) + exp(x0 * x0 + x0) * x0,x0*(x0**4*(x0 + 1)*(x0 - cos(x0))*exp(cos(x0)) + exp(x0*(x0 + 1))),[],"{""K"": 500, ""c"": 6.0, ""exploration_rate"": 0.1, ""gamma"": 0.5, ""gp_rate"": 0.5, ""lm_iterations"": 10, ""max_constants"": 999, ""max_depth"": 6, ""max_evals"": 2000000, ""max_unary"": 999, ""mutation_rate"": 0.1, ""ops"": [""+"", ""-"", ""*"", ""/"", ""sin"", ""cos"", ""exp"", ""log""], ""succ_error_tol"": 1e-06}","{""K"": 500, ""c"": 6.0, ""exploration_rate"": 0.1, ""gamma"": 0.5, ""gp_rate"": 0.5, ""lm_iterations"": 10, ""max_constants"": 999, ""max_depth"": 6, ""max_evals"": 2000000, ""max_unary"": 999, ""mutation_rate"": 0.1, ""ops"": [""+"", ""-"", ""*"", ""/"", ""sin"", ""cos"", ""exp"", ""log""], ""succ_error_tol"": 1e-06}",0.5
imcts,Livermore,9,Livermore-9,expression,33,19769,40,20,20,1,"[""x0""]",x[0]**9 + x[0]**8 + x[0]**7 + x[0]**6 + x[0]**5 + x[0]**4 + x[0]**3 + x[0]**2 + x[0],0.9918390512466431,False,0.9999322996496782,0.9998287584081733,24.0,2000002,13.285251969995443,0.0,0,x0 * x0 * (x0 * x0 + x0) * (x0 + (x0 + x0) * x0 * x0) + sin(x0) * (x0 * x0 + x0) + x0,x0 * x0 * (x0 * x0 + x0) * (x0 + (x0 + x0) * x0 * x0) + sin(x0) * (x0 * x0 + x0) + x0,x0*(x0**3*(x0 + 1)*(2*x0**2 + 1) + (x0 + 1)*sin(x0) + 1),[],"{""K"": 500, ""c"": 6.0, ""exploration_rate"": 0.1, ""gamma"": 0.5, ""gp_rate"": 0.5, ""lm_iterations"": 10, ""max_constants"": 999, ""max_depth"": 6, ""max_evals"": 2000000, ""max_unary"": 999, ""mutation_rate"": 0.1, ""ops"": [""+"", ""-"", ""*"", ""/"", ""sin"", ""cos"", ""exp"", ""log""], ""succ_error_tol"": 1e-06}","{""K"": 500, ""c"": 6.0, ""exploration_rate"": 0.1, ""gamma"": 0.5, ""gp_rate"": 0.5, ""lm_iterations"": 10, ""max_constants"": 999, ""max_depth"": 6, ""max_evals"": 2000000, ""max_unary"": 999, ""mutation_rate"": 0.1, ""ops"": [""+"", ""-"", ""*"", ""/"", ""sin"", ""cos"", ""exp"", ""log""], ""succ_error_tol"": 1e-06}",0.5
imcts,Livermore,9,Livermore-9,expression,34,28693,40,20,20,1,"[""x0""]",x[0]**9 + x[0]**8 + x[0]**7 + x[0]**6 + x[0]**5 + x[0]**4 + x[0]**3 + x[0]**2 + x[0],0.9938750863075256,False,0.9999620216176867,0.9998880109856207,24.0,2000005,13.787473408970982,0.0,0,(x0 + x0 * x0) * sin(x0 * x0) * sin(exp(x0) - x0 / x0) + exp(x0 * x0 * x0 * x0) * exp(x0) * x0,(x0 + x0 * x0) * sin(x0 * x0) * sin(exp(x0) - x0 / x0) + exp(x0 * x0 * x0 * x0) * exp(x0) * x0,x0*((x0 + 1)*sin(x0**2)*sin(exp(x0) - 1) + exp(x0*(x0**3 + 1))),[],"{""K"": 500, ""c"": 6.0, ""exploration_rate"": 0.1, ""gamma"": 0.5, ""gp_rate"": 0.5, ""lm_iterations"": 10, ""max_constants"": 999, ""max_depth"": 6, ""max_evals"": 2000000, ""max_unary"": 999, ""mutation_rate"": 0.1, ""ops"": [""+"", ""-"", ""*"", ""/"", ""sin"", ""cos"", ""exp"", ""log""], ""succ_error_tol"": 1e-06}","{""K"": 500, ""c"": 6.0, ""exploration_rate"": 0.1, ""gamma"": 0.5, ""gp_rate"": 0.5, ""lm_iterations"": 10, ""max_constants"": 999, ""max_depth"": 6, ""max_evals"": 2000000, ""max_unary"": 999, ""mutation_rate"": 0.1, ""ops"": [""+"", ""-"", ""*"", ""/"", ""sin"", ""cos"", ""exp"", ""log""], ""succ_error_tol"": 1e-06}",0.5
imcts,Livermore,9,Livermore-9,expression,35,6396,40,20,20,1,"[""x0""]",x[0]**9 + x[0]**8 + x[0]**7 + x[0]**6 + x[0]**5 + x[0]**4 + x[0]**3 + x[0]**2 + x[0],0.9958587884902954,False,0.9999827070405506,0.9993071467762809,26.0,2000007,13.26280956203118,0.0,0,x0 / (cos(x0) * cos(x0) / exp(x0)) - exp(x0) * sin(x0) * sin(x0) * (sin(x0) + x0) / exp(exp(x0)),x0 / (cos(x0) * cos(x0) / exp(x0)) - exp(x0) * sin(x0) * sin(x0) * (sin(x0) + x0) / exp(exp(x0)),x0*exp(x0)/cos(x0)**2 - (x0 + sin(x0))*exp(x0)*exp(-exp(x0))*sin(x0)**2,[],"{""K"": 500, ""c"": 6.0, ""exploration_rate"": 0.1, ""gamma"": 0.5, ""gp_rate"": 0.5, ""lm_iterations"": 10, ""max_constants"": 999, ""max_depth"": 6, ""max_evals"": 2000000, ""max_unary"": 999, ""mutation_rate"": 0.1, ""ops"": [""+"", ""-"", ""*"", ""/"", ""sin"", ""cos"", ""exp"", ""log""], ""succ_error_tol"": 1e-06}","{""K"": 500, ""c"": 6.0, ""exploration_rate"": 0.1, ""gamma"": 0.5, ""gp_rate"": 0.5, ""lm_iterations"": 10, ""max_constants"": 999, ""max_depth"": 6, ""max_evals"": 2000000, ""max_unary"": 999, ""mutation_rate"": 0.1, ""ops"": [""+"", ""-"", ""*"", ""/"", ""sin"", ""cos"", ""exp"", ""log""], ""succ_error_tol"": 1e-06}",0.5
imcts,Livermore,9,Livermore-9,expression,36,29419,40,20,20,1,"[""x0""]",x[0]**9 + x[0]**8 + x[0]**7 + x[0]**6 + x[0]**5 + x[0]**4 + x[0]**3 + x[0]**2 + x[0],0.9905708432197571,False,0.9999093914831739,0.999399483660546,19.0,2000004,13.741718319011852,0.0,0,(x0 + x0 / x0) / (cos(x0) / sin(x0)) + x0 * exp(x0) * x0 * sin(x0) * exp(x0 * x0 * x0 * x0),(x0 + x0 / x0) / (cos(x0) / sin(x0)) + x0 * exp(x0) * x0 * sin(x0) * exp(x0 * x0 * x0 * x0),x0**2*exp(x0**4 + x0)*sin(x0) + x0*tan(x0) + tan(x0),[],"{""K"": 500, ""c"": 6.0, ""exploration_rate"": 0.1, ""gamma"": 0.5, ""gp_rate"": 0.5, ""lm_iterations"": 10, ""max_constants"": 999, ""max_depth"": 6, ""max_evals"": 2000000, ""max_unary"": 999, ""mutation_rate"": 0.1, ""ops"": [""+"", ""-"", ""*"", ""/"", ""sin"", ""cos"", ""exp"", ""log""], ""succ_error_tol"": 1e-06}","{""K"": 500, ""c"": 6.0, ""exploration_rate"": 0.1, ""gamma"": 0.5, ""gp_rate"": 0.5, ""lm_iterations"": 10, ""max_constants"": 999, ""max_depth"": 6, ""max_evals"": 2000000, ""max_unary"": 999, ""mutation_rate"": 0.1, ""ops"": [""+"", ""-"", ""*"", ""/"", ""sin"", ""cos"", ""exp"", ""log""], ""succ_error_tol"": 1e-06}",0.5
imcts,Livermore,9,Livermore-9,expression,37,27480,40,20,20,1,"[""x0""]",x[0]**9 + x[0]**8 + x[0]**7 + x[0]**6 + x[0]**5 + x[0]**4 + x[0]**3 + x[0]**2 + x[0],0.9876343607902527,False,0.9998432364861674,0.9986804669284203,29.0,2000000,13.30563582998002,0.0,0,sin(x0) * x0 * x0 * (exp(x0) + x0) * (exp(x0) - x0 * x0) * sin(x0) * x0 + x0 * exp(x0) * x0 + x0,sin(x0) * x0 * x0 * (exp(x0) + x0) * (exp(x0) - x0 * x0) * sin(x0) * x0 + x0 * exp(x0) * x0 + x0,x0*(-x0**2*(x0 + exp(x0))*(x0**2 - exp(x0))*sin(x0)**2 + x0*exp(x0) + 1),[],"{""K"": 500, ""c"": 6.0, ""exploration_rate"": 0.1, ""gamma"": 0.5, ""gp_rate"": 0.5, ""lm_iterations"": 10, ""max_constants"": 999, ""max_depth"": 6, ""max_evals"": 2000000, ""max_unary"": 999, ""mutation_rate"": 0.1, ""ops"": [""+"", ""-"", ""*"", ""/"", ""sin"", ""cos"", ""exp"", ""log""], ""succ_error_tol"": 1e-06}","{""K"": 500, ""c"": 6.0, ""exploration_rate"": 0.1, ""gamma"": 0.5, ""gp_rate"": 0.5, ""lm_iterations"": 10, ""max_constants"": 999, ""max_depth"": 6, ""max_evals"": 2000000, ""max_unary"": 999, ""mutation_rate"": 0.1, ""ops"": [""+"", ""-"", ""*"", ""/"", ""sin"", ""cos"", ""exp"", ""log""], ""succ_error_tol"": 1e-06}",0.5
imcts,Livermore,9,Livermore-9,expression,38,32304,40,20,20,1,"[""x0""]",x[0]**9 + x[0]**8 + x[0]**7 + x[0]**6 + x[0]**5 + x[0]**4 + x[0]**3 + x[0]**2 + x[0],0.9959501624107361,False,0.9999834657226945,0.9994381477861419,25.0,2000000,13.81238190899603,0.0,0,x0 * x0 * (x0 * x0 + x0) * ((x0 + x0) * x0 * x0 + sin(x0)) + sin(x0) * (x0 * x0 + x0) + x0,x0 * x0 * (x0 * x0 + x0) * ((x0 + x0) * x0 * x0 + sin(x0)) + sin(x0) * (x0 * x0 + x0) + x0,x0*(x0**2*(x0 + 1)*(2*x0**3 + sin(x0)) + (x0 + 1)*sin(x0) + 1),[],"{""K"": 500, ""c"": 6.0, ""exploration_rate"": 0.1, ""gamma"": 0.5, ""gp_rate"": 0.5, ""lm_iterations"": 10, ""max_constants"": 999, ""max_depth"": 6, ""max_evals"": 2000000, ""max_unary"": 999, ""mutation_rate"": 0.1, ""ops"": [""+"", ""-"", ""*"", ""/"", ""sin"", ""cos"", ""exp"", ""log""], ""succ_error_tol"": 1e-06}","{""K"": 500, ""c"": 6.0, ""exploration_rate"": 0.1, ""gamma"": 0.5, ""gp_rate"": 0.5, ""lm_iterations"": 10, ""max_constants"": 999, ""max_depth"": 6, ""max_evals"": 2000000, ""max_unary"": 999, ""mutation_rate"": 0.1, ""ops"": [""+"", ""-"", ""*"", ""/"", ""sin"", ""cos"", ""exp"", ""log""], ""succ_error_tol"": 1e-06}",0.5
imcts,Livermore,9,Livermore-9,expression,39,8666,40,20,20,1,"[""x0""]",x[0]**9 + x[0]**8 + x[0]**7 + x[0]**6 + x[0]**5 + x[0]**4 + x[0]**3 + x[0]**2 + x[0],0.9942858219146729,False,0.9999669708587583,0.9999600988916229,28.0,2000000,13.372691727010533,0.0,0,sin(x0) * (x0 + x0 * x0) + x0 + (sin(x0 * x0) + exp(x0 * x0)) * (x0 + x0 * x0) * sin(x0) * x0 * x0,sin(x0) * (x0 + x0 * x0) + x0 + (sin(x0 * x0) + exp(x0 * x0)) * (x0 + x0 * x0) * sin(x0) * x0 * x0,x0*(x0**2*(x0 + 1)*(exp(x0**2) + sin(x0**2))*sin(x0) + (x0 + 1)*sin(x0) + 1),[],"{""K"": 500, ""c"": 6.0, ""exploration_rate"": 0.1, ""gamma"": 0.5, ""gp_rate"": 0.5, ""lm_iterations"": 10, ""max_constants"": 999, ""max_depth"": 6, ""max_evals"": 2000000, ""max_unary"": 999, ""mutation_rate"": 0.1, ""ops"": [""+"", ""-"", ""*"", ""/"", ""sin"", ""cos"", ""exp"", ""log""], ""succ_error_tol"": 1e-06}","{""K"": 500, ""c"": 6.0, ""exploration_rate"": 0.1, ""gamma"": 0.5, ""gp_rate"": 0.5, ""lm_iterations"": 10, ""max_constants"": 999, ""max_depth"": 6, ""max_evals"": 2000000, ""max_unary"": 999, ""mutation_rate"": 0.1, ""ops"": [""+"", ""-"", ""*"", ""/"", ""sin"", ""cos"", ""exp"", ""log""], ""succ_error_tol"": 1e-06}",0.5
imcts,Livermore,9,Livermore-9,expression,40,25658,40,20,20,1,"[""x0""]",x[0]**9 + x[0]**8 + x[0]**7 + x[0]**6 + x[0]**5 + x[0]**4 + x[0]**3 + x[0]**2 + x[0],0.9954243302345276,False,0.999978870398487,0.9999724688317259,29.0,2000002,13.620538162009325,0.0,0,x0 * exp(x0) * (sin(x0) - x0) + x0 + exp(x0 * x0) / cos(x0) * sin(x0) * (x0 + x0 * x0),x0 * exp(x0) * (sin(x0) - x0) + x0 + exp(x0 * x0) / cos(x0) * sin(x0) * (x0 + x0 * x0),-x0*(x0 - sin(x0))*exp(x0) + x0 + (x0**2 + x0)*exp(x0**2)*sin(x0)/cos(x0),[],"{""K"": 500, ""c"": 6.0, ""exploration_rate"": 0.1, ""gamma"": 0.5, ""gp_rate"": 0.5, ""lm_iterations"": 10, ""max_constants"": 999, ""max_depth"": 6, ""max_evals"": 2000000, ""max_unary"": 999, ""mutation_rate"": 0.1, ""ops"": [""+"", ""-"", ""*"", ""/"", ""sin"", ""cos"", ""exp"", ""log""], ""succ_error_tol"": 1e-06}","{""K"": 500, ""c"": 6.0, ""exploration_rate"": 0.1, ""gamma"": 0.5, ""gp_rate"": 0.5, ""lm_iterations"": 10, ""max_constants"": 999, ""max_depth"": 6, ""max_evals"": 2000000, ""max_unary"": 999, ""mutation_rate"": 0.1, ""ops"": [""+"", ""-"", ""*"", ""/"", ""sin"", ""cos"", ""exp"", ""log""], ""succ_error_tol"": 1e-06}",0.5
imcts,Livermore,9,Livermore-9,expression,41,18942,40,20,20,1,"[""x0""]",x[0]**9 + x[0]**8 + x[0]**7 + x[0]**6 + x[0]**5 + x[0]**4 + x[0]**3 + x[0]**2 + x[0],0.9909392595291138,False,0.9999163943409773,0.9993473708208237,23.0,2000000,13.916552900976967,0.0,0,exp(x0) * x0 * ((exp(x0) - x0 / x0) * x0 * x0 * x0 + exp(sin(x0)) - sin(x0)),exp(x0) * x0 * ((exp(x0) - x0 / x0) * x0 * x0 * x0 + exp(sin(x0)) - sin(x0)),x0*(-x0**3*(1 - exp(x0)) + exp(sin(x0)) - sin(x0))*exp(x0),[],"{""K"": 500, ""c"": 6.0, ""exploration_rate"": 0.1, ""gamma"": 0.5, ""gp_rate"": 0.5, ""lm_iterations"": 10, ""max_constants"": 999, ""max_depth"": 6, ""max_evals"": 2000000, ""max_unary"": 999, ""mutation_rate"": 0.1, ""ops"": [""+"", ""-"", ""*"", ""/"", ""sin"", ""cos"", ""exp"", ""log""], ""succ_error_tol"": 1e-06}","{""K"": 500, ""c"": 6.0, ""exploration_rate"": 0.1, ""gamma"": 0.5, ""gp_rate"": 0.5, ""lm_iterations"": 10, ""max_constants"": 999, ""max_depth"": 6, ""max_evals"": 2000000, ""max_unary"": 999, ""mutation_rate"": 0.1, ""ops"": [""+"", ""-"", ""*"", ""/"", ""sin"", ""cos"", ""exp"", ""log""], ""succ_error_tol"": 1e-06}",0.5
imcts,Livermore,9,Livermore-9,expression,42,24233,40,20,20,1,"[""x0""]",x[0]**9 + x[0]**8 + x[0]**7 + x[0]**6 + x[0]**5 + x[0]**4 + x[0]**3 + x[0]**2 + x[0],0.9960947036743164,False,0.9999846292087242,0.9999104701379877,26.0,2000003,13.214200332004111,0.0,0,(sin(x0) * exp(x0) + x0 * x0) * x0 * x0 * x0 * x0 * x0 * x0 * x0 + exp(x0 * x0) * exp(x0) - (exp(sin(x0)) - x0),(sin(x0) * exp(x0) + x0 * x0) * x0 * x0 * x0 * x0 * x0 * x0 * x0 + exp(x0 * x0) * exp(x0) - (exp(sin(x0)) - x0),x0**7*(x0**2 + exp(x0)*sin(x0)) + x0 + exp(x0*(x0 + 1)) - exp(sin(x0)),[],"{""K"": 500, ""c"": 6.0, ""exploration_rate"": 0.1, ""gamma"": 0.5, ""gp_rate"": 0.5, ""lm_iterations"": 10, ""max_constants"": 999, ""max_depth"": 6, ""max_evals"": 2000000, ""max_unary"": 999, ""mutation_rate"": 0.1, ""ops"": [""+"", ""-"", ""*"", ""/"", ""sin"", ""cos"", ""exp"", ""log""], ""succ_error_tol"": 1e-06}","{""K"": 500, ""c"": 6.0, ""exploration_rate"": 0.1, ""gamma"": 0.5, ""gp_rate"": 0.5, ""lm_iterations"": 10, ""max_constants"": 999, ""max_depth"": 6, ""max_evals"": 2000000, ""max_unary"": 999, ""mutation_rate"": 0.1, ""ops"": [""+"", ""-"", ""*"", ""/"", ""sin"", ""cos"", ""exp"", ""log""], ""succ_error_tol"": 1e-06}",0.5
imcts,Livermore,9,Livermore-9,expression,43,18431,40,20,20,1,"[""x0""]",x[0]**9 + x[0]**8 + x[0]**7 + x[0]**6 + x[0]**5 + x[0]**4 + x[0]**3 + x[0]**2 + x[0],0.9929596185684204,False,0.9999497284478412,0.9999188108989402,17.0,2000004,13.218102953978814,0.0,0,x0 + x0 * (x0 * x0 + x0) * (x0 * x0 * x0 * x0 + exp(x0 * x0)),x0 + x0 * (x0 * x0 + x0) * (x0 * x0 * x0 * x0 + exp(x0 * x0)),x0*(x0*(x0 + 1)*(x0**4 + exp(x0**2)) + 1),[],"{""K"": 500, ""c"": 6.0, ""exploration_rate"": 0.1, ""gamma"": 0.5, ""gp_rate"": 0.5, ""lm_iterations"": 10, ""max_constants"": 999, ""max_depth"": 6, ""max_evals"": 2000000, ""max_unary"": 999, ""mutation_rate"": 0.1, ""ops"": [""+"", ""-"", ""*"", ""/"", ""sin"", ""cos"", ""exp"", ""log""], ""succ_error_tol"": 1e-06}","{""K"": 500, ""c"": 6.0, ""exploration_rate"": 0.1, ""gamma"": 0.5, ""gp_rate"": 0.5, ""lm_iterations"": 10, ""max_constants"": 999, ""max_depth"": 6, ""max_evals"": 2000000, ""max_unary"": 999, ""mutation_rate"": 0.1, ""ops"": [""+"", ""-"", ""*"", ""/"", ""sin"", ""cos"", ""exp"", ""log""], ""succ_error_tol"": 1e-06}",0.5
imcts,Livermore,9,Livermore-9,expression,44,32219,40,20,20,1,"[""x0""]",x[0]**9 + x[0]**8 + x[0]**7 + x[0]**6 + x[0]**5 + x[0]**4 + x[0]**3 + x[0]**2 + x[0],0.9935131072998047,False,0.9999573701299057,0.9987570143046222,39.0,2000000,13.004824851988815,0.0,0,exp(x0 * x0) / cos(x0 * x0) * (x0 + sin(x0) * x0) + (x0 + sin(x0) - x0 * x0) * (cos(x0) + sin(x0)) * (x0 - sin(x0)),exp(x0 * x0) / cos(x0 * x0) * (x0 + sin(x0) * x0) + (x0 + sin(x0) - x0 * x0) * (cos(x0) + sin(x0)) * (x0 - sin(x0)),(x0 - sin(x0))*(sin(x0) + cos(x0))*(-x0**2 + x0 + sin(x0)) + (x0*sin(x0) + x0)*exp(x0**2)/cos(x0**2),[],"{""K"": 500, ""c"": 6.0, ""exploration_rate"": 0.1, ""gamma"": 0.5, ""gp_rate"": 0.5, ""lm_iterations"": 10, ""max_constants"": 999, ""max_depth"": 6, ""max_evals"": 2000000, ""max_unary"": 999, ""mutation_rate"": 0.1, ""ops"": [""+"", ""-"", ""*"", ""/"", ""sin"", ""cos"", ""exp"", ""log""], ""succ_error_tol"": 1e-06}","{""K"": 500, ""c"": 6.0, ""exploration_rate"": 0.1, ""gamma"": 0.5, ""gp_rate"": 0.5, ""lm_iterations"": 10, ""max_constants"": 999, ""max_depth"": 6, ""max_evals"": 2000000, ""max_unary"": 999, ""mutation_rate"": 0.1, ""ops"": [""+"", ""-"", ""*"", ""/"", ""sin"", ""cos"", ""exp"", ""log""], ""succ_error_tol"": 1e-06}",0.5
imcts,Livermore,9,Livermore-9,expression,45,2747,40,20,20,1,"[""x0""]",x[0]**9 + x[0]**8 + x[0]**7 + x[0]**6 + x[0]**5 + x[0]**4 + x[0]**3 + x[0]**2 + x[0],0.9887896180152893,False,0.9998714630726218,0.9999344267415456,35.0,2000000,13.214704108017031,0.0,0,x0 / cos(x0) * exp(x0) * (exp(x0 * x0) - x0 * x0) + (cos(x0) + x0 + exp(cos(x0))) * (x0 - sin(x0)) * x0,x0 / cos(x0) * exp(x0) * (exp(x0 * x0) - x0 * x0) + (cos(x0) + x0 + exp(cos(x0))) * (x0 - sin(x0)) * x0,x0*(x0 - sin(x0))*(x0 + exp(cos(x0)) + cos(x0)) - x0*(x0**2 - exp(x0**2))*exp(x0)/cos(x0),[],"{""K"": 500, ""c"": 6.0, ""exploration_rate"": 0.1, ""gamma"": 0.5, ""gp_rate"": 0.5, ""lm_iterations"": 10, ""max_constants"": 999, ""max_depth"": 6, ""max_evals"": 2000000, ""max_unary"": 999, ""mutation_rate"": 0.1, ""ops"": [""+"", ""-"", ""*"", ""/"", ""sin"", ""cos"", ""exp"", ""log""], ""succ_error_tol"": 1e-06}","{""K"": 500, ""c"": 6.0, ""exploration_rate"": 0.1, ""gamma"": 0.5, ""gp_rate"": 0.5, ""lm_iterations"": 10, ""max_constants"": 999, ""max_depth"": 6, ""max_evals"": 2000000, ""max_unary"": 999, ""mutation_rate"": 0.1, ""ops"": [""+"", ""-"", ""*"", ""/"", ""sin"", ""cos"", ""exp"", ""log""], ""succ_error_tol"": 1e-06}",0.5
imcts,Livermore,9,Livermore-9,expression,46,25551,40,20,20,1,"[""x0""]",x[0]**9 + x[0]**8 + x[0]**7 + x[0]**6 + x[0]**5 + x[0]**4 + x[0]**3 + x[0]**2 + x[0],0.9909785389900208,False,0.999917124050339,0.9999208230695151,18.0,2000003,14.107019371003844,0.0,0,exp(sin(x0 * x0 * x0)) * (x0 / cos(x0 * x0) + x0 * (x0 + x0 * x0)),exp(sin(x0 * x0 * x0)) * (x0 / cos(x0 * x0) + x0 * (x0 + x0 * x0)),x0*(x0**2 + x0 + 1/cos(x0**2))*exp(sin(x0**3)),[],"{""K"": 500, ""c"": 6.0, ""exploration_rate"": 0.1, ""gamma"": 0.5, ""gp_rate"": 0.5, ""lm_iterations"": 10, ""max_constants"": 999, ""max_depth"": 6, ""max_evals"": 2000000, ""max_unary"": 999, ""mutation_rate"": 0.1, ""ops"": [""+"", ""-"", ""*"", ""/"", ""sin"", ""cos"", ""exp"", ""log""], ""succ_error_tol"": 1e-06}","{""K"": 500, ""c"": 6.0, ""exploration_rate"": 0.1, ""gamma"": 0.5, ""gp_rate"": 0.5, ""lm_iterations"": 10, ""max_constants"": 999, ""max_depth"": 6, ""max_evals"": 2000000, ""max_unary"": 999, ""mutation_rate"": 0.1, ""ops"": [""+"", ""-"", ""*"", ""/"", ""sin"", ""cos"", ""exp"", ""log""], ""succ_error_tol"": 1e-06}",0.5
imcts,Livermore,9,Livermore-9,expression,47,26382,40,20,20,1,"[""x0""]",x[0]**9 + x[0]**8 + x[0]**7 + x[0]**6 + x[0]**5 + x[0]**4 + x[0]**3 + x[0]**2 + x[0],0.9999998807907104,True,1.0,1.0,24.0,634374,3.8386815899866633,0.0,0,x0 * (x0 + x0 * x0) + x0 + (x0 + x0 * x0) * x0 * x0 * x0 * (x0 * x0 + x0 / x0 + x0 * x0 * x0 * x0),x0 * (x0 + x0 * x0) + x0 + (x0 + x0 * x0) * x0 * x0 * x0 * (x0 * x0 + x0 / x0 + x0 * x0 * x0 * x0),x0*(x0**3*(x0 + 1)*(x0**4 + x0**2 + 1) + x0*(x0 + 1) + 1),[],"{""K"": 500, ""c"": 6.0, ""exploration_rate"": 0.1, ""gamma"": 0.5, ""gp_rate"": 0.5, ""lm_iterations"": 10, ""max_constants"": 999, ""max_depth"": 6, ""max_evals"": 2000000, ""max_unary"": 999, ""mutation_rate"": 0.1, ""ops"": [""+"", ""-"", ""*"", ""/"", ""sin"", ""cos"", ""exp"", ""log""], ""succ_error_tol"": 1e-06}","{""K"": 500, ""c"": 6.0, ""exploration_rate"": 0.1, ""gamma"": 0.5, ""gp_rate"": 0.5, ""lm_iterations"": 10, ""max_constants"": 999, ""max_depth"": 6, ""max_evals"": 2000000, ""max_unary"": 999, ""mutation_rate"": 0.1, ""ops"": [""+"", ""-"", ""*"", ""/"", ""sin"", ""cos"", ""exp"", ""log""], ""succ_error_tol"": 1e-06}",0.5
imcts,Livermore,9,Livermore-9,expression,48,189,40,20,20,1,"[""x0""]",x[0]**9 + x[0]**8 + x[0]**7 + x[0]**6 + x[0]**5 + x[0]**4 + x[0]**3 + x[0]**2 + x[0],0.9964482188224792,False,0.9999872944917406,0.9998792960259983,27.0,2000000,13.588616792985704,0.0,0,sin(x0) * x0 * x0 * (x0 + x0 * x0) * (x0 * x0 + exp(x0 * x0)) + x0 + sin(x0) * (x0 * x0 + x0),sin(x0) * x0 * x0 * (x0 + x0 * x0) * (x0 * x0 + exp(x0 * x0)) + x0 + sin(x0) * (x0 * x0 + x0),x0*(x0**2*(x0 + 1)*(x0**2 + exp(x0**2))*sin(x0) + (x0 + 1)*sin(x0) + 1),[],"{""K"": 500, ""c"": 6.0, ""exploration_rate"": 0.1, ""gamma"": 0.5, ""gp_rate"": 0.5, ""lm_iterations"": 10, ""max_constants"": 999, ""max_depth"": 6, ""max_evals"": 2000000, ""max_unary"": 999, ""mutation_rate"": 0.1, ""ops"": [""+"", ""-"", ""*"", ""/"", ""sin"", ""cos"", ""exp"", ""log""], ""succ_error_tol"": 1e-06}","{""K"": 500, ""c"": 6.0, ""exploration_rate"": 0.1, ""gamma"": 0.5, ""gp_rate"": 0.5, ""lm_iterations"": 10, ""max_constants"": 999, ""max_depth"": 6, ""max_evals"": 2000000, ""max_unary"": 999, ""mutation_rate"": 0.1, ""ops"": [""+"", ""-"", ""*"", ""/"", ""sin"", ""cos"", ""exp"", ""log""], ""succ_error_tol"": 1e-06}",0.5
imcts,Livermore,9,Livermore-9,expression,49,31677,40,20,20,1,"[""x0""]",x[0]**9 + x[0]**8 + x[0]**7 + x[0]**6 + x[0]**5 + x[0]**4 + x[0]**3 + x[0]**2 + x[0],0.994634211063385,False,0.999970896500365,0.9999872940969988,27.0,2000001,13.699207858997397,0.0,0,x0 + sin(x0) * x0 + x0 * x0 * sin(x0) + (x0 * x0 + exp(x0 * x0)) * (x0 * x0 + x0) * x0 * x0 * sin(x0),x0 + sin(x0) * x0 + x0 * x0 * sin(x0) + (x0 * x0 + exp(x0 * x0)) * (x0 * x0 + x0) * x0 * x0 * sin(x0),x0*(x0**2*(x0 + 1)*(x0**2 + exp(x0**2))*sin(x0) + x0*sin(x0) + sin(x0) + 1),[],"{""K"": 500, ""c"": 6.0, ""exploration_rate"": 0.1, ""gamma"": 0.5, ""gp_rate"": 0.5, ""lm_iterations"": 10, ""max_constants"": 999, ""max_depth"": 6, ""max_evals"": 2000000, ""max_unary"": 999, ""mutation_rate"": 0.1, ""ops"": [""+"", ""-"", ""*"", ""/"", ""sin"", ""cos"", ""exp"", ""log""], ""succ_error_tol"": 1e-06}","{""K"": 500, ""c"": 6.0, ""exploration_rate"": 0.1, ""gamma"": 0.5, ""gp_rate"": 0.5, ""lm_iterations"": 10, ""max_constants"": 999, ""max_depth"": 6, ""max_evals"": 2000000, ""max_unary"": 999, ""mutation_rate"": 0.1, ""ops"": [""+"", ""-"", ""*"", ""/"", ""sin"", ""cos"", ""exp"", ""log""], ""succ_error_tol"": 1e-06}",0.5
imcts,Livermore,9,Livermore-9,expression,50,19118,40,20,20,1,"[""x0""]",x[0]**9 + x[0]**8 + x[0]**7 + x[0]**6 + x[0]**5 + x[0]**4 + x[0]**3 + x[0]**2 + x[0],0.9908076524734497,False,0.9999139251679585,0.9999581680350871,21.0,2000007,13.539798433019314,0.0,0,x0 * exp(x0) * exp(x0 * x0 * x0 * x0) + (exp(sin(x0)) - x0 / (x0 + x0)) * x0 * x0 * x0,x0 * exp(x0) * exp(x0 * x0 * x0 * x0) + (exp(sin(x0)) - x0 / (x0 + x0)) * x0 * x0 * x0,x0*(x0**2*exp(sin(x0)) - x0**2/2 + exp(x0**4 + x0)),[],"{""K"": 500, ""c"": 6.0, ""exploration_rate"": 0.1, ""gamma"": 0.5, ""gp_rate"": 0.5, ""lm_iterations"": 10, ""max_constants"": 999, ""max_depth"": 6, ""max_evals"": 2000000, ""max_unary"": 999, ""mutation_rate"": 0.1, ""ops"": [""+"", ""-"", ""*"", ""/"", ""sin"", ""cos"", ""exp"", ""log""], ""succ_error_tol"": 1e-06}","{""K"": 500, ""c"": 6.0, ""exploration_rate"": 0.1, ""gamma"": 0.5, ""gp_rate"": 0.5, ""lm_iterations"": 10, ""max_constants"": 999, ""max_depth"": 6, ""max_evals"": 2000000, ""max_unary"": 999, ""mutation_rate"": 0.1, ""ops"": [""+"", ""-"", ""*"", ""/"", ""sin"", ""cos"", ""exp"", ""log""], ""succ_error_tol"": 1e-06}",0.5
imcts,Livermore,9,Livermore-9,expression,51,3005,40,20,20,1,"[""x0""]",x[0]**9 + x[0]**8 + x[0]**7 + x[0]**6 + x[0]**5 + x[0]**4 + x[0]**3 + x[0]**2 + x[0],0.9916645288467407,False,0.9999293473153203,0.999888107500181,23.0,2000002,13.625093173992354,0.0,0,x0 * x0 * exp(x0) * exp(x0) * x0 * x0 + exp(sin(x0)) * x0 - sin(x0) * x0 * x0 * sin(x0) * x0 * x0,x0 * x0 * exp(x0) * exp(x0) * x0 * x0 + exp(sin(x0)) * x0 - sin(x0) * x0 * x0 * sin(x0) * x0 * x0,x0*(x0**3*exp(2*x0) - x0**3*sin(x0)**2 + exp(sin(x0))),[],"{""K"": 500, ""c"": 6.0, ""exploration_rate"": 0.1, ""gamma"": 0.5, ""gp_rate"": 0.5, ""lm_iterations"": 10, ""max_constants"": 999, ""max_depth"": 6, ""max_evals"": 2000000, ""max_unary"": 999, ""mutation_rate"": 0.1, ""ops"": [""+"", ""-"", ""*"", ""/"", ""sin"", ""cos"", ""exp"", ""log""], ""succ_error_tol"": 1e-06}","{""K"": 500, ""c"": 6.0, ""exploration_rate"": 0.1, ""gamma"": 0.5, ""gp_rate"": 0.5, ""lm_iterations"": 10, ""max_constants"": 999, ""max_depth"": 6, ""max_evals"": 2000000, ""max_unary"": 999, ""mutation_rate"": 0.1, ""ops"": [""+"", ""-"", ""*"", ""/"", ""sin"", ""cos"", ""exp"", ""log""], ""succ_error_tol"": 1e-06}",0.5
imcts,Livermore,9,Livermore-9,expression,52,21042,40,20,20,1,"[""x0""]",x[0]**9 + x[0]**8 + x[0]**7 + x[0]**6 + x[0]**5 + x[0]**4 + x[0]**3 + x[0]**2 + x[0],0.9892808794975281,False,0.9998825967501401,0.9998578205047812,23.0,2000001,13.214506849006284,0.0,0,(exp(exp(x0)) + (sin(x0) + exp(x0)) * x0 * x0 * x0) / (exp(cos(x0 * x0)) / sin(x0)),(exp(exp(x0)) + (sin(x0) + exp(x0)) * x0 * x0 * x0) / (exp(cos(x0 * x0)) / sin(x0)),(x0**3*(exp(x0) + sin(x0)) + exp(exp(x0)))*exp(-cos(x0**2))*sin(x0),[],"{""K"": 500, ""c"": 6.0, ""exploration_rate"": 0.1, ""gamma"": 0.5, ""gp_rate"": 0.5, ""lm_iterations"": 10, ""max_constants"": 999, ""max_depth"": 6, ""max_evals"": 2000000, ""max_unary"": 999, ""mutation_rate"": 0.1, ""ops"": [""+"", ""-"", ""*"", ""/"", ""sin"", ""cos"", ""exp"", ""log""], ""succ_error_tol"": 1e-06}","{""K"": 500, ""c"": 6.0, ""exploration_rate"": 0.1, ""gamma"": 0.5, ""gp_rate"": 0.5, ""lm_iterations"": 10, ""max_constants"": 999, ""max_depth"": 6, ""max_evals"": 2000000, ""max_unary"": 999, ""mutation_rate"": 0.1, ""ops"": [""+"", ""-"", ""*"", ""/"", ""sin"", ""cos"", ""exp"", ""log""], ""succ_error_tol"": 1e-06}",0.5
imcts,Livermore,9,Livermore-9,expression,53,1899,40,20,20,1,"[""x0""]",x[0]**9 + x[0]**8 + x[0]**7 + x[0]**6 + x[0]**5 + x[0]**4 + x[0]**3 + x[0]**2 + x[0],0.9906556010246277,False,0.9999110257437213,0.9998355034975693,26.0,2000001,13.718884242000058,0.0,0,log(x0 * x0) * x0 * x0 * x0 * sin(x0 * x0 * exp(x0)) + x0 / exp(cos(x0) - exp(x0)),log(x0 * x0) * x0 * x0 * x0 * sin(x0 * x0 * exp(x0)) + x0 / exp(cos(x0) - exp(x0)),x0*(x0**2*log(x0**2)*sin(x0**2*exp(x0)) + exp(exp(x0) - cos(x0))),[],"{""K"": 500, ""c"": 6.0, ""exploration_rate"": 0.1, ""gamma"": 0.5, ""gp_rate"": 0.5, ""lm_iterations"": 10, ""max_constants"": 999, ""max_depth"": 6, ""max_evals"": 2000000, ""max_unary"": 999, ""mutation_rate"": 0.1, ""ops"": [""+"", ""-"", ""*"", ""/"", ""sin"", ""cos"", ""exp"", ""log""], ""succ_error_tol"": 1e-06}","{""K"": 500, ""c"": 6.0, ""exploration_rate"": 0.1, ""gamma"": 0.5, ""gp_rate"": 0.5, ""lm_iterations"": 10, ""max_constants"": 999, ""max_depth"": 6, ""max_evals"": 2000000, ""max_unary"": 999, ""mutation_rate"": 0.1, ""ops"": [""+"", ""-"", ""*"", ""/"", ""sin"", ""cos"", ""exp"", ""log""], ""succ_error_tol"": 1e-06}",0.5
imcts,Livermore,9,Livermore-9,expression,54,24118,40,20,20,1,"[""x0""]",x[0]**9 + x[0]**8 + x[0]**7 + x[0]**6 + x[0]**5 + x[0]**4 + x[0]**3 + x[0]**2 + x[0],0.9955611228942871,False,0.9999801206670708,0.9999716099659427,30.0,2000003,13.276666195015423,0.0,0,(sin(x0) / x0 - cos(x0 * x0)) * (x0 - x0 * x0 + x0 * x0 * exp(x0)) + x0 * cos(x0) * exp(exp(x0) * x0),(sin(x0) / x0 - cos(x0 * x0)) * (x0 - x0 * x0 + x0 * x0 * exp(x0)) + x0 * cos(x0) * exp(exp(x0) * x0),x0*exp(x0*exp(x0))*cos(x0) + (x0*cos(x0**2) - sin(x0))*(-x0*exp(x0) + x0 - 1),[],"{""K"": 500, ""c"": 6.0, ""exploration_rate"": 0.1, ""gamma"": 0.5, ""gp_rate"": 0.5, ""lm_iterations"": 10, ""max_constants"": 999, ""max_depth"": 6, ""max_evals"": 2000000, ""max_unary"": 999, ""mutation_rate"": 0.1, ""ops"": [""+"", ""-"", ""*"", ""/"", ""sin"", ""cos"", ""exp"", ""log""], ""succ_error_tol"": 1e-06}","{""K"": 500, ""c"": 6.0, ""exploration_rate"": 0.1, ""gamma"": 0.5, ""gp_rate"": 0.5, ""lm_iterations"": 10, ""max_constants"": 999, ""max_depth"": 6, ""max_evals"": 2000000, ""max_unary"": 999, ""mutation_rate"": 0.1, ""ops"": [""+"", ""-"", ""*"", ""/"", ""sin"", ""cos"", ""exp"", ""log""], ""succ_error_tol"": 1e-06}",0.5
imcts,Livermore,9,Livermore-9,expression,55,1267,40,20,20,1,"[""x0""]",x[0]**9 + x[0]**8 + x[0]**7 + x[0]**6 + x[0]**5 + x[0]**4 + x[0]**3 + x[0]**2 + x[0],0.9908291697502136,False,0.999914331983019,0.9996508854359925,34.0,2000003,13.594527009990998,0.0,0,(x0 * x0 * exp(x0) + x0) * (exp(x0) - x0) * exp(sin(x0)) / (cos(x0 * x0 * x0) + sin(x0) * cos(x0) * exp(sin(x0))),(x0 * x0 * exp(x0) + x0) * (exp(x0) - x0) * exp(sin(x0)) / (cos(x0 * x0 * x0) + sin(x0) * cos(x0) * exp(sin(x0))),-x0*(x0 - exp(x0))*(x0*exp(x0) + 1)*exp(sin(x0))/(exp(sin(x0))*sin(2*x0)/2 + cos(x0**3)),[],"{""K"": 500, ""c"": 6.0, ""exploration_rate"": 0.1, ""gamma"": 0.5, ""gp_rate"": 0.5, ""lm_iterations"": 10, ""max_constants"": 999, ""max_depth"": 6, ""max_evals"": 2000000, ""max_unary"": 999, ""mutation_rate"": 0.1, ""ops"": [""+"", ""-"", ""*"", ""/"", ""sin"", ""cos"", ""exp"", ""log""], ""succ_error_tol"": 1e-06}","{""K"": 500, ""c"": 6.0, ""exploration_rate"": 0.1, ""gamma"": 0.5, ""gp_rate"": 0.5, ""lm_iterations"": 10, ""max_constants"": 999, ""max_depth"": 6, ""max_evals"": 2000000, ""max_unary"": 999, ""mutation_rate"": 0.1, ""ops"": [""+"", ""-"", ""*"", ""/"", ""sin"", ""cos"", ""exp"", ""log""], ""succ_error_tol"": 1e-06}",0.5
imcts,Livermore,9,Livermore-9,expression,56,31551,40,20,20,1,"[""x0""]",x[0]**9 + x[0]**8 + x[0]**7 + x[0]**6 + x[0]**5 + x[0]**4 + x[0]**3 + x[0]**2 + x[0],0.9935857653617859,False,0.9999583247125472,0.9968949409881389,27.0,2000004,13.336184246989433,0.0,0,x0 / cos(x0) * (x0 * x0 + x0) + x0 + (x0 + x0 + x0) * x0 * sin(x0) * (x0 + x0 * x0) * sin(x0) * sin(x0),x0 / cos(x0) * (x0 * x0 + x0) + x0 + (x0 + x0 + x0) * x0 * sin(x0) * (x0 + x0 * x0) * sin(x0) * sin(x0),3*x0**2*(x0**2 + x0)*sin(x0)**3 + x0*(x0**2 + x0)/cos(x0) + x0,[],"{""K"": 500, ""c"": 6.0, ""exploration_rate"": 0.1, ""gamma"": 0.5, ""gp_rate"": 0.5, ""lm_iterations"": 10, ""max_constants"": 999, ""max_depth"": 6, ""max_evals"": 2000000, ""max_unary"": 999, ""mutation_rate"": 0.1, ""ops"": [""+"", ""-"", ""*"", ""/"", ""sin"", ""cos"", ""exp"", ""log""], ""succ_error_tol"": 1e-06}","{""K"": 500, ""c"": 6.0, ""exploration_rate"": 0.1, ""gamma"": 0.5, ""gp_rate"": 0.5, ""lm_iterations"": 10, ""max_constants"": 999, ""max_depth"": 6, ""max_evals"": 2000000, ""max_unary"": 999, ""mutation_rate"": 0.1, ""ops"": [""+"", ""-"", ""*"", ""/"", ""sin"", ""cos"", ""exp"", ""log""], ""succ_error_tol"": 1e-06}",0.5
imcts,Livermore,9,Livermore-9,expression,57,17912,40,20,20,1,"[""x0""]",x[0]**9 + x[0]**8 + x[0]**7 + x[0]**6 + x[0]**5 + x[0]**4 + x[0]**3 + x[0]**2 + x[0],0.9896560907363892,False,0.9998907551048398,0.9997535812750619,30.0,2000002,13.361415685969405,0.0,0,(x0 + x0 * x0) / cos(x0 * x0) * (x0 * x0 * x0 + x0) + sin(x0) + (exp(x0) + exp(x0)) * (x0 - sin(x0)),(x0 + x0 * x0) / cos(x0 * x0) * (x0 * x0 * x0 + x0) + sin(x0) + (exp(x0) + exp(x0)) * (x0 - sin(x0)),2*(x0 - sin(x0))*exp(x0) + (x0**2 + x0)*(x0**3 + x0)/cos(x0**2) + sin(x0),[],"{""K"": 500, ""c"": 6.0, ""exploration_rate"": 0.1, ""gamma"": 0.5, ""gp_rate"": 0.5, ""lm_iterations"": 10, ""max_constants"": 999, ""max_depth"": 6, ""max_evals"": 2000000, ""max_unary"": 999, ""mutation_rate"": 0.1, ""ops"": [""+"", ""-"", ""*"", ""/"", ""sin"", ""cos"", ""exp"", ""log""], ""succ_error_tol"": 1e-06}","{""K"": 500, ""c"": 6.0, ""exploration_rate"": 0.1, ""gamma"": 0.5, ""gp_rate"": 0.5, ""lm_iterations"": 10, ""max_constants"": 999, ""max_depth"": 6, ""max_evals"": 2000000, ""max_unary"": 999, ""mutation_rate"": 0.1, ""ops"": [""+"", ""-"", ""*"", ""/"", ""sin"", ""cos"", ""exp"", ""log""], ""succ_error_tol"": 1e-06}",0.5
imcts,Livermore,9,Livermore-9,expression,58,11394,40,20,20,1,"[""x0""]",x[0]**9 + x[0]**8 + x[0]**7 + x[0]**6 + x[0]**5 + x[0]**4 + x[0]**3 + x[0]**2 + x[0],0.9903035163879395,False,0.999904127170035,0.9996198691105846,33.0,2000003,12.991293254017364,0.0,0,x0 / cos(x0 * x0) / (x0 / x0 - sin(x0)) - (x0 - cos(x0)) * x0 * (x0 / x0 - cos(x0)) * (x0 + x0 * x0),x0 / cos(x0 * x0) / (x0 / x0 - sin(x0)) - (x0 - cos(x0)) * x0 * (x0 / x0 - cos(x0)) * (x0 + x0 * x0),x0*(x0 - cos(x0))*(x0**2 + x0)*(cos(x0) - 1) - x0/((sin(x0) - 1)*cos(x0**2)),[],"{""K"": 500, ""c"": 6.0, ""exploration_rate"": 0.1, ""gamma"": 0.5, ""gp_rate"": 0.5, ""lm_iterations"": 10, ""max_constants"": 999, ""max_depth"": 6, ""max_evals"": 2000000, ""max_unary"": 999, ""mutation_rate"": 0.1, ""ops"": [""+"", ""-"", ""*"", ""/"", ""sin"", ""cos"", ""exp"", ""log""], ""succ_error_tol"": 1e-06}","{""K"": 500, ""c"": 6.0, ""exploration_rate"": 0.1, ""gamma"": 0.5, ""gp_rate"": 0.5, ""lm_iterations"": 10, ""max_constants"": 999, ""max_depth"": 6, ""max_evals"": 2000000, ""max_unary"": 999, ""mutation_rate"": 0.1, ""ops"": [""+"", ""-"", ""*"", ""/"", ""sin"", ""cos"", ""exp"", ""log""], ""succ_error_tol"": 1e-06}",0.5
imcts,Livermore,9,Livermore-9,expression,59,3556,40,20,20,1,"[""x0""]",x[0]**9 + x[0]**8 + x[0]**7 + x[0]**6 + x[0]**5 + x[0]**4 + x[0]**3 + x[0]**2 + x[0],0.9858823418617249,False,0.9997949429599597,0.9998390093190977,17.0,2000003,12.984856642025989,0.0,0,x0 * x0 * x0 * exp(x0) * exp(x0 * x0) + (sin(x0) + sin(x0 * x0)) * x0 / x0,x0 * x0 * x0 * exp(x0) * exp(x0 * x0) + (sin(x0) + sin(x0 * x0)) * x0 / x0,x0**3*exp(x0*(x0 + 1)) + sin(x0) + sin(x0**2),[],"{""K"": 500, ""c"": 6.0, ""exploration_rate"": 0.1, ""gamma"": 0.5, ""gp_rate"": 0.5, ""lm_iterations"": 10, ""max_constants"": 999, ""max_depth"": 6, ""max_evals"": 2000000, ""max_unary"": 999, ""mutation_rate"": 0.1, ""ops"": [""+"", ""-"", ""*"", ""/"", ""sin"", ""cos"", ""exp"", ""log""], ""succ_error_tol"": 1e-06}","{""K"": 500, ""c"": 6.0, ""exploration_rate"": 0.1, ""gamma"": 0.5, ""gp_rate"": 0.5, ""lm_iterations"": 10, ""max_constants"": 999, ""max_depth"": 6, ""max_evals"": 2000000, ""max_unary"": 999, ""mutation_rate"": 0.1, ""ops"": [""+"", ""-"", ""*"", ""/"", ""sin"", ""cos"", ""exp"", ""log""], ""succ_error_tol"": 1e-06}",0.5
imcts,Livermore,9,Livermore-9,expression,60,3890,40,20,20,1,"[""x0""]",x[0]**9 + x[0]**8 + x[0]**7 + x[0]**6 + x[0]**5 + x[0]**4 + x[0]**3 + x[0]**2 + x[0],0.9941014051437378,False,0.9999647937779634,0.9992281733382258,13.0,2000002,13.548921136010904,0.0,0,x0 * exp(x0 * x0 * x0) * (exp(x0 * sin(x0)) + x0),x0 * exp(x0 * x0 * x0) * (exp(x0 * sin(x0)) + x0),x0*(x0 + exp(x0*sin(x0)))*exp(x0**3),[],"{""K"": 500, ""c"": 6.0, ""exploration_rate"": 0.1, ""gamma"": 0.5, ""gp_rate"": 0.5, ""lm_iterations"": 10, ""max_constants"": 999, ""max_depth"": 6, ""max_evals"": 2000000, ""max_unary"": 999, ""mutation_rate"": 0.1, ""ops"": [""+"", ""-"", ""*"", ""/"", ""sin"", ""cos"", ""exp"", ""log""], ""succ_error_tol"": 1e-06}","{""K"": 500, ""c"": 6.0, ""exploration_rate"": 0.1, ""gamma"": 0.5, ""gp_rate"": 0.5, ""lm_iterations"": 10, ""max_constants"": 999, ""max_depth"": 6, ""max_evals"": 2000000, ""max_unary"": 999, ""mutation_rate"": 0.1, ""ops"": [""+"", ""-"", ""*"", ""/"", ""sin"", ""cos"", ""exp"", ""log""], ""succ_error_tol"": 1e-06}",0.5
imcts,Livermore,9,Livermore-9,expression,61,8838,40,20,20,1,"[""x0""]",x[0]**9 + x[0]**8 + x[0]**7 + x[0]**6 + x[0]**5 + x[0]**4 + x[0]**3 + x[0]**2 + x[0],0.9900075197219849,False,0.999898123158495,0.9998815590785995,25.0,2000000,13.899219323007856,0.0,0,(exp(x0) - cos(x0 * x0)) * x0 * x0 * x0 * exp(x0) + sin(x0) + (x0 + x0 * x0) * x0,(exp(x0) - cos(x0 * x0)) * x0 * x0 * x0 * exp(x0) + sin(x0) + (x0 + x0 * x0) * x0,x0**3*(exp(x0) - cos(x0**2))*exp(x0) + x0**2*(x0 + 1) + sin(x0),[],"{""K"": 500, ""c"": 6.0, ""exploration_rate"": 0.1, ""gamma"": 0.5, ""gp_rate"": 0.5, ""lm_iterations"": 10, ""max_constants"": 999, ""max_depth"": 6, ""max_evals"": 2000000, ""max_unary"": 999, ""mutation_rate"": 0.1, ""ops"": [""+"", ""-"", ""*"", ""/"", ""sin"", ""cos"", ""exp"", ""log""], ""succ_error_tol"": 1e-06}","{""K"": 500, ""c"": 6.0, ""exploration_rate"": 0.1, ""gamma"": 0.5, ""gp_rate"": 0.5, ""lm_iterations"": 10, ""max_constants"": 999, ""max_depth"": 6, ""max_evals"": 2000000, ""max_unary"": 999, ""mutation_rate"": 0.1, ""ops"": [""+"", ""-"", ""*"", ""/"", ""sin"", ""cos"", ""exp"", ""log""], ""succ_error_tol"": 1e-06}",0.5
imcts,Livermore,9,Livermore-9,expression,62,30740,40,20,20,1,"[""x0""]",x[0]**9 + x[0]**8 + x[0]**7 + x[0]**6 + x[0]**5 + x[0]**4 + x[0]**3 + x[0]**2 + x[0],0.9932973384857178,False,0.9999544663437122,0.9998561756727754,29.0,2000004,13.328272490005475,0.0,0,exp(exp(x0) - cos(x0)) * x0 - (sin(x0 / x0) - x0 * x0 * x0) * (x0 * x0 + sin(x0)) * cos(x0) * x0 * x0,exp(exp(x0) - cos(x0)) * x0 - (sin(x0 / x0) - x0 * x0 * x0) * (x0 * x0 + sin(x0)) * cos(x0) * x0 * x0,x0*(x0*(x0**2 + sin(x0))*(x0**3 - sin(1))*cos(x0) + exp(exp(x0) - cos(x0))),[],"{""K"": 500, ""c"": 6.0, ""exploration_rate"": 0.1, ""gamma"": 0.5, ""gp_rate"": 0.5, ""lm_iterations"": 10, ""max_constants"": 999, ""max_depth"": 6, ""max_evals"": 2000000, ""max_unary"": 999, ""mutation_rate"": 0.1, ""ops"": [""+"", ""-"", ""*"", ""/"", ""sin"", ""cos"", ""exp"", ""log""], ""succ_error_tol"": 1e-06}","{""K"": 500, ""c"": 6.0, ""exploration_rate"": 0.1, ""gamma"": 0.5, ""gp_rate"": 0.5, ""lm_iterations"": 10, ""max_constants"": 999, ""max_depth"": 6, ""max_evals"": 2000000, ""max_unary"": 999, ""mutation_rate"": 0.1, ""ops"": [""+"", ""-"", ""*"", ""/"", ""sin"", ""cos"", ""exp"", ""log""], ""succ_error_tol"": 1e-06}",0.5
imcts,Livermore,9,Livermore-9,expression,63,27464,40,20,20,1,"[""x0""]",x[0]**9 + x[0]**8 + x[0]**7 + x[0]**6 + x[0]**5 + x[0]**4 + x[0]**3 + x[0]**2 + x[0],0.9899148941040039,False,0.9998962081615018,0.9857997444597042,22.0,2000003,12.628952827013563,0.0,0,x0 / cos(x0 * x0) * (cos(x0 * x0) + (x0 * x0 + x0) * exp(x0 * x0)),x0 / cos(x0 * x0) * (cos(x0 * x0) + (x0 * x0 + x0) * exp(x0 * x0)),x0*(x0*(x0 + 1)*exp(x0**2) + cos(x0**2))/cos(x0**2),[],"{""K"": 500, ""c"": 6.0, ""exploration_rate"": 0.1, ""gamma"": 0.5, ""gp_rate"": 0.5, ""lm_iterations"": 10, ""max_constants"": 999, ""max_depth"": 6, ""max_evals"": 2000000, ""max_unary"": 999, ""mutation_rate"": 0.1, ""ops"": [""+"", ""-"", ""*"", ""/"", ""sin"", ""cos"", ""exp"", ""log""], ""succ_error_tol"": 1e-06}","{""K"": 500, ""c"": 6.0, ""exploration_rate"": 0.1, ""gamma"": 0.5, ""gp_rate"": 0.5, ""lm_iterations"": 10, ""max_constants"": 999, ""max_depth"": 6, ""max_evals"": 2000000, ""max_unary"": 999, ""mutation_rate"": 0.1, ""ops"": [""+"", ""-"", ""*"", ""/"", ""sin"", ""cos"", ""exp"", ""log""], ""succ_error_tol"": 1e-06}",0.5
imcts,Livermore,9,Livermore-9,expression,64,14502,40,20,20,1,"[""x0""]",x[0]**9 + x[0]**8 + x[0]**7 + x[0]**6 + x[0]**5 + x[0]**4 + x[0]**3 + x[0]**2 + x[0],0.9899389147758484,False,0.9998967061363724,0.9997925797527766,25.0,2000000,13.968537968001328,0.0,0,(x0 * x0 + x0) * (x0 - cos(x0)) * exp(cos(x0)) * x0 * x0 * x0 * x0 + x0 * exp(x0 * x0) * exp(x0),(x0 * x0 + x0) * (x0 - cos(x0)) * exp(cos(x0)) * x0 * x0 * x0 * x0 + x0 * exp(x0 * x0) * exp(x0),x0*(x0**4*(x0 + 1)*(x0 - cos(x0))*exp(cos(x0)) + exp(x0*(x0 + 1))),[],"{""K"": 500, ""c"": 6.0, ""exploration_rate"": 0.1, ""gamma"": 0.5, ""gp_rate"": 0.5, ""lm_iterations"": 10, ""max_constants"": 999, ""max_depth"": 6, ""max_evals"": 2000000, ""max_unary"": 999, ""mutation_rate"": 0.1, ""ops"": [""+"", ""-"", ""*"", ""/"", ""sin"", ""cos"", ""exp"", ""log""], ""succ_error_tol"": 1e-06}","{""K"": 500, ""c"": 6.0, ""exploration_rate"": 0.1, ""gamma"": 0.5, ""gp_rate"": 0.5, ""lm_iterations"": 10, ""max_constants"": 999, ""max_depth"": 6, ""max_evals"": 2000000, ""max_unary"": 999, ""mutation_rate"": 0.1, ""ops"": [""+"", ""-"", ""*"", ""/"", ""sin"", ""cos"", ""exp"", ""log""], ""succ_error_tol"": 1e-06}",0.5
imcts,Livermore,9,Livermore-9,expression,65,21777,40,20,20,1,"[""x0""]",x[0]**9 + x[0]**8 + x[0]**7 + x[0]**6 + x[0]**5 + x[0]**4 + x[0]**3 + x[0]**2 + x[0],0.9947900176048279,False,0.9999725707060956,0.99993892597193,31.0,2000003,13.582591276965104,0.0,0,exp(sin(x0) * exp(x0)) * x0 - (x0 * x0 + sin(x0)) / (exp(x0) - sin(x0)) * sin(x0 / x0) * x0 * x0,exp(sin(x0) * exp(x0)) * x0 - (x0 * x0 + sin(x0)) / (exp(x0) - sin(x0)) * sin(x0 / x0) * x0 * x0,-x0**2*(x0**2 + sin(x0))*sin(1)/(exp(x0) - sin(x0)) + x0*exp(exp(x0)*sin(x0)),[],"{""K"": 500, ""c"": 6.0, ""exploration_rate"": 0.1, ""gamma"": 0.5, ""gp_rate"": 0.5, ""lm_iterations"": 10, ""max_constants"": 999, ""max_depth"": 6, ""max_evals"": 2000000, ""max_unary"": 999, ""mutation_rate"": 0.1, ""ops"": [""+"", ""-"", ""*"", ""/"", ""sin"", ""cos"", ""exp"", ""log""], ""succ_error_tol"": 1e-06}","{""K"": 500, ""c"": 6.0, ""exploration_rate"": 0.1, ""gamma"": 0.5, ""gp_rate"": 0.5, ""lm_iterations"": 10, ""max_constants"": 999, ""max_depth"": 6, ""max_evals"": 2000000, ""max_unary"": 999, ""mutation_rate"": 0.1, ""ops"": [""+"", ""-"", ""*"", ""/"", ""sin"", ""cos"", ""exp"", ""log""], ""succ_error_tol"": 1e-06}",0.5
imcts,Livermore,9,Livermore-9,expression,66,10627,40,20,20,1,"[""x0""]",x[0]**9 + x[0]**8 + x[0]**7 + x[0]**6 + x[0]**5 + x[0]**4 + x[0]**3 + x[0]**2 + x[0],0.9943354725837708,False,0.999967546613326,0.9991869412853618,29.0,2000005,13.09595966199413,0.0,0,sin(x0) * exp(sin(x0) * exp(x0)) - exp(exp(x0)) * (sin(x0) - x0) * (x0 * sin(x0) - cos(x0)),sin(x0) * exp(sin(x0) * exp(x0)) - exp(exp(x0)) * (sin(x0) - x0) * (x0 * sin(x0) - cos(x0)),(x0 - sin(x0))*(x0*sin(x0) - cos(x0))*exp(exp(x0)) + exp(exp(x0)*sin(x0))*sin(x0),[],"{""K"": 500, ""c"": 6.0, ""exploration_rate"": 0.1, ""gamma"": 0.5, ""gp_rate"": 0.5, ""lm_iterations"": 10, ""max_constants"": 999, ""max_depth"": 6, ""max_evals"": 2000000, ""max_unary"": 999, ""mutation_rate"": 0.1, ""ops"": [""+"", ""-"", ""*"", ""/"", ""sin"", ""cos"", ""exp"", ""log""], ""succ_error_tol"": 1e-06}","{""K"": 500, ""c"": 6.0, ""exploration_rate"": 0.1, ""gamma"": 0.5, ""gp_rate"": 0.5, ""lm_iterations"": 10, ""max_constants"": 999, ""max_depth"": 6, ""max_evals"": 2000000, ""max_unary"": 999, ""mutation_rate"": 0.1, ""ops"": [""+"", ""-"", ""*"", ""/"", ""sin"", ""cos"", ""exp"", ""log""], ""succ_error_tol"": 1e-06}",0.5
imcts,Livermore,9,Livermore-9,expression,67,8792,40,20,20,1,"[""x0""]",x[0]**9 + x[0]**8 + x[0]**7 + x[0]**6 + x[0]**5 + x[0]**4 + x[0]**3 + x[0]**2 + x[0],0.990904688835144,False,0.9999157486649972,0.9996119203266024,31.0,2000001,12.86048548395047,0.0,0,x0 * x0 * x0 * (x0 + x0 + sin(x0)) * (sin(x0) * x0 + x0 * x0 * x0) + x0 + x0 - sin(x0) + x0 * x0 * exp(sin(x0)),x0 * x0 * x0 * (x0 + x0 + sin(x0)) * (sin(x0) * x0 + x0 * x0 * x0) + x0 + x0 - sin(x0) + x0 * x0 * exp(sin(x0)),x0**4*(2*x0 + sin(x0))*(x0**2 + sin(x0)) + x0**2*exp(sin(x0)) + 2*x0 - sin(x0),[],"{""K"": 500, ""c"": 6.0, ""exploration_rate"": 0.1, ""gamma"": 0.5, ""gp_rate"": 0.5, ""lm_iterations"": 10, ""max_constants"": 999, ""max_depth"": 6, ""max_evals"": 2000000, ""max_unary"": 999, ""mutation_rate"": 0.1, ""ops"": [""+"", ""-"", ""*"", ""/"", ""sin"", ""cos"", ""exp"", ""log""], ""succ_error_tol"": 1e-06}","{""K"": 500, ""c"": 6.0, ""exploration_rate"": 0.1, ""gamma"": 0.5, ""gp_rate"": 0.5, ""lm_iterations"": 10, ""max_constants"": 999, ""max_depth"": 6, ""max_evals"": 2000000, ""max_unary"": 999, ""mutation_rate"": 0.1, ""ops"": [""+"", ""-"", ""*"", ""/"", ""sin"", ""cos"", ""exp"", ""log""], ""succ_error_tol"": 1e-06}",0.5
imcts,Livermore,9,Livermore-9,expression,68,10555,40,20,20,1,"[""x0""]",x[0]**9 + x[0]**8 + x[0]**7 + x[0]**6 + x[0]**5 + x[0]**4 + x[0]**3 + x[0]**2 + x[0],0.995737612247467,False,0.9999816758867093,0.9643598304201487,29.0,2000003,13.476099826977588,0.0,0,(exp(x0 / x0) + x0 * (x0 + x0)) * (sin(x0) - x0) * (cos(x0) + sin(x0)) + exp(exp(x0) * x0) * sin(x0),(exp(x0 / x0) + x0 * (x0 + x0)) * (sin(x0) - x0) * (cos(x0) + sin(x0)) + exp(exp(x0) * x0) * sin(x0),-(x0 - sin(x0))*(2*x0**2 + E)*(sin(x0) + cos(x0)) + exp(x0*exp(x0))*sin(x0),[],"{""K"": 500, ""c"": 6.0, ""exploration_rate"": 0.1, ""gamma"": 0.5, ""gp_rate"": 0.5, ""lm_iterations"": 10, ""max_constants"": 999, ""max_depth"": 6, ""max_evals"": 2000000, ""max_unary"": 999, ""mutation_rate"": 0.1, ""ops"": [""+"", ""-"", ""*"", ""/"", ""sin"", ""cos"", ""exp"", ""log""], ""succ_error_tol"": 1e-06}","{""K"": 500, ""c"": 6.0, ""exploration_rate"": 0.1, ""gamma"": 0.5, ""gp_rate"": 0.5, ""lm_iterations"": 10, ""max_constants"": 999, ""max_depth"": 6, ""max_evals"": 2000000, ""max_unary"": 999, ""mutation_rate"": 0.1, ""ops"": [""+"", ""-"", ""*"", ""/"", ""sin"", ""cos"", ""exp"", ""log""], ""succ_error_tol"": 1e-06}",0.5
imcts,Livermore,9,Livermore-9,expression,69,10253,40,20,20,1,"[""x0""]",x[0]**9 + x[0]**8 + x[0]**7 + x[0]**6 + x[0]**5 + x[0]**4 + x[0]**3 + x[0]**2 + x[0],0.9999998807907104,True,1.0,1.0,17.0,320451,1.832559753966052,0.0,0,(x0 / x0 + x0 * x0 * x0 + x0 * x0 * x0 * x0 * x0 * x0) * (x0 + (x0 + x0 * x0) * x0),(x0 / x0 + x0 * x0 * x0 + x0 * x0 * x0 * x0 * x0 * x0) * (x0 + (x0 + x0 * x0) * x0),x0*(x0*(x0 + 1) + 1)*(x0**6 + x0**3 + 1),[],"{""K"": 500, ""c"": 6.0, ""exploration_rate"": 0.1, ""gamma"": 0.5, ""gp_rate"": 0.5, ""lm_iterations"": 10, ""max_constants"": 999, ""max_depth"": 6, ""max_evals"": 2000000, ""max_unary"": 999, ""mutation_rate"": 0.1, ""ops"": [""+"", ""-"", ""*"", ""/"", ""sin"", ""cos"", ""exp"", ""log""], ""succ_error_tol"": 1e-06}","{""K"": 500, ""c"": 6.0, ""exploration_rate"": 0.1, ""gamma"": 0.5, ""gp_rate"": 0.5, ""lm_iterations"": 10, ""max_constants"": 999, ""max_depth"": 6, ""max_evals"": 2000000, ""max_unary"": 999, ""mutation_rate"": 0.1, ""ops"": [""+"", ""-"", ""*"", ""/"", ""sin"", ""cos"", ""exp"", ""log""], ""succ_error_tol"": 1e-06}",0.5
imcts,Livermore,9,Livermore-9,expression,70,8433,40,20,20,1,"[""x0""]",x[0]**9 + x[0]**8 + x[0]**7 + x[0]**6 + x[0]**5 + x[0]**4 + x[0]**3 + x[0]**2 + x[0],0.9955113530158997,False,0.9999796695030934,0.9981769199111342,21.0,2000002,13.364527542958967,0.0,0,exp(x0 * x0) * (x0 + sin(x0) * x0) + (x0 + x0 * x0) * (x0 * x0 + x0) * x0 * x0 * x0 * x0,exp(x0 * x0) * (x0 + sin(x0) * x0) + (x0 + x0 * x0) * (x0 * x0 + x0) * x0 * x0 * x0 * x0,x0*(x0**5*(x0 + 1)**2 + (sin(x0) + 1)*exp(x0**2)),[],"{""K"": 500, ""c"": 6.0, ""exploration_rate"": 0.1, ""gamma"": 0.5, ""gp_rate"": 0.5, ""lm_iterations"": 10, ""max_constants"": 999, ""max_depth"": 6, ""max_evals"": 2000000, ""max_unary"": 999, ""mutation_rate"": 0.1, ""ops"": [""+"", ""-"", ""*"", ""/"", ""sin"", ""cos"", ""exp"", ""log""], ""succ_error_tol"": 1e-06}","{""K"": 500, ""c"": 6.0, ""exploration_rate"": 0.1, ""gamma"": 0.5, ""gp_rate"": 0.5, ""lm_iterations"": 10, ""max_constants"": 999, ""max_depth"": 6, ""max_evals"": 2000000, ""max_unary"": 999, ""mutation_rate"": 0.1, ""ops"": [""+"", ""-"", ""*"", ""/"", ""sin"", ""cos"", ""exp"", ""log""], ""succ_error_tol"": 1e-06}",0.5
imcts,Livermore,9,Livermore-9,expression,71,10233,40,20,20,1,"[""x0""]",x[0]**9 + x[0]**8 + x[0]**7 + x[0]**6 + x[0]**5 + x[0]**4 + x[0]**3 + x[0]**2 + x[0],0.9921318888664246,False,0.9999371059697038,0.9999899468278083,25.0,2000004,13.777468244952615,0.0,0,sin(x0) * x0 + x0 + x0 * x0 * sin(x0) + (x0 * x0 + x0) * x0 * x0 * ((x0 + x0) * x0 * x0 + sin(x0)),sin(x0) * x0 + x0 + x0 * x0 * sin(x0) + (x0 * x0 + x0) * x0 * x0 * ((x0 + x0) * x0 * x0 + sin(x0)),x0*(x0**2*(x0 + 1)*(2*x0**3 + sin(x0)) + x0*sin(x0) + sin(x0) + 1),[],"{""K"": 500, ""c"": 6.0, ""exploration_rate"": 0.1, ""gamma"": 0.5, ""gp_rate"": 0.5, ""lm_iterations"": 10, ""max_constants"": 999, ""max_depth"": 6, ""max_evals"": 2000000, ""max_unary"": 999, ""mutation_rate"": 0.1, ""ops"": [""+"", ""-"", ""*"", ""/"", ""sin"", ""cos"", ""exp"", ""log""], ""succ_error_tol"": 1e-06}","{""K"": 500, ""c"": 6.0, ""exploration_rate"": 0.1, ""gamma"": 0.5, ""gp_rate"": 0.5, ""lm_iterations"": 10, ""max_constants"": 999, ""max_depth"": 6, ""max_evals"": 2000000, ""max_unary"": 999, ""mutation_rate"": 0.1, ""ops"": [""+"", ""-"", ""*"", ""/"", ""sin"", ""cos"", ""exp"", ""log""], ""succ_error_tol"": 1e-06}",0.5
imcts,Livermore,9,Livermore-9,expression,72,11016,40,20,20,1,"[""x0""]",x[0]**9 + x[0]**8 + x[0]**7 + x[0]**6 + x[0]**5 + x[0]**4 + x[0]**3 + x[0]**2 + x[0],0.9967092871665955,False,0.9999890994530088,0.8472635657040969,23.0,2000002,13.676423892960884,0.0,0,x0 / cos(x0 * x0 * x0 * x0) / (cos(x0 - x0) + sin(x0 * x0) - (x0 + x0 * x0)),x0 / cos(x0 * x0 * x0 * x0) / (cos(x0 - x0) + sin(x0 * x0) - (x0 + x0 * x0)),-x0/((x0**2 + x0 - sin(x0**2) - 1)*cos(x0**4)),[],"{""K"": 500, ""c"": 6.0, ""exploration_rate"": 0.1, ""gamma"": 0.5, ""gp_rate"": 0.5, ""lm_iterations"": 10, ""max_constants"": 999, ""max_depth"": 6, ""max_evals"": 2000000, ""max_unary"": 999, ""mutation_rate"": 0.1, ""ops"": [""+"", ""-"", ""*"", ""/"", ""sin"", ""cos"", ""exp"", ""log""], ""succ_error_tol"": 1e-06}","{""K"": 500, ""c"": 6.0, ""exploration_rate"": 0.1, ""gamma"": 0.5, ""gp_rate"": 0.5, ""lm_iterations"": 10, ""max_constants"": 999, ""max_depth"": 6, ""max_evals"": 2000000, ""max_unary"": 999, ""mutation_rate"": 0.1, ""ops"": [""+"", ""-"", ""*"", ""/"", ""sin"", ""cos"", ""exp"", ""log""], ""succ_error_tol"": 1e-06}",0.5
imcts,Livermore,9,Livermore-9,expression,73,23897,40,20,20,1,"[""x0""]",x[0]**9 + x[0]**8 + x[0]**7 + x[0]**6 + x[0]**5 + x[0]**4 + x[0]**3 + x[0]**2 + x[0],0.9911181330680847,False,0.9999196913965603,0.9999816762502859,23.0,2000005,13.383659408020321,0.0,0,x0 / cos(x0 * x0) + x0 * x0 + exp(sin(x0) * x0 * x0) * x0 * x0 * x0 * exp(x0),x0 / cos(x0 * x0) + x0 * x0 + exp(sin(x0) * x0 * x0) * x0 * x0 * x0 * exp(x0),x0*(x0**2*exp(x0**2*sin(x0) + x0) + x0 + 1/cos(x0**2)),[],"{""K"": 500, ""c"": 6.0, ""exploration_rate"": 0.1, ""gamma"": 0.5, ""gp_rate"": 0.5, ""lm_iterations"": 10, ""max_constants"": 999, ""max_depth"": 6, ""max_evals"": 2000000, ""max_unary"": 999, ""mutation_rate"": 0.1, ""ops"": [""+"", ""-"", ""*"", ""/"", ""sin"", ""cos"", ""exp"", ""log""], ""succ_error_tol"": 1e-06}","{""K"": 500, ""c"": 6.0, ""exploration_rate"": 0.1, ""gamma"": 0.5, ""gp_rate"": 0.5, ""lm_iterations"": 10, ""max_constants"": 999, ""max_depth"": 6, ""max_evals"": 2000000, ""max_unary"": 999, ""mutation_rate"": 0.1, ""ops"": [""+"", ""-"", ""*"", ""/"", ""sin"", ""cos"", ""exp"", ""log""], ""succ_error_tol"": 1e-06}",0.5
imcts,Livermore,9,Livermore-9,expression,74,2612,40,20,20,1,"[""x0""]",x[0]**9 + x[0]**8 + x[0]**7 + x[0]**6 + x[0]**5 + x[0]**4 + x[0]**3 + x[0]**2 + x[0],0.9975503087043762,False,0.9999939692464546,0.999999035626371,25.0,2000003,13.536027755995747,0.0,0,(x0 + x0 * x0) * x0 + x0 - (sin(x0) + x0) * exp(x0 * x0) * log(cos(x0)) * (x0 + x0 * x0),(x0 + x0 * x0) * x0 + x0 - (sin(x0) + x0) * exp(x0 * x0) * log(cos(x0)) * (x0 + x0 * x0),x0*(x0*(x0 + 1) - (x0 + 1)*(x0 + sin(x0))*exp(x0**2)*log(cos(x0)) + 1),[],"{""K"": 500, ""c"": 6.0, ""exploration_rate"": 0.1, ""gamma"": 0.5, ""gp_rate"": 0.5, ""lm_iterations"": 10, ""max_constants"": 999, ""max_depth"": 6, ""max_evals"": 2000000, ""max_unary"": 999, ""mutation_rate"": 0.1, ""ops"": [""+"", ""-"", ""*"", ""/"", ""sin"", ""cos"", ""exp"", ""log""], ""succ_error_tol"": 1e-06}","{""K"": 500, ""c"": 6.0, ""exploration_rate"": 0.1, ""gamma"": 0.5, ""gp_rate"": 0.5, ""lm_iterations"": 10, ""max_constants"": 999, ""max_depth"": 6, ""max_evals"": 2000000, ""max_unary"": 999, ""mutation_rate"": 0.1, ""ops"": [""+"", ""-"", ""*"", ""/"", ""sin"", ""cos"", ""exp"", ""log""], ""succ_error_tol"": 1e-06}",0.5
imcts,Livermore,9,Livermore-9,expression,75,23425,40,20,20,1,"[""x0""]",x[0]**9 + x[0]**8 + x[0]**7 + x[0]**6 + x[0]**5 + x[0]**4 + x[0]**3 + x[0]**2 + x[0],0.9940106868743896,False,0.9999636948747792,0.9998856557642964,21.0,2000001,13.143273775000125,0.0,0,exp(x0) / cos(x0) / cos(x0) * x0 - cos(x0 * x0 * x0) * x0 * x0 * sin(x0) * cos(x0 / x0),exp(x0) / cos(x0) / cos(x0) * x0 - cos(x0 * x0 * x0) * x0 * x0 * sin(x0) * cos(x0 / x0),x0*(-x0*sin(x0)*cos(1)*cos(x0**3) + exp(x0)/cos(x0)**2),[],"{""K"": 500, ""c"": 6.0, ""exploration_rate"": 0.1, ""gamma"": 0.5, ""gp_rate"": 0.5, ""lm_iterations"": 10, ""max_constants"": 999, ""max_depth"": 6, ""max_evals"": 2000000, ""max_unary"": 999, ""mutation_rate"": 0.1, ""ops"": [""+"", ""-"", ""*"", ""/"", ""sin"", ""cos"", ""exp"", ""log""], ""succ_error_tol"": 1e-06}","{""K"": 500, ""c"": 6.0, ""exploration_rate"": 0.1, ""gamma"": 0.5, ""gp_rate"": 0.5, ""lm_iterations"": 10, ""max_constants"": 999, ""max_depth"": 6, ""max_evals"": 2000000, ""max_unary"": 999, ""mutation_rate"": 0.1, ""ops"": [""+"", ""-"", ""*"", ""/"", ""sin"", ""cos"", ""exp"", ""log""], ""succ_error_tol"": 1e-06}",0.5
imcts,Livermore,9,Livermore-9,expression,76,25939,40,20,20,1,"[""x0""]",x[0]**9 + x[0]**8 + x[0]**7 + x[0]**6 + x[0]**5 + x[0]**4 + x[0]**3 + x[0]**2 + x[0],0.9870743751525879,False,0.9998285246536764,0.9999085935441181,25.0,2000007,13.119120947027113,0.0,0,sin(x0) * (x0 + x0 * x0) * (x0 - cos(x0)) * x0 * x0 * (x0 + x0) + exp(x0 + x0 * x0) * x0,sin(x0) * (x0 + x0 * x0) * (x0 - cos(x0)) * x0 * x0 * (x0 + x0) + exp(x0 + x0 * x0) * x0,x0*(2*x0**3*(x0 + 1)*(x0 - cos(x0))*sin(x0) + exp(x0*(x0 + 1))),[],"{""K"": 500, ""c"": 6.0, ""exploration_rate"": 0.1, ""gamma"": 0.5, ""gp_rate"": 0.5, ""lm_iterations"": 10, ""max_constants"": 999, ""max_depth"": 6, ""max_evals"": 2000000, ""max_unary"": 999, ""mutation_rate"": 0.1, ""ops"": [""+"", ""-"", ""*"", ""/"", ""sin"", ""cos"", ""exp"", ""log""], ""succ_error_tol"": 1e-06}","{""K"": 500, ""c"": 6.0, ""exploration_rate"": 0.1, ""gamma"": 0.5, ""gp_rate"": 0.5, ""lm_iterations"": 10, ""max_constants"": 999, ""max_depth"": 6, ""max_evals"": 2000000, ""max_unary"": 999, ""mutation_rate"": 0.1, ""ops"": [""+"", ""-"", ""*"", ""/"", ""sin"", ""cos"", ""exp"", ""log""], ""succ_error_tol"": 1e-06}",0.5
imcts,Livermore,9,Livermore-9,expression,77,22619,40,20,20,1,"[""x0""]",x[0]**9 + x[0]**8 + x[0]**7 + x[0]**6 + x[0]**5 + x[0]**4 + x[0]**3 + x[0]**2 + x[0],0.9898650646209717,False,0.9998951696806022,0.9999157818459098,17.0,2000004,13.156095904007088,0.0,0,x0 * x0 * x0 * exp(x0 * x0) * exp(x0) + sin(x0) + sin(x0 * x0),x0 * x0 * x0 * exp(x0 * x0) * exp(x0) + sin(x0) + sin(x0 * x0),x0**3*exp(x0*(x0 + 1)) + sin(x0) + sin(x0**2),[],"{""K"": 500, ""c"": 6.0, ""exploration_rate"": 0.1, ""gamma"": 0.5, ""gp_rate"": 0.5, ""lm_iterations"": 10, ""max_constants"": 999, ""max_depth"": 6, ""max_evals"": 2000000, ""max_unary"": 999, ""mutation_rate"": 0.1, ""ops"": [""+"", ""-"", ""*"", ""/"", ""sin"", ""cos"", ""exp"", ""log""], ""succ_error_tol"": 1e-06}","{""K"": 500, ""c"": 6.0, ""exploration_rate"": 0.1, ""gamma"": 0.5, ""gp_rate"": 0.5, ""lm_iterations"": 10, ""max_constants"": 999, ""max_depth"": 6, ""max_evals"": 2000000, ""max_unary"": 999, ""mutation_rate"": 0.1, ""ops"": [""+"", ""-"", ""*"", ""/"", ""sin"", ""cos"", ""exp"", ""log""], ""succ_error_tol"": 1e-06}",0.5
imcts,Livermore,9,Livermore-9,expression,78,21870,40,20,20,1,"[""x0""]",x[0]**9 + x[0]**8 + x[0]**7 + x[0]**6 + x[0]**5 + x[0]**4 + x[0]**3 + x[0]**2 + x[0],0.994025707244873,False,0.99996387822135,0.9999605612465993,29.0,2000002,13.51775307598291,0.0,0,exp(exp(x0) * sin(x0)) * x0 + (x0 * x0 - (x0 + x0)) * sin(x0) * (sin(x0) + x0 * x0) / exp(cos(x0)),exp(exp(x0) * sin(x0)) * x0 + (x0 * x0 - (x0 + x0)) * sin(x0) * (sin(x0) + x0 * x0) / exp(cos(x0)),x0*((x0 - 2)*(x0**2 + sin(x0))*sin(x0) + exp(exp(x0)*sin(x0) + cos(x0)))*exp(-cos(x0)),[],"{""K"": 500, ""c"": 6.0, ""exploration_rate"": 0.1, ""gamma"": 0.5, ""gp_rate"": 0.5, ""lm_iterations"": 10, ""max_constants"": 999, ""max_depth"": 6, ""max_evals"": 2000000, ""max_unary"": 999, ""mutation_rate"": 0.1, ""ops"": [""+"", ""-"", ""*"", ""/"", ""sin"", ""cos"", ""exp"", ""log""], ""succ_error_tol"": 1e-06}","{""K"": 500, ""c"": 6.0, ""exploration_rate"": 0.1, ""gamma"": 0.5, ""gp_rate"": 0.5, ""lm_iterations"": 10, ""max_constants"": 999, ""max_depth"": 6, ""max_evals"": 2000000, ""max_unary"": 999, ""mutation_rate"": 0.1, ""ops"": [""+"", ""-"", ""*"", ""/"", ""sin"", ""cos"", ""exp"", ""log""], ""succ_error_tol"": 1e-06}",0.5
imcts,Livermore,9,Livermore-9,expression,79,23483,40,20,20,1,"[""x0""]",x[0]**9 + x[0]**8 + x[0]**7 + x[0]**6 + x[0]**5 + x[0]**4 + x[0]**3 + x[0]**2 + x[0],0.9932084083557129,False,0.9999532420734834,0.9999472037357788,29.0,2000001,13.855896215012763,0.0,0,exp(exp(x0)) * x0 / exp(cos(x0 * x0)) + x0 * x0 * x0 * x0 / exp(sin(x0)) / ((x0 + x0 + x0) / (x0 * x0 + sin(x0))),exp(exp(x0)) * x0 / exp(cos(x0 * x0)) + x0 * x0 * x0 * x0 / exp(sin(x0)) / ((x0 + x0 + x0) / (x0 * x0 + sin(x0))),x0**3*(x0**2 + sin(x0))*exp(-sin(x0))/3 + x0*exp(exp(x0))*exp(-cos(x0**2)),[],"{""K"": 500, ""c"": 6.0, ""exploration_rate"": 0.1, ""gamma"": 0.5, ""gp_rate"": 0.5, ""lm_iterations"": 10, ""max_constants"": 999, ""max_depth"": 6, ""max_evals"": 2000000, ""max_unary"": 999, ""mutation_rate"": 0.1, ""ops"": [""+"", ""-"", ""*"", ""/"", ""sin"", ""cos"", ""exp"", ""log""], ""succ_error_tol"": 1e-06}","{""K"": 500, ""c"": 6.0, ""exploration_rate"": 0.1, ""gamma"": 0.5, ""gp_rate"": 0.5, ""lm_iterations"": 10, ""max_constants"": 999, ""max_depth"": 6, ""max_evals"": 2000000, ""max_unary"": 999, ""mutation_rate"": 0.1, ""ops"": [""+"", ""-"", ""*"", ""/"", ""sin"", ""cos"", ""exp"", ""log""], ""succ_error_tol"": 1e-06}",0.5
imcts,Livermore,9,Livermore-9,expression,80,26054,40,20,20,1,"[""x0""]",x[0]**9 + x[0]**8 + x[0]**7 + x[0]**6 + x[0]**5 + x[0]**4 + x[0]**3 + x[0]**2 + x[0],0.9965954422950745,False,0.9999883300710379,0.9982232206110723,25.0,2000004,13.397894238994922,0.0,0,exp(exp(x0) - cos(x0)) * x0 - (sin(x0) - x0 * x0 * x0 * x0) * cos(x0 / x0) * x0 * x0 * exp(x0),exp(exp(x0) - cos(x0)) * x0 - (sin(x0) - x0 * x0 * x0 * x0) * cos(x0 / x0) * x0 * x0 * exp(x0),x0*(x0*(x0**4 - sin(x0))*exp(x0)*cos(1) + exp(exp(x0) - cos(x0))),[],"{""K"": 500, ""c"": 6.0, ""exploration_rate"": 0.1, ""gamma"": 0.5, ""gp_rate"": 0.5, ""lm_iterations"": 10, ""max_constants"": 999, ""max_depth"": 6, ""max_evals"": 2000000, ""max_unary"": 999, ""mutation_rate"": 0.1, ""ops"": [""+"", ""-"", ""*"", ""/"", ""sin"", ""cos"", ""exp"", ""log""], ""succ_error_tol"": 1e-06}","{""K"": 500, ""c"": 6.0, ""exploration_rate"": 0.1, ""gamma"": 0.5, ""gp_rate"": 0.5, ""lm_iterations"": 10, ""max_constants"": 999, ""max_depth"": 6, ""max_evals"": 2000000, ""max_unary"": 999, ""mutation_rate"": 0.1, ""ops"": [""+"", ""-"", ""*"", ""/"", ""sin"", ""cos"", ""exp"", ""log""], ""succ_error_tol"": 1e-06}",0.5
imcts,Livermore,9,Livermore-9,expression,81,15787,40,20,20,1,"[""x0""]",x[0]**9 + x[0]**8 + x[0]**7 + x[0]**6 + x[0]**5 + x[0]**4 + x[0]**3 + x[0]**2 + x[0],0.9999998807907104,True,1.0,1.0,24.0,581012,3.451400614983868,0.0,0,(x0 * x0 * x0 * x0 + x0 / x0 + x0 * x0) * x0 * x0 * x0 * (x0 + x0 * x0) + x0 + x0 * (x0 + x0 * x0),(x0 * x0 * x0 * x0 + x0 / x0 + x0 * x0) * x0 * x0 * x0 * (x0 + x0 * x0) + x0 + x0 * (x0 + x0 * x0),x0*(x0**3*(x0 + 1)*(x0**4 + x0**2 + 1) + x0*(x0 + 1) + 1),[],"{""K"": 500, ""c"": 6.0, ""exploration_rate"": 0.1, ""gamma"": 0.5, ""gp_rate"": 0.5, ""lm_iterations"": 10, ""max_constants"": 999, ""max_depth"": 6, ""max_evals"": 2000000, ""max_unary"": 999, ""mutation_rate"": 0.1, ""ops"": [""+"", ""-"", ""*"", ""/"", ""sin"", ""cos"", ""exp"", ""log""], ""succ_error_tol"": 1e-06}","{""K"": 500, ""c"": 6.0, ""exploration_rate"": 0.1, ""gamma"": 0.5, ""gp_rate"": 0.5, ""lm_iterations"": 10, ""max_constants"": 999, ""max_depth"": 6, ""max_evals"": 2000000, ""max_unary"": 999, ""mutation_rate"": 0.1, ""ops"": [""+"", ""-"", ""*"", ""/"", ""sin"", ""cos"", ""exp"", ""log""], ""succ_error_tol"": 1e-06}",0.5
imcts,Livermore,9,Livermore-9,expression,82,27132,40,20,20,1,"[""x0""]",x[0]**9 + x[0]**8 + x[0]**7 + x[0]**6 + x[0]**5 + x[0]**4 + x[0]**3 + x[0]**2 + x[0],0.991530179977417,False,0.9999270313107504,0.9997263336557409,29.0,2000002,13.356571766955312,0.0,0,exp(x0 * x0 * x0 * x0) * exp(x0) * x0 + cos(x0 / x0) * (exp(x0) - x0 * x0) * x0 * x0 * (x0 * x0 + x0),exp(x0 * x0 * x0 * x0) * exp(x0) * x0 + cos(x0 / x0) * (exp(x0) - x0 * x0) * x0 * x0 * (x0 * x0 + x0),x0*(-x0**2*(x0 + 1)*(x0**2 - exp(x0))*cos(1) + exp(x0*(x0**3 + 1))),[],"{""K"": 500, ""c"": 6.0, ""exploration_rate"": 0.1, ""gamma"": 0.5, ""gp_rate"": 0.5, ""lm_iterations"": 10, ""max_constants"": 999, ""max_depth"": 6, ""max_evals"": 2000000, ""max_unary"": 999, ""mutation_rate"": 0.1, ""ops"": [""+"", ""-"", ""*"", ""/"", ""sin"", ""cos"", ""exp"", ""log""], ""succ_error_tol"": 1e-06}","{""K"": 500, ""c"": 6.0, ""exploration_rate"": 0.1, ""gamma"": 0.5, ""gp_rate"": 0.5, ""lm_iterations"": 10, ""max_constants"": 999, ""max_depth"": 6, ""max_evals"": 2000000, ""max_unary"": 999, ""mutation_rate"": 0.1, ""ops"": [""+"", ""-"", ""*"", ""/"", ""sin"", ""cos"", ""exp"", ""log""], ""succ_error_tol"": 1e-06}",0.5
imcts,Livermore,9,Livermore-9,expression,83,17159,40,20,20,1,"[""x0""]",x[0]**9 + x[0]**8 + x[0]**7 + x[0]**6 + x[0]**5 + x[0]**4 + x[0]**3 + x[0]**2 + x[0],0.9982219934463501,False,0.9999968275254526,0.9995825176475225,26.0,2000001,13.488740300002974,0.0,0,x0 * (x0 + x0 * x0) + x0 + (x0 * x0 * x0 * x0 + exp(x0 * x0)) * (x0 + x0 * x0) * x0 * x0 * sin(x0),x0 * (x0 + x0 * x0) + x0 + (x0 * x0 * x0 * x0 + exp(x0 * x0)) * (x0 + x0 * x0) * x0 * x0 * sin(x0),x0*(x0**2*(x0 + 1)*(x0**4 + exp(x0**2))*sin(x0) + x0*(x0 + 1) + 1),[],"{""K"": 500, ""c"": 6.0, ""exploration_rate"": 0.1, ""gamma"": 0.5, ""gp_rate"": 0.5, ""lm_iterations"": 10, ""max_constants"": 999, ""max_depth"": 6, ""max_evals"": 2000000, ""max_unary"": 999, ""mutation_rate"": 0.1, ""ops"": [""+"", ""-"", ""*"", ""/"", ""sin"", ""cos"", ""exp"", ""log""], ""succ_error_tol"": 1e-06}","{""K"": 500, ""c"": 6.0, ""exploration_rate"": 0.1, ""gamma"": 0.5, ""gp_rate"": 0.5, ""lm_iterations"": 10, ""max_constants"": 999, ""max_depth"": 6, ""max_evals"": 2000000, ""max_unary"": 999, ""mutation_rate"": 0.1, ""ops"": [""+"", ""-"", ""*"", ""/"", ""sin"", ""cos"", ""exp"", ""log""], ""succ_error_tol"": 1e-06}",0.5
imcts,Livermore,9,Livermore-9,expression,84,12206,40,20,20,1,"[""x0""]",x[0]**9 + x[0]**8 + x[0]**7 + x[0]**6 + x[0]**5 + x[0]**4 + x[0]**3 + x[0]**2 + x[0],0.9999999403953552,True,1.0,1.0,24.0,585358,3.515409784973599,0.0,0,(x0 * x0 + x0) * x0 + x0 + (x0 * x0 + x0 / x0 + x0 * x0 * x0 * x0) * x0 * x0 * x0 * (x0 + x0 * x0),(x0 * x0 + x0) * x0 + x0 + (x0 * x0 + x0 / x0 + x0 * x0 * x0 * x0) * x0 * x0 * x0 * (x0 + x0 * x0),x0*(x0**3*(x0 + 1)*(x0**4 + x0**2 + 1) + x0*(x0 + 1) + 1),[],"{""K"": 500, ""c"": 6.0, ""exploration_rate"": 0.1, ""gamma"": 0.5, ""gp_rate"": 0.5, ""lm_iterations"": 10, ""max_constants"": 999, ""max_depth"": 6, ""max_evals"": 2000000, ""max_unary"": 999, ""mutation_rate"": 0.1, ""ops"": [""+"", ""-"", ""*"", ""/"", ""sin"", ""cos"", ""exp"", ""log""], ""succ_error_tol"": 1e-06}","{""K"": 500, ""c"": 6.0, ""exploration_rate"": 0.1, ""gamma"": 0.5, ""gp_rate"": 0.5, ""lm_iterations"": 10, ""max_constants"": 999, ""max_depth"": 6, ""max_evals"": 2000000, ""max_unary"": 999, ""mutation_rate"": 0.1, ""ops"": [""+"", ""-"", ""*"", ""/"", ""sin"", ""cos"", ""exp"", ""log""], ""succ_error_tol"": 1e-06}",0.5
imcts,Livermore,9,Livermore-9,expression,85,8226,40,20,20,1,"[""x0""]",x[0]**9 + x[0]**8 + x[0]**7 + x[0]**6 + x[0]**5 + x[0]**4 + x[0]**3 + x[0]**2 + x[0],0.9943497776985168,False,0.9999677106771656,0.9988161850728305,28.0,2000001,13.624825478007551,0.0,0,sin(x0 * x0) * sin(x0) * sin(x0) * sin(x0) * sin(x0) * (x0 * x0 + x0 + x0) + exp(x0 * x0 * x0) * (x0 * x0 * x0 + x0 * x0 + sin(x0)),sin(x0 * x0) * sin(x0) * sin(x0) * sin(x0) * sin(x0) * (x0 * x0 + x0 + x0) + exp(x0 * x0 * x0) * (x0 * x0 * x0 + x0 * x0 + sin(x0)),x0*(x0 + 2)*sin(x0)**4*sin(x0**2) + (x0**3 + x0**2 + sin(x0))*exp(x0**3),[],"{""K"": 500, ""c"": 6.0, ""exploration_rate"": 0.1, ""gamma"": 0.5, ""gp_rate"": 0.5, ""lm_iterations"": 10, ""max_constants"": 999, ""max_depth"": 6, ""max_evals"": 2000000, ""max_unary"": 999, ""mutation_rate"": 0.1, ""ops"": [""+"", ""-"", ""*"", ""/"", ""sin"", ""cos"", ""exp"", ""log""], ""succ_error_tol"": 1e-06}","{""K"": 500, ""c"": 6.0, ""exploration_rate"": 0.1, ""gamma"": 0.5, ""gp_rate"": 0.5, ""lm_iterations"": 10, ""max_constants"": 999, ""max_depth"": 6, ""max_evals"": 2000000, ""max_unary"": 999, ""mutation_rate"": 0.1, ""ops"": [""+"", ""-"", ""*"", ""/"", ""sin"", ""cos"", ""exp"", ""log""], ""succ_error_tol"": 1e-06}",0.5
imcts,Livermore,9,Livermore-9,expression,86,14541,40,20,20,1,"[""x0""]",x[0]**9 + x[0]**8 + x[0]**7 + x[0]**6 + x[0]**5 + x[0]**4 + x[0]**3 + x[0]**2 + x[0],0.9937240481376648,False,0.9999601128918604,0.999626430726002,25.0,2000000,13.081863009021617,0.0,0,x0 + (x0 + x0 * x0) * sin(x0) + (sin(x0) + (x0 + x0) * x0 * x0) * (x0 * x0 + x0) * x0 * x0,x0 + (x0 + x0 * x0) * sin(x0) + (sin(x0) + (x0 + x0) * x0 * x0) * (x0 * x0 + x0) * x0 * x0,x0*(x0**2*(x0 + 1)*(2*x0**3 + sin(x0)) + (x0 + 1)*sin(x0) + 1),[],"{""K"": 500, ""c"": 6.0, ""exploration_rate"": 0.1, ""gamma"": 0.5, ""gp_rate"": 0.5, ""lm_iterations"": 10, ""max_constants"": 999, ""max_depth"": 6, ""max_evals"": 2000000, ""max_unary"": 999, ""mutation_rate"": 0.1, ""ops"": [""+"", ""-"", ""*"", ""/"", ""sin"", ""cos"", ""exp"", ""log""], ""succ_error_tol"": 1e-06}","{""K"": 500, ""c"": 6.0, ""exploration_rate"": 0.1, ""gamma"": 0.5, ""gp_rate"": 0.5, ""lm_iterations"": 10, ""max_constants"": 999, ""max_depth"": 6, ""max_evals"": 2000000, ""max_unary"": 999, ""mutation_rate"": 0.1, ""ops"": [""+"", ""-"", ""*"", ""/"", ""sin"", ""cos"", ""exp"", ""log""], ""succ_error_tol"": 1e-06}",0.5
imcts,Livermore,9,Livermore-9,expression,87,3152,40,20,20,1,"[""x0""]",x[0]**9 + x[0]**8 + x[0]**7 + x[0]**6 + x[0]**5 + x[0]**4 + x[0]**3 + x[0]**2 + x[0],0.9958244562149048,False,0.9999824181393899,0.9998940920332365,31.0,2000001,13.477601398015395,0.0,0,(x0 + x0) * (x0 + x0) * sin(x0) * log(x0 * x0) * (sin(x0) - x0) + x0 / cos(x0 * x0) / exp(x0 / x0 - exp(x0)),(x0 + x0) * (x0 + x0) * sin(x0) * log(x0 * x0) * (sin(x0) - x0) + x0 / cos(x0 * x0) / exp(x0 / x0 - exp(x0)),-4*x0**2*(x0 - sin(x0))*log(x0**2)*sin(x0) + x0*exp(exp(x0) - 1)/cos(x0**2),[],"{""K"": 500, ""c"": 6.0, ""exploration_rate"": 0.1, ""gamma"": 0.5, ""gp_rate"": 0.5, ""lm_iterations"": 10, ""max_constants"": 999, ""max_depth"": 6, ""max_evals"": 2000000, ""max_unary"": 999, ""mutation_rate"": 0.1, ""ops"": [""+"", ""-"", ""*"", ""/"", ""sin"", ""cos"", ""exp"", ""log""], ""succ_error_tol"": 1e-06}","{""K"": 500, ""c"": 6.0, ""exploration_rate"": 0.1, ""gamma"": 0.5, ""gp_rate"": 0.5, ""lm_iterations"": 10, ""max_constants"": 999, ""max_depth"": 6, ""max_evals"": 2000000, ""max_unary"": 999, ""mutation_rate"": 0.1, ""ops"": [""+"", ""-"", ""*"", ""/"", ""sin"", ""cos"", ""exp"", ""log""], ""succ_error_tol"": 1e-06}",0.5
imcts,Livermore,9,Livermore-9,expression,88,26531,40,20,20,1,"[""x0""]",x[0]**9 + x[0]**8 + x[0]**7 + x[0]**6 + x[0]**5 + x[0]**4 + x[0]**3 + x[0]**2 + x[0],0.9894557595252991,False,0.9998864353225517,0.9998921035538832,28.0,2000004,13.870119545958005,0.0,0,(exp(x0) / (x0 * x0) * (x0 - sin(x0)) + exp(exp(x0))) / (exp(cos(x0 * x0)) / x0),(exp(x0) / (x0 * x0) * (x0 - sin(x0)) + exp(exp(x0))) / (exp(cos(x0 * x0)) / x0),(x0**2*exp(exp(x0)) + (x0 - sin(x0))*exp(x0))*exp(-cos(x0**2))/x0,[],"{""K"": 500, ""c"": 6.0, ""exploration_rate"": 0.1, ""gamma"": 0.5, ""gp_rate"": 0.5, ""lm_iterations"": 10, ""max_constants"": 999, ""max_depth"": 6, ""max_evals"": 2000000, ""max_unary"": 999, ""mutation_rate"": 0.1, ""ops"": [""+"", ""-"", ""*"", ""/"", ""sin"", ""cos"", ""exp"", ""log""], ""succ_error_tol"": 1e-06}","{""K"": 500, ""c"": 6.0, ""exploration_rate"": 0.1, ""gamma"": 0.5, ""gp_rate"": 0.5, ""lm_iterations"": 10, ""max_constants"": 999, ""max_depth"": 6, ""max_evals"": 2000000, ""max_unary"": 999, ""mutation_rate"": 0.1, ""ops"": [""+"", ""-"", ""*"", ""/"", ""sin"", ""cos"", ""exp"", ""log""], ""succ_error_tol"": 1e-06}",0.5
imcts,Livermore,9,Livermore-9,expression,89,1585,40,20,20,1,"[""x0""]",x[0]**9 + x[0]**8 + x[0]**7 + x[0]**6 + x[0]**5 + x[0]**4 + x[0]**3 + x[0]**2 + x[0],0.9979636669158936,False,0.9999958365222806,0.9999339711019289,22.0,2000004,13.72359301999677,0.0,0,(x0 + exp(x0)) * x0 * x0 * x0 * x0 * sin(x0) * sin(x0) - x0 / (sin(x0) - x0 / x0),(x0 + exp(x0)) * x0 * x0 * x0 * x0 * sin(x0) * sin(x0) - x0 / (sin(x0) - x0 / x0),x0**4*(x0 + exp(x0))*sin(x0)**2 - x0/(sin(x0) - 1),[],"{""K"": 500, ""c"": 6.0, ""exploration_rate"": 0.1, ""gamma"": 0.5, ""gp_rate"": 0.5, ""lm_iterations"": 10, ""max_constants"": 999, ""max_depth"": 6, ""max_evals"": 2000000, ""max_unary"": 999, ""mutation_rate"": 0.1, ""ops"": [""+"", ""-"", ""*"", ""/"", ""sin"", ""cos"", ""exp"", ""log""], ""succ_error_tol"": 1e-06}","{""K"": 500, ""c"": 6.0, ""exploration_rate"": 0.1, ""gamma"": 0.5, ""gp_rate"": 0.5, ""lm_iterations"": 10, ""max_constants"": 999, ""max_depth"": 6, ""max_evals"": 2000000, ""max_unary"": 999, ""mutation_rate"": 0.1, ""ops"": [""+"", ""-"", ""*"", ""/"", ""sin"", ""cos"", ""exp"", ""log""], ""succ_error_tol"": 1e-06}",0.5
imcts,Livermore,9,Livermore-9,expression,90,3943,40,20,20,1,"[""x0""]",x[0]**9 + x[0]**8 + x[0]**7 + x[0]**6 + x[0]**5 + x[0]**4 + x[0]**3 + x[0]**2 + x[0],0.9920175671577454,False,0.9999352514973971,0.9985472425796789,30.0,2000000,12.712871541967615,0.0,0,x0 * (exp(x0) * sin(x0) + x0 / x0) + (x0 * x0 * x0 * x0 + x0 / cos(x0)) * (x0 * x0 + sin(x0)) * x0 * x0,x0 * (exp(x0) * sin(x0) + x0 / x0) + (x0 * x0 * x0 * x0 + x0 / cos(x0)) * (x0 * x0 + sin(x0)) * x0 * x0,x0**2*(x0**2 + sin(x0))*(x0**4 + x0/cos(x0)) + x0*(exp(x0)*sin(x0) + 1),[],"{""K"": 500, ""c"": 6.0, ""exploration_rate"": 0.1, ""gamma"": 0.5, ""gp_rate"": 0.5, ""lm_iterations"": 10, ""max_constants"": 999, ""max_depth"": 6, ""max_evals"": 2000000, ""max_unary"": 999, ""mutation_rate"": 0.1, ""ops"": [""+"", ""-"", ""*"", ""/"", ""sin"", ""cos"", ""exp"", ""log""], ""succ_error_tol"": 1e-06}","{""K"": 500, ""c"": 6.0, ""exploration_rate"": 0.1, ""gamma"": 0.5, ""gp_rate"": 0.5, ""lm_iterations"": 10, ""max_constants"": 999, ""max_depth"": 6, ""max_evals"": 2000000, ""max_unary"": 999, ""mutation_rate"": 0.1, ""ops"": [""+"", ""-"", ""*"", ""/"", ""sin"", ""cos"", ""exp"", ""log""], ""succ_error_tol"": 1e-06}",0.5
imcts,Livermore,9,Livermore-9,expression,91,23939,40,20,20,1,"[""x0""]",x[0]**9 + x[0]**8 + x[0]**7 + x[0]**6 + x[0]**5 + x[0]**4 + x[0]**3 + x[0]**2 + x[0],0.9918330907821655,False,0.9999322002559595,0.9998716373311602,26.0,2000003,13.123481629008893,0.0,0,sin(x0) * (x0 * x0 + x0) + x0 + (x0 + x0 * x0) * x0 * x0 * x0 * (sin(x0 * x0) + x0 * x0 + x0 / x0),sin(x0) * (x0 * x0 + x0) + x0 + (x0 + x0 * x0) * x0 * x0 * x0 * (sin(x0 * x0) + x0 * x0 + x0 / x0),x0*(x0**3*(x0 + 1)*(x0**2 + sin(x0**2) + 1) + (x0 + 1)*sin(x0) + 1),[],"{""K"": 500, ""c"": 6.0, ""exploration_rate"": 0.1, ""gamma"": 0.5, ""gp_rate"": 0.5, ""lm_iterations"": 10, ""max_constants"": 999, ""max_depth"": 6, ""max_evals"": 2000000, ""max_unary"": 999, ""mutation_rate"": 0.1, ""ops"": [""+"", ""-"", ""*"", ""/"", ""sin"", ""cos"", ""exp"", ""log""], ""succ_error_tol"": 1e-06}","{""K"": 500, ""c"": 6.0, ""exploration_rate"": 0.1, ""gamma"": 0.5, ""gp_rate"": 0.5, ""lm_iterations"": 10, ""max_constants"": 999, ""max_depth"": 6, ""max_evals"": 2000000, ""max_unary"": 999, ""mutation_rate"": 0.1, ""ops"": [""+"", ""-"", ""*"", ""/"", ""sin"", ""cos"", ""exp"", ""log""], ""succ_error_tol"": 1e-06}",0.5
imcts,Livermore,9,Livermore-9,expression,92,19457,40,20,20,1,"[""x0""]",x[0]**9 + x[0]**8 + x[0]**7 + x[0]**6 + x[0]**5 + x[0]**4 + x[0]**3 + x[0]**2 + x[0],0.9893046617507935,False,0.9998831224218795,0.9997961834661789,33.0,2000002,13.4345476370072,0.0,0,(exp(x0) - sin(x0)) * (exp(x0) - x0) * (x0 * x0 + sin(x0)) * x0 * x0 * x0 + exp(x0) * sin(x0) * sin(x0) + x0,(exp(x0) - sin(x0)) * (exp(x0) - x0) * (x0 * x0 + sin(x0)) * x0 * x0 * x0 + exp(x0) * sin(x0) * sin(x0) + x0,-x0**3*(x0 - exp(x0))*(x0**2 + sin(x0))*(exp(x0) - sin(x0)) + x0 + exp(x0)*sin(x0)**2,[],"{""K"": 500, ""c"": 6.0, ""exploration_rate"": 0.1, ""gamma"": 0.5, ""gp_rate"": 0.5, ""lm_iterations"": 10, ""max_constants"": 999, ""max_depth"": 6, ""max_evals"": 2000000, ""max_unary"": 999, ""mutation_rate"": 0.1, ""ops"": [""+"", ""-"", ""*"", ""/"", ""sin"", ""cos"", ""exp"", ""log""], ""succ_error_tol"": 1e-06}","{""K"": 500, ""c"": 6.0, ""exploration_rate"": 0.1, ""gamma"": 0.5, ""gp_rate"": 0.5, ""lm_iterations"": 10, ""max_constants"": 999, ""max_depth"": 6, ""max_evals"": 2000000, ""max_unary"": 999, ""mutation_rate"": 0.1, ""ops"": [""+"", ""-"", ""*"", ""/"", ""sin"", ""cos"", ""exp"", ""log""], ""succ_error_tol"": 1e-06}",0.5
imcts,Livermore,9,Livermore-9,expression,93,1021,40,20,20,1,"[""x0""]",x[0]**9 + x[0]**8 + x[0]**7 + x[0]**6 + x[0]**5 + x[0]**4 + x[0]**3 + x[0]**2 + x[0],0.9959487318992615,False,0.9999834530168596,0.9999720497375413,27.0,2000003,13.356547327013686,0.0,0,x0 * x0 * (exp(x0) + x0) * x0 * x0 * x0 * x0 + (x0 - sin(x0)) * (sin(x0) + sin(x0)) + x0 * exp(x0) / cos(x0),x0 * x0 * (exp(x0) + x0) * x0 * x0 * x0 * x0 + (x0 - sin(x0)) * (sin(x0) + sin(x0)) + x0 * exp(x0) / cos(x0),x0**6*(x0 + exp(x0)) + x0*exp(x0)/cos(x0) + 2*(x0 - sin(x0))*sin(x0),[],"{""K"": 500, ""c"": 6.0, ""exploration_rate"": 0.1, ""gamma"": 0.5, ""gp_rate"": 0.5, ""lm_iterations"": 10, ""max_constants"": 999, ""max_depth"": 6, ""max_evals"": 2000000, ""max_unary"": 999, ""mutation_rate"": 0.1, ""ops"": [""+"", ""-"", ""*"", ""/"", ""sin"", ""cos"", ""exp"", ""log""], ""succ_error_tol"": 1e-06}","{""K"": 500, ""c"": 6.0, ""exploration_rate"": 0.1, ""gamma"": 0.5, ""gp_rate"": 0.5, ""lm_iterations"": 10, ""max_constants"": 999, ""max_depth"": 6, ""max_evals"": 2000000, ""max_unary"": 999, ""mutation_rate"": 0.1, ""ops"": [""+"", ""-"", ""*"", ""/"", ""sin"", ""cos"", ""exp"", ""log""], ""succ_error_tol"": 1e-06}",0.5
imcts,Livermore,9,Livermore-9,expression,94,11653,40,20,20,1,"[""x0""]",x[0]**9 + x[0]**8 + x[0]**7 + x[0]**6 + x[0]**5 + x[0]**4 + x[0]**3 + x[0]**2 + x[0],0.9930567145347595,False,0.9999511140916894,0.9999607612443409,19.0,2000001,13.476373382960446,0.0,0,x0 + x0 * x0 / sin(x0) / cos(x0) * (x0 * x0 + x0) / cos(x0),x0 + x0 * x0 / sin(x0) / cos(x0) * (x0 * x0 + x0) / cos(x0),x0**2*(x0**2 + x0)/(sin(x0)*cos(x0)**2) + x0,[],"{""K"": 500, ""c"": 6.0, ""exploration_rate"": 0.1, ""gamma"": 0.5, ""gp_rate"": 0.5, ""lm_iterations"": 10, ""max_constants"": 999, ""max_depth"": 6, ""max_evals"": 2000000, ""max_unary"": 999, ""mutation_rate"": 0.1, ""ops"": [""+"", ""-"", ""*"", ""/"", ""sin"", ""cos"", ""exp"", ""log""], ""succ_error_tol"": 1e-06}","{""K"": 500, ""c"": 6.0, ""exploration_rate"": 0.1, ""gamma"": 0.5, ""gp_rate"": 0.5, ""lm_iterations"": 10, ""max_constants"": 999, ""max_depth"": 6, ""max_evals"": 2000000, ""max_unary"": 999, ""mutation_rate"": 0.1, ""ops"": [""+"", ""-"", ""*"", ""/"", ""sin"", ""cos"", ""exp"", ""log""], ""succ_error_tol"": 1e-06}",0.5
imcts,Livermore,9,Livermore-9,expression,95,10805,40,20,20,1,"[""x0""]",x[0]**9 + x[0]**8 + x[0]**7 + x[0]**6 + x[0]**5 + x[0]**4 + x[0]**3 + x[0]**2 + x[0],0.9950156211853027,False,0.9999749065809789,0.9874779563973782,21.0,2000001,13.364812750020064,0.0,0,x0 * x0 * x0 * sin(x0) * exp(x0 * x0 + x0) + x0 * (sin(x0) + x0 * x0) + x0,x0 * x0 * x0 * sin(x0) * exp(x0 * x0 + x0) + x0 * (sin(x0) + x0 * x0) + x0,x0*(x0**2*exp(x0*(x0 + 1))*sin(x0) + x0**2 + sin(x0) + 1),[],"{""K"": 500, ""c"": 6.0, ""exploration_rate"": 0.1, ""gamma"": 0.5, ""gp_rate"": 0.5, ""lm_iterations"": 10, ""max_constants"": 999, ""max_depth"": 6, ""max_evals"": 2000000, ""max_unary"": 999, ""mutation_rate"": 0.1, ""ops"": [""+"", ""-"", ""*"", ""/"", ""sin"", ""cos"", ""exp"", ""log""], ""succ_error_tol"": 1e-06}","{""K"": 500, ""c"": 6.0, ""exploration_rate"": 0.1, ""gamma"": 0.5, ""gp_rate"": 0.5, ""lm_iterations"": 10, ""max_constants"": 999, ""max_depth"": 6, ""max_evals"": 2000000, ""max_unary"": 999, ""mutation_rate"": 0.1, ""ops"": [""+"", ""-"", ""*"", ""/"", ""sin"", ""cos"", ""exp"", ""log""], ""succ_error_tol"": 1e-06}",0.5
imcts,Livermore,9,Livermore-9,expression,96,13417,40,20,20,1,"[""x0""]",x[0]**9 + x[0]**8 + x[0]**7 + x[0]**6 + x[0]**5 + x[0]**4 + x[0]**3 + x[0]**2 + x[0],0.9907528758049011,False,0.9999128873430339,0.9995954051299683,30.0,2000000,13.588924199983012,0.0,0,exp(exp(x0) - cos(x0)) * x0 + (x0 + x0 - sin(x0)) * (x0 * x0 - x0) * (x0 + x0 * x0) * sin(exp(x0)),exp(exp(x0) - cos(x0)) * x0 + (x0 + x0 - sin(x0)) * (x0 * x0 - x0) * (x0 + x0 * x0) * sin(exp(x0)),x0*(x0*(x0 - 1)*(x0 + 1)*(2*x0 - sin(x0))*sin(exp(x0)) + exp(exp(x0) - cos(x0))),[],"{""K"": 500, ""c"": 6.0, ""exploration_rate"": 0.1, ""gamma"": 0.5, ""gp_rate"": 0.5, ""lm_iterations"": 10, ""max_constants"": 999, ""max_depth"": 6, ""max_evals"": 2000000, ""max_unary"": 999, ""mutation_rate"": 0.1, ""ops"": [""+"", ""-"", ""*"", ""/"", ""sin"", ""cos"", ""exp"", ""log""], ""succ_error_tol"": 1e-06}","{""K"": 500, ""c"": 6.0, ""exploration_rate"": 0.1, ""gamma"": 0.5, ""gp_rate"": 0.5, ""lm_iterations"": 10, ""max_constants"": 999, ""max_depth"": 6, ""max_evals"": 2000000, ""max_unary"": 999, ""mutation_rate"": 0.1, ""ops"": [""+"", ""-"", ""*"", ""/"", ""sin"", ""cos"", ""exp"", ""log""], ""succ_error_tol"": 1e-06}",0.5
imcts,Livermore,9,Livermore-9,expression,97,20227,40,20,20,1,"[""x0""]",x[0]**9 + x[0]**8 + x[0]**7 + x[0]**6 + x[0]**5 + x[0]**4 + x[0]**3 + x[0]**2 + x[0],0.9948554635047913,False,0.9999732593555163,0.9999034518955303,25.0,2000001,13.445194171043113,0.0,0,(x0 + x0 * x0) * (x0 - cos(x0)) * x0 * (x0 + x0) * x0 * sin(x0) + exp(x0 * x0 + x0) * x0,(x0 + x0 * x0) * (x0 - cos(x0)) * x0 * (x0 + x0) * x0 * sin(x0) + exp(x0 * x0 + x0) * x0,x0*(2*x0**3*(x0 + 1)*(x0 - cos(x0))*sin(x0) + exp(x0*(x0 + 1))),[],"{""K"": 500, ""c"": 6.0, ""exploration_rate"": 0.1, ""gamma"": 0.5, ""gp_rate"": 0.5, ""lm_iterations"": 10, ""max_constants"": 999, ""max_depth"": 6, ""max_evals"": 2000000, ""max_unary"": 999, ""mutation_rate"": 0.1, ""ops"": [""+"", ""-"", ""*"", ""/"", ""sin"", ""cos"", ""exp"", ""log""], ""succ_error_tol"": 1e-06}","{""K"": 500, ""c"": 6.0, ""exploration_rate"": 0.1, ""gamma"": 0.5, ""gp_rate"": 0.5, ""lm_iterations"": 10, ""max_constants"": 999, ""max_depth"": 6, ""max_evals"": 2000000, ""max_unary"": 999, ""mutation_rate"": 0.1, ""ops"": [""+"", ""-"", ""*"", ""/"", ""sin"", ""cos"", ""exp"", ""log""], ""succ_error_tol"": 1e-06}",0.5
imcts,Livermore,9,Livermore-9,expression,98,7989,40,20,20,1,"[""x0""]",x[0]**9 + x[0]**8 + x[0]**7 + x[0]**6 + x[0]**5 + x[0]**4 + x[0]**3 + x[0]**2 + x[0],0.9931027889251709,False,0.9999517648972005,0.9998525808713397,37.0,2000001,12.927450804971159,0.0,0,exp(exp(x0)) * x0 / (exp(x0 / x0) - x0 * x0) - (exp(x0) - sin(x0)) * (x0 / x0 - cos(x0)) * (sin(x0) - x0 * x0 * x0),exp(exp(x0)) * x0 / (exp(x0 / x0) - x0 * x0) - (exp(x0) - sin(x0)) * (x0 / x0 - cos(x0)) * (sin(x0) - x0 * x0 * x0),-x0*exp(exp(x0))/(x0**2 - E) - (x0**3 - sin(x0))*(exp(x0) - sin(x0))*(cos(x0) - 1),[],"{""K"": 500, ""c"": 6.0, ""exploration_rate"": 0.1, ""gamma"": 0.5, ""gp_rate"": 0.5, ""lm_iterations"": 10, ""max_constants"": 999, ""max_depth"": 6, ""max_evals"": 2000000, ""max_unary"": 999, ""mutation_rate"": 0.1, ""ops"": [""+"", ""-"", ""*"", ""/"", ""sin"", ""cos"", ""exp"", ""log""], ""succ_error_tol"": 1e-06}","{""K"": 500, ""c"": 6.0, ""exploration_rate"": 0.1, ""gamma"": 0.5, ""gp_rate"": 0.5, ""lm_iterations"": 10, ""max_constants"": 999, ""max_depth"": 6, ""max_evals"": 2000000, ""max_unary"": 999, ""mutation_rate"": 0.1, ""ops"": [""+"", ""-"", ""*"", ""/"", ""sin"", ""cos"", ""exp"", ""log""], ""succ_error_tol"": 1e-06}",0.5
imcts,Livermore,9,Livermore-9,expression,99,9692,40,20,20,1,"[""x0""]",x[0]**9 + x[0]**8 + x[0]**7 + x[0]**6 + x[0]**5 + x[0]**4 + x[0]**3 + x[0]**2 + x[0],0.9906451106071472,False,0.9999108249573725,0.9994954266107874,28.0,2000006,12.578672732051928,0.0,0,exp(x0) * x0 / cos(x0) + (sin(x0) + x0 * x0) * x0 * x0 * x0 * (exp(x0 * x0) - cos(x0)),exp(x0) * x0 / cos(x0) + (sin(x0) + x0 * x0) * x0 * x0 * x0 * (exp(x0 * x0) - cos(x0)),x0**3*(x0**2 + sin(x0))*(exp(x0**2) - cos(x0)) + x0*exp(x0)/cos(x0),[],"{""K"": 500, ""c"": 6.0, ""exploration_rate"": 0.1, ""gamma"": 0.5, ""gp_rate"": 0.5, ""lm_iterations"": 10, ""max_constants"": 999, ""max_depth"": 6, ""max_evals"": 2000000, ""max_unary"": 999, ""mutation_rate"": 0.1, ""ops"": [""+"", ""-"", ""*"", ""/"", ""sin"", ""cos"", ""exp"", ""log""], ""succ_error_tol"": 1e-06}","{""K"": 500, ""c"": 6.0, ""exploration_rate"": 0.1, ""gamma"": 0.5, ""gp_rate"": 0.5, ""lm_iterations"": 10, ""max_constants"": 999, ""max_depth"": 6, ""max_evals"": 2000000, ""max_unary"": 999, ""mutation_rate"": 0.1, ""ops"": [""+"", ""-"", ""*"", ""/"", ""sin"", ""cos"", ""exp"", ""log""], ""succ_error_tol"": 1e-06}",0.5
